parcel_id,final_rule_based_score,final_rule_based_category,final_bid_price_signal,final_address_quality_signal,final_property_clarity_signal,final_verified_development_signal,final_surrounding_value_signal,final_crime_risk_estimate,final_data_confidence,final_manual_review_flag,final_rule_based_reasoning,final_key_risks,downgraded_from_previous_good
92224-22-24-13020,7.7,Strong Manual Review Candidate,Strong,Complete,Strong,Medium,Possible Upside,Unknown,High,True,"Bid cost 3059.81, parcel_id 92224-22-24-13020, address quality Complete, property clarity Strong, corrected development match Possible Match, geocode confidence Medium, and final data confidence High produced a conservative score of 7.7.",ZIP unknown,False
11000-83-06-00270,6.9,Strong Manual Review Candidate,Strong,Complete,Strong,Low,Unknown,Unknown,High,True,"Bid cost 3946.95, parcel_id 11000-83-06-00270, address quality Complete, property clarity Strong, corrected development match No Clear Match, geocode confidence High, and final data confidence High produced a conservative score of 6.9.",ZIP unknown; development upside not verified,True
91236-12-36-50430,6.5,Strong Manual Review Candidate,Moderate,Complete,Strong,Low,Unknown,Unknown,High,True,"Bid cost 4220.53, parcel_id 91236-12-36-50430, address quality Complete, property clarity Strong, corrected development match No Clear Match, geocode confidence High, and final data confidence High produced a conservative score of 6.5.",ZIP unknown; development upside not verified,True
90329-03-29-41780,5.7,Mid Investment,Weak,Complete,Strong,Low,Unknown,Unknown,High,True,"Bid cost 6614.00, parcel_id 90329-03-29-41780, address quality Complete, property clarity Strong, corrected development match No Clear Match, geocode confidence High, and final data confidence High produced a conservative score of 5.7.",ZIP unknown; development upside not verified,True
91236-12-36-47530,5.7,Mid Investment,Weak,Complete,Strong,Low,Unknown,Unknown,High,True,"Bid cost 7624.18, parcel_id 91236-12-36-47530, address quality Complete, property clarity Strong, corrected development match No Clear Match, geocode confidence High, and final data confidence High produced a conservative score of 5.7.",ZIP unknown; development upside not verified,True
10175-93-02-01530,6.5,Strong Manual Review Candidate,Moderate,Complete,Strong,Low,Unknown,Unknown,High,True,"Bid cost 5366.03, parcel_id 10175-93-02-01530, address quality Complete, property clarity Strong, corrected development match No Clear Match, geocode confidence High, and final data confidence High produced a conservative score of 6.5.",ZIP unknown; development upside not verified,False
44650-92-04-13070,6.9,Strong Manual Review Candidate,Strong,Complete,Strong,Low,Unknown,Unknown,High,True,"Bid cost 3183.01, parcel_id 44650-92-04-13070, address quality Complete, property clarity Strong, corrected development match No Clear Match, geocode confidence High, and final data confidence High produced a conservative score of 6.9.",ZIP unknown; development upside not verified,False
53450-02-01-01960,6.5,Strong Manual Review Candidate,Moderate,Complete,Strong,Low,Unknown,Unknown,High,True,"Bid cost 4526.74, parcel_id 53450-02-01-01960, address quality Complete, property clarity Strong, corrected development match No Clear Match, geocode confidence High, and final data confidence High produced a conservative score of 6.5.",ZIP unknown; development upside not verified,False
43775-93-05-22530,7.3,Strong Manual Review Candidate,Moderate,Complete,Strong,Medium,Possible Upside,Unknown,High,True,"Bid cost 5098.15, parcel_id 43775-93-05-22530, address quality Complete, property clarity Strong, corrected development match Possible Match, geocode confidence High, and final data confidence High produced a conservative score of 7.3.",ZIP unknown,False
13800-02-12-02160,6.9,Strong Manual Review Candidate,Strong,Complete,Strong,Low,Unknown,Unknown,High,True,"Bid cost 3086.51, parcel_id 13800-02-12-02160, address quality Complete, property clarity Strong, corrected development match No Clear Match, geocode confidence Medium, and final data confidence High produced a conservative score of 6.9.",ZIP unknown; development upside not verified,False
37650-02-12-04530,6.9,Strong Manual Review Candidate,Strong,Complete,Strong,Low,Unknown,Unknown,High,True,"Bid cost 3271.21, parcel_id 37650-02-12-04530, address quality Complete, property clarity Strong, corrected development match No Clear Match, geocode confidence Medium, and final data confidence High produced a conservative score of 6.9.",ZIP unknown; development upside not verified,False
38575-03-28-12560,6.9,Strong Manual Review Candidate,Strong,Complete,Strong,Low,Unknown,Unknown,High,True,"Bid cost 3480.31, parcel_id 38575-03-28-12560, address quality Complete, property clarity Strong, corrected development match No Clear Match, geocode confidence Medium, and final data confidence High produced a conservative score of 6.9.",ZIP unknown; development upside not verified,False
40850-02-12-06130,6.9,Strong Manual Review Candidate,Strong,Complete,Strong,Low,Unknown,Unknown,High,True,"Bid cost 3005.03, parcel_id 40850-02-12-06130, address quality Complete, property clarity Strong, corrected development match No Clear Match, geocode confidence Medium, and final data confidence High produced a conservative score of 6.9.",ZIP unknown; development upside not verified,False
34300-03-32-15230,6.9,Strong Manual Review Candidate,Strong,Complete,Strong,Low,Unknown,Unknown,High,True,"Bid cost 3005.69, parcel_id 34300-03-32-15230, address quality Complete, property clarity Strong, corrected development match No Clear Match, geocode confidence Medium, and final data confidence High produced a conservative score of 6.9.",ZIP unknown; development upside not verified,False
29675-03-07-09890,6.9,Strong Manual Review Candidate,Strong,Complete,Strong,Low,Unknown,Unknown,High,True,"Bid cost 3010.10, parcel_id 29675-03-07-09890, address quality Complete, property clarity Strong, corrected development match No Clear Match, geocode confidence Medium, and final data confidence High produced a conservative score of 6.9.",ZIP unknown; development upside not verified,False
41025-02-01-06220,6.9,Strong Manual Review Candidate,Strong,Complete,Strong,Low,Unknown,Unknown,High,True,"Bid cost 3015.03, parcel_id 41025-02-01-06220, address quality Complete, property clarity Strong, corrected development match No Clear Match, geocode confidence Medium, and final data confidence High produced a conservative score of 6.9.",ZIP unknown; development upside not verified,False
34300-03-32-14790,6.9,Strong Manual Review Candidate,Strong,Complete,Strong,Low,Unknown,Unknown,High,True,"Bid cost 3029.62, parcel_id 34300-03-32-14790, address quality Complete, property clarity Strong, corrected development match No Clear Match, geocode confidence Medium, and final data confidence High produced a conservative score of 6.9.",ZIP unknown; development upside not verified,False
29775-02-26-04910,6.9,Strong Manual Review Candidate,Strong,Complete,Strong,Low,Unknown,Unknown,High,True,"Bid cost 3047.69, parcel_id 29775-02-26-04910, address quality Complete, property clarity Strong, corrected development match No Clear Match, geocode confidence Medium, and final data confidence High produced a conservative score of 6.9.",ZIP unknown; development upside not verified,False
41025-02-01-04500,6.9,Strong Manual Review Candidate,Strong,Complete,Strong,Low,Unknown,Unknown,High,True,"Bid cost 3047.69, parcel_id 41025-02-01-04500, address quality Complete, property clarity Strong, corrected development match No Clear Match, geocode confidence Medium, and final data confidence High produced a conservative score of 6.9.",ZIP unknown; development upside not verified,False
26725-02-25-17680,6.9,Strong Manual Review Candidate,Strong,Complete,Strong,Low,Unknown,Unknown,High,True,"Bid cost 3047.69, parcel_id 26725-02-25-17680, address quality Complete, property clarity Strong, corrected development match No Clear Match, geocode confidence Medium, and final data confidence High produced a conservative score of 6.9.",ZIP unknown; development upside not verified,False
44200-02-11-04390,6.9,Strong Manual Review Candidate,Strong,Complete,Strong,Low,Unknown,Unknown,High,True,"Bid cost 3075.02, parcel_id 44200-02-11-04390, address quality Complete, property clarity Strong, corrected development match No Clear Match, geocode confidence Medium, and final data confidence High produced a conservative score of 6.9.",ZIP unknown; development upside not verified,False
47700-02-26-09610,6.9,Strong Manual Review Candidate,Strong,Complete,Strong,Low,Unknown,Unknown,High,True,"Bid cost 3082.54, parcel_id 47700-02-26-09610, address quality Complete, property clarity Strong, corrected development match No Clear Match, geocode confidence Medium, and final data confidence High produced a conservative score of 6.9.",ZIP unknown; development upside not verified,False
36090-03-08-00970,6.9,Strong Manual Review Candidate,Strong,Complete,Strong,Low,Unknown,Unknown,High,True,"Bid cost 3087.69, parcel_id 36090-03-08-00970, address quality Complete, property clarity Strong, corrected development match No Clear Match, geocode confidence Medium, and final data confidence High produced a conservative score of 6.9.",ZIP unknown; development upside not verified,False
34750-02-26-08160,6.9,Strong Manual Review Candidate,Strong,Complete,Strong,Low,Unknown,Unknown,High,True,"Bid cost 3097.02, parcel_id 34750-02-26-08160, address quality Complete, property clarity Strong, corrected development match No Clear Match, geocode confidence Medium, and final data confidence High produced a conservative score of 6.9.",ZIP unknown; development upside not verified,False
19725-03-30-11560,6.9,Strong Manual Review Candidate,Strong,Complete,Strong,Low,Unknown,Unknown,High,True,"Bid cost 3098.35, parcel_id 19725-03-30-11560, address quality Complete, property clarity Strong, corrected development match No Clear Match, geocode confidence Medium, and final data confidence High produced a conservative score of 6.9.",ZIP unknown; development upside not verified,False
78810-84-11-09860,6.9,Strong Manual Review Candidate,Strong,Complete,Strong,Low,Unknown,Unknown,High,True,"Bid cost 3103.20, parcel_id 78810-84-11-09860, address quality Complete, property clarity Strong, corrected development match No Clear Match, geocode confidence Medium, and final data confidence High produced a conservative score of 6.9.",ZIP unknown; development upside not verified,False
23175-03-30-13610,6.9,Strong Manual Review Candidate,Strong,Complete,Strong,Low,Unknown,Unknown,High,True,"Bid cost 3115.02, parcel_id 23175-03-30-13610, address quality Complete, property clarity Strong, corrected development match No Clear Match, geocode confidence Medium, and final data confidence High produced a conservative score of 6.9.",ZIP unknown; development upside not verified,False
90327-03-27-26880,6.9,Strong Manual Review Candidate,Strong,Complete,Strong,Low,Unknown,Unknown,High,True,"Bid cost 3120.35, parcel_id 90327-03-27-26880, address quality Complete, property clarity Strong, corrected development match No Clear Match, geocode confidence Medium, and final data confidence High produced a conservative score of 6.9.",ZIP unknown; development upside not verified,False
25500-03-29-06000,6.9,Strong Manual Review Candidate,Strong,Complete,Strong,Low,Unknown,Unknown,High,True,"Bid cost 3123.68, parcel_id 25500-03-29-06000, address quality Complete, property clarity Strong, corrected development match No Clear Match, geocode confidence Medium, and final data confidence High produced a conservative score of 6.9.",ZIP unknown; development upside not verified,False
53775-02-02-00220,6.9,Strong Manual Review Candidate,Strong,Complete,Strong,Low,Unknown,Unknown,High,True,"Bid cost 3140.32, parcel_id 53775-02-02-00220, address quality Complete, property clarity Strong, corrected development match No Clear Match, geocode confidence Medium, and final data confidence High produced a conservative score of 6.9.",ZIP unknown; development upside not verified,False
23125-02-25-15350,6.9,Strong Manual Review Candidate,Strong,Complete,Strong,Low,Unknown,Unknown,High,True,"Bid cost 3140.35, parcel_id 23125-02-25-15350, address quality Complete, property clarity Strong, corrected development match No Clear Match, geocode confidence Medium, and final data confidence High produced a conservative score of 6.9.",ZIP unknown; development upside not verified,False
40800-02-13-04700,6.9,Strong Manual Review Candidate,Strong,Complete,Strong,Low,Unknown,Unknown,High,True,"Bid cost 3142.35, parcel_id 40800-02-13-04700, address quality Complete, property clarity Strong, corrected development match No Clear Match, geocode confidence Medium, and final data confidence High produced a conservative score of 6.9.",ZIP unknown; development upside not verified,False
07600-02-24-01200,6.9,Strong Manual Review Candidate,Strong,Complete,Strong,Low,Unknown,Unknown,High,True,"Bid cost 3152.35, parcel_id 07600-02-24-01200, address quality Complete, property clarity Strong, corrected development match No Clear Match, geocode confidence Medium, and final data confidence High produced a conservative score of 6.9.",ZIP unknown; development upside not verified,False
44200-02-11-01790,6.9,Strong Manual Review Candidate,Strong,Complete,Strong,Low,Unknown,Unknown,High,True,"Bid cost 3153.01, parcel_id 44200-02-11-01790, address quality Complete, property clarity Strong, corrected development match No Clear Match, geocode confidence Medium, and final data confidence High produced a conservative score of 6.9.",ZIP unknown; development upside not verified,False
16050-93-06-08050,6.9,Strong Manual Review Candidate,Strong,Complete,Strong,Low,Unknown,Unknown,High,True,"Bid cost 3179.68, parcel_id 16050-93-06-08050, address quality Complete, property clarity Strong, corrected development match No Clear Match, geocode confidence Medium, and final data confidence High produced a conservative score of 6.9.",ZIP unknown; development upside not verified,False
09725-03-30-08040,6.9,Strong Manual Review Candidate,Strong,Complete,Strong,Low,Unknown,Unknown,High,True,"Bid cost 3183.01, parcel_id 09725-03-30-08040, address quality Complete, property clarity Strong, corrected development match No Clear Match, geocode confidence Medium, and final data confidence High produced a conservative score of 6.9.",ZIP unknown; development upside not verified,False
44200-02-14-06630,6.9,Strong Manual Review Candidate,Strong,Complete,Strong,Low,Unknown,Unknown,High,True,"Bid cost 3183.01, parcel_id 44200-02-14-06630, address quality Complete, property clarity Strong, corrected development match No Clear Match, geocode confidence Medium, and final data confidence High produced a conservative score of 6.9.",ZIP unknown; development upside not verified,False
44250-02-12-14920,6.9,Strong Manual Review Candidate,Strong,Complete,Strong,Low,Unknown,Unknown,High,True,"Bid cost 3183.64, parcel_id 44250-02-12-14920, address quality Complete, property clarity Strong, corrected development match No Clear Match, geocode confidence Medium, and final data confidence High produced a conservative score of 6.9.",ZIP unknown; development upside not verified,False
44200-02-11-03530,6.9,Strong Manual Review Candidate,Strong,Complete,Strong,Low,Unknown,Unknown,High,True,"Bid cost 3193.01, parcel_id 44200-02-11-03530, address quality Complete, property clarity Strong, corrected development match No Clear Match, geocode confidence Medium, and final data confidence High produced a conservative score of 6.9.",ZIP unknown; development upside not verified,False
44225-02-12-09330,6.9,Strong Manual Review Candidate,Strong,Complete,Strong,Low,Unknown,Unknown,High,True,"Bid cost 3199.68, parcel_id 44225-02-12-09330, address quality Complete, property clarity Strong, corrected development match No Clear Match, geocode confidence Medium, and final data confidence High produced a conservative score of 6.9.",ZIP unknown; development upside not verified,False
07725-02-13-02930,6.9,Strong Manual Review Candidate,Strong,Complete,Strong,Low,Unknown,Unknown,High,True,"Bid cost 3234.47, parcel_id 07725-02-13-02930, address quality Complete, property clarity Strong, corrected development match No Clear Match, geocode confidence Medium, and final data confidence High produced a conservative score of 6.9.",ZIP unknown; development upside not verified,False
79200-84-14-04250,6.9,Strong Manual Review Candidate,Strong,Complete,Strong,Low,Unknown,Unknown,High,True,"Bid cost 3244.88, parcel_id 79200-84-14-04250, address quality Complete, property clarity Strong, corrected development match No Clear Match, geocode confidence Medium, and final data confidence High produced a conservative score of 6.9.",ZIP unknown; development upside not verified,False
07675-02-13-01140,6.9,Strong Manual Review Candidate,Strong,Complete,Strong,Low,Unknown,Unknown,High,True,"Bid cost 3245.67, parcel_id 07675-02-13-01140, address quality Complete, property clarity Strong, corrected development match No Clear Match, geocode confidence Medium, and final data confidence High produced a conservative score of 6.9.",ZIP unknown; development upside not verified,False
49650-03-34-13420,6.9,Strong Manual Review Candidate,Strong,Complete,Strong,Low,Unknown,Unknown,High,True,"Bid cost 3249.00, parcel_id 49650-03-34-13420, address quality Complete, property clarity Strong, corrected development match No Clear Match, geocode confidence Medium, and final data confidence High produced a conservative score of 6.9.",ZIP unknown; development upside not verified,False
41025-02-01-06510,6.9,Strong Manual Review Candidate,Strong,Complete,Strong,Low,Unknown,Unknown,High,True,"Bid cost 3259.67, parcel_id 41025-02-01-06510, address quality Complete, property clarity Strong, corrected development match No Clear Match, geocode confidence Medium, and final data confidence High produced a conservative score of 6.9.",ZIP unknown; development upside not verified,False
15500-03-32-04800,6.9,Strong Manual Review Candidate,Strong,Complete,Strong,Low,Unknown,Unknown,High,True,"Bid cost 3267.45, parcel_id 15500-03-32-04800, address quality Complete, property clarity Strong, corrected development match No Clear Match, geocode confidence Medium, and final data confidence High produced a conservative score of 6.9.",ZIP unknown; development upside not verified,False
05825-03-30-01260,6.9,Strong Manual Review Candidate,Strong,Complete,Strong,Low,Unknown,Unknown,High,True,"Bid cost 3268.33, parcel_id 05825-03-30-01260, address quality Complete, property clarity Strong, corrected development match No Clear Match, geocode confidence Medium, and final data confidence High produced a conservative score of 6.9.",ZIP unknown; development upside not verified,False
49700-03-34-14030,6.9,Strong Manual Review Candidate,Strong,Complete,Strong,Low,Unknown,Unknown,High,True,"Bid cost 3272.62, parcel_id 49700-03-34-14030, address quality Complete, property clarity Strong, corrected development match No Clear Match, geocode confidence Medium, and final data confidence High produced a conservative score of 6.9.",ZIP unknown; development upside not verified,False
32325-92-24-04910,6.9,Strong Manual Review Candidate,Strong,Complete,Strong,Low,Unknown,Unknown,High,True,"Bid cost 3277.02, parcel_id 32325-92-24-04910, address quality Complete, property clarity Strong, corrected development match No Clear Match, geocode confidence Medium, and final data confidence High produced a conservative score of 6.9.",ZIP unknown; development upside not verified,False
44200-02-11-01060,6.9,Strong Manual Review Candidate,Strong,Complete,Strong,Low,Unknown,Unknown,High,True,"Bid cost 3286.33, parcel_id 44200-02-11-01060, address quality Complete, property clarity Strong, corrected development match No Clear Match, geocode confidence Medium, and final data confidence High produced a conservative score of 6.9.",ZIP unknown; development upside not verified,False
17675-02-24-07570,6.9,Strong Manual Review Candidate,Strong,Complete,Strong,Low,Unknown,Unknown,High,True,"Bid cost 3310.33, parcel_id 17675-02-24-07570, address quality Complete, property clarity Strong, corrected development match No Clear Match, geocode confidence Medium, and final data confidence High produced a conservative score of 6.9.",ZIP unknown; development upside not verified,False
25500-03-29-06060,6.9,Strong Manual Review Candidate,Strong,Complete,Strong,Low,Unknown,Unknown,High,True,"Bid cost 3310.33, parcel_id 25500-03-29-06060, address quality Complete, property clarity Strong, corrected development match No Clear Match, geocode confidence Medium, and final data confidence High produced a conservative score of 6.9.",ZIP unknown; development upside not verified,False
44200-02-11-03380,6.9,Strong Manual Review Candidate,Strong,Complete,Strong,Low,Unknown,Unknown,High,True,"Bid cost 3311.00, parcel_id 44200-02-11-03380, address quality Complete, property clarity Strong, corrected development match No Clear Match, geocode confidence Medium, and final data confidence High produced a conservative score of 6.9.",ZIP unknown; development upside not verified,False
24275-93-06-15110,6.9,Strong Manual Review Candidate,Strong,Complete,Strong,Low,Unknown,Unknown,High,True,"Bid cost 3321.66, parcel_id 24275-93-06-15110, address quality Complete, property clarity Strong, corrected development match No Clear Match, geocode confidence Medium, and final data confidence High produced a conservative score of 6.9.",ZIP unknown; development upside not verified,False
44250-02-12-15190,6.9,Strong Manual Review Candidate,Strong,Complete,Strong,Low,Unknown,Unknown,High,True,"Bid cost 3327.00, parcel_id 44250-02-12-15190, address quality Complete, property clarity Strong, corrected development match No Clear Match, geocode confidence Medium, and final data confidence High produced a conservative score of 6.9.",ZIP unknown; development upside not verified,False
53825-02-02-01310,6.9,Strong Manual Review Candidate,Strong,Complete,Strong,Low,Unknown,Unknown,High,True,"Bid cost 3327.66, parcel_id 53825-02-02-01310, address quality Complete, property clarity Strong, corrected development match No Clear Match, geocode confidence Medium, and final data confidence High produced a conservative score of 6.9.",ZIP unknown; development upside not verified,False
29650-03-07-03460,6.9,Strong Manual Review Candidate,Strong,Complete,Strong,Low,Unknown,Unknown,High,True,"Bid cost 3327.66, parcel_id 29650-03-07-03460, address quality Complete, property clarity Strong, corrected development match No Clear Match, geocode confidence Medium, and final data confidence High produced a conservative score of 6.9.",ZIP unknown; development upside not verified,False
46465-92-11-31880,6.9,Strong Manual Review Candidate,Strong,Complete,Strong,Low,Unknown,Unknown,High,True,"Bid cost 3329.00, parcel_id 46465-92-11-31880, address quality Complete, property clarity Strong, corrected development match No Clear Match, geocode confidence Medium, and final data confidence High produced a conservative score of 6.9.",ZIP unknown; development upside not verified,False
24200-03-28-04080,6.9,Strong Manual Review Candidate,Strong,Complete,Strong,Low,Unknown,Unknown,High,True,"Bid cost 3365.01, parcel_id 24200-03-28-04080, address quality Complete, property clarity Strong, corrected development match No Clear Match, geocode confidence Medium, and final data confidence High produced a conservative score of 6.9.",ZIP unknown; development upside not verified,False
12175-92-03-02290,6.9,Strong Manual Review Candidate,Strong,Complete,Strong,Low,Unknown,Unknown,High,True,"Bid cost 3366.33, parcel_id 12175-92-03-02290, address quality Complete, property clarity Strong, corrected development match No Clear Match, geocode confidence Medium, and final data confidence High produced a conservative score of 6.9.",ZIP unknown; development upside not verified,False
07675-02-13-01590,6.9,Strong Manual Review Candidate,Strong,Complete,Strong,Low,Unknown,Unknown,High,True,"Bid cost 3368.32, parcel_id 07675-02-13-01590, address quality Complete, property clarity Strong, corrected development match No Clear Match, geocode confidence Medium, and final data confidence High produced a conservative score of 6.9.",ZIP unknown; development upside not verified,False
04550-03-32-02430,6.9,Strong Manual Review Candidate,Strong,Complete,Strong,Low,Unknown,Unknown,High,True,"Bid cost 3368.99, parcel_id 04550-03-32-02430, address quality Complete, property clarity Strong, corrected development match No Clear Match, geocode confidence Medium, and final data confidence High produced a conservative score of 6.9.",ZIP unknown; development upside not verified,False
26250-92-05-02570,6.9,Strong Manual Review Candidate,Strong,Complete,Strong,Low,Unknown,Unknown,High,True,"Bid cost 3382.32, parcel_id 26250-92-05-02570, address quality Complete, property clarity Strong, corrected development match No Clear Match, geocode confidence Medium, and final data confidence High produced a conservative score of 6.9.",ZIP unknown; development upside not verified,False
44225-02-12-10920,6.9,Strong Manual Review Candidate,Strong,Complete,Strong,Low,Unknown,Unknown,High,True,"Bid cost 3386.99, parcel_id 44225-02-12-10920, address quality Complete, property clarity Strong, corrected development match No Clear Match, geocode confidence Medium, and final data confidence High produced a conservative score of 6.9.",ZIP unknown; development upside not verified,False
29625-02-36-21010,6.9,Strong Manual Review Candidate,Strong,Complete,Strong,Low,Unknown,Unknown,High,True,"Bid cost 3388.99, parcel_id 29625-02-36-21010, address quality Complete, property clarity Strong, corrected development match No Clear Match, geocode confidence Medium, and final data confidence High produced a conservative score of 6.9.",ZIP unknown; development upside not verified,False
10450-03-19-50550,6.9,Strong Manual Review Candidate,Strong,Complete,Strong,Low,Unknown,Unknown,High,True,"Bid cost 3389.11, parcel_id 10450-03-19-50550, address quality Complete, property clarity Strong, corrected development match No Clear Match, geocode confidence Medium, and final data confidence High produced a conservative score of 6.9.",ZIP unknown; development upside not verified,False
28025-93-11-08980,6.9,Strong Manual Review Candidate,Strong,Complete,Strong,Low,Unknown,Unknown,High,True,"Bid cost 3392.99, parcel_id 28025-93-11-08980, address quality Complete, property clarity Strong, corrected development match No Clear Match, geocode confidence Medium, and final data confidence High produced a conservative score of 6.9.",ZIP unknown; development upside not verified,False
37650-02-12-04250,6.9,Strong Manual Review Candidate,Strong,Complete,Strong,Low,Unknown,Unknown,High,True,"Bid cost 3394.99, parcel_id 37650-02-12-04250, address quality Complete, property clarity Strong, corrected development match No Clear Match, geocode confidence Medium, and final data confidence High produced a conservative score of 6.9.",ZIP unknown; development upside not verified,False
40825-02-13-08480,6.9,Strong Manual Review Candidate,Strong,Complete,Strong,Low,Unknown,Unknown,High,True,"Bid cost 3394.99, parcel_id 40825-02-13-08480, address quality Complete, property clarity Strong, corrected development match No Clear Match, geocode confidence Medium, and final data confidence High produced a conservative score of 6.9.",ZIP unknown; development upside not verified,False
29675-03-07-09230,6.9,Strong Manual Review Candidate,Strong,Complete,Strong,Low,Unknown,Unknown,High,True,"Bid cost 3437.65, parcel_id 29675-03-07-09230, address quality Complete, property clarity Strong, corrected development match No Clear Match, geocode confidence Medium, and final data confidence High produced a conservative score of 6.9.",ZIP unknown; development upside not verified,False
90201-02-01-25920,6.9,Strong Manual Review Candidate,Strong,Complete,Strong,Low,Unknown,Unknown,High,True,"Bid cost 3446.32, parcel_id 90201-02-01-25920, address quality Complete, property clarity Strong, corrected development match No Clear Match, geocode confidence Medium, and final data confidence High produced a conservative score of 6.9.",ZIP unknown; development upside not verified,False
08450-03-29-03260,6.9,Strong Manual Review Candidate,Strong,Complete,Strong,Low,Unknown,Unknown,High,True,"Bid cost 3456.98, parcel_id 08450-03-29-03260, address quality Complete, property clarity Strong, corrected development match No Clear Match, geocode confidence Medium, and final data confidence High produced a conservative score of 6.9.",ZIP unknown; development upside not verified,False
07675-02-13-01610,6.9,Strong Manual Review Candidate,Strong,Complete,Strong,Low,Unknown,Unknown,High,True,"Bid cost 3505.64, parcel_id 07675-02-13-01610, address quality Complete, property clarity Strong, corrected development match No Clear Match, geocode confidence Medium, and final data confidence High produced a conservative score of 6.9.",ZIP unknown; development upside not verified,False
44200-02-11-02340,6.9,Strong Manual Review Candidate,Strong,Complete,Strong,Low,Unknown,Unknown,High,True,"Bid cost 3520.98, parcel_id 44200-02-11-02340, address quality Complete, property clarity Strong, corrected development match No Clear Match, geocode confidence Medium, and final data confidence High produced a conservative score of 6.9.",ZIP unknown; development upside not verified,False
30125-03-28-10360,6.9,Strong Manual Review Candidate,Strong,Complete,Strong,Low,Unknown,Unknown,High,True,"Bid cost 3536.03, parcel_id 30125-03-28-10360, address quality Complete, property clarity Strong, corrected development match No Clear Match, geocode confidence Medium, and final data confidence High produced a conservative score of 6.9.",ZIP unknown; development upside not verified,False
44200-02-11-02050,6.9,Strong Manual Review Candidate,Strong,Complete,Strong,Low,Unknown,Unknown,High,True,"Bid cost 3538.05, parcel_id 44200-02-11-02050, address quality Complete, property clarity Strong, corrected development match No Clear Match, geocode confidence Medium, and final data confidence High produced a conservative score of 6.9.",ZIP unknown; development upside not verified,False
01800-03-35-01450,6.9,Strong Manual Review Candidate,Strong,Complete,Strong,Low,Unknown,Unknown,High,True,"Bid cost 3546.22, parcel_id 01800-03-35-01450, address quality Complete, property clarity Strong, corrected development match No Clear Match, geocode confidence Medium, and final data confidence High produced a conservative score of 6.9.",ZIP unknown; development upside not verified,False
61475-91-11-02110,6.9,Strong Manual Review Candidate,Strong,Complete,Strong,Low,Unknown,Unknown,High,True,"Bid cost 3548.97, parcel_id 61475-91-11-02110, address quality Complete, property clarity Strong, corrected development match No Clear Match, geocode confidence Medium, and final data confidence High produced a conservative score of 6.9.",ZIP unknown; development upside not verified,False
29650-03-07-06110,6.9,Strong Manual Review Candidate,Strong,Complete,Strong,Low,Unknown,Unknown,High,True,"Bid cost 3567.99, parcel_id 29650-03-07-06110, address quality Complete, property clarity Strong, corrected development match No Clear Match, geocode confidence Medium, and final data confidence High produced a conservative score of 6.9.",ZIP unknown; development upside not verified,False
40850-02-12-06950,6.9,Strong Manual Review Candidate,Strong,Complete,Strong,Low,Unknown,Unknown,High,True,"Bid cost 3578.85, parcel_id 40850-02-12-06950, address quality Complete, property clarity Strong, corrected development match No Clear Match, geocode confidence Medium, and final data confidence High produced a conservative score of 6.9.",ZIP unknown; development upside not verified,False
38605-92-05-04540,6.9,Strong Manual Review Candidate,Strong,Complete,Strong,Low,Unknown,Unknown,High,True,"Bid cost 3582.97, parcel_id 38605-92-05-04540, address quality Complete, property clarity Strong, corrected development match No Clear Match, geocode confidence Medium, and final data confidence High produced a conservative score of 6.9.",ZIP unknown; development upside not verified,False
24200-03-28-06670,6.9,Strong Manual Review Candidate,Strong,Complete,Strong,Low,Unknown,Unknown,High,True,"Bid cost 3607.63, parcel_id 24200-03-28-06670, address quality Complete, property clarity Strong, corrected development match No Clear Match, geocode confidence Medium, and final data confidence High produced a conservative score of 6.9.",ZIP unknown; development upside not verified,False
28975-03-28-09640,6.9,Strong Manual Review Candidate,Strong,Complete,Strong,Low,Unknown,Unknown,High,True,"Bid cost 3624.30, parcel_id 28975-03-28-09640, address quality Complete, property clarity Strong, corrected development match No Clear Match, geocode confidence Medium, and final data confidence High produced a conservative score of 6.9.",ZIP unknown; development upside not verified,False
07675-02-13-01570,6.9,Strong Manual Review Candidate,Strong,Complete,Strong,Low,Unknown,Unknown,High,True,"Bid cost 3624.97, parcel_id 07675-02-13-01570, address quality Complete, property clarity Strong, corrected development match No Clear Match, geocode confidence Medium, and final data confidence High produced a conservative score of 6.9.",ZIP unknown; development upside not verified,False
22025-03-35-07520,6.9,Strong Manual Review Candidate,Strong,Complete,Strong,Low,Unknown,Unknown,High,True,"Bid cost 3629.63, parcel_id 22025-03-35-07520, address quality Complete, property clarity Strong, corrected development match No Clear Match, geocode confidence Medium, and final data confidence High produced a conservative score of 6.9.",ZIP unknown; development upside not verified,False
34750-02-26-08560,6.9,Strong Manual Review Candidate,Strong,Complete,Strong,Low,Unknown,Unknown,High,True,"Bid cost 3651.63, parcel_id 34750-02-26-08560, address quality Complete, property clarity Strong, corrected development match No Clear Match, geocode confidence Medium, and final data confidence High produced a conservative score of 6.9.",ZIP unknown; development upside not verified,False
30200-02-26-07150,6.9,Strong Manual Review Candidate,Strong,Complete,Strong,Low,Unknown,Unknown,High,True,"Bid cost 3688.29, parcel_id 30200-02-26-07150, address quality Complete, property clarity Strong, corrected development match No Clear Match, geocode confidence Medium, and final data confidence High produced a conservative score of 6.9.",ZIP unknown; development upside not verified,False
21600-02-35-08590,6.9,Strong Manual Review Candidate,Strong,Complete,Strong,Low,Unknown,Unknown,High,True,"Bid cost 3695.33, parcel_id 21600-02-35-08590, address quality Complete, property clarity Strong, corrected development match No Clear Match, geocode confidence Medium, and final data confidence High produced a conservative score of 6.9.",ZIP unknown; development upside not verified,False
35925-03-30-16670,6.9,Strong Manual Review Candidate,Strong,Complete,Strong,Low,Unknown,Unknown,High,True,"Bid cost 3700.96, parcel_id 35925-03-30-16670, address quality Complete, property clarity Strong, corrected development match No Clear Match, geocode confidence Medium, and final data confidence High produced a conservative score of 6.9.",ZIP unknown; development upside not verified,False
63700-12-13-00540,6.9,Strong Manual Review Candidate,Strong,Complete,Strong,Low,Unknown,Unknown,High,True,"Bid cost 3711.82, parcel_id 63700-12-13-00540, address quality Complete, property clarity Strong, corrected development match No Clear Match, geocode confidence Medium, and final data confidence High produced a conservative score of 6.9.",ZIP unknown; development upside not verified,False
44200-02-11-01080,6.9,Strong Manual Review Candidate,Strong,Complete,Strong,Low,Unknown,Unknown,High,True,"Bid cost 3715.62, parcel_id 44200-02-11-01080, address quality Complete, property clarity Strong, corrected development match No Clear Match, geocode confidence Medium, and final data confidence High produced a conservative score of 6.9.",ZIP unknown; development upside not verified,False
98224-82-24-37060,6.9,Strong Manual Review Candidate,Strong,Complete,Strong,Low,Unknown,Unknown,High,True,"Bid cost 3727.80, parcel_id 98224-82-24-37060, address quality Complete, property clarity Strong, corrected development match No Clear Match, geocode confidence Medium, and final data confidence High produced a conservative score of 6.9.",ZIP unknown; development upside not verified,False
17925-92-04-03330,6.5,Strong Manual Review Candidate,Strong,Complete,Strong,Low,Unknown,Unknown,Medium,True,"Bid cost 3745.62, parcel_id 17925-92-04-03330, address quality Complete, property clarity Strong, corrected development match No Clear Match, geocode confidence Low, and final data confidence Medium produced a conservative score of 6.5.",ZIP unknown; development upside not verified; geocoding support weak or unavailable,False
00775-02-25-00730,6.9,Strong Manual Review Candidate,Strong,Complete,Strong,Low,Unknown,Unknown,High,True,"Bid cost 3819.61, parcel_id 00775-02-25-00730, address quality Complete, property clarity Strong, corrected development match No Clear Match, geocode confidence Medium, and final data confidence High produced a conservative score of 6.9.",ZIP unknown; development upside not verified,False
41950-02-24-12580,6.9,Strong Manual Review Candidate,Strong,Complete,Strong,Low,Unknown,Unknown,High,True,"Bid cost 3819.61, parcel_id 41950-02-24-12580, address quality Complete, property clarity Strong, corrected development match No Clear Match, geocode confidence Medium, and final data confidence High produced a conservative score of 6.9.",ZIP unknown; development upside not verified,False
04925-03-35-02930,6.9,Strong Manual Review Candidate,Strong,Complete,Strong,Low,Unknown,Unknown,High,True,"Bid cost 3836.94, parcel_id 04925-03-35-02930, address quality Complete, property clarity Strong, corrected development match No Clear Match, geocode confidence Medium, and final data confidence High produced a conservative score of 6.9.",ZIP unknown; development upside not verified,False
45600-94-16-00400,6.5,Strong Manual Review Candidate,Strong,Complete,Strong,Low,Unknown,Unknown,Medium,True,"Bid cost 3844.67, parcel_id 45600-94-16-00400, address quality Complete, property clarity Strong, corrected development match No Clear Match, geocode confidence Low, and final data confidence Medium produced a conservative score of 6.5.",ZIP unknown; development upside not verified; geocoding support weak or unavailable,False
44325-03-36-04550,6.9,Strong Manual Review Candidate,Strong,Complete,Strong,Low,Unknown,Unknown,High,True,"Bid cost 3854.94, parcel_id 44325-03-36-04550, address quality Complete, property clarity Strong, corrected development match No Clear Match, geocode confidence Medium, and final data confidence High produced a conservative score of 6.9.",ZIP unknown; development upside not verified,False
56625-92-20-01430,6.9,Strong Manual Review Candidate,Strong,Complete,Strong,Low,Unknown,Unknown,High,True,"Bid cost 3901.60, parcel_id 56625-92-20-01430, address quality Complete, property clarity Strong, corrected development match No Clear Match, geocode confidence Medium, and final data confidence High produced a conservative score of 6.9.",ZIP unknown; development upside not verified,False
29650-03-07-05860,6.9,Strong Manual Review Candidate,Strong,Complete,Strong,Low,Unknown,Unknown,High,True,"Bid cost 3904.27, parcel_id 29650-03-07-05860, address quality Complete, property clarity Strong, corrected development match No Clear Match, geocode confidence Medium, and final data confidence High produced a conservative score of 6.9.",ZIP unknown; development upside not verified,False
00575-93-06-01170,6.9,Strong Manual Review Candidate,Strong,Complete,Strong,Low,Unknown,Unknown,High,True,"Bid cost 3910.27, parcel_id 00575-93-06-01170, address quality Complete, property clarity Strong, corrected development match No Clear Match, geocode confidence Medium, and final data confidence High produced a conservative score of 6.9.",ZIP unknown; development upside not verified,False
20300-92-03-05280,6.9,Strong Manual Review Candidate,Strong,Complete,Strong,Low,Unknown,Unknown,High,True,"Bid cost 3958.93, parcel_id 20300-92-03-05280, address quality Complete, property clarity Strong, corrected development match No Clear Match, geocode confidence Medium, and final data confidence High produced a conservative score of 6.9.",ZIP unknown; development upside not verified,False
49800-03-34-15300,6.9,Strong Manual Review Candidate,Strong,Complete,Strong,Low,Unknown,Unknown,High,True,"Bid cost 3978.26, parcel_id 49800-03-34-15300, address quality Complete, property clarity Strong, corrected development match No Clear Match, geocode confidence Medium, and final data confidence High produced a conservative score of 6.9.",ZIP unknown; development upside not verified,False
23900-03-27-09360,6.9,Strong Manual Review Candidate,Strong,Complete,Strong,Low,Unknown,Unknown,High,True,"Bid cost 3982.26, parcel_id 23900-03-27-09360, address quality Complete, property clarity Strong, corrected development match No Clear Match, geocode confidence Medium, and final data confidence High produced a conservative score of 6.9.",ZIP unknown; development upside not verified,False
40325-94-17-06900,6.5,Strong Manual Review Candidate,Strong,Complete,Strong,Low,Unknown,Unknown,Medium,True,"Bid cost 3988.93, parcel_id 40325-94-17-06900, address quality Complete, property clarity Strong, corrected development match No Clear Match, geocode confidence Low, and final data confidence Medium produced a conservative score of 6.5.",ZIP unknown; development upside not verified; geocoding support weak or unavailable,False
02350-03-35-02480,6.9,Strong Manual Review Candidate,Strong,Complete,Strong,Low,Unknown,Unknown,High,True,"Bid cost 3996.66, parcel_id 02350-03-35-02480, address quality Complete, property clarity Strong, corrected development match No Clear Match, geocode confidence Medium, and final data confidence High produced a conservative score of 6.9.",ZIP unknown; development upside not verified,False
16275-92-05-01670,6.1,Strong Manual Review Candidate,Moderate,Complete,Strong,Low,Unknown,Unknown,Medium,True,"Bid cost 4022.90, parcel_id 16275-92-05-01670, address quality Complete, property clarity Strong, corrected development match No Clear Match, geocode confidence Low, and final data confidence Medium produced a conservative score of 6.1.",ZIP unknown; development upside not verified; geocoding support weak or unavailable,False
34300-03-32-14720,6.5,Strong Manual Review Candidate,Moderate,Complete,Strong,Low,Unknown,Unknown,High,True,"Bid cost 4028.93, parcel_id 34300-03-32-14720, address quality Complete, property clarity Strong, corrected development match No Clear Match, geocode confidence Medium, and final data confidence High produced a conservative score of 6.5.",ZIP unknown; development upside not verified,False
49725-03-34-14590,6.5,Strong Manual Review Candidate,Moderate,Complete,Strong,Low,Unknown,Unknown,High,True,"Bid cost 4040.26, parcel_id 49725-03-34-14590, address quality Complete, property clarity Strong, corrected development match No Clear Match, geocode confidence Medium, and final data confidence High produced a conservative score of 6.5.",ZIP unknown; development upside not verified,False
07725-02-13-02870,6.5,Strong Manual Review Candidate,Moderate,Complete,Strong,Low,Unknown,Unknown,High,True,"Bid cost 4067.59, parcel_id 07725-02-13-02870, address quality Complete, property clarity Strong, corrected development match No Clear Match, geocode confidence Medium, and final data confidence High produced a conservative score of 6.5.",ZIP unknown; development upside not verified,False
63125-91-11-15420,6.5,Strong Manual Review Candidate,Moderate,Complete,Strong,Low,Unknown,Unknown,High,True,"Bid cost 4068.06, parcel_id 63125-91-11-15420, address quality Complete, property clarity Strong, corrected development match No Clear Match, geocode confidence Medium, and final data confidence High produced a conservative score of 6.5.",ZIP unknown; development upside not verified,False
99203-92-03-14350,6.5,Strong Manual Review Candidate,Moderate,Complete,Strong,Low,Unknown,Unknown,High,True,"Bid cost 4081.97, parcel_id 99203-92-03-14350, address quality Complete, property clarity Strong, corrected development match No Clear Match, geocode confidence Medium, and final data confidence High produced a conservative score of 6.5.",ZIP unknown; development upside not verified,False
23125-02-25-14790,6.5,Strong Manual Review Candidate,Moderate,Complete,Strong,Low,Unknown,Unknown,High,True,"Bid cost 4116.25, parcel_id 23125-02-25-14790, address quality Complete, property clarity Strong, corrected development match No Clear Match, geocode confidence Medium, and final data confidence High produced a conservative score of 6.5.",ZIP unknown; development upside not verified,False
37800-93-02-09080,6.5,Strong Manual Review Candidate,Moderate,Complete,Strong,Low,Unknown,Unknown,High,True,"Bid cost 4146.25, parcel_id 37800-93-02-09080, address quality Complete, property clarity Strong, corrected development match No Clear Match, geocode confidence Medium, and final data confidence High produced a conservative score of 6.5.",ZIP unknown; development upside not verified,False
15125-03-33-05670,6.5,Strong Manual Review Candidate,Moderate,Complete,Strong,Low,Unknown,Unknown,High,True,"Bid cost 4159.58, parcel_id 15125-03-33-05670, address quality Complete, property clarity Strong, corrected development match No Clear Match, geocode confidence Medium, and final data confidence High produced a conservative score of 6.5.",ZIP unknown; development upside not verified,False
26825-93-01-08300,6.5,Strong Manual Review Candidate,Moderate,Complete,Strong,Low,Unknown,Unknown,High,True,"Bid cost 4163.58, parcel_id 26825-93-01-08300, address quality Complete, property clarity Strong, corrected development match No Clear Match, geocode confidence Medium, and final data confidence High produced a conservative score of 6.5.",ZIP unknown; development upside not verified,False
26825-93-01-07370,6.1,Strong Manual Review Candidate,Moderate,Complete,Strong,Low,Unknown,Unknown,Medium,True,"Bid cost 4166.25, parcel_id 26825-93-01-07370, address quality Complete, property clarity Strong, corrected development match No Clear Match, geocode confidence Low, and final data confidence Medium produced a conservative score of 6.1.",ZIP unknown; development upside not verified; geocoding support weak or unavailable,False
43925-03-35-15210,6.5,Strong Manual Review Candidate,Moderate,Complete,Strong,Low,Unknown,Unknown,High,True,"Bid cost 4227.57, parcel_id 43925-03-35-15210, address quality Complete, property clarity Strong, corrected development match No Clear Match, geocode confidence Medium, and final data confidence High produced a conservative score of 6.5.",ZIP unknown; development upside not verified,False
29350-03-07-02400,6.5,Strong Manual Review Candidate,Moderate,Complete,Strong,Low,Unknown,Unknown,High,True,"Bid cost 4235.57, parcel_id 29350-03-07-02400, address quality Complete, property clarity Strong, corrected development match No Clear Match, geocode confidence Medium, and final data confidence High produced a conservative score of 6.5.",ZIP unknown; development upside not verified,False
44250-02-12-14150,6.5,Strong Manual Review Candidate,Moderate,Complete,Strong,Low,Unknown,Unknown,High,True,"Bid cost 4235.57, parcel_id 44250-02-12-14150, address quality Complete, property clarity Strong, corrected development match No Clear Match, geocode confidence Medium, and final data confidence High produced a conservative score of 6.5.",ZIP unknown; development upside not verified,False
35900-03-30-15790,6.5,Strong Manual Review Candidate,Moderate,Complete,Strong,Low,Unknown,Unknown,High,True,"Bid cost 4236.24, parcel_id 35900-03-30-15790, address quality Complete, property clarity Strong, corrected development match No Clear Match, geocode confidence Medium, and final data confidence High produced a conservative score of 6.5.",ZIP unknown; development upside not verified,False
44200-02-11-01560,6.5,Strong Manual Review Candidate,Moderate,Complete,Strong,Low,Unknown,Unknown,High,True,"Bid cost 4239.57, parcel_id 44200-02-11-01560, address quality Complete, property clarity Strong, corrected development match No Clear Match, geocode confidence Medium, and final data confidence High produced a conservative score of 6.5.",ZIP unknown; development upside not verified,False
40825-02-13-09510,6.5,Strong Manual Review Candidate,Moderate,Complete,Strong,Low,Unknown,Unknown,High,True,"Bid cost 4244.24, parcel_id 40825-02-13-09510, address quality Complete, property clarity Strong, corrected development match No Clear Match, geocode confidence Medium, and final data confidence High produced a conservative score of 6.5.",ZIP unknown; development upside not verified,False
23900-03-27-09230,6.5,Strong Manual Review Candidate,Moderate,Complete,Strong,Low,Unknown,Unknown,High,True,"Bid cost 4269.57, parcel_id 23900-03-27-09230, address quality Complete, property clarity Strong, corrected development match No Clear Match, geocode confidence Medium, and final data confidence High produced a conservative score of 6.5.",ZIP unknown; development upside not verified,False
30200-02-26-07080,6.5,Strong Manual Review Candidate,Moderate,Complete,Strong,Low,Unknown,Unknown,High,True,"Bid cost 4269.57, parcel_id 30200-02-26-07080, address quality Complete, property clarity Strong, corrected development match No Clear Match, geocode confidence Medium, and final data confidence High produced a conservative score of 6.5.",ZIP unknown; development upside not verified,False
25650-03-34-12590,6.5,Strong Manual Review Candidate,Moderate,Complete,Strong,Low,Unknown,Unknown,High,True,"Bid cost 4278.23, parcel_id 25650-03-34-12590, address quality Complete, property clarity Strong, corrected development match No Clear Match, geocode confidence Medium, and final data confidence High produced a conservative score of 6.5.",ZIP unknown; development upside not verified,False
37050-03-35-12510,6.5,Strong Manual Review Candidate,Moderate,Complete,Strong,Low,Unknown,Unknown,High,True,"Bid cost 4306.72, parcel_id 37050-03-35-12510, address quality Complete, property clarity Strong, corrected development match No Clear Match, geocode confidence Medium, and final data confidence High produced a conservative score of 6.5.",ZIP unknown; development upside not verified,False
34300-03-32-15710,6.5,Strong Manual Review Candidate,Moderate,Complete,Strong,Low,Unknown,Unknown,High,True,"Bid cost 4307.27, parcel_id 34300-03-32-15710, address quality Complete, property clarity Strong, corrected development match No Clear Match, geocode confidence Medium, and final data confidence High produced a conservative score of 6.5.",ZIP unknown; development upside not verified,False
41675-03-35-13900,6.5,Strong Manual Review Candidate,Moderate,Complete,Strong,Low,Unknown,Unknown,High,True,"Bid cost 4326.35, parcel_id 41675-03-35-13900, address quality Complete, property clarity Strong, corrected development match No Clear Match, geocode confidence Medium, and final data confidence High produced a conservative score of 6.5.",ZIP unknown; development upside not verified,False
37800-93-02-09760,6.5,Strong Manual Review Candidate,Moderate,Complete,Strong,Low,Unknown,Unknown,High,True,"Bid cost 4333.70, parcel_id 37800-93-02-09760, address quality Complete, property clarity Strong, corrected development match No Clear Match, geocode confidence Medium, and final data confidence High produced a conservative score of 6.5.",ZIP unknown; development upside not verified,False
02400-03-32-00700,6.5,Strong Manual Review Candidate,Moderate,Complete,Strong,Low,Unknown,Unknown,High,True,"Bid cost 4376.22, parcel_id 02400-03-32-00700, address quality Complete, property clarity Strong, corrected development match No Clear Match, geocode confidence Medium, and final data confidence High produced a conservative score of 6.5.",ZIP unknown; development upside not verified,False
12875-94-08-06230,6.5,Strong Manual Review Candidate,Moderate,Complete,Strong,Low,Unknown,Unknown,High,True,"Bid cost 4378.60, parcel_id 12875-94-08-06230, address quality Complete, property clarity Strong, corrected development match No Clear Match, geocode confidence Medium, and final data confidence High produced a conservative score of 6.5.",ZIP unknown; development upside not verified,False
79600-84-11-12350,6.5,Strong Manual Review Candidate,Moderate,Complete,Strong,Low,Unknown,Unknown,High,True,"Bid cost 4382.22, parcel_id 79600-84-11-12350, address quality Complete, property clarity Strong, corrected development match No Clear Match, geocode confidence Medium, and final data confidence High produced a conservative score of 6.5.",ZIP unknown; development upside not verified,False
37800-93-02-09990,6.5,Strong Manual Review Candidate,Moderate,Complete,Strong,Low,Unknown,Unknown,High,True,"Bid cost 4406.22, parcel_id 37800-93-02-09990, address quality Complete, property clarity Strong, corrected development match No Clear Match, geocode confidence Medium, and final data confidence High produced a conservative score of 6.5.",ZIP unknown; development upside not verified,False
25225-03-35-09460,6.5,Strong Manual Review Candidate,Moderate,Complete,Strong,Low,Unknown,Unknown,High,True,"Bid cost 4414.22, parcel_id 25225-03-35-09460, address quality Complete, property clarity Strong, corrected development match No Clear Match, geocode confidence Medium, and final data confidence High produced a conservative score of 6.5.",ZIP unknown; development upside not verified,False
41650-03-35-13120,6.5,Strong Manual Review Candidate,Moderate,Complete,Strong,Low,Unknown,Unknown,High,True,"Bid cost 4414.22, parcel_id 41650-03-35-13120, address quality Complete, property clarity Strong, corrected development match No Clear Match, geocode confidence Medium, and final data confidence High produced a conservative score of 6.5.",ZIP unknown; development upside not verified,False
42675-93-02-14170,6.5,Strong Manual Review Candidate,Moderate,Complete,Strong,Low,Unknown,Unknown,High,True,"Bid cost 4426.92, parcel_id 42675-93-02-14170, address quality Complete, property clarity Strong, corrected development match No Clear Match, geocode confidence Medium, and final data confidence High produced a conservative score of 6.5.",ZIP unknown; development upside not verified,False
11225-02-24-03490,6.5,Strong Manual Review Candidate,Moderate,Complete,Strong,Low,Unknown,Unknown,High,True,"Bid cost 4481.55, parcel_id 11225-02-24-03490, address quality Complete, property clarity Strong, corrected development match No Clear Match, geocode confidence Medium, and final data confidence High produced a conservative score of 6.5.",ZIP unknown; development upside not verified,False
34600-93-25-02050,6.5,Strong Manual Review Candidate,Moderate,Complete,Strong,Low,Unknown,Unknown,High,True,"Bid cost 4491.48, parcel_id 34600-93-25-02050, address quality Complete, property clarity Strong, corrected development match No Clear Match, geocode confidence Medium, and final data confidence High produced a conservative score of 6.5.",ZIP unknown; development upside not verified,False
22100-92-28-02330,6.5,Strong Manual Review Candidate,Moderate,Complete,Strong,Low,Unknown,Unknown,High,True,"Bid cost 4589.54, parcel_id 22100-92-28-02330, address quality Complete, property clarity Strong, corrected development match No Clear Match, geocode confidence Medium, and final data confidence High produced a conservative score of 6.5.",ZIP unknown; development upside not verified,False
12060-94-08-20510,6.5,Strong Manual Review Candidate,Moderate,Complete,Strong,Low,Unknown,Unknown,High,True,"Bid cost 5185.69, parcel_id 12060-94-08-20510, address quality Complete, property clarity Strong, corrected development match No Clear Match, geocode confidence Medium, and final data confidence High produced a conservative score of 6.5.",ZIP unknown; development upside not verified,False
16250-92-05-01100,6.5,Strong Manual Review Candidate,Strong,Complete,Strong,Low,Unknown,Unknown,Medium,True,"Bid cost 3012.36, parcel_id 16250-92-05-01100, address quality Complete, property clarity Strong, corrected development match No Clear Match, geocode confidence Low, and final data confidence Medium produced a conservative score of 6.5.",ZIP unknown; development upside not verified; geocoding support weak or unavailable,False
41025-02-01-01230,6.9,Strong Manual Review Candidate,Strong,Complete,Strong,Low,Unknown,Unknown,High,True,"Bid cost 3021.69, parcel_id 41025-02-01-01230, address quality Complete, property clarity Strong, corrected development match No Clear Match, geocode confidence Medium, and final data confidence High produced a conservative score of 6.9.",ZIP unknown; development upside not verified,False
44200-02-11-05670,6.9,Strong Manual Review Candidate,Strong,Complete,Strong,Low,Unknown,Unknown,High,True,"Bid cost 3081.02, parcel_id 44200-02-11-05670, address quality Complete, property clarity Strong, corrected development match No Clear Match, geocode confidence Medium, and final data confidence High produced a conservative score of 6.9.",ZIP unknown; development upside not verified,False
05450-02-25-27030,6.9,Strong Manual Review Candidate,Strong,Complete,Strong,Low,Unknown,Unknown,High,True,"Bid cost 3089.69, parcel_id 05450-02-25-27030, address quality Complete, property clarity Strong, corrected development match No Clear Match, geocode confidence Medium, and final data confidence High produced a conservative score of 6.9.",ZIP unknown; development upside not verified,False
40825-02-13-08350,6.9,Strong Manual Review Candidate,Strong,Complete,Strong,Low,Unknown,Unknown,High,True,"Bid cost 3109.68, parcel_id 40825-02-13-08350, address quality Complete, property clarity Strong, corrected development match No Clear Match, geocode confidence Medium, and final data confidence High produced a conservative score of 6.9.",ZIP unknown; development upside not verified,False
44200-02-11-03560,6.9,Strong Manual Review Candidate,Strong,Complete,Strong,Low,Unknown,Unknown,High,True,"Bid cost 3117.68, parcel_id 44200-02-11-03560, address quality Complete, property clarity Strong, corrected development match No Clear Match, geocode confidence Medium, and final data confidence High produced a conservative score of 6.9.",ZIP unknown; development upside not verified,False
41025-02-01-04490,6.9,Strong Manual Review Candidate,Strong,Complete,Strong,Low,Unknown,Unknown,High,True,"Bid cost 3123.68, parcel_id 41025-02-01-04490, address quality Complete, property clarity Strong, corrected development match No Clear Match, geocode confidence Medium, and final data confidence High produced a conservative score of 6.9.",ZIP unknown; development upside not verified,False
44200-02-11-01470,6.9,Strong Manual Review Candidate,Strong,Complete,Strong,Low,Unknown,Unknown,High,True,"Bid cost 3160.35, parcel_id 44200-02-11-01470, address quality Complete, property clarity Strong, corrected development match No Clear Match, geocode confidence Medium, and final data confidence High produced a conservative score of 6.9.",ZIP unknown; development upside not verified,False
29775-02-26-05550,6.5,Strong Manual Review Candidate,Strong,Complete,Strong,Low,Unknown,Unknown,Medium,True,"Bid cost 3174.97, parcel_id 29775-02-26-05550, address quality Complete, property clarity Strong, corrected development match No Clear Match, geocode confidence Low, and final data confidence Medium produced a conservative score of 6.5.",ZIP unknown; development upside not verified; geocoding support weak or unavailable,False
37375-03-32-16320,6.9,Strong Manual Review Candidate,Strong,Complete,Strong,Low,Unknown,Unknown,High,True,"Bid cost 3183.01, parcel_id 37375-03-32-16320, address quality Complete, property clarity Strong, corrected development match No Clear Match, geocode confidence Medium, and final data confidence High produced a conservative score of 6.9.",ZIP unknown; development upside not verified,False
52550-92-33-05285,6.5,Strong Manual Review Candidate,Strong,Complete,Strong,Low,Unknown,Unknown,Medium,True,"Bid cost 3222.34, parcel_id 52550-92-33-05285, address quality Complete, property clarity Strong, corrected development match No Clear Match, geocode confidence Low, and final data confidence Medium produced a conservative score of 6.5.",ZIP unknown; development upside not verified; geocoding support weak or unavailable,False
17675-02-24-08030,6.9,Strong Manual Review Candidate,Strong,Complete,Strong,Low,Unknown,Unknown,High,True,"Bid cost 3311.00, parcel_id 17675-02-24-08030, address quality Complete, property clarity Strong, corrected development match No Clear Match, geocode confidence Medium, and final data confidence High produced a conservative score of 6.9.",ZIP unknown; development upside not verified,False
25375-03-29-05240,6.9,Strong Manual Review Candidate,Strong,Complete,Strong,Low,Unknown,Unknown,High,True,"Bid cost 3313.80, parcel_id 25375-03-29-05240, address quality Complete, property clarity Strong, corrected development match No Clear Match, geocode confidence Medium, and final data confidence High produced a conservative score of 6.9.",ZIP unknown; development upside not verified,False
18650-93-06-12970,6.9,Strong Manual Review Candidate,Strong,Complete,Strong,Low,Unknown,Unknown,High,True,"Bid cost 3418.25, parcel_id 18650-93-06-12970, address quality Complete, property clarity Strong, corrected development match No Clear Match, geocode confidence Medium, and final data confidence High produced a conservative score of 6.9.",ZIP unknown; development upside not verified,False
28475-03-33-14410,6.9,Strong Manual Review Candidate,Strong,Complete,Strong,Low,Unknown,Unknown,High,True,"Bid cost 3437.28, parcel_id 28475-03-33-14410, address quality Complete, property clarity Strong, corrected development match No Clear Match, geocode confidence Medium, and final data confidence High produced a conservative score of 6.9.",ZIP unknown; development upside not verified,False
90330-03-30-22140,6.9,Strong Manual Review Candidate,Strong,Complete,Strong,Low,Unknown,Unknown,High,True,"Bid cost 3437.65, parcel_id 90330-03-30-22140, address quality Complete, property clarity Strong, corrected development match No Clear Match, geocode confidence Medium, and final data confidence High produced a conservative score of 6.9.",ZIP unknown; development upside not verified,False
44200-02-11-03600,6.9,Strong Manual Review Candidate,Strong,Complete,Strong,Low,Unknown,Unknown,High,True,"Bid cost 3450.32, parcel_id 44200-02-11-03600, address quality Complete, property clarity Strong, corrected development match No Clear Match, geocode confidence Medium, and final data confidence High produced a conservative score of 6.9.",ZIP unknown; development upside not verified,False
19725-03-30-11590,6.9,Strong Manual Review Candidate,Strong,Complete,Strong,Low,Unknown,Unknown,High,True,"Bid cost 3471.65, parcel_id 19725-03-30-11590, address quality Complete, property clarity Strong, corrected development match No Clear Match, geocode confidence Medium, and final data confidence High produced a conservative score of 6.9.",ZIP unknown; development upside not verified,False
27550-93-08-18710,6.9,Strong Manual Review Candidate,Strong,Complete,Strong,Low,Unknown,Unknown,High,True,"Bid cost 3527.85, parcel_id 27550-93-08-18710, address quality Complete, property clarity Strong, corrected development match No Clear Match, geocode confidence Medium, and final data confidence High produced a conservative score of 6.9.",ZIP unknown; development upside not verified,False
07600-02-24-00740,6.9,Strong Manual Review Candidate,Strong,Complete,Strong,Low,Unknown,Unknown,High,True,"Bid cost 3530.98, parcel_id 07600-02-24-00740, address quality Complete, property clarity Strong, corrected development match No Clear Match, geocode confidence Medium, and final data confidence High produced a conservative score of 6.9.",ZIP unknown; development upside not verified,False
13200-02-26-00860,6.9,Strong Manual Review Candidate,Strong,Complete,Strong,Low,Unknown,Unknown,High,True,"Bid cost 3541.13, parcel_id 13200-02-26-00860, address quality Complete, property clarity Strong, corrected development match No Clear Match, geocode confidence Medium, and final data confidence High produced a conservative score of 6.9.",ZIP unknown; development upside not verified,False
25525-03-29-06940,6.9,Strong Manual Review Candidate,Strong,Complete,Strong,Low,Unknown,Unknown,High,True,"Bid cost 3645.63, parcel_id 25525-03-29-06940, address quality Complete, property clarity Strong, corrected development match No Clear Match, geocode confidence Medium, and final data confidence High produced a conservative score of 6.9.",ZIP unknown; development upside not verified,False
49600-03-17-06000,6.9,Strong Manual Review Candidate,Strong,Complete,Strong,Low,Unknown,Unknown,High,True,"Bid cost 3766.83, parcel_id 49600-03-17-06000, address quality Complete, property clarity Strong, corrected development match No Clear Match, geocode confidence Medium, and final data confidence High produced a conservative score of 6.9.",ZIP unknown; development upside not verified,False
59900-24-20-00058,6.9,Strong Manual Review Candidate,Strong,Complete,Strong,Low,Unknown,Unknown,High,True,"Bid cost 3771.34, parcel_id 59900-24-20-00058, address quality Complete, property clarity Strong, corrected development match No Clear Match, geocode confidence Medium, and final data confidence High produced a conservative score of 6.9.",ZIP unknown; development upside not verified,False
09175-93-05-05710,6.9,Strong Manual Review Candidate,Strong,Complete,Strong,Low,Unknown,Unknown,High,True,"Bid cost 3780.86, parcel_id 09175-93-05-05710, address quality Complete, property clarity Strong, corrected development match No Clear Match, geocode confidence Medium, and final data confidence High produced a conservative score of 6.9.",ZIP unknown; development upside not verified,False
90326-03-26-20930,6.9,Strong Manual Review Candidate,Strong,Complete,Strong,Low,Unknown,Unknown,High,True,"Bid cost 3812.95, parcel_id 90326-03-26-20930, address quality Complete, property clarity Strong, corrected development match No Clear Match, geocode confidence Medium, and final data confidence High produced a conservative score of 6.9.",ZIP unknown; development upside not verified,False
36075-03-08-00420,6.9,Strong Manual Review Candidate,Strong,Complete,Strong,Low,Unknown,Unknown,High,True,"Bid cost 3840.44, parcel_id 36075-03-08-00420, address quality Complete, property clarity Strong, corrected development match No Clear Match, geocode confidence Medium, and final data confidence High produced a conservative score of 6.9.",ZIP unknown; development upside not verified,False
13775-02-12-01490,6.9,Strong Manual Review Candidate,Strong,Complete,Strong,Low,Unknown,Unknown,High,True,"Bid cost 3989.60, parcel_id 13775-02-12-01490, address quality Complete, property clarity Strong, corrected development match No Clear Match, geocode confidence Medium, and final data confidence High produced a conservative score of 6.9.",ZIP unknown; development upside not verified,False
17675-02-24-07550,6.5,Strong Manual Review Candidate,Moderate,Complete,Strong,Low,Unknown,Unknown,High,True,"Bid cost 4023.59, parcel_id 17675-02-24-07550, address quality Complete, property clarity Strong, corrected development match No Clear Match, geocode confidence Medium, and final data confidence High produced a conservative score of 6.5.",ZIP unknown; development upside not verified,False
36525-94-02-01380,6.1,Strong Manual Review Candidate,Moderate,Complete,Strong,Low,Unknown,Unknown,Medium,True,"Bid cost 4189.58, parcel_id 36525-94-02-01380, address quality Complete, property clarity Strong, corrected development match No Clear Match, geocode confidence Low, and final data confidence Medium produced a conservative score of 6.1.",ZIP unknown; development upside not verified; geocoding support weak or unavailable,False
20300-92-03-05240,6.5,Strong Manual Review Candidate,Moderate,Complete,Strong,Low,Unknown,Unknown,High,True,"Bid cost 4192.50, parcel_id 20300-92-03-05240, address quality Complete, property clarity Strong, corrected development match No Clear Match, geocode confidence Medium, and final data confidence High produced a conservative score of 6.5.",ZIP unknown; development upside not verified,False
27775-03-36-02105,6.1,Strong Manual Review Candidate,Moderate,Complete,Strong,Low,Unknown,Unknown,Medium,True,"Bid cost 4243.04, parcel_id 27775-03-36-02105, address quality Complete, property clarity Strong, corrected development match No Clear Match, geocode confidence Low, and final data confidence Medium produced a conservative score of 6.1.",ZIP unknown; development upside not verified; geocoding support weak or unavailable,False
35900-03-30-15590,6.5,Strong Manual Review Candidate,Moderate,Complete,Strong,Low,Unknown,Unknown,High,True,"Bid cost 4244.24, parcel_id 35900-03-30-15590, address quality Complete, property clarity Strong, corrected development match No Clear Match, geocode confidence Medium, and final data confidence High produced a conservative score of 6.5.",ZIP unknown; development upside not verified,False
19650-03-35-06970,6.5,Strong Manual Review Candidate,Moderate,Complete,Strong,Low,Unknown,Unknown,High,True,"Bid cost 4312.23, parcel_id 19650-03-35-06970, address quality Complete, property clarity Strong, corrected development match No Clear Match, geocode confidence Medium, and final data confidence High produced a conservative score of 6.5.",ZIP unknown; development upside not verified,False
10225-93-02-04460,6.1,Strong Manual Review Candidate,Moderate,Complete,Strong,Low,Unknown,Unknown,Medium,True,"Bid cost 4357.56, parcel_id 10225-93-02-04460, address quality Complete, property clarity Strong, corrected development match No Clear Match, geocode confidence Low, and final data confidence Medium produced a conservative score of 6.1.",ZIP unknown; development upside not verified; geocoding support weak or unavailable,False
29675-03-07-10040,6.5,Strong Manual Review Candidate,Moderate,Complete,Strong,Low,Unknown,Unknown,High,True,"Bid cost 4393.48, parcel_id 29675-03-07-10040, address quality Complete, property clarity Strong, corrected development match No Clear Match, geocode confidence Medium, and final data confidence High produced a conservative score of 6.5.",ZIP unknown; development upside not verified,False
25200-03-35-07780,6.5,Strong Manual Review Candidate,Moderate,Complete,Strong,Low,Unknown,Unknown,High,True,"Bid cost 4404.05, parcel_id 25200-03-35-07780, address quality Complete, property clarity Strong, corrected development match No Clear Match, geocode confidence Medium, and final data confidence High produced a conservative score of 6.5.",ZIP unknown; development upside not verified,False
34750-02-26-07380,6.1,Strong Manual Review Candidate,Moderate,Complete,Strong,Low,Unknown,Unknown,Medium,True,"Bid cost 5271.47, parcel_id 34750-02-26-07380, address quality Complete, property clarity Strong, corrected development match No Clear Match, geocode confidence Low, and final data confidence Medium produced a conservative score of 6.1.",ZIP unknown; development upside not verified; geocoding support weak or unavailable,False
37775-93-03-07050,6.5,Strong Manual Review Candidate,Moderate,Complete,Strong,Low,Unknown,Unknown,High,True,"Bid cost 4503.56, parcel_id 37775-93-03-07050, address quality Complete, property clarity Strong, corrected development match No Clear Match, geocode confidence Medium, and final data confidence High produced a conservative score of 6.5.",ZIP unknown; development upside not verified,False
00575-93-06-00950,6.5,Strong Manual Review Candidate,Moderate,Complete,Strong,Low,Unknown,Unknown,High,True,"Bid cost 4526.88, parcel_id 00575-93-06-00950, address quality Complete, property clarity Strong, corrected development match No Clear Match, geocode confidence Medium, and final data confidence High produced a conservative score of 6.5.",ZIP unknown; development upside not verified,False
49800-03-34-14990,6.5,Strong Manual Review Candidate,Moderate,Complete,Strong,Low,Unknown,Unknown,High,True,"Bid cost 4540.87, parcel_id 49800-03-34-14990, address quality Complete, property clarity Strong, corrected development match No Clear Match, geocode confidence Medium, and final data confidence High produced a conservative score of 6.5.",ZIP unknown; development upside not verified,False
60513-73-08-70260,6.1,Strong Manual Review Candidate,Moderate,Complete,Strong,Low,Unknown,Unknown,Medium,True,"Bid cost 4548.16, parcel_id 60513-73-08-70260, address quality Complete, property clarity Strong, corrected development match No Clear Match, geocode confidence Low, and final data confidence Medium produced a conservative score of 6.1.",ZIP unknown; development upside not verified; geocoding support weak or unavailable,False
07410-94-07-23780,6.1,Strong Manual Review Candidate,Moderate,Complete,Strong,Low,Unknown,Unknown,Medium,True,"Bid cost 4554.87, parcel_id 07410-94-07-23780, address quality Complete, property clarity Strong, corrected development match No Clear Match, geocode confidence Low, and final data confidence Medium produced a conservative score of 6.1.",ZIP unknown; development upside not verified; geocoding support weak or unavailable,False
90212-02-12-25800,6.5,Strong Manual Review Candidate,Moderate,Complete,Strong,Low,Unknown,Unknown,High,True,"Bid cost 4580.87, parcel_id 90212-02-12-25800, address quality Complete, property clarity Strong, corrected development match No Clear Match, geocode confidence Medium, and final data confidence High produced a conservative score of 6.5.",ZIP unknown; development upside not verified,False
44325-03-36-03990,6.5,Strong Manual Review Candidate,Moderate,Complete,Strong,Low,Unknown,Unknown,High,True,"Bid cost 4649.22, parcel_id 44325-03-36-03990, address quality Complete, property clarity Strong, corrected development match No Clear Match, geocode confidence Medium, and final data confidence High produced a conservative score of 6.5.",ZIP unknown; development upside not verified,False
25150-03-34-10030,6.5,Strong Manual Review Candidate,Moderate,Complete,Strong,Low,Unknown,Unknown,High,True,"Bid cost 4655.65, parcel_id 25150-03-34-10030, address quality Complete, property clarity Strong, corrected development match No Clear Match, geocode confidence Medium, and final data confidence High produced a conservative score of 6.5.",ZIP unknown; development upside not verified,False
09000-92-27-06570,6.5,Strong Manual Review Candidate,Moderate,Complete,Strong,Low,Unknown,Unknown,High,True,"Bid cost 4666.86, parcel_id 09000-92-27-06570, address quality Complete, property clarity Strong, corrected development match No Clear Match, geocode confidence Medium, and final data confidence High produced a conservative score of 6.5.",ZIP unknown; development upside not verified,False
46825-03-33-18040,6.5,Strong Manual Review Candidate,Moderate,Complete,Strong,Low,Unknown,Unknown,High,True,"Bid cost 4668.86, parcel_id 46825-03-33-18040, address quality Complete, property clarity Strong, corrected development match No Clear Match, geocode confidence Medium, and final data confidence High produced a conservative score of 6.5.",ZIP unknown; development upside not verified,False
43800-93-04-19370,6.5,Strong Manual Review Candidate,Moderate,Complete,Strong,Low,Unknown,Unknown,High,True,"Bid cost 4670.86, parcel_id 43800-93-04-19370, address quality Complete, property clarity Strong, corrected development match No Clear Match, geocode confidence Medium, and final data confidence High produced a conservative score of 6.5.",ZIP unknown; development upside not verified,False
36150-93-04-13930,6.5,Strong Manual Review Candidate,Moderate,Complete,Strong,Low,Unknown,Unknown,High,True,"Bid cost 4698.86, parcel_id 36150-93-04-13930, address quality Complete, property clarity Strong, corrected development match No Clear Match, geocode confidence Medium, and final data confidence High produced a conservative score of 6.5.",ZIP unknown; development upside not verified,False
78810-84-11-09060,6.5,Strong Manual Review Candidate,Moderate,Complete,Strong,Low,Unknown,Unknown,High,True,"Bid cost 4710.03, parcel_id 78810-84-11-09060, address quality Complete, property clarity Strong, corrected development match No Clear Match, geocode confidence Medium, and final data confidence High produced a conservative score of 6.5.",ZIP unknown; development upside not verified,False
25050-03-34-03580,6.5,Strong Manual Review Candidate,Moderate,Complete,Strong,Low,Unknown,Unknown,High,True,"Bid cost 4724.19, parcel_id 25050-03-34-03580, address quality Complete, property clarity Strong, corrected development match No Clear Match, geocode confidence Medium, and final data confidence High produced a conservative score of 6.5.",ZIP unknown; development upside not verified,False
27775-03-36-02215,6.1,Strong Manual Review Candidate,Moderate,Complete,Strong,Low,Unknown,Unknown,Medium,True,"Bid cost 4728.19, parcel_id 27775-03-36-02215, address quality Complete, property clarity Strong, corrected development match No Clear Match, geocode confidence Low, and final data confidence Medium produced a conservative score of 6.1.",ZIP unknown; development upside not verified; geocoding support weak or unavailable,False
63725-12-13-01130,6.5,Strong Manual Review Candidate,Moderate,Complete,Strong,Low,Unknown,Unknown,High,True,"Bid cost 4742.42, parcel_id 63725-12-13-01130, address quality Complete, property clarity Strong, corrected development match No Clear Match, geocode confidence Medium, and final data confidence High produced a conservative score of 6.5.",ZIP unknown; development upside not verified,False
18550-93-05-13060,6.5,Strong Manual Review Candidate,Moderate,Complete,Strong,Low,Unknown,Unknown,High,True,"Bid cost 4766.19, parcel_id 18550-93-05-13060, address quality Complete, property clarity Strong, corrected development match No Clear Match, geocode confidence Medium, and final data confidence High produced a conservative score of 6.5.",ZIP unknown; development upside not verified,False
29775-02-26-05800,6.5,Strong Manual Review Candidate,Moderate,Complete,Strong,Low,Unknown,Unknown,High,True,"Bid cost 4778.85, parcel_id 29775-02-26-05800, address quality Complete, property clarity Strong, corrected development match No Clear Match, geocode confidence Medium, and final data confidence High produced a conservative score of 6.5.",ZIP unknown; development upside not verified,False
05075-93-24-08770,6.1,Strong Manual Review Candidate,Moderate,Complete,Strong,Low,Unknown,Unknown,Medium,True,"Bid cost 4785.98, parcel_id 05075-93-24-08770, address quality Complete, property clarity Strong, corrected development match No Clear Match, geocode confidence Low, and final data confidence Medium produced a conservative score of 6.1.",ZIP unknown; development upside not verified; geocoding support weak or unavailable,False
13775-02-12-01430,6.5,Strong Manual Review Candidate,Moderate,Complete,Strong,Low,Unknown,Unknown,High,True,"Bid cost 4839.51, parcel_id 13775-02-12-01430, address quality Complete, property clarity Strong, corrected development match No Clear Match, geocode confidence Medium, and final data confidence High produced a conservative score of 6.5.",ZIP unknown; development upside not verified,False
57370-72-13-63370,6.1,Strong Manual Review Candidate,Moderate,Complete,Strong,Low,Unknown,Unknown,Medium,True,"Bid cost 4845.40, parcel_id 57370-72-13-63370, address quality Complete, property clarity Strong, corrected development match No Clear Match, geocode confidence Low, and final data confidence Medium produced a conservative score of 6.1.",ZIP unknown; development upside not verified; geocoding support weak or unavailable,False
19275-03-34-02480,6.5,Strong Manual Review Candidate,Moderate,Complete,Strong,Low,Unknown,Unknown,High,True,"Bid cost 4850.84, parcel_id 19275-03-34-02480, address quality Complete, property clarity Strong, corrected development match No Clear Match, geocode confidence Medium, and final data confidence High produced a conservative score of 6.5.",ZIP unknown; development upside not verified,False
17950-92-04-05170,6.5,Strong Manual Review Candidate,Moderate,Complete,Strong,Low,Unknown,Unknown,High,True,"Bid cost 4853.82, parcel_id 17950-92-04-05170, address quality Complete, property clarity Strong, corrected development match No Clear Match, geocode confidence Medium, and final data confidence High produced a conservative score of 6.5.",ZIP unknown; development upside not verified,False
62075-91-11-09360,6.5,Strong Manual Review Candidate,Moderate,Complete,Strong,Low,Unknown,Unknown,High,True,"Bid cost 4857.51, parcel_id 62075-91-11-09360, address quality Complete, property clarity Strong, corrected development match No Clear Match, geocode confidence Medium, and final data confidence High produced a conservative score of 6.5.",ZIP unknown; development upside not verified,False
17925-92-04-04250,6.5,Strong Manual Review Candidate,Moderate,Complete,Strong,Low,Unknown,Unknown,High,True,"Bid cost 4902.17, parcel_id 17925-92-04-04250, address quality Complete, property clarity Strong, corrected development match No Clear Match, geocode confidence Medium, and final data confidence High produced a conservative score of 6.5.",ZIP unknown; development upside not verified,False
06625-92-27-02490,6.5,Strong Manual Review Candidate,Moderate,Complete,Strong,Low,Unknown,Unknown,High,True,"Bid cost 4950.17, parcel_id 06625-92-27-02490, address quality Complete, property clarity Strong, corrected development match No Clear Match, geocode confidence Medium, and final data confidence High produced a conservative score of 6.5.",ZIP unknown; development upside not verified,False
45450-94-06-10580,6.1,Strong Manual Review Candidate,Moderate,Complete,Strong,Low,Unknown,Unknown,Medium,True,"Bid cost 4952.17, parcel_id 45450-94-06-10580, address quality Complete, property clarity Strong, corrected development match No Clear Match, geocode confidence Low, and final data confidence Medium produced a conservative score of 6.1.",ZIP unknown; development upside not verified; geocoding support weak or unavailable,False
17025-02-36-12170,6.5,Strong Manual Review Candidate,Moderate,Complete,Strong,Low,Unknown,Unknown,High,True,"Bid cost 4974.16, parcel_id 17025-02-36-12170, address quality Complete, property clarity Strong, corrected development match No Clear Match, geocode confidence Medium, and final data confidence High produced a conservative score of 6.5.",ZIP unknown; development upside not verified,False
40850-02-12-07500,6.5,Strong Manual Review Candidate,Moderate,Complete,Strong,Low,Unknown,Unknown,High,True,"Bid cost 4985.56, parcel_id 40850-02-12-07500, address quality Complete, property clarity Strong, corrected development match No Clear Match, geocode confidence Medium, and final data confidence High produced a conservative score of 6.5.",ZIP unknown; development upside not verified,False
04350-02-25-02620,6.5,Strong Manual Review Candidate,Moderate,Complete,Strong,Low,Unknown,Unknown,High,True,"Bid cost 4993.50, parcel_id 04350-02-25-02620, address quality Complete, property clarity Strong, corrected development match No Clear Match, geocode confidence Medium, and final data confidence High produced a conservative score of 6.5.",ZIP unknown; development upside not verified,False
06100-02-26-00080,6.5,Strong Manual Review Candidate,Moderate,Complete,Strong,Low,Unknown,Unknown,High,True,"Bid cost 5016.55, parcel_id 06100-02-26-00080, address quality Complete, property clarity Strong, corrected development match No Clear Match, geocode confidence Medium, and final data confidence High produced a conservative score of 6.5.",ZIP unknown; development upside not verified,False
08375-03-29-02800,6.5,Strong Manual Review Candidate,Moderate,Complete,Strong,Low,Unknown,Unknown,High,True,"Bid cost 5074.15, parcel_id 08375-03-29-02800, address quality Complete, property clarity Strong, corrected development match No Clear Match, geocode confidence Medium, and final data confidence High produced a conservative score of 6.5.",ZIP unknown; development upside not verified,False
41100-92-34-03610,6.5,Strong Manual Review Candidate,Moderate,Complete,Strong,Low,Unknown,Unknown,High,True,"Bid cost 5074.82, parcel_id 41100-92-34-03610, address quality Complete, property clarity Strong, corrected development match No Clear Match, geocode confidence Medium, and final data confidence High produced a conservative score of 6.5.",ZIP unknown; development upside not verified,False
22200-03-36-00370,6.5,Strong Manual Review Candidate,Moderate,Complete,Strong,Low,Unknown,Unknown,High,True,"Bid cost 5094.88, parcel_id 22200-03-36-00370, address quality Complete, property clarity Strong, corrected development match No Clear Match, geocode confidence Medium, and final data confidence High produced a conservative score of 6.5.",ZIP unknown; development upside not verified,False
74985-94-20-10040,6.5,Strong Manual Review Candidate,Moderate,Complete,Strong,Low,Unknown,Unknown,High,True,"Bid cost 5104.84, parcel_id 74985-94-20-10040, address quality Complete, property clarity Strong, corrected development match No Clear Match, geocode confidence Medium, and final data confidence High produced a conservative score of 6.5.",ZIP unknown; development upside not verified,False
85315-72-15-46520,6.1,Strong Manual Review Candidate,Moderate,Complete,Strong,Low,Unknown,Unknown,Medium,True,"Bid cost 5178.06, parcel_id 85315-72-15-46520, address quality Complete, property clarity Strong, corrected development match No Clear Match, geocode confidence Low, and final data confidence Medium produced a conservative score of 6.1.",ZIP unknown; development upside not verified; geocoding support weak or unavailable,False
11575-03-35-04690,6.5,Strong Manual Review Candidate,Moderate,Complete,Strong,Low,Unknown,Unknown,High,True,"Bid cost 5182.52, parcel_id 11575-03-35-04690, address quality Complete, property clarity Strong, corrected development match No Clear Match, geocode confidence Medium, and final data confidence High produced a conservative score of 6.5.",ZIP unknown; development upside not verified,False
30950-03-33-14960,6.5,Strong Manual Review Candidate,Moderate,Complete,Strong,Low,Unknown,Unknown,High,True,"Bid cost 5203.47, parcel_id 30950-03-33-14960, address quality Complete, property clarity Strong, corrected development match No Clear Match, geocode confidence Medium, and final data confidence High produced a conservative score of 6.5.",ZIP unknown; development upside not verified,False
12150-93-11-01280,6.5,Strong Manual Review Candidate,Moderate,Complete,Strong,Low,Unknown,Unknown,High,True,"Bid cost 5222.14, parcel_id 12150-93-11-01280, address quality Complete, property clarity Strong, corrected development match No Clear Match, geocode confidence Medium, and final data confidence High produced a conservative score of 6.5.",ZIP unknown; development upside not verified,False
07700-02-13-02200,6.5,Strong Manual Review Candidate,Moderate,Complete,Strong,Low,Unknown,Unknown,High,True,"Bid cost 5279.47, parcel_id 07700-02-13-02200, address quality Complete, property clarity Strong, corrected development match No Clear Match, geocode confidence Medium, and final data confidence High produced a conservative score of 6.5.",ZIP unknown; development upside not verified,False
10475-92-08-00680,6.1,Strong Manual Review Candidate,Moderate,Complete,Strong,Low,Unknown,Unknown,Medium,True,"Bid cost 5289.47, parcel_id 10475-92-08-00680, address quality Complete, property clarity Strong, corrected development match No Clear Match, geocode confidence Low, and final data confidence Medium produced a conservative score of 6.1.",ZIP unknown; development upside not verified; geocoding support weak or unavailable,False
31125-92-27-16750,6.5,Strong Manual Review Candidate,Moderate,Complete,Strong,Low,Unknown,Unknown,High,True,"Bid cost 5302.80, parcel_id 31125-92-27-16750, address quality Complete, property clarity Strong, corrected development match No Clear Match, geocode confidence Medium, and final data confidence High produced a conservative score of 6.5.",ZIP unknown; development upside not verified,False
29650-03-07-03370,6.5,Strong Manual Review Candidate,Moderate,Complete,Strong,Low,Unknown,Unknown,High,True,"Bid cost 5339.46, parcel_id 29650-03-07-03370, address quality Complete, property clarity Strong, corrected development match No Clear Match, geocode confidence Medium, and final data confidence High produced a conservative score of 6.5.",ZIP unknown; development upside not verified,False
29650-03-07-03310,6.5,Strong Manual Review Candidate,Moderate,Complete,Strong,Low,Unknown,Unknown,High,True,"Bid cost 5347.46, parcel_id 29650-03-07-03310, address quality Complete, property clarity Strong, corrected development match No Clear Match, geocode confidence Medium, and final data confidence High produced a conservative score of 6.5.",ZIP unknown; development upside not verified,False
13850-93-05-10530,6.5,Strong Manual Review Candidate,Moderate,Complete,Strong,Low,Unknown,Unknown,High,True,"Bid cost 5358.29, parcel_id 13850-93-05-10530, address quality Complete, property clarity Strong, corrected development match No Clear Match, geocode confidence Medium, and final data confidence High produced a conservative score of 6.5.",ZIP unknown; development upside not verified,False
22100-92-28-03130,6.5,Strong Manual Review Candidate,Moderate,Complete,Strong,Low,Unknown,Unknown,High,True,"Bid cost 5361.41, parcel_id 22100-92-28-03130, address quality Complete, property clarity Strong, corrected development match No Clear Match, geocode confidence Medium, and final data confidence High produced a conservative score of 6.5.",ZIP unknown; development upside not verified,False
27875-92-11-03570,6.5,Strong Manual Review Candidate,Moderate,Complete,Strong,Low,Unknown,Unknown,High,True,"Bid cost 5389.46, parcel_id 27875-92-11-03570, address quality Complete, property clarity Strong, corrected development match No Clear Match, geocode confidence Medium, and final data confidence High produced a conservative score of 6.5.",ZIP unknown; development upside not verified,False
45350-94-06-07290,6.1,Strong Manual Review Candidate,Moderate,Complete,Strong,Low,Unknown,Unknown,Medium,True,"Bid cost 5390.12, parcel_id 45350-94-06-07290, address quality Complete, property clarity Strong, corrected development match No Clear Match, geocode confidence Low, and final data confidence Medium produced a conservative score of 6.1.",ZIP unknown; development upside not verified; geocoding support weak or unavailable,False
78810-84-11-09070,6.5,Strong Manual Review Candidate,Moderate,Complete,Strong,Low,Unknown,Unknown,High,True,"Bid cost 5428.12, parcel_id 78810-84-11-09070, address quality Complete, property clarity Strong, corrected development match No Clear Match, geocode confidence Medium, and final data confidence High produced a conservative score of 6.5.",ZIP unknown; development upside not verified,False
20725-93-03-06410,6.5,Strong Manual Review Candidate,Moderate,Complete,Strong,Low,Unknown,Unknown,High,True,"Bid cost 5429.45, parcel_id 20725-93-03-06410, address quality Complete, property clarity Strong, corrected development match No Clear Match, geocode confidence Medium, and final data confidence High produced a conservative score of 6.5.",ZIP unknown; development upside not verified,False
41025-02-01-00530,6.5,Strong Manual Review Candidate,Moderate,Complete,Strong,Low,Unknown,Unknown,High,True,"Bid cost 5432.12, parcel_id 41025-02-01-00530, address quality Complete, property clarity Strong, corrected development match No Clear Match, geocode confidence Medium, and final data confidence High produced a conservative score of 6.5.",ZIP unknown; development upside not verified,False
07225-02-13-00060,6.5,Strong Manual Review Candidate,Moderate,Complete,Strong,Low,Unknown,Unknown,High,True,"Bid cost 5434.28, parcel_id 07225-02-13-00060, address quality Complete, property clarity Strong, corrected development match No Clear Match, geocode confidence Medium, and final data confidence High produced a conservative score of 6.5.",ZIP unknown; development upside not verified,False
37800-93-02-09000,6.5,Strong Manual Review Candidate,Moderate,Complete,Strong,Low,Unknown,Unknown,High,True,"Bid cost 5443.44, parcel_id 37800-93-02-09000, address quality Complete, property clarity Strong, corrected development match No Clear Match, geocode confidence Medium, and final data confidence High produced a conservative score of 6.5.",ZIP unknown; development upside not verified,False
27300-93-14-10790,6.5,Strong Manual Review Candidate,Moderate,Complete,Strong,Low,Unknown,Unknown,High,True,"Bid cost 5444.74, parcel_id 27300-93-14-10790, address quality Complete, property clarity Strong, corrected development match No Clear Match, geocode confidence Medium, and final data confidence High produced a conservative score of 6.5.",ZIP unknown; development upside not verified,False
38200-92-26-00840,6.5,Strong Manual Review Candidate,Moderate,Complete,Strong,Low,Unknown,Unknown,High,True,"Bid cost 5454.78, parcel_id 38200-92-26-00840, address quality Complete, property clarity Strong, corrected development match No Clear Match, geocode confidence Medium, and final data confidence High produced a conservative score of 6.5.",ZIP unknown; development upside not verified,False
76925-94-19-48280,6.5,Strong Manual Review Candidate,Moderate,Complete,Strong,Low,Unknown,Unknown,High,True,"Bid cost 5467.19, parcel_id 76925-94-19-48280, address quality Complete, property clarity Strong, corrected development match No Clear Match, geocode confidence Medium, and final data confidence High produced a conservative score of 6.5.",ZIP unknown; development upside not verified,False
23850-93-15-11970,6.5,Strong Manual Review Candidate,Moderate,Complete,Strong,Low,Unknown,Unknown,High,True,"Bid cost 5479.42, parcel_id 23850-93-15-11970, address quality Complete, property clarity Strong, corrected development match No Clear Match, geocode confidence Medium, and final data confidence High produced a conservative score of 6.5.",ZIP unknown; development upside not verified,False
74735-84-06-61950,6.5,Strong Manual Review Candidate,Moderate,Complete,Strong,Low,Unknown,Unknown,High,True,"Bid cost 5491.99, parcel_id 74735-84-06-61950, address quality Complete, property clarity Strong, corrected development match No Clear Match, geocode confidence Medium, and final data confidence High produced a conservative score of 6.5.",ZIP unknown; development upside not verified,False
91407-14-07-52320,4.9,Strong Manual Review Candidate,Moderate,Partial,Moderate,Low,Unknown,Unknown,Medium,True,"Bid cost 4849.58, parcel_id 91407-14-07-52320, address quality Partial, property clarity Moderate, corrected development match No Clear Match, geocode confidence Low, and final data confidence Medium produced a conservative score of 4.9.",ZIP unknown; development upside not verified; geocoding support weak or unavailable; address not fully verified,False
98434-84-34-00350,4.3,Bad Investment,Moderate,Missing,Moderate,Low,Unknown,Unknown,Medium,False,"Bid cost 5186.14, parcel_id 98434-84-34-00350, address quality Missing, property clarity Moderate, corrected development match No Clear Match, geocode confidence Low, and final data confidence Medium produced a conservative score of 4.3.",ZIP unknown; development upside not verified; geocoding support weak or unavailable; address not fully verified,False
23000-03-27-08140,5.3,Strong Manual Review Candidate,Strong,Partial,Moderate,Low,Unknown,Unknown,Medium,True,"Bid cost 3509.05, parcel_id 23000-03-27-08140, address quality Partial, property clarity Moderate, corrected development match No Clear Match, geocode confidence Low, and final data confidence Medium produced a conservative score of 5.3.",ZIP unknown; development upside not verified; geocoding support weak or unavailable; address not fully verified,False
56600-92-20-00740,6.5,Strong Manual Review Candidate,Moderate,Complete,Strong,Low,Unknown,Unknown,High,True,"Bid cost 4992.83, parcel_id 56600-92-20-00740, address quality Complete, property clarity Strong, corrected development match No Clear Match, geocode confidence Medium, and final data confidence High produced a conservative score of 6.5.",ZIP unknown; development upside not verified,False
56900-92-20-02220,6.5,Strong Manual Review Candidate,Moderate,Complete,Strong,Low,Unknown,Unknown,High,True,"Bid cost 5224.32, parcel_id 56900-92-20-02220, address quality Complete, property clarity Strong, corrected development match No Clear Match, geocode confidence Medium, and final data confidence High produced a conservative score of 6.5.",ZIP unknown; development upside not verified,False
54225-03-06-05290,6.5,Strong Manual Review Candidate,Moderate,Complete,Strong,Low,Unknown,Unknown,High,True,"Bid cost 5224.79, parcel_id 54225-03-06-05290, address quality Complete, property clarity Strong, corrected development match No Clear Match, geocode confidence Medium, and final data confidence High produced a conservative score of 6.5.",ZIP unknown; development upside not verified,False
91213-12-13-51390,6.1,Strong Manual Review Candidate,Moderate,Complete,Strong,Low,Unknown,Unknown,Medium,True,"Bid cost 5325.25, parcel_id 91213-12-13-51390, address quality Complete, property clarity Strong, corrected development match No Clear Match, geocode confidence Low, and final data confidence Medium produced a conservative score of 6.1.",ZIP unknown; development upside not verified; geocoding support weak or unavailable,False
91408-14-08-10310,6.5,Strong Manual Review Candidate,Strong,Complete,Strong,Low,Unknown,Unknown,Medium,True,"Bid cost 3139.44, parcel_id 91408-14-08-10310, address quality Complete, property clarity Strong, corrected development match No Clear Match, geocode confidence Low, and final data confidence Medium produced a conservative score of 6.5.",ZIP unknown; development upside not verified; geocoding support weak or unavailable,False
54325-92-31-02630,6.9,Strong Manual Review Candidate,Strong,Complete,Strong,Low,Unknown,Unknown,High,True,"Bid cost 3211.01, parcel_id 54325-92-31-02630, address quality Complete, property clarity Strong, corrected development match No Clear Match, geocode confidence Medium, and final data confidence High produced a conservative score of 6.9.",ZIP unknown; development upside not verified,False
90306-03-06-24020,6.9,Strong Manual Review Candidate,Strong,Complete,Strong,Low,Unknown,Unknown,High,True,"Bid cost 3314.33, parcel_id 90306-03-06-24020, address quality Complete, property clarity Strong, corrected development match No Clear Match, geocode confidence Medium, and final data confidence High produced a conservative score of 6.9.",ZIP unknown; development upside not verified,False
91316-13-16-06210,6.5,Strong Manual Review Candidate,Strong,Complete,Strong,Low,Unknown,Unknown,Medium,True,"Bid cost 3339.41, parcel_id 91316-13-16-06210, address quality Complete, property clarity Strong, corrected development match No Clear Match, geocode confidence Low, and final data confidence Medium produced a conservative score of 6.5.",ZIP unknown; development upside not verified; geocoding support weak or unavailable,False
91236-12-36-01030,6.9,Strong Manual Review Candidate,Strong,Complete,Strong,Low,Unknown,Unknown,High,True,"Bid cost 3357.23, parcel_id 91236-12-36-01030, address quality Complete, property clarity Strong, corrected development match No Clear Match, geocode confidence Medium, and final data confidence High produced a conservative score of 6.9.",ZIP unknown; development upside not verified,False
53675-92-32-01900,6.5,Strong Manual Review Candidate,Strong,Complete,Strong,Low,Unknown,Unknown,Medium,True,"Bid cost 3580.08, parcel_id 53675-92-32-01900, address quality Complete, property clarity Strong, corrected development match No Clear Match, geocode confidence Low, and final data confidence Medium produced a conservative score of 6.5.",ZIP unknown; development upside not verified; geocoding support weak or unavailable,False
90404-04-04-64010,6.5,Strong Manual Review Candidate,Strong,Complete,Strong,Low,Unknown,Unknown,Medium,True,"Bid cost 3715.23, parcel_id 90404-04-04-64010, address quality Complete, property clarity Strong, corrected development match No Clear Match, geocode confidence Low, and final data confidence Medium produced a conservative score of 6.5.",ZIP unknown; development upside not verified; geocoding support weak or unavailable,False
53725-02-01-03030,6.5,Strong Manual Review Candidate,Moderate,Complete,Strong,Low,Unknown,Unknown,High,True,"Bid cost 4348.07, parcel_id 53725-02-01-03030, address quality Complete, property clarity Strong, corrected development match No Clear Match, geocode confidence Medium, and final data confidence High produced a conservative score of 6.5.",ZIP unknown; development upside not verified,False
97424-74-24-21620,6.1,Strong Manual Review Candidate,Moderate,Complete,Strong,Low,Unknown,Unknown,Medium,True,"Bid cost 4463.58, parcel_id 97424-74-24-21620, address quality Complete, property clarity Strong, corrected development match No Clear Match, geocode confidence Low, and final data confidence Medium produced a conservative score of 6.1.",ZIP unknown; development upside not verified; geocoding support weak or unavailable,False
91316-13-16-06510,6.1,Strong Manual Review Candidate,Moderate,Complete,Strong,Low,Unknown,Unknown,Medium,True,"Bid cost 5056.93, parcel_id 91316-13-16-06510, address quality Complete, property clarity Strong, corrected development match No Clear Match, geocode confidence Low, and final data confidence Medium produced a conservative score of 6.1.",ZIP unknown; development upside not verified; geocoding support weak or unavailable,False
99027-90-27-68130,6.1,Strong Manual Review Candidate,Moderate,Complete,Strong,Low,Unknown,Unknown,Medium,True,"Bid cost 5198.99, parcel_id 99027-90-27-68130, address quality Complete, property clarity Strong, corrected development match No Clear Match, geocode confidence Low, and final data confidence Medium produced a conservative score of 6.1.",ZIP unknown; development upside not verified; geocoding support weak or unavailable,False
55425-91-07-00270,6.1,Strong Manual Review Candidate,Moderate,Complete,Strong,Low,Unknown,Unknown,Medium,True,"Bid cost 5297.09, parcel_id 55425-91-07-00270, address quality Complete, property clarity Strong, corrected development match No Clear Match, geocode confidence Low, and final data confidence Medium produced a conservative score of 6.1.",ZIP unknown; development upside not verified; geocoding support weak or unavailable,False
91225-12-25-41510,4.3,Bad Investment,Moderate,Missing,Moderate,Low,Unknown,Unknown,Medium,False,"Bid cost 4211.16, parcel_id 91225-12-25-41510, address quality Missing, property clarity Moderate, corrected development match No Clear Match, geocode confidence Low, and final data confidence Medium produced a conservative score of 4.3.",ZIP unknown; development upside not verified; geocoding support weak or unavailable; address not fully verified,False
99229-92-29-38016,4.3,Bad Investment,Moderate,Missing,Moderate,Low,Unknown,Unknown,Medium,False,"Bid cost 4232.91, parcel_id 99229-92-29-38016, address quality Missing, property clarity Moderate, corrected development match No Clear Match, geocode confidence Low, and final data confidence Medium produced a conservative score of 4.3.",ZIP unknown; development upside not verified; geocoding support weak or unavailable; address not fully verified,False
54675-92-05-05450,6.5,Strong Manual Review Candidate,Moderate,Complete,Strong,Low,Unknown,Unknown,High,True,"Bid cost 4753.15, parcel_id 54675-92-05-05450, address quality Complete, property clarity Strong, corrected development match No Clear Match, geocode confidence Medium, and final data confidence High produced a conservative score of 6.5.",ZIP unknown; development upside not verified,False
90306-03-06-46920,4.8,Bad Investment,Strong,Missing,Moderate,Low,Unknown,Unknown,Medium,False,"Bid cost 3954.21, parcel_id 90306-03-06-46920, address quality Missing, property clarity Moderate, corrected development match No Clear Match, geocode confidence Low, and final data confidence Medium produced a conservative score of 4.8.",ZIP unknown; development upside not verified; geocoding support weak or unavailable; address not fully verified,False
20575-93-30-08990,5.7,Mid Investment,Weak,Complete,Strong,Low,Unknown,Unknown,High,True,"Bid cost 6826.65, parcel_id 20575-93-30-08990, address quality Complete, property clarity Strong, corrected development match No Clear Match, geocode confidence High, and final data confidence High produced a conservative score of 5.7.",ZIP unknown; development upside not verified,False
00725-03-33-00530,5.7,Mid Investment,Weak,Complete,Strong,Low,Unknown,Unknown,High,True,"Bid cost 6743.65, parcel_id 00725-03-33-00530, address quality Complete, property clarity Strong, corrected development match No Clear Match, geocode confidence Medium, and final data confidence High produced a conservative score of 5.7.",ZIP unknown; development upside not verified,False
40375-94-08-07940,5.2,Mid Investment,Weak,Complete,Strong,Low,Unknown,Unknown,Medium,True,"Bid cost 6791.32, parcel_id 40375-94-08-07940, address quality Complete, property clarity Strong, corrected development match No Clear Match, geocode confidence Low, and final data confidence Medium produced a conservative score of 5.2.",ZIP unknown; development upside not verified; geocoding support weak or unavailable,False
57628-73-15-20120,5.7,Mid Investment,Weak,Complete,Strong,Low,Unknown,Unknown,High,True,"Bid cost 6855.98, parcel_id 57628-73-15-20120, address quality Complete, property clarity Strong, corrected development match No Clear Match, geocode confidence Medium, and final data confidence High produced a conservative score of 5.7.",ZIP unknown; development upside not verified,False
84830-72-11-53420,5.2,Mid Investment,Weak,Complete,Strong,Low,Unknown,Unknown,Medium,True,"Bid cost 6927.56, parcel_id 84830-72-11-53420, address quality Complete, property clarity Strong, corrected development match No Clear Match, geocode confidence Low, and final data confidence Medium produced a conservative score of 5.2.",ZIP unknown; development upside not verified; geocoding support weak or unavailable,False
85175-72-12-57030,5.2,Mid Investment,Weak,Complete,Strong,Low,Unknown,Unknown,Medium,True,"Bid cost 7004.96, parcel_id 85175-72-12-57030, address quality Complete, property clarity Strong, corrected development match No Clear Match, geocode confidence Low, and final data confidence Medium produced a conservative score of 5.2.",ZIP unknown; development upside not verified; geocoding support weak or unavailable,False
04175-93-14-07050,5.7,Mid Investment,Weak,Complete,Strong,Low,Unknown,Unknown,High,True,"Bid cost 7152.78, parcel_id 04175-93-14-07050, address quality Complete, property clarity Strong, corrected development match No Clear Match, geocode confidence Medium, and final data confidence High produced a conservative score of 5.7.",ZIP unknown; development upside not verified,False
22775-94-17-02590,5.2,Mid Investment,Weak,Complete,Strong,Low,Unknown,Unknown,Medium,True,"Bid cost 7281.27, parcel_id 22775-94-17-02590, address quality Complete, property clarity Strong, corrected development match No Clear Match, geocode confidence Low, and final data confidence Medium produced a conservative score of 5.2.",ZIP unknown; development upside not verified; geocoding support weak or unavailable,False
98412-84-12-02870,5.7,Mid Investment,Weak,Complete,Strong,Low,Unknown,Unknown,High,True,"Bid cost 6982.63, parcel_id 98412-84-12-02870, address quality Complete, property clarity Strong, corrected development match No Clear Match, geocode confidence Medium, and final data confidence High produced a conservative score of 5.7.",ZIP unknown; development upside not verified,False
08675-93-01-02070,5.2,Mid Investment,Weak,Complete,Strong,Low,Unknown,Unknown,Medium,True,"Bid cost 7105.95, parcel_id 08675-93-01-02070, address quality Complete, property clarity Strong, corrected development match No Clear Match, geocode confidence Low, and final data confidence Medium produced a conservative score of 5.2.",ZIP unknown; development upside not verified; geocoding support weak or unavailable,False
42025-93-07-18720,5.7,Mid Investment,Weak,Complete,Strong,Low,Unknown,Unknown,High,True,"Bid cost 7230.61, parcel_id 42025-93-07-18720, address quality Complete, property clarity Strong, corrected development match No Clear Match, geocode confidence Medium, and final data confidence High produced a conservative score of 5.7.",ZIP unknown; development upside not verified,False
04025-93-15-00140,5.7,Mid Investment,Weak,Complete,Strong,Low,Unknown,Unknown,High,True,"Bid cost 7339.85, parcel_id 04025-93-15-00140, address quality Complete, property clarity Strong, corrected development match No Clear Match, geocode confidence Medium, and final data confidence High produced a conservative score of 5.7.",ZIP unknown; development upside not verified,False
77200-94-21-16190,5.2,Mid Investment,Weak,Complete,Strong,Low,Unknown,Unknown,Medium,True,"Bid cost 7393.92, parcel_id 77200-94-21-16190, address quality Complete, property clarity Strong, corrected development match No Clear Match, geocode confidence Low, and final data confidence Medium produced a conservative score of 5.2.",ZIP unknown; development upside not verified; geocoding support weak or unavailable,False
47075-93-30-12810,5.7,Mid Investment,Weak,Complete,Strong,Low,Unknown,Unknown,High,True,"Bid cost 7827.99, parcel_id 47075-93-30-12810, address quality Complete, property clarity Strong, corrected development match No Clear Match, geocode confidence Medium, and final data confidence High produced a conservative score of 5.7.",ZIP unknown; development upside not verified,False
11575-03-35-03730,6.1,Strong Manual Review Candidate,Borderline,Complete,Strong,Low,Unknown,Unknown,High,True,"Bid cost 5516.78, parcel_id 11575-03-35-03730, address quality Complete, property clarity Strong, corrected development match No Clear Match, geocode confidence Medium, and final data confidence High produced a conservative score of 6.1.",ZIP unknown; development upside not verified,False
07415-94-07-29470,6.1,Strong Manual Review Candidate,Borderline,Complete,Strong,Low,Unknown,Unknown,High,True,"Bid cost 5517.44, parcel_id 07415-94-07-29470, address quality Complete, property clarity Strong, corrected development match No Clear Match, geocode confidence Medium, and final data confidence High produced a conservative score of 6.1.",ZIP unknown; development upside not verified,False
35725-93-31-08440,6.1,Strong Manual Review Candidate,Borderline,Complete,Strong,Low,Unknown,Unknown,High,True,"Bid cost 5526.11, parcel_id 35725-93-31-08440, address quality Complete, property clarity Strong, corrected development match No Clear Match, geocode confidence Medium, and final data confidence High produced a conservative score of 6.1.",ZIP unknown; development upside not verified,False
16375-93-03-04910,6.1,Strong Manual Review Candidate,Borderline,Complete,Strong,Low,Unknown,Unknown,High,True,"Bid cost 5550.11, parcel_id 16375-93-03-04910, address quality Complete, property clarity Strong, corrected development match No Clear Match, geocode confidence Medium, and final data confidence High produced a conservative score of 6.1.",ZIP unknown; development upside not verified,False
40325-94-17-06480,5.7,Strong Manual Review Candidate,Borderline,Complete,Strong,Low,Unknown,Unknown,Medium,True,"Bid cost 5632.77, parcel_id 40325-94-17-06480, address quality Complete, property clarity Strong, corrected development match No Clear Match, geocode confidence Low, and final data confidence Medium produced a conservative score of 5.7.",ZIP unknown; development upside not verified; geocoding support weak or unavailable,False
44325-03-36-04310,6.1,Strong Manual Review Candidate,Borderline,Complete,Strong,Low,Unknown,Unknown,High,True,"Bid cost 5659.43, parcel_id 44325-03-36-04310, address quality Complete, property clarity Strong, corrected development match No Clear Match, geocode confidence Medium, and final data confidence High produced a conservative score of 6.1.",ZIP unknown; development upside not verified,False
15875-02-25-09420,6.1,Strong Manual Review Candidate,Borderline,Complete,Strong,Low,Unknown,Unknown,High,True,"Bid cost 5709.25, parcel_id 15875-02-25-09420, address quality Complete, property clarity Strong, corrected development match No Clear Match, geocode confidence Medium, and final data confidence High produced a conservative score of 6.1.",ZIP unknown; development upside not verified,False
04125-93-14-02940,6.1,Strong Manual Review Candidate,Borderline,Complete,Strong,Low,Unknown,Unknown,High,True,"Bid cost 5717.55, parcel_id 04125-93-14-02940, address quality Complete, property clarity Strong, corrected development match No Clear Match, geocode confidence Medium, and final data confidence High produced a conservative score of 6.1.",ZIP unknown; development upside not verified,False
17925-92-04-03240,5.7,Strong Manual Review Candidate,Borderline,Complete,Strong,Low,Unknown,Unknown,Medium,True,"Bid cost 5748.75, parcel_id 17925-92-04-03240, address quality Complete, property clarity Strong, corrected development match No Clear Match, geocode confidence Low, and final data confidence Medium produced a conservative score of 5.7.",ZIP unknown; development upside not verified; geocoding support weak or unavailable,False
49850-92-28-05460,5.7,Strong Manual Review Candidate,Borderline,Complete,Strong,Low,Unknown,Unknown,Medium,True,"Bid cost 5750.75, parcel_id 49850-92-28-05460, address quality Complete, property clarity Strong, corrected development match No Clear Match, geocode confidence Low, and final data confidence Medium produced a conservative score of 5.7.",ZIP unknown; development upside not verified; geocoding support weak or unavailable,False
98225-82-25-36030,6.1,Strong Manual Review Candidate,Borderline,Complete,Strong,Low,Unknown,Unknown,High,True,"Bid cost 5782.95, parcel_id 98225-82-25-36030, address quality Complete, property clarity Strong, corrected development match No Clear Match, geocode confidence Medium, and final data confidence High produced a conservative score of 6.1.",ZIP unknown; development upside not verified,False
04125-93-14-02930,6.1,Strong Manual Review Candidate,Borderline,Complete,Strong,Low,Unknown,Unknown,High,True,"Bid cost 5785.69, parcel_id 04125-93-14-02930, address quality Complete, property clarity Strong, corrected development match No Clear Match, geocode confidence Medium, and final data confidence High produced a conservative score of 6.1.",ZIP unknown; development upside not verified,False
12375-92-04-01560,5.7,Strong Manual Review Candidate,Borderline,Complete,Strong,Low,Unknown,Unknown,Medium,True,"Bid cost 5786.08, parcel_id 12375-92-04-01560, address quality Complete, property clarity Strong, corrected development match No Clear Match, geocode confidence Low, and final data confidence Medium produced a conservative score of 5.7.",ZIP unknown; development upside not verified; geocoding support weak or unavailable,False
62250-91-22-02240,6.1,Strong Manual Review Candidate,Borderline,Complete,Strong,Low,Unknown,Unknown,High,True,"Bid cost 5795.03, parcel_id 62250-91-22-02240, address quality Complete, property clarity Strong, corrected development match No Clear Match, geocode confidence Medium, and final data confidence High produced a conservative score of 6.1.",ZIP unknown; development upside not verified,False
27325-93-14-12410,6.1,Strong Manual Review Candidate,Borderline,Complete,Strong,Low,Unknown,Unknown,High,True,"Bid cost 5829.41, parcel_id 27325-93-14-12410, address quality Complete, property clarity Strong, corrected development match No Clear Match, geocode confidence Medium, and final data confidence High produced a conservative score of 6.1.",ZIP unknown; development upside not verified,False
98402-84-02-01880,6.1,Strong Manual Review Candidate,Borderline,Complete,Strong,Low,Unknown,Unknown,High,True,"Bid cost 5854.25, parcel_id 98402-84-02-01880, address quality Complete, property clarity Strong, corrected development match No Clear Match, geocode confidence Medium, and final data confidence High produced a conservative score of 6.1.",ZIP unknown; development upside not verified,False
25050-03-34-06390,6.1,Strong Manual Review Candidate,Borderline,Complete,Strong,Low,Unknown,Unknown,High,True,"Bid cost 5882.74, parcel_id 25050-03-34-06390, address quality Complete, property clarity Strong, corrected development match No Clear Match, geocode confidence Medium, and final data confidence High produced a conservative score of 6.1.",ZIP unknown; development upside not verified,False
34375-92-22-05090,5.7,Strong Manual Review Candidate,Borderline,Complete,Strong,Low,Unknown,Unknown,Medium,True,"Bid cost 5891.41, parcel_id 34375-92-22-05090, address quality Complete, property clarity Strong, corrected development match No Clear Match, geocode confidence Low, and final data confidence Medium produced a conservative score of 5.7.",ZIP unknown; development upside not verified; geocoding support weak or unavailable,False
74850-94-19-17590,6.1,Strong Manual Review Candidate,Borderline,Complete,Strong,Low,Unknown,Unknown,High,True,"Bid cost 5896.33, parcel_id 74850-94-19-17590, address quality Complete, property clarity Strong, corrected development match No Clear Match, geocode confidence Medium, and final data confidence High produced a conservative score of 6.1.",ZIP unknown; development upside not verified,False
14625-93-12-00820,5.7,Strong Manual Review Candidate,Borderline,Complete,Strong,Low,Unknown,Unknown,Medium,True,"Bid cost 5972.06, parcel_id 14625-93-12-00820, address quality Complete, property clarity Strong, corrected development match No Clear Match, geocode confidence Low, and final data confidence Medium produced a conservative score of 5.7.",ZIP unknown; development upside not verified; geocoding support weak or unavailable,False
62225-91-22-01600,6.1,Strong Manual Review Candidate,Borderline,Complete,Strong,Low,Unknown,Unknown,High,True,"Bid cost 6068.41, parcel_id 62225-91-22-01600, address quality Complete, property clarity Strong, corrected development match No Clear Match, geocode confidence Medium, and final data confidence High produced a conservative score of 6.1.",ZIP unknown; development upside not verified,False
08300-93-04-02320,6.1,Strong Manual Review Candidate,Borderline,Complete,Strong,Low,Unknown,Unknown,High,True,"Bid cost 6169.38, parcel_id 08300-93-04-02320, address quality Complete, property clarity Strong, corrected development match No Clear Match, geocode confidence Medium, and final data confidence High produced a conservative score of 6.1.",ZIP unknown; development upside not verified,False
74965-94-20-07530,5.7,Strong Manual Review Candidate,Borderline,Complete,Strong,Low,Unknown,Unknown,Medium,True,"Bid cost 6234.04, parcel_id 74965-94-20-07530, address quality Complete, property clarity Strong, corrected development match No Clear Match, geocode confidence Low, and final data confidence Medium produced a conservative score of 5.7.",ZIP unknown; development upside not verified; geocoding support weak or unavailable,False
34600-93-25-02750,6.1,Strong Manual Review Candidate,Borderline,Complete,Strong,Low,Unknown,Unknown,High,True,"Bid cost 6246.97, parcel_id 34600-93-25-02750, address quality Complete, property clarity Strong, corrected development match No Clear Match, geocode confidence Medium, and final data confidence High produced a conservative score of 6.1.",ZIP unknown; development upside not verified,False
45350-94-06-06870,6.1,Strong Manual Review Candidate,Borderline,Complete,Strong,Low,Unknown,Unknown,High,True,"Bid cost 6267.37, parcel_id 45350-94-06-06870, address quality Complete, property clarity Strong, corrected development match No Clear Match, geocode confidence Medium, and final data confidence High produced a conservative score of 6.1.",ZIP unknown; development upside not verified,False
31100-93-02-05790,6.1,Strong Manual Review Candidate,Borderline,Complete,Strong,Low,Unknown,Unknown,High,True,"Bid cost 6328.03, parcel_id 31100-93-02-05790, address quality Complete, property clarity Strong, corrected development match No Clear Match, geocode confidence Medium, and final data confidence High produced a conservative score of 6.1.",ZIP unknown; development upside not verified,False
26390-94-16-15330,5.7,Strong Manual Review Candidate,Borderline,Complete,Strong,Low,Unknown,Unknown,Medium,True,"Bid cost 6353.46, parcel_id 26390-94-16-15330, address quality Complete, property clarity Strong, corrected development match No Clear Match, geocode confidence Low, and final data confidence Medium produced a conservative score of 5.7.",ZIP unknown; development upside not verified; geocoding support weak or unavailable,False
82170-84-21-72600,6.1,Strong Manual Review Candidate,Borderline,Complete,Strong,Low,Unknown,Unknown,High,True,"Bid cost 6384.77, parcel_id 82170-84-21-72600, address quality Complete, property clarity Strong, corrected development match No Clear Match, geocode confidence Medium, and final data confidence High produced a conservative score of 6.1.",ZIP unknown; development upside not verified,False
03312-03-20-04220,6.1,Strong Manual Review Candidate,Borderline,Complete,Strong,Low,Unknown,Unknown,High,True,"Bid cost 6391.36, parcel_id 03312-03-20-04220, address quality Complete, property clarity Strong, corrected development match No Clear Match, geocode confidence Medium, and final data confidence High produced a conservative score of 6.1.",ZIP unknown; development upside not verified,False
04025-93-15-00650,6.1,Strong Manual Review Candidate,Borderline,Complete,Strong,Low,Unknown,Unknown,High,True,"Bid cost 6416.85, parcel_id 04025-93-15-00650, address quality Complete, property clarity Strong, corrected development match No Clear Match, geocode confidence Medium, and final data confidence High produced a conservative score of 6.1.",ZIP unknown; development upside not verified,False
45625-93-21-16710,6.1,Strong Manual Review Candidate,Borderline,Complete,Strong,Low,Unknown,Unknown,High,True,"Bid cost 6474.68, parcel_id 45625-93-21-16710, address quality Complete, property clarity Strong, corrected development match No Clear Match, geocode confidence Medium, and final data confidence High produced a conservative score of 6.1.",ZIP unknown; development upside not verified,False
23600-93-24-15470,6.1,Strong Manual Review Candidate,Borderline,Complete,Strong,Low,Unknown,Unknown,High,True,"Bid cost 6496.28, parcel_id 23600-93-24-15470, address quality Complete, property clarity Strong, corrected development match No Clear Match, geocode confidence Medium, and final data confidence High produced a conservative score of 6.1.",ZIP unknown; development upside not verified,False
61975-91-12-03150,5.7,Mid Investment,Weak,Complete,Strong,Low,Unknown,Unknown,High,True,"Bid cost 6681.26, parcel_id 61975-91-12-03150, address quality Complete, property clarity Strong, corrected development match No Clear Match, geocode confidence Medium, and final data confidence High produced a conservative score of 5.7.",ZIP unknown; development upside not verified,False
24525-94-07-04110,5.2,Mid Investment,Weak,Complete,Strong,Low,Unknown,Unknown,Medium,True,"Bid cost 6830.15, parcel_id 24525-94-07-04110, address quality Complete, property clarity Strong, corrected development match No Clear Match, geocode confidence Low, and final data confidence Medium produced a conservative score of 5.2.",ZIP unknown; development upside not verified; geocoding support weak or unavailable,False
46000-93-30-11430,5.7,Mid Investment,Weak,Complete,Strong,Low,Unknown,Unknown,High,True,"Bid cost 7025.18, parcel_id 46000-93-30-11430, address quality Complete, property clarity Strong, corrected development match No Clear Match, geocode confidence Medium, and final data confidence High produced a conservative score of 5.7.",ZIP unknown; development upside not verified,False
46525-94-05-05250,5.2,Mid Investment,Weak,Complete,Strong,Low,Unknown,Unknown,Medium,True,"Bid cost 7315.38, parcel_id 46525-94-05-05250, address quality Complete, property clarity Strong, corrected development match No Clear Match, geocode confidence Low, and final data confidence Medium produced a conservative score of 5.2.",ZIP unknown; development upside not verified; geocoding support weak or unavailable,False
22350-93-31-06310,5.7,Mid Investment,Weak,Complete,Strong,Low,Unknown,Unknown,High,True,"Bid cost 7464.70, parcel_id 22350-93-31-06310, address quality Complete, property clarity Strong, corrected development match No Clear Match, geocode confidence Medium, and final data confidence High produced a conservative score of 5.7.",ZIP unknown; development upside not verified,False
85240-72-13-61990,5.7,Mid Investment,Weak,Complete,Strong,Low,Unknown,Unknown,High,True,"Bid cost 7677.90, parcel_id 85240-72-13-61990, address quality Complete, property clarity Strong, corrected development match No Clear Match, geocode confidence Medium, and final data confidence High produced a conservative score of 5.7.",ZIP unknown; development upside not verified,False
43800-93-04-19590,5.7,Mid Investment,Weak,Complete,Strong,Low,Unknown,Unknown,High,True,"Bid cost 7753.89, parcel_id 43800-93-04-19590, address quality Complete, property clarity Strong, corrected development match No Clear Match, geocode confidence Medium, and final data confidence High produced a conservative score of 5.7.",ZIP unknown; development upside not verified,False
04375-92-12-00740,4.5,Strong Manual Review Candidate,Borderline,Partial,Moderate,Low,Unknown,Unknown,Medium,True,"Bid cost 5807.41, parcel_id 04375-92-12-00740, address quality Partial, property clarity Moderate, corrected development match Unknown, geocode confidence Low, and final data confidence Medium produced a conservative score of 4.5.",ZIP unknown; development upside not verified; geocoding support weak or unavailable; address not fully verified,False
10800-93-01-04840,5.2,Mid Investment,Weak,Complete,Strong,Low,Unknown,Unknown,Medium,True,"Bid cost 6504.01, parcel_id 10800-93-01-04840, address quality Complete, property clarity Strong, corrected development match No Clear Match, geocode confidence Low, and final data confidence Medium produced a conservative score of 5.2.",ZIP unknown; development upside not verified; geocoding support weak or unavailable,False
45575-93-04-21370,5.7,Mid Investment,Weak,Complete,Strong,Low,Unknown,Unknown,High,True,"Bid cost 6542.71, parcel_id 45575-93-04-21370, address quality Complete, property clarity Strong, corrected development match No Clear Match, geocode confidence Medium, and final data confidence High produced a conservative score of 5.7.",ZIP unknown; development upside not verified,False
99301-93-01-11400,5.7,Mid Investment,Weak,Complete,Strong,Low,Unknown,Unknown,High,True,"Bid cost 6555.34, parcel_id 99301-93-01-11400, address quality Complete, property clarity Strong, corrected development match No Clear Match, geocode confidence Medium, and final data confidence High produced a conservative score of 5.7.",ZIP unknown; development upside not verified,False
20300-92-03-06160,5.2,Mid Investment,Weak,Complete,Strong,Low,Unknown,Unknown,Medium,True,"Bid cost 6557.34, parcel_id 20300-92-03-06160, address quality Complete, property clarity Strong, corrected development match No Clear Match, geocode confidence Low, and final data confidence Medium produced a conservative score of 5.2.",ZIP unknown; development upside not verified; geocoding support weak or unavailable,False
17925-92-04-03930,5.7,Mid Investment,Weak,Complete,Strong,Low,Unknown,Unknown,High,True,"Bid cost 6595.34, parcel_id 17925-92-04-03930, address quality Complete, property clarity Strong, corrected development match No Clear Match, geocode confidence Medium, and final data confidence High produced a conservative score of 5.7.",ZIP unknown; development upside not verified,False
78540-84-14-02370,5.7,Mid Investment,Weak,Complete,Strong,Low,Unknown,Unknown,High,True,"Bid cost 6614.67, parcel_id 78540-84-14-02370, address quality Complete, property clarity Strong, corrected development match No Clear Match, geocode confidence Medium, and final data confidence High produced a conservative score of 5.7.",ZIP unknown; development upside not verified,False
12425-92-04-02590,5.2,Mid Investment,Weak,Complete,Strong,Low,Unknown,Unknown,Medium,True,"Bid cost 6690.66, parcel_id 12425-92-04-02590, address quality Complete, property clarity Strong, corrected development match No Clear Match, geocode confidence Low, and final data confidence Medium produced a conservative score of 5.2.",ZIP unknown; development upside not verified; geocoding support weak or unavailable,False
08150-94-08-00330,5.7,Mid Investment,Weak,Complete,Strong,Low,Unknown,Unknown,High,True,"Bid cost 6800.65, parcel_id 08150-94-08-00330, address quality Complete, property clarity Strong, corrected development match No Clear Match, geocode confidence Medium, and final data confidence High produced a conservative score of 5.7.",ZIP unknown; development upside not verified,False
12210-94-16-41680,5.7,Mid Investment,Weak,Complete,Strong,Low,Unknown,Unknown,High,True,"Bid cost 6862.64, parcel_id 12210-94-16-41680, address quality Complete, property clarity Strong, corrected development match No Clear Match, geocode confidence Medium, and final data confidence High produced a conservative score of 5.7.",ZIP unknown; development upside not verified,False
45350-94-06-08780,5.7,Mid Investment,Weak,Complete,Strong,Low,Unknown,Unknown,High,True,"Bid cost 6949.58, parcel_id 45350-94-06-08780, address quality Complete, property clarity Strong, corrected development match No Clear Match, geocode confidence Medium, and final data confidence High produced a conservative score of 5.7.",ZIP unknown; development upside not verified,False
80610-84-11-13910,5.7,Mid Investment,Weak,Complete,Strong,Low,Unknown,Unknown,High,True,"Bid cost 6953.43, parcel_id 80610-84-11-13910, address quality Complete, property clarity Strong, corrected development match No Clear Match, geocode confidence Medium, and final data confidence High produced a conservative score of 5.7.",ZIP unknown; development upside not verified,False
36540-94-02-16310,5.7,Mid Investment,Weak,Complete,Strong,Low,Unknown,Unknown,High,True,"Bid cost 6968.63, parcel_id 36540-94-02-16310, address quality Complete, property clarity Strong, corrected development match No Clear Match, geocode confidence Medium, and final data confidence High produced a conservative score of 5.7.",ZIP unknown; development upside not verified,False
57490-90-30-41030,5.2,Mid Investment,Weak,Complete,Strong,Low,Unknown,Unknown,Medium,True,"Bid cost 6993.39, parcel_id 57490-90-30-41030, address quality Complete, property clarity Strong, corrected development match No Clear Match, geocode confidence Low, and final data confidence Medium produced a conservative score of 5.2.",ZIP unknown; development upside not verified; geocoding support weak or unavailable,False
12145-94-09-44920,5.2,Mid Investment,Weak,Complete,Strong,Low,Unknown,Unknown,Medium,True,"Bid cost 7033.29, parcel_id 12145-94-09-44920, address quality Complete, property clarity Strong, corrected development match No Clear Match, geocode confidence Low, and final data confidence Medium produced a conservative score of 5.2.",ZIP unknown; development upside not verified; geocoding support weak or unavailable,False
14175-03-33-03800,5.7,Mid Investment,Weak,Complete,Strong,Low,Unknown,Unknown,High,True,"Bid cost 7064.62, parcel_id 14175-03-33-03800, address quality Complete, property clarity Strong, corrected development match No Clear Match, geocode confidence Medium, and final data confidence High produced a conservative score of 5.7.",ZIP unknown; development upside not verified,False
16375-93-03-05080,5.7,Mid Investment,Weak,Complete,Strong,Low,Unknown,Unknown,High,True,"Bid cost 7071.29, parcel_id 16375-93-03-05080, address quality Complete, property clarity Strong, corrected development match No Clear Match, geocode confidence Medium, and final data confidence High produced a conservative score of 5.7.",ZIP unknown; development upside not verified,False
30800-93-07-13130,5.7,Mid Investment,Weak,Complete,Strong,Low,Unknown,Unknown,High,True,"Bid cost 7119.92, parcel_id 30800-93-07-13130, address quality Complete, property clarity Strong, corrected development match No Clear Match, geocode confidence Medium, and final data confidence High produced a conservative score of 5.7.",ZIP unknown; development upside not verified,False
61500-91-27-00840,5.7,Mid Investment,Weak,Complete,Strong,Low,Unknown,Unknown,High,True,"Bid cost 7162.16, parcel_id 61500-91-27-00840, address quality Complete, property clarity Strong, corrected development match No Clear Match, geocode confidence Medium, and final data confidence High produced a conservative score of 5.7.",ZIP unknown; development upside not verified,False
85375-72-14-01945,5.2,Mid Investment,Weak,Complete,Strong,Low,Unknown,Unknown,Medium,True,"Bid cost 7175.68, parcel_id 85375-72-14-01945, address quality Complete, property clarity Strong, corrected development match No Clear Match, geocode confidence Low, and final data confidence Medium produced a conservative score of 5.2.",ZIP unknown; development upside not verified; geocoding support weak or unavailable,False
61940-91-27-37160,5.7,Mid Investment,Weak,Complete,Strong,Low,Unknown,Unknown,High,True,"Bid cost 7258.08, parcel_id 61940-91-27-37160, address quality Complete, property clarity Strong, corrected development match No Clear Match, geocode confidence Medium, and final data confidence High produced a conservative score of 5.7.",ZIP unknown; development upside not verified,False
46875-93-03-13050,5.7,Mid Investment,Weak,Complete,Strong,Low,Unknown,Unknown,High,True,"Bid cost 7273.93, parcel_id 46875-93-03-13050, address quality Complete, property clarity Strong, corrected development match No Clear Match, geocode confidence Medium, and final data confidence High produced a conservative score of 5.7.",ZIP unknown; development upside not verified,False
20300-92-03-04570,5.7,Mid Investment,Weak,Complete,Strong,Low,Unknown,Unknown,High,True,"Bid cost 7303.81, parcel_id 20300-92-03-04570, address quality Complete, property clarity Strong, corrected development match No Clear Match, geocode confidence Medium, and final data confidence High produced a conservative score of 5.7.",ZIP unknown; development upside not verified,False
17950-92-04-04930,5.2,Mid Investment,Weak,Complete,Strong,Low,Unknown,Unknown,Medium,True,"Bid cost 7308.60, parcel_id 17950-92-04-04930, address quality Complete, property clarity Strong, corrected development match No Clear Match, geocode confidence Low, and final data confidence Medium produced a conservative score of 5.2.",ZIP unknown; development upside not verified; geocoding support weak or unavailable,False
23850-93-15-12810,5.7,Mid Investment,Weak,Complete,Strong,Low,Unknown,Unknown,High,True,"Bid cost 7334.48, parcel_id 23850-93-15-12810, address quality Complete, property clarity Strong, corrected development match No Clear Match, geocode confidence Medium, and final data confidence High produced a conservative score of 5.7.",ZIP unknown; development upside not verified,False
61000-14-31-00520,5.7,Mid Investment,Weak,Complete,Strong,Low,Unknown,Unknown,High,True,"Bid cost 7416.81, parcel_id 61000-14-31-00520, address quality Complete, property clarity Strong, corrected development match No Clear Match, geocode confidence Medium, and final data confidence High produced a conservative score of 5.7.",ZIP unknown; development upside not verified,False
90308-03-08-08590,5.7,Mid Investment,Weak,Complete,Strong,Low,Unknown,Unknown,High,True,"Bid cost 7542.57, parcel_id 90308-03-08-08590, address quality Complete, property clarity Strong, corrected development match No Clear Match, geocode confidence Medium, and final data confidence High produced a conservative score of 5.7.",ZIP unknown; development upside not verified,False
81210-84-15-63180,5.7,Mid Investment,Weak,Complete,Strong,Low,Unknown,Unknown,High,True,"Bid cost 7554.54, parcel_id 81210-84-15-63180, address quality Complete, property clarity Strong, corrected development match No Clear Match, geocode confidence Medium, and final data confidence High produced a conservative score of 5.7.",ZIP unknown; development upside not verified,False
18950-93-33-02280,5.7,Mid Investment,Weak,Complete,Strong,Low,Unknown,Unknown,High,True,"Bid cost 7604.75, parcel_id 18950-93-33-02280, address quality Complete, property clarity Strong, corrected development match No Clear Match, geocode confidence Medium, and final data confidence High produced a conservative score of 5.7.",ZIP unknown; development upside not verified,False
12145-94-09-42810,5.2,Mid Investment,Weak,Complete,Strong,Low,Unknown,Unknown,Medium,True,"Bid cost 7605.90, parcel_id 12145-94-09-42810, address quality Complete, property clarity Strong, corrected development match No Clear Match, geocode confidence Low, and final data confidence Medium produced a conservative score of 5.2.",ZIP unknown; development upside not verified; geocoding support weak or unavailable,False
38125-92-27-17970,5.7,Mid Investment,Weak,Complete,Strong,Low,Unknown,Unknown,High,True,"Bid cost 7627.90, parcel_id 38125-92-27-17970, address quality Complete, property clarity Strong, corrected development match No Clear Match, geocode confidence Medium, and final data confidence High produced a conservative score of 5.7.",ZIP unknown; development upside not verified,False
78260-84-12-00420,5.7,Mid Investment,Weak,Complete,Strong,Low,Unknown,Unknown,High,True,"Bid cost 7636.31, parcel_id 78260-84-12-00420, address quality Complete, property clarity Strong, corrected development match No Clear Match, geocode confidence Medium, and final data confidence High produced a conservative score of 5.7.",ZIP unknown; development upside not verified,False
42675-93-02-15780,5.7,Mid Investment,Weak,Complete,Strong,Low,Unknown,Unknown,High,True,"Bid cost 7843.21, parcel_id 42675-93-02-15780, address quality Complete, property clarity Strong, corrected development match No Clear Match, geocode confidence Medium, and final data confidence High produced a conservative score of 5.7.",ZIP unknown; development upside not verified,False
74850-94-19-17270,5.7,Mid Investment,Weak,Complete,Strong,Low,Unknown,Unknown,High,True,"Bid cost 7909.20, parcel_id 74850-94-19-17270, address quality Complete, property clarity Strong, corrected development match No Clear Match, geocode confidence Medium, and final data confidence High produced a conservative score of 5.7.",ZIP unknown; development upside not verified,False
74955-94-20-02740,5.7,Mid Investment,Weak,Complete,Strong,Low,Unknown,Unknown,High,True,"Bid cost 7945.87, parcel_id 74955-94-20-02740, address quality Complete, property clarity Strong, corrected development match No Clear Match, geocode confidence Medium, and final data confidence High produced a conservative score of 5.7.",ZIP unknown; development upside not verified,False
07900-94-18-00140,5.2,Mid Investment,Weak,Complete,Strong,Low,Unknown,Unknown,Medium,True,"Bid cost 7964.53, parcel_id 07900-94-18-00140, address quality Complete, property clarity Strong, corrected development match No Clear Match, geocode confidence Low, and final data confidence Medium produced a conservative score of 5.2.",ZIP unknown; development upside not verified; geocoding support weak or unavailable,False
28725-92-34-02190,5.2,Mid Investment,Weak,Complete,Strong,Low,Unknown,Unknown,Medium,True,"Bid cost 7966.53, parcel_id 28725-92-34-02190, address quality Complete, property clarity Strong, corrected development match No Clear Match, geocode confidence Low, and final data confidence Medium produced a conservative score of 5.2.",ZIP unknown; development upside not verified; geocoding support weak or unavailable,False
49900-93-21-18650,5.7,Mid Investment,Weak,Complete,Strong,Low,Unknown,Unknown,High,True,"Bid cost 7966.97, parcel_id 49900-93-21-18650, address quality Complete, property clarity Strong, corrected development match No Clear Match, geocode confidence Medium, and final data confidence High produced a conservative score of 5.7.",ZIP unknown; development upside not verified,False
58000-73-25-00270,5.7,Mid Investment,Weak,Complete,Strong,Low,Unknown,Unknown,High,True,"Bid cost 7999.86, parcel_id 58000-73-25-00270, address quality Complete, property clarity Strong, corrected development match No Clear Match, geocode confidence Medium, and final data confidence High produced a conservative score of 5.7.",ZIP unknown; development upside not verified,False
98210-82-10-15720,3.5,Bad Investment,Weak,Missing,Moderate,Low,Unknown,Unknown,Medium,False,"Bid cost 6599.34, parcel_id 98210-82-10-15720, address quality Missing, property clarity Moderate, corrected development match No Clear Match, geocode confidence Low, and final data confidence Medium produced a conservative score of 3.5.",ZIP unknown; development upside not verified; geocoding support weak or unavailable; address not fully verified,False
19275-03-34-02810,6.1,Strong Manual Review Candidate,Borderline,Complete,Strong,Low,Unknown,Unknown,High,True,"Bid cost 5644.76, parcel_id 19275-03-34-02810, address quality Complete, property clarity Strong, corrected development match No Clear Match, geocode confidence Medium, and final data confidence High produced a conservative score of 6.1.",ZIP unknown; development upside not verified,False
31125-92-27-17320,6.1,Strong Manual Review Candidate,Borderline,Complete,Strong,Low,Unknown,Unknown,High,True,"Bid cost 5774.08, parcel_id 31125-92-27-17320, address quality Complete, property clarity Strong, corrected development match No Clear Match, geocode confidence Medium, and final data confidence High produced a conservative score of 6.1.",ZIP unknown; development upside not verified,False
11600-93-30-07650,6.1,Strong Manual Review Candidate,Borderline,Complete,Strong,Low,Unknown,Unknown,High,True,"Bid cost 5893.97, parcel_id 11600-93-30-07650, address quality Complete, property clarity Strong, corrected development match No Clear Match, geocode confidence Medium, and final data confidence High produced a conservative score of 6.1.",ZIP unknown; development upside not verified,False
45350-94-06-07770,5.7,Strong Manual Review Candidate,Borderline,Complete,Strong,Low,Unknown,Unknown,Medium,True,"Bid cost 5972.06, parcel_id 45350-94-06-07770, address quality Complete, property clarity Strong, corrected development match No Clear Match, geocode confidence Low, and final data confidence Medium produced a conservative score of 5.7.",ZIP unknown; development upside not verified; geocoding support weak or unavailable,False
38975-92-33-02620,6.1,Strong Manual Review Candidate,Borderline,Complete,Strong,Low,Unknown,Unknown,High,True,"Bid cost 6022.06, parcel_id 38975-92-33-02620, address quality Complete, property clarity Strong, corrected development match No Clear Match, geocode confidence Medium, and final data confidence High produced a conservative score of 6.1.",ZIP unknown; development upside not verified,False
61400-14-30-07430,6.1,Strong Manual Review Candidate,Borderline,Complete,Strong,Low,Unknown,Unknown,High,True,"Bid cost 6083.84, parcel_id 61400-14-30-07430, address quality Complete, property clarity Strong, corrected development match No Clear Match, geocode confidence Medium, and final data confidence High produced a conservative score of 6.1.",ZIP unknown; development upside not verified,False
36525-94-02-00450,5.7,Strong Manual Review Candidate,Borderline,Complete,Strong,Low,Unknown,Unknown,Medium,True,"Bid cost 6294.01, parcel_id 36525-94-02-00450, address quality Complete, property clarity Strong, corrected development match No Clear Match, geocode confidence Low, and final data confidence Medium produced a conservative score of 5.7.",ZIP unknown; development upside not verified; geocoding support weak or unavailable,False
61375-14-30-06240,6.1,Strong Manual Review Candidate,Borderline,Complete,Strong,Low,Unknown,Unknown,High,True,"Bid cost 6394.30, parcel_id 61375-14-30-06240, address quality Complete, property clarity Strong, corrected development match No Clear Match, geocode confidence Medium, and final data confidence High produced a conservative score of 6.1.",ZIP unknown; development upside not verified,False
26275-93-09-07670,5.7,Mid Investment,Weak,Complete,Strong,Low,Unknown,Unknown,High,True,"Bid cost 7361.93, parcel_id 26275-93-09-07670, address quality Complete, property clarity Strong, corrected development match No Clear Match, geocode confidence Medium, and final data confidence High produced a conservative score of 5.7.",ZIP unknown; development upside not verified,False
97328-73-28-61960,5.7,Strong Manual Review Candidate,Borderline,Complete,Strong,Low,Unknown,Unknown,Medium,True,"Bid cost 6008.44, parcel_id 97328-73-28-61960, address quality Complete, property clarity Strong, corrected development match No Clear Match, geocode confidence Low, and final data confidence Medium produced a conservative score of 5.7.",ZIP unknown; development upside not verified; geocoding support weak or unavailable,False
55980-74-05-47490,5.2,Mid Investment,Weak,Complete,Strong,Low,Unknown,Unknown,Medium,True,"Bid cost 6518.27, parcel_id 55980-74-05-47490, address quality Complete, property clarity Strong, corrected development match No Clear Match, geocode confidence Low, and final data confidence Medium produced a conservative score of 5.2.",ZIP unknown; development upside not verified; geocoding support weak or unavailable,False
54425-02-02-04980,5.7,Mid Investment,Weak,Complete,Strong,Low,Unknown,Unknown,High,True,"Bid cost 6819.31, parcel_id 54425-02-02-04980, address quality Complete, property clarity Strong, corrected development match No Clear Match, geocode confidence Medium, and final data confidence High produced a conservative score of 5.7.",ZIP unknown; development upside not verified,False
57320-14-33-14860,5.7,Strong Manual Review Candidate,Borderline,Complete,Strong,Low,Unknown,Unknown,Medium,True,"Bid cost 5515.42, parcel_id 57320-14-33-14860, address quality Complete, property clarity Strong, corrected development match No Clear Match, geocode confidence Low, and final data confidence Medium produced a conservative score of 5.7.",ZIP unknown; development upside not verified; geocoding support weak or unavailable,False
54375-02-01-07910,5.7,Mid Investment,Weak,Complete,Strong,Low,Unknown,Unknown,High,True,"Bid cost 6907.12, parcel_id 54375-02-01-07910, address quality Complete, property clarity Strong, corrected development match No Clear Match, geocode confidence Medium, and final data confidence High produced a conservative score of 5.7.",ZIP unknown; development upside not verified,False
55200-91-10-03090,5.2,Mid Investment,Weak,Complete,Strong,Low,Unknown,Unknown,Medium,True,"Bid cost 7556.80, parcel_id 55200-91-10-03090, address quality Complete, property clarity Strong, corrected development match No Clear Match, geocode confidence Low, and final data confidence Medium produced a conservative score of 5.2.",ZIP unknown; development upside not verified; geocoding support weak or unavailable,False
57845-73-14-53600,5.7,Strong Manual Review Candidate,Borderline,Complete,Strong,Low,Unknown,Unknown,Medium,True,"Bid cost 6144.71, parcel_id 57845-73-14-53600, address quality Complete, property clarity Strong, corrected development match No Clear Match, geocode confidence Low, and final data confidence Medium produced a conservative score of 5.7.",ZIP unknown; development upside not verified; geocoding support weak or unavailable,False
37425-04-21-00950,4.2,Mid Investment,Weak,Partial,Moderate,Low,Unknown,Unknown,Medium,True,"Bid cost 7347.26, parcel_id 37425-04-21-00950, address quality Partial, property clarity Moderate, corrected development match Unknown, geocode confidence Low, and final data confidence Medium produced a conservative score of 4.2.",ZIP unknown; development upside not verified; geocoding support weak or unavailable; address not fully verified,False
55200-91-10-01250,7.2,Strong Manual Review Candidate,Strong,Complete,Strong,Medium,Possible Upside,Unknown,Medium,True,"Bid cost 3714.51, parcel_id 55200-91-10-01250, address quality Complete, property clarity Strong, corrected development match Possible Match, geocode confidence Low, and final data confidence Medium produced a conservative score of 7.2.",ZIP unknown; geocoding support weak or unavailable,False
