parcel_id,property_address,city,state,zip_code,legal_description,bid_cost,previous_investment_category,previous_development_match_strength,previous_development_match_quality,final_development_match_strength,final_matched_development_area,final_matched_project_or_area_name,final_matched_project_type,final_matched_investment_signal_strength,final_development_source_title,final_development_source_url,final_development_summary,final_development_corridor,final_development_relevant_streets,final_development_match_reason,final_development_match_quality,final_development_warning,final_development_confidence,final_match_basis,final_development_geocode_query,weak_match_removed_flag
92224-22-24-13020,15100 N PEORIA AV,Unknown,OK,Unknown,BEG 292N SECR NE TH W605 N430 E313 SE127 E255 TULSA COUNTY,3059.81,Good Investment,Strong Match,High,Possible Match,Tulsa Market District,Tulsa Market District / NOMA residential hub,Multifamily / Mixed-use neighborhood hub,High,Community Partner Profile: How NOMA is Creating Community Along the Mother Road - PartnerTulsa,https://partnertulsa.org/community-partner-profile-how-noma-is-creating-community-along-the-mother-road/,"NOMA added a 256-unit residential hub in the Tulsa Market District along Route 66 and was described as part of a broader effort to revitalize vacant spaces, improve walkability, and support new commercial activity in the corridor.",Route 66 from Peoria to Harvard,Route 66; 11th Street; Peoria; Harvard,Partial named corridor overlap without verified proximity: PEORIA,Medium,,High,corridor_only,"Tulsa Market District / NOMA residential hub, Tulsa, Oklahoma",False
11000-83-06-00270,1394 E 66 PL S,Tulsa,OK,Unknown,E25 N130 LT 12 & N130 LT 13 BLK 2,3946.95,Good Investment,Strong Match,High,Possible Match,Tulsa Market District,Tulsa Market District / NOMA residential hub,Multifamily / Mixed-use neighborhood hub,High,Community Partner Profile: How NOMA is Creating Community Along the Mother Road - PartnerTulsa,https://partnertulsa.org/community-partner-profile-how-noma-is-creating-community-along-the-mother-road/,"NOMA added a 256-unit residential hub in the Tulsa Market District along Route 66 and was described as part of a broader effort to revitalize vacant spaces, improve walkability, and support new commercial activity in the corridor.",Route 66 from Peoria to Harvard,Route 66; 11th Street; Peoria; Harvard,Partial named corridor overlap without verified proximity: 66,Medium,,High,corridor_only,"Tulsa Market District / NOMA residential hub, Tulsa, Oklahoma",False
91236-12-36-50430,6834 N PEORIA AV E,Unknown,OK,Unknown,N/2 SE NE SE LESS .766AC FOR RR R/W & LESS E50 TULSA COUNTY,4220.53,Good Investment,Strong Match,High,Possible Match,Tulsa Market District,Tulsa Market District / NOMA residential hub,Multifamily / Mixed-use neighborhood hub,High,Community Partner Profile: How NOMA is Creating Community Along the Mother Road - PartnerTulsa,https://partnertulsa.org/community-partner-profile-how-noma-is-creating-community-along-the-mother-road/,"NOMA added a 256-unit residential hub in the Tulsa Market District along Route 66 and was described as part of a broader effort to revitalize vacant spaces, improve walkability, and support new commercial activity in the corridor.",Route 66 from Peoria to Harvard,Route 66; 11th Street; Peoria; Harvard,Partial named corridor overlap without verified proximity: PEORIA,Medium,,High,corridor_only,"Tulsa Market District / NOMA residential hub, Tulsa, Oklahoma",False
90329-03-29-41780,1504 N HARVARD AV E,Tulsa,OK,Unknown,TR IN SE BEG 160.5W & 50N SECR SE TH N105.5,6614.0,Good Investment,Strong Match,High,Possible Match,Tulsa Market District,Tulsa Market District / NOMA residential hub,Multifamily / Mixed-use neighborhood hub,High,Community Partner Profile: How NOMA is Creating Community Along the Mother Road - PartnerTulsa,https://partnertulsa.org/community-partner-profile-how-noma-is-creating-community-along-the-mother-road/,"NOMA added a 256-unit residential hub in the Tulsa Market District along Route 66 and was described as part of a broader effort to revitalize vacant spaces, improve walkability, and support new commercial activity in the corridor.",Route 66 from Peoria to Harvard,Route 66; 11th Street; Peoria; Harvard,Partial named corridor overlap without verified proximity: HARVARD,Medium,,High,corridor_only,"Tulsa Market District / NOMA residential hub, Tulsa, Oklahoma",False
91236-12-36-47530,7002 N PEORIA AV E,Unknown,OK,Unknown,NE NE SE LESS 1.533ACS FOR RR R/W & LESS N15 TULSA COUNTY,7624.18,Good Investment,Strong Match,High,Possible Match,Tulsa Market District,Tulsa Market District / NOMA residential hub,Multifamily / Mixed-use neighborhood hub,High,Community Partner Profile: How NOMA is Creating Community Along the Mother Road - PartnerTulsa,https://partnertulsa.org/community-partner-profile-how-noma-is-creating-community-along-the-mother-road/,"NOMA added a 256-unit residential hub in the Tulsa Market District along Route 66 and was described as part of a broader effort to revitalize vacant spaces, improve walkability, and support new commercial activity in the corridor.",Route 66 from Peoria to Harvard,Route 66; 11th Street; Peoria; Harvard,Partial named corridor overlap without verified proximity: PEORIA,Medium,,High,corridor_only,"Tulsa Market District / NOMA residential hub, Tulsa, Oklahoma",False
10175-93-02-01530,444 S 66 AV E,Tulsa,OK,Unknown,LT 11 BLK G,5366.03,Strong Manual Review Candidate,Strong Match,High,Possible Match,Tulsa Market District,Tulsa Market District / NOMA residential hub,Multifamily / Mixed-use neighborhood hub,High,Community Partner Profile: How NOMA is Creating Community Along the Mother Road - PartnerTulsa,https://partnertulsa.org/community-partner-profile-how-noma-is-creating-community-along-the-mother-road/,"NOMA added a 256-unit residential hub in the Tulsa Market District along Route 66 and was described as part of a broader effort to revitalize vacant spaces, improve walkability, and support new commercial activity in the corridor.",Route 66 from Peoria to Harvard,Route 66; 11th Street; Peoria; Harvard,Partial named corridor overlap without verified proximity: 66,Medium,,High,corridor_only,"Tulsa Market District / NOMA residential hub, Tulsa, Oklahoma",False
44650-92-04-13070,4805 W ARCHER ST N,Tulsa,OK,Unknown,LTS 80 & 81 BLK G,3183.01,Strong Manual Review Candidate,Strong Match,High,Possible Match,Greenwood District,Greenwood District revitalization and Black Tech Street momentum,Innovation district / community development,Medium,Home - PartnerTulsa,https://partnertulsa.org/,"PartnerTulsa highlights Greenwood District revitalization and Black Tech Street as part of Tulsa’s broader commercial and community development story, suggesting continued investment and visibility in the area.",Greenwood Avenue area,Greenwood; Archer; downtown north edge,Partial named corridor overlap without verified proximity: ARCHER,Medium,,Medium,corridor_only,"Greenwood District revitalization and Black Tech Street momentum, Tulsa, Oklahoma",False
53450-02-01-01960,5602 N PEORIA AV E,Unknown,OK,Unknown,TRACT 1 TULSA COUNTY,4526.74,Strong Manual Review Candidate,Strong Match,High,Possible Match,Tulsa Market District,Tulsa Market District / NOMA residential hub,Multifamily / Mixed-use neighborhood hub,High,Community Partner Profile: How NOMA is Creating Community Along the Mother Road - PartnerTulsa,https://partnertulsa.org/community-partner-profile-how-noma-is-creating-community-along-the-mother-road/,"NOMA added a 256-unit residential hub in the Tulsa Market District along Route 66 and was described as part of a broader effort to revitalize vacant spaces, improve walkability, and support new commercial activity in the corridor.",Route 66 from Peoria to Harvard,Route 66; 11th Street; Peoria; Harvard,Partial named corridor overlap without verified proximity: PEORIA,Medium,,High,corridor_only,"Tulsa Market District / NOMA residential hub, Tulsa, Oklahoma",False
43775-93-05-22530,208 S HARVARD AV E,Tulsa,OK,Unknown,LT 5 BLK 11,5098.15,Strong Manual Review Candidate,Strong Match,High,Possible Match,Tulsa Market District,Tulsa Market District / NOMA residential hub,Multifamily / Mixed-use neighborhood hub,High,Community Partner Profile: How NOMA is Creating Community Along the Mother Road - PartnerTulsa,https://partnertulsa.org/community-partner-profile-how-noma-is-creating-community-along-the-mother-road/,"NOMA added a 256-unit residential hub in the Tulsa Market District along Route 66 and was described as part of a broader effort to revitalize vacant spaces, improve walkability, and support new commercial activity in the corridor.",Route 66 from Peoria to Harvard,Route 66; 11th Street; Peoria; Harvard,Partial named corridor overlap without verified proximity: HARVARD,Medium,,High,corridor_only,"Tulsa Market District / NOMA residential hub, Tulsa, Oklahoma",False
13800-02-12-02160,4726 N FRANKFORT AV E,Tulsa,OK,Unknown,LT 9 BLK 7,3086.51,Strong Manual Review Candidate,No Clear Match,Low,No Clear Match,Unknown,Unknown,Unknown,Unknown,Unknown,Unknown,Unknown,Unknown,Unknown,"Property is not clearly near or tied to the development area based on available address, ZIP, and named-location evidence",Low,,Low,no_clear_match,Unknown,False
37650-02-12-04530,868 E 52 PL N,Tulsa,OK,Unknown,LOT-5-BLK-5,3271.21,Strong Manual Review Candidate,No Clear Match,Low,No Clear Match,Unknown,Unknown,Unknown,Unknown,Unknown,Unknown,Unknown,Unknown,Unknown,"Property is not clearly near or tied to the development area based on available address, ZIP, and named-location evidence",Low,,Low,no_clear_match,Unknown,False
38575-03-28-12560,2443 N VANDALIA AV E,Tulsa,OK,Unknown,LOT 7 BLK 9,3480.31,Strong Manual Review Candidate,No Clear Match,Low,No Clear Match,Unknown,Unknown,Unknown,Unknown,Unknown,Unknown,Unknown,Unknown,Unknown,"Property is not clearly near or tied to the development area based on available address, ZIP, and named-location evidence",Low,,Low,no_clear_match,Unknown,False
40850-02-12-06130,641 E 50 ST N,Tulsa,OK,Unknown,LT 4 BLK 2,3005.03,Strong Manual Review Candidate,No Clear Match,Low,No Clear Match,Unknown,Unknown,Unknown,Unknown,Unknown,Unknown,Unknown,Unknown,Unknown,"Property is not clearly near or tied to the development area based on available address, ZIP, and named-location evidence",Low,,Low,no_clear_match,Unknown,False
34300-03-32-15230,135 N COLUMBIA AV E,Tulsa,OK,Unknown,LT 24 BLK 4,3005.69,Strong Manual Review Candidate,No Clear Match,Low,No Clear Match,Unknown,Unknown,Unknown,Unknown,Unknown,Unknown,Unknown,Unknown,Unknown,"Property is not clearly near or tied to the development area based on available address, ZIP, and named-location evidence",Low,,Low,no_clear_match,Unknown,False
29675-03-07-09890,2017 E 49 ST N,Tulsa,OK,Unknown,LT 11 BLK 25,3010.1,Strong Manual Review Candidate,No Clear Match,Low,No Clear Match,Unknown,Unknown,Unknown,Unknown,Unknown,Unknown,Unknown,Unknown,Unknown,"Property is not clearly near or tied to the development area based on available address, ZIP, and named-location evidence",Low,,Low,no_clear_match,Unknown,False
41025-02-01-06220,5914 N ELGIN AV E,Tulsa,OK,Unknown,LT 2 BLK 16,3015.03,Strong Manual Review Candidate,No Clear Match,Low,No Clear Match,Unknown,Unknown,Unknown,Unknown,Unknown,Unknown,Unknown,Unknown,Unknown,"Property is not clearly near or tied to the development area based on available address, ZIP, and named-location evidence",Low,,Low,no_clear_match,Unknown,False
34300-03-32-14790,124 N DELAWARE AV E,Tulsa,OK,Unknown,LT 10 BLK 3,3029.62,Strong Manual Review Candidate,No Clear Match,Low,No Clear Match,Unknown,Unknown,Unknown,Unknown,Unknown,Unknown,Unknown,Unknown,Unknown,"Property is not clearly near or tied to the development area based on available address, ZIP, and named-location evidence",Low,,Low,no_clear_match,Unknown,False
29775-02-26-04910,2220 N DENVER BV W,Tulsa,OK,Unknown,LT 21 BLK 8,3047.69,Strong Manual Review Candidate,No Clear Match,Low,No Clear Match,Unknown,Unknown,Unknown,Unknown,Unknown,Unknown,Unknown,Unknown,Unknown,"Property is not clearly near or tied to the development area based on available address, ZIP, and named-location evidence",Low,,Low,no_clear_match,Unknown,False
41025-02-01-04500,537 E 59 PL N,Tulsa,OK,Unknown,LT 11 BLK 4,3047.69,Strong Manual Review Candidate,No Clear Match,Low,No Clear Match,Unknown,Unknown,Unknown,Unknown,Unknown,Unknown,Unknown,Unknown,Unknown,"Property is not clearly near or tied to the development area based on available address, ZIP, and named-location evidence",Low,,Low,no_clear_match,Unknown,False
26725-02-25-17680,412 E UTE ST N,Tulsa,OK,Unknown,LOT-3-BLK-6,3047.69,Strong Manual Review Candidate,No Clear Match,Low,No Clear Match,Unknown,Unknown,Unknown,Unknown,Unknown,Unknown,Unknown,Unknown,Unknown,"Property is not clearly near or tied to the development area based on available address, ZIP, and named-location evidence",Low,,Low,no_clear_match,Unknown,False
44200-02-11-04390,4696 N BOULDER AV W,Tulsa,OK,Unknown,LT 2 BLK 18,3075.02,Strong Manual Review Candidate,No Clear Match,Low,No Clear Match,Unknown,Unknown,Unknown,Unknown,Unknown,Unknown,Unknown,Unknown,Unknown,"Property is not clearly near or tied to the development area based on available address, ZIP, and named-location evidence",Low,,Low,no_clear_match,Unknown,False
47700-02-26-09610,2525 N MAIN ST E,Tulsa,OK,Unknown,LT-9-BLK-3,3082.54,Strong Manual Review Candidate,No Clear Match,Low,No Clear Match,Unknown,Unknown,Unknown,Unknown,Unknown,Unknown,Unknown,Unknown,Unknown,"Property is not clearly near or tied to the development area based on available address, ZIP, and named-location evidence",Low,,Low,no_clear_match,Unknown,False
36090-03-08-00970,4721 N BIRMINGHAM PL E,Tulsa,OK,Unknown,LT 4 BK 5,3087.69,Strong Manual Review Candidate,No Clear Match,Low,No Clear Match,Unknown,Unknown,Unknown,Unknown,Unknown,Unknown,Unknown,Unknown,Unknown,"Property is not clearly near or tied to the development area based on available address, ZIP, and named-location evidence",Low,,Low,no_clear_match,Unknown,False
34750-02-26-08160,2507 N MAIN ST E,Tulsa,OK,Unknown,PRT LTS 9 & 10 BEG SWC LT 9 TH NLY65 ELY TO SECR,3097.02,Strong Manual Review Candidate,No Clear Match,Low,No Clear Match,Unknown,Unknown,Unknown,Unknown,Unknown,Unknown,Unknown,Unknown,Unknown,"Property is not clearly near or tied to the development area based on available address, ZIP, and named-location evidence",Low,,Low,no_clear_match,Unknown,False
19725-03-30-11560,1743 E YOUNG PL N,Tulsa,OK,Unknown,LT 9 BLK 1,3098.35,Strong Manual Review Candidate,No Clear Match,Low,No Clear Match,Unknown,Unknown,Unknown,Unknown,Unknown,Unknown,Unknown,Unknown,Unknown,"Property is not clearly near or tied to the development area based on available address, ZIP, and named-location evidence",Low,,Low,no_clear_match,Unknown,False
78810-84-11-09860,514 E DALLAS ST S,Broken Arrow,OK,Unknown,LTS 10 & 11 BLK 25,3103.2,Strong Manual Review Candidate,No Clear Match,Low,No Clear Match,Unknown,Unknown,Unknown,Unknown,Unknown,Unknown,Unknown,Unknown,Unknown,"Property is not clearly near or tied to the development area based on available address, ZIP, and named-location evidence",Low,,Low,no_clear_match,Unknown,False
23175-03-30-13610,2526 N QUAKER AV E,Tulsa,OK,Unknown,LT 6 BLK 4,3115.02,Strong Manual Review Candidate,No Clear Match,Low,No Clear Match,Unknown,Unknown,Unknown,Unknown,Unknown,Unknown,Unknown,Unknown,Unknown,"Property is not clearly near or tied to the development area based on available address, ZIP, and named-location evidence",Low,,Low,no_clear_match,Unknown,False
90327-03-27-26880,2011 N YALE AV E,Tulsa,OK,Unknown,BG 46.95N SWC NW NW SW TH E111.25 NELY205.31,3120.35,Strong Manual Review Candidate,No Clear Match,Low,No Clear Match,Unknown,Unknown,Unknown,Unknown,Unknown,Unknown,Unknown,Unknown,Unknown,"Property is not clearly near or tied to the development area based on available address, ZIP, and named-location evidence",Low,,Low,no_clear_match,Unknown,False
25500-03-29-06000,1831 N BIRMINGHAM PL E,Tulsa,OK,Unknown,N.1/2 OF LT 3 BLK 4,3123.68,Strong Manual Review Candidate,No Clear Match,Low,No Clear Match,Unknown,Unknown,Unknown,Unknown,Unknown,Unknown,Unknown,Unknown,Unknown,"Property is not clearly near or tied to the development area based on available address, ZIP, and named-location evidence",Low,,Low,no_clear_match,Unknown,False
53775-02-02-00220,6105 N MAIN ST E,Tulsa,OK,Unknown,LT 22 BK 1,3140.32,Strong Manual Review Candidate,No Clear Match,Low,No Clear Match,Unknown,Unknown,Unknown,Unknown,Unknown,Unknown,Unknown,Unknown,Unknown,"Property is not clearly near or tied to the development area based on available address, ZIP, and named-location evidence",Low,,Low,no_clear_match,Unknown,False
23125-02-25-15350,1864 N OWASSO AV E,Tulsa,OK,Unknown,LT 5 BLK 7,3140.35,Strong Manual Review Candidate,No Clear Match,Low,No Clear Match,Unknown,Unknown,Unknown,Unknown,Unknown,Unknown,Unknown,Unknown,Unknown,"Property is not clearly near or tied to the development area based on available address, ZIP, and named-location evidence",Low,,Low,no_clear_match,Unknown,False
40800-02-13-04700,4309 N KENOSHA AV E,Tulsa,OK,Unknown,LT 22 BK 1,3142.35,Strong Manual Review Candidate,No Clear Match,Low,No Clear Match,Unknown,Unknown,Unknown,Unknown,Unknown,Unknown,Unknown,Unknown,Unknown,"Property is not clearly near or tied to the development area based on available address, ZIP, and named-location evidence",Low,,Low,no_clear_match,Unknown,False
07600-02-24-01200,820 E 36 ST N,Tulsa,OK,Unknown,LTS 1 & 2 BLK 3,3152.35,Strong Manual Review Candidate,No Clear Match,Low,No Clear Match,Unknown,Unknown,Unknown,Unknown,Unknown,Unknown,Unknown,Unknown,Unknown,"Property is not clearly near or tied to the development area based on available address, ZIP, and named-location evidence",Low,,Low,no_clear_match,Unknown,False
44200-02-11-01790,137 W 50 PL N,Tulsa,OK,Unknown,LT 17 BLK 8,3153.01,Strong Manual Review Candidate,No Clear Match,Low,No Clear Match,Unknown,Unknown,Unknown,Unknown,Unknown,Unknown,Unknown,Unknown,Unknown,"Property is not clearly near or tied to the development area based on available address, ZIP, and named-location evidence",Low,,Low,no_clear_match,Unknown,False
16050-93-06-08050,1810 E 2 ST S,Tulsa,OK,Unknown,E.60' OF LT 19 BLK 12,3179.68,Strong Manual Review Candidate,No Clear Match,Low,No Clear Match,Unknown,Unknown,Unknown,Unknown,Unknown,Unknown,Unknown,Unknown,Unknown,"Property is not clearly near or tied to the development area based on available address, ZIP, and named-location evidence",Low,,Low,no_clear_match,Unknown,False
09725-03-30-08040,2043 E XYLER ST N,Tulsa,OK,Unknown,LT 15 BLK 4,3183.01,Strong Manual Review Candidate,No Clear Match,Low,No Clear Match,Unknown,Unknown,Unknown,Unknown,Unknown,Unknown,Unknown,Unknown,Unknown,"Property is not clearly near or tied to the development area based on available address, ZIP, and named-location evidence",Low,,Low,no_clear_match,Unknown,False
44200-02-14-06630,18 E 44 PL N,Tulsa,OK,Unknown,LOT-2-BLK-29,3183.01,Strong Manual Review Candidate,No Clear Match,Low,No Clear Match,Unknown,Unknown,Unknown,Unknown,Unknown,Unknown,Unknown,Unknown,Unknown,"Property is not clearly near or tied to the development area based on available address, ZIP, and named-location evidence",Low,,Low,no_clear_match,Unknown,False
44250-02-12-14920,5531 N FRANKFORT PL E,Tulsa,OK,Unknown,LT 15 BLK 53,3183.64,Strong Manual Review Candidate,No Clear Match,Low,No Clear Match,Unknown,Unknown,Unknown,Unknown,Unknown,Unknown,Unknown,Unknown,Unknown,"Property is not clearly near or tied to the development area based on available address, ZIP, and named-location evidence",Low,,Low,no_clear_match,Unknown,False
44200-02-11-03530,4697 N BOSTON AV E,Tulsa,OK,Unknown,LT 42 BLK 15,3193.01,Strong Manual Review Candidate,No Clear Match,Low,No Clear Match,Unknown,Unknown,Unknown,Unknown,Unknown,Unknown,Unknown,Unknown,Unknown,"Property is not clearly near or tied to the development area based on available address, ZIP, and named-location evidence",Low,,Low,no_clear_match,Unknown,False
44225-02-12-09330,711 E 51 PL N,Tulsa,OK,Unknown,LT 12 BLK 34,3199.68,Strong Manual Review Candidate,No Clear Match,Low,No Clear Match,Unknown,Unknown,Unknown,Unknown,Unknown,Unknown,Unknown,Unknown,Unknown,"Property is not clearly near or tied to the development area based on available address, ZIP, and named-location evidence",Low,,Low,no_clear_match,Unknown,False
07725-02-13-02930,918 E 37 ST N,Tulsa,OK,Unknown,LT 4 BLK 11,3234.47,Strong Manual Review Candidate,No Clear Match,Low,No Clear Match,Unknown,Unknown,Unknown,Unknown,Unknown,Unknown,Unknown,Unknown,Unknown,"Property is not clearly near or tied to the development area based on available address, ZIP, and named-location evidence",Low,,Low,no_clear_match,Unknown,False
79200-84-14-04250,215 W JACKSON ST S,Broken Arrow,OK,Unknown,LT 5 BLK 12,3244.88,Strong Manual Review Candidate,No Clear Match,Low,No Clear Match,Unknown,Unknown,Unknown,Unknown,Unknown,Unknown,Unknown,Unknown,Unknown,"Property is not clearly near or tied to the development area based on available address, ZIP, and named-location evidence",Low,,Low,no_clear_match,Unknown,False
07675-02-13-01140,4018 N GARRISON AV E,Tulsa,OK,Unknown,LT 1 BLK 5,3245.67,Strong Manual Review Candidate,No Clear Match,Low,No Clear Match,Unknown,Unknown,Unknown,Unknown,Unknown,Unknown,Unknown,Unknown,Unknown,"Property is not clearly near or tied to the development area based on available address, ZIP, and named-location evidence",Low,,Low,no_clear_match,Unknown,False
49650-03-34-13420,4932 E HASKELL ST N,Tulsa,OK,Unknown,LT 4 BLK 3,3249.0,Strong Manual Review Candidate,No Clear Match,Low,No Clear Match,Unknown,Unknown,Unknown,Unknown,Unknown,Unknown,Unknown,Unknown,Unknown,"Property is not clearly near or tied to the development area based on available address, ZIP, and named-location evidence",Low,,Low,no_clear_match,Unknown,False
41025-02-01-06510,5744 N FRANKFORT AV E,Tulsa,OK,Unknown,LT 13 BLK 18,3259.67,Strong Manual Review Candidate,No Clear Match,Low,No Clear Match,Unknown,Unknown,Unknown,Unknown,Unknown,Unknown,Unknown,Unknown,Unknown,"Property is not clearly near or tied to the development area based on available address, ZIP, and named-location evidence",Low,,Low,no_clear_match,Unknown,False
15500-03-32-04800,1313 N DELAWARE AV E,Tulsa,OK,Unknown,LT 4 BLK 7,3267.45,Strong Manual Review Candidate,No Clear Match,Low,No Clear Match,Unknown,Unknown,Unknown,Unknown,Unknown,Unknown,Unknown,Unknown,Unknown,"Property is not clearly near or tied to the development area based on available address, ZIP, and named-location evidence",Low,,Low,no_clear_match,Unknown,False
05825-03-30-01260,2039 N QUAKER AV E,Tulsa,OK,Unknown,LT 1 LESS N 5 FOR ST BLK 2,3268.33,Strong Manual Review Candidate,No Clear Match,Low,No Clear Match,Unknown,Unknown,Unknown,Unknown,Unknown,Unknown,Unknown,Unknown,Unknown,"Property is not clearly near or tied to the development area based on available address, ZIP, and named-location evidence",Low,,Low,no_clear_match,Unknown,False
49700-03-34-14030,5107 E HASKELL PL N,Tulsa,OK,Unknown,LT 10 BLK 1,3272.62,Strong Manual Review Candidate,No Clear Match,Low,No Clear Match,Unknown,Unknown,Unknown,Unknown,Unknown,Unknown,Unknown,Unknown,Unknown,"Property is not clearly near or tied to the development area based on available address, ZIP, and named-location evidence",Low,,Low,no_clear_match,Unknown,False
32325-92-24-04910,1114 E 33 PL S,Tulsa,OK,Unknown,E1/2 OF LT 6 BK 2,3277.02,Strong Manual Review Candidate,No Clear Match,Low,No Clear Match,Unknown,Unknown,Unknown,Unknown,Unknown,Unknown,Unknown,Unknown,Unknown,"Property is not clearly near or tied to the development area based on available address, ZIP, and named-location evidence",Low,,Low,no_clear_match,Unknown,False
44200-02-11-01060,34 W 50 ST N,Tulsa,OK,Unknown,LT 16 BLK 5,3286.33,Strong Manual Review Candidate,No Clear Match,Low,No Clear Match,Unknown,Unknown,Unknown,Unknown,Unknown,Unknown,Unknown,Unknown,Unknown,"Property is not clearly near or tied to the development area based on available address, ZIP, and named-location evidence",Low,,Low,no_clear_match,Unknown,False
17675-02-24-07570,750 E 32 PL N,Tulsa,OK,Unknown,LT 36 BLK 4,3310.33,Strong Manual Review Candidate,No Clear Match,Low,No Clear Match,Unknown,Unknown,Unknown,Unknown,Unknown,Unknown,Unknown,Unknown,Unknown,"Property is not clearly near or tied to the development area based on available address, ZIP, and named-location evidence",Low,,Low,no_clear_match,Unknown,False
25500-03-29-06060,2625 E TECUMSEH ST N,Tulsa,OK,Unknown,W.84 OF LT 1 BLK 5,3310.33,Strong Manual Review Candidate,No Clear Match,Low,No Clear Match,Unknown,Unknown,Unknown,Unknown,Unknown,Unknown,Unknown,Unknown,Unknown,"Property is not clearly near or tied to the development area based on available address, ZIP, and named-location evidence",Low,,Low,no_clear_match,Unknown,False
44200-02-11-03380,4627 N BOSTON AV E,Tulsa,OK,Unknown,LT 27 BLK 15,3311.0,Strong Manual Review Candidate,No Clear Match,Low,No Clear Match,Unknown,Unknown,Unknown,Unknown,Unknown,Unknown,Unknown,Unknown,Unknown,"Property is not clearly near or tied to the development area based on available address, ZIP, and named-location evidence",Low,,Low,no_clear_match,Unknown,False
24275-93-06-15110,1435 E ADMIRAL BV N,Tulsa,OK,Unknown,LT 20 BLK 6,3321.66,Strong Manual Review Candidate,No Clear Match,Low,No Clear Match,Unknown,Unknown,Unknown,Unknown,Unknown,Unknown,Unknown,Unknown,Unknown,"Property is not clearly near or tied to the development area based on available address, ZIP, and named-location evidence",Low,,Low,no_clear_match,Unknown,False
44250-02-12-15190,549 E 54 PL N,Tulsa,OK,Unknown,LT 17 BLK 54,3327.0,Strong Manual Review Candidate,No Clear Match,Low,No Clear Match,Unknown,Unknown,Unknown,Unknown,Unknown,Unknown,Unknown,Unknown,Unknown,"Property is not clearly near or tied to the development area based on available address, ZIP, and named-location evidence",Low,,Low,no_clear_match,Unknown,False
53825-02-02-01310,7 E 63 ST N,Tulsa,OK,Unknown,LT 16 BK 4,3327.66,Strong Manual Review Candidate,No Clear Match,Low,No Clear Match,Unknown,Unknown,Unknown,Unknown,Unknown,Unknown,Unknown,Unknown,Unknown,"Property is not clearly near or tied to the development area based on available address, ZIP, and named-location evidence",Low,,Low,no_clear_match,Unknown,False
29650-03-07-03460,1338 E 54 ST N,Tulsa,OK,Unknown,LT 13 BLK 2,3327.66,Strong Manual Review Candidate,No Clear Match,Low,No Clear Match,Unknown,Unknown,Unknown,Unknown,Unknown,Unknown,Unknown,Unknown,Unknown,"Property is not clearly near or tied to the development area based on available address, ZIP, and named-location evidence",Low,,Low,no_clear_match,Unknown,False
46465-92-11-31880,2034 S PHOENIX AV W,Tulsa,OK,Unknown,LT 30 BLK 1,3329.0,Strong Manual Review Candidate,No Clear Match,Low,No Clear Match,Unknown,Unknown,Unknown,Unknown,Unknown,Unknown,Unknown,Unknown,Unknown,"Property is not clearly near or tied to the development area based on available address, ZIP, and named-location evidence",Low,,Low,no_clear_match,Unknown,False
24200-03-28-04080,1803 N INDIANAPOLIS AV,Unknown,OK,Unknown,LT 13 BLK 12 E,3365.01,Strong Manual Review Candidate,No Clear Match,Low,No Clear Match,Unknown,Unknown,Unknown,Unknown,Unknown,Unknown,Unknown,Unknown,Unknown,"Property is not clearly near or tied to the development area based on available address, ZIP, and named-location evidence",Low,,Low,no_clear_match,Unknown,False
12175-92-03-02290,3034 W CAMERON ST N,Tulsa,OK,Unknown,LT 1 BLK 11,3366.33,Strong Manual Review Candidate,No Clear Match,Low,No Clear Match,Unknown,Unknown,Unknown,Unknown,Unknown,Unknown,Unknown,Unknown,Unknown,"Property is not clearly near or tied to the development area based on available address, ZIP, and named-location evidence",Low,,Low,no_clear_match,Unknown,False
07675-02-13-01590,4013 N ELGIN AV E,Tulsa,OK,Unknown,PT LT 12 BLK 6 BEG SWC LT 12 NE159.80 NW61.30,3368.32,Strong Manual Review Candidate,No Clear Match,Low,No Clear Match,Unknown,Unknown,Unknown,Unknown,Unknown,Unknown,Unknown,Unknown,Unknown,"Property is not clearly near or tied to the development area based on available address, ZIP, and named-location evidence",Low,,Low,no_clear_match,Unknown,False
04550-03-32-02430,813 N FLORENCE AV E,Tulsa,OK,Unknown,LT 4 BLK 1,3368.99,Strong Manual Review Candidate,No Clear Match,Low,No Clear Match,Unknown,Unknown,Unknown,Unknown,Unknown,Unknown,Unknown,Unknown,Unknown,"Property is not clearly near or tied to the development area based on available address, ZIP, and named-location evidence",Low,,Low,no_clear_match,Unknown,False
26250-92-05-02570,4914 W 1 ST S,Tulsa,OK,Unknown,LT-3-BLK-2,3382.32,Strong Manual Review Candidate,No Clear Match,Low,No Clear Match,Unknown,Unknown,Unknown,Unknown,Unknown,Unknown,Unknown,Unknown,Unknown,"Property is not clearly near or tied to the development area based on available address, ZIP, and named-location evidence",Low,,Low,no_clear_match,Unknown,False
44225-02-12-10920,5308 N FRANKFORT PL E,Tulsa,OK,Unknown,LT 3 BLK 41,3386.99,Strong Manual Review Candidate,No Clear Match,Low,No Clear Match,Unknown,Unknown,Unknown,Unknown,Unknown,Unknown,Unknown,Unknown,Unknown,"Property is not clearly near or tied to the development area based on available address, ZIP, and named-location evidence",Low,,Low,no_clear_match,Unknown,False
29625-02-36-21010,419 E NEWTON PL N,Tulsa,OK,Unknown,E25 LT 16 & ALL LT 17 & S5 VAC ALLEY ADJ TO NL,3388.99,Strong Manual Review Candidate,No Clear Match,Low,No Clear Match,Unknown,Unknown,Unknown,Unknown,Unknown,Unknown,Unknown,Unknown,Unknown,"Property is not clearly near or tied to the development area based on available address, ZIP, and named-location evidence",Low,,Low,no_clear_match,Unknown,False
10450-03-19-50550,3128 N TROOST PL E,Tulsa,OK,Unknown,LT 6 BLK 1,3389.11,Strong Manual Review Candidate,No Clear Match,Low,No Clear Match,Unknown,Unknown,Unknown,Unknown,Unknown,Unknown,Unknown,Unknown,Unknown,"Property is not clearly near or tied to the development area based on available address, ZIP, and named-location evidence",Low,,Low,no_clear_match,Unknown,False
28025-93-11-08980,1942 S 74 AV E,Tulsa,OK,Unknown,LT 7 BLK 8,3392.99,Strong Manual Review Candidate,No Clear Match,Low,No Clear Match,Unknown,Unknown,Unknown,Unknown,Unknown,Unknown,Unknown,Unknown,Unknown,"Property is not clearly near or tied to the development area based on available address, ZIP, and named-location evidence",Low,,Low,no_clear_match,Unknown,False
37650-02-12-04250,834 E 53 ST N,Tulsa,OK,Unknown,LOT-10-BLK-4,3394.99,Strong Manual Review Candidate,No Clear Match,Low,No Clear Match,Unknown,Unknown,Unknown,Unknown,Unknown,Unknown,Unknown,Unknown,Unknown,"Property is not clearly near or tied to the development area based on available address, ZIP, and named-location evidence",Low,,Low,no_clear_match,Unknown,False
40825-02-13-08480,4346 N HARTFORD AV E,Tulsa,OK,Unknown,LT 8 BLK 7,3394.99,Strong Manual Review Candidate,No Clear Match,Low,No Clear Match,Unknown,Unknown,Unknown,Unknown,Unknown,Unknown,Unknown,Unknown,Unknown,"Property is not clearly near or tied to the development area based on available address, ZIP, and named-location evidence",Low,,Low,no_clear_match,Unknown,False
29675-03-07-09230,1901 E 50 PL N,Tulsa,OK,Unknown,LT 25 BLK 22,3437.65,Strong Manual Review Candidate,No Clear Match,Low,No Clear Match,Unknown,Unknown,Unknown,Unknown,Unknown,Unknown,Unknown,Unknown,Unknown,"Property is not clearly near or tied to the development area based on available address, ZIP, and named-location evidence",Low,,Low,no_clear_match,Unknown,False
90201-02-01-25920,502 E 61 ST N,Tulsa,OK,Unknown,E/2 W/2 NW NE SW & E/2 NW NE SW LESS N170 E140,3446.32,Strong Manual Review Candidate,No Clear Match,Low,No Clear Match,Unknown,Unknown,Unknown,Unknown,Unknown,Unknown,Unknown,Unknown,Unknown,"Property is not clearly near or tied to the development area based on available address, ZIP, and named-location evidence",Low,,Low,no_clear_match,Unknown,False
08450-03-29-03260,2901 E WOODROW ST N,Tulsa,OK,Unknown,LT 4 BLK 1,3456.98,Strong Manual Review Candidate,No Clear Match,Low,No Clear Match,Unknown,Unknown,Unknown,Unknown,Unknown,Unknown,Unknown,Unknown,Unknown,"Property is not clearly near or tied to the development area based on available address, ZIP, and named-location evidence",Low,,Low,no_clear_match,Unknown,False
07675-02-13-01610,421 E 40 ST N,Tulsa,OK,Unknown,LT 14 BLK 6,3505.64,Strong Manual Review Candidate,No Clear Match,Low,No Clear Match,Unknown,Unknown,Unknown,Unknown,Unknown,Unknown,Unknown,Unknown,Unknown,"Property is not clearly near or tied to the development area based on available address, ZIP, and named-location evidence",Low,,Low,no_clear_match,Unknown,False
44200-02-11-02340,110 W 49 PL N,Tulsa,OK,Unknown,LT 2 BLK 11,3520.98,Strong Manual Review Candidate,No Clear Match,Low,No Clear Match,Unknown,Unknown,Unknown,Unknown,Unknown,Unknown,Unknown,Unknown,Unknown,"Property is not clearly near or tied to the development area based on available address, ZIP, and named-location evidence",Low,,Low,no_clear_match,Unknown,False
30125-03-28-10360,4117 E XYLER ST N,Tulsa,OK,Unknown,LT 12 BLK 1,3536.03,Strong Manual Review Candidate,No Clear Match,Low,No Clear Match,Unknown,Unknown,Unknown,Unknown,Unknown,Unknown,Unknown,Unknown,Unknown,"Property is not clearly near or tied to the development area based on available address, ZIP, and named-location evidence",Low,,Low,no_clear_match,Unknown,False
44200-02-11-02050,106 W 50 ST N,Tulsa,OK,Unknown,LT 1 BLK 10,3538.05,Strong Manual Review Candidate,No Clear Match,Low,No Clear Match,Unknown,Unknown,Unknown,Unknown,Unknown,Unknown,Unknown,Unknown,Unknown,"Property is not clearly near or tied to the development area based on available address, ZIP, and named-location evidence",Low,,Low,no_clear_match,Unknown,False
01800-03-35-01450,7569 E OKLAHOMA PL N,Tulsa,OK,Unknown,LT 5 BLK 5,3546.22,Strong Manual Review Candidate,No Clear Match,Low,No Clear Match,Unknown,Unknown,Unknown,Unknown,Unknown,Unknown,Unknown,Unknown,Unknown,"Property is not clearly near or tied to the development area based on available address, ZIP, and named-location evidence",Low,,Low,no_clear_match,Unknown,False
61475-91-11-02110,526 N WASHINGTON AV E,Sand Springs,OK,Unknown,LT 1 BLK 15,3548.97,Strong Manual Review Candidate,No Clear Match,Low,No Clear Match,Unknown,Unknown,Unknown,Unknown,Unknown,Unknown,Unknown,Unknown,Unknown,"Property is not clearly near or tied to the development area based on available address, ZIP, and named-location evidence",Low,,Low,no_clear_match,Unknown,False
29650-03-07-06110,1354 E 51 ST N,Tulsa,OK,Unknown,LT 10 BLK 9,3567.99,Strong Manual Review Candidate,No Clear Match,Low,No Clear Match,Unknown,Unknown,Unknown,Unknown,Unknown,Unknown,Unknown,Unknown,Unknown,"Property is not clearly near or tied to the development area based on available address, ZIP, and named-location evidence",Low,,Low,no_clear_match,Unknown,False
40850-02-12-06950,524 E 49 PL N,Tulsa,OK,Unknown,LT 9 BLK 4,3578.85,Strong Manual Review Candidate,No Clear Match,Low,No Clear Match,Unknown,Unknown,Unknown,Unknown,Unknown,Unknown,Unknown,Unknown,Unknown,"Property is not clearly near or tied to the development area based on available address, ZIP, and named-location evidence",Low,,Low,no_clear_match,Unknown,False
38605-92-05-04540,5145 W 6 ST S,Tulsa,OK,Unknown,W.110 S 1/2 LOT 7 BLK 2,3582.97,Strong Manual Review Candidate,No Clear Match,Low,No Clear Match,Unknown,Unknown,Unknown,Unknown,Unknown,Unknown,Unknown,Unknown,Unknown,"Property is not clearly near or tied to the development area based on available address, ZIP, and named-location evidence",Low,,Low,no_clear_match,Unknown,False
24200-03-28-06670,1588 N OSWEGO AV E,Tulsa,OK,Unknown,LOT 3 BLK 27,3607.63,Strong Manual Review Candidate,No Clear Match,Low,No Clear Match,Unknown,Unknown,Unknown,Unknown,Unknown,Unknown,Unknown,Unknown,Unknown,"Property is not clearly near or tied to the development area based on available address, ZIP, and named-location evidence",Low,,Low,no_clear_match,Unknown,False
28975-03-28-09640,3756 E VIRGIN PL N,Tulsa,OK,Unknown,LOT 3 BLK 9,3624.3,Strong Manual Review Candidate,No Clear Match,Low,No Clear Match,Unknown,Unknown,Unknown,Unknown,Unknown,Unknown,Unknown,Unknown,Unknown,"Property is not clearly near or tied to the development area based on available address, ZIP, and named-location evidence",Low,,Low,no_clear_match,Unknown,False
07675-02-13-01570,4021 N ELGIN AV E,Tulsa,OK,Unknown,LT 11 BLK 6,3624.97,Strong Manual Review Candidate,No Clear Match,Low,No Clear Match,Unknown,Unknown,Unknown,Unknown,Unknown,Unknown,Unknown,Unknown,Unknown,"Property is not clearly near or tied to the development area based on available address, ZIP, and named-location evidence",Low,,Low,no_clear_match,Unknown,False
22025-03-35-07520,1226 N 67 AV E,Tulsa,OK,Unknown,LT 9 BLK 2,3629.63,Strong Manual Review Candidate,No Clear Match,Low,No Clear Match,Unknown,Unknown,Unknown,Unknown,Unknown,Unknown,Unknown,Unknown,Unknown,"Property is not clearly near or tied to the development area based on available address, ZIP, and named-location evidence",Low,,Low,no_clear_match,Unknown,False
34750-02-26-08560,15 W ZION ST N,Tulsa,OK,Unknown,LOT-13-BLK-8,3651.63,Strong Manual Review Candidate,No Clear Match,Low,No Clear Match,Unknown,Unknown,Unknown,Unknown,Unknown,Unknown,Unknown,Unknown,Unknown,"Property is not clearly near or tied to the development area based on available address, ZIP, and named-location evidence",Low,,Low,no_clear_match,Unknown,False
30200-02-26-07150,1902 N DENVER AV W,Tulsa,OK,Unknown,LT 7 BLK 3,3688.29,Strong Manual Review Candidate,No Clear Match,Low,No Clear Match,Unknown,Unknown,Unknown,Unknown,Unknown,Unknown,Unknown,Unknown,Unknown,"Property is not clearly near or tied to the development area based on available address, ZIP, and named-location evidence",Low,,Low,no_clear_match,Unknown,False
21600-02-35-08590,1348 N MAIN ST W,Tulsa,OK,Unknown,LT 28 BLK 1,3695.33,Strong Manual Review Candidate,No Clear Match,Low,No Clear Match,Unknown,Unknown,Unknown,Unknown,Unknown,Unknown,Unknown,Unknown,Unknown,"Property is not clearly near or tied to the development area based on available address, ZIP, and named-location evidence",Low,,Low,no_clear_match,Unknown,False
35925-03-30-16670,1745 E WOODROW ST N,Tulsa,OK,Unknown,LT 18 BLK 15,3700.96,Strong Manual Review Candidate,No Clear Match,Low,No Clear Match,Unknown,Unknown,Unknown,Unknown,Unknown,Unknown,Unknown,Unknown,Unknown,"Property is not clearly near or tied to the development area based on available address, ZIP, and named-location evidence",Low,,Low,no_clear_match,Unknown,False
63700-12-13-00540,118 S BRYAN ST E,City Of Sperry,OK,Unknown,S/2 LT 3 BLK 2,3711.82,Strong Manual Review Candidate,No Clear Match,Low,No Clear Match,Unknown,Unknown,Unknown,Unknown,Unknown,Unknown,Unknown,Unknown,Unknown,"Property is not clearly near or tied to the development area based on available address, ZIP, and named-location evidence",Low,,Low,no_clear_match,Unknown,False
44200-02-11-01080,103 W 49 PL N,Tulsa,OK,Unknown,LT 18 BLK 5,3715.62,Strong Manual Review Candidate,No Clear Match,Low,No Clear Match,Unknown,Unknown,Unknown,Unknown,Unknown,Unknown,Unknown,Unknown,Unknown,"Property is not clearly near or tied to the development area based on available address, ZIP, and named-location evidence",Low,,Low,no_clear_match,Unknown,False
98224-82-24-37060,919 W MAIN ST N,City Of Jenks,OK,Unknown,PRT NW SE BEG 197W NEC NW SE TH W234 SELY242,3727.8,Strong Manual Review Candidate,No Clear Match,Low,No Clear Match,Unknown,Unknown,Unknown,Unknown,Unknown,Unknown,Unknown,Unknown,Unknown,"Property is not clearly near or tied to the development area based on available address, ZIP, and named-location evidence",Low,,Low,no_clear_match,Unknown,False
17925-92-04-03330,330 S 43 AV W,Tulsa,OK,Unknown,LOT 6 BLK 3,3745.62,Strong Manual Review Candidate,No Clear Match,Low,No Clear Match,Unknown,Unknown,Unknown,Unknown,Unknown,Unknown,Unknown,Unknown,Unknown,"Property is not clearly near or tied to the development area based on available address, ZIP, and named-location evidence",Low,,Low,no_clear_match,Unknown,False
00775-02-25-00730,325 E YOUNG PL N,Tulsa,OK,Unknown,E84 LT 8 BLK 4,3819.61,Strong Manual Review Candidate,No Clear Match,Low,No Clear Match,Unknown,Unknown,Unknown,Unknown,Unknown,Unknown,Unknown,Unknown,Unknown,"Property is not clearly near or tied to the development area based on available address, ZIP, and named-location evidence",Low,,Low,no_clear_match,Unknown,False
41950-02-24-12580,3209 N GARRISON AV E,Tulsa,OK,Unknown,LT 12 BLK 2,3819.61,Strong Manual Review Candidate,No Clear Match,Low,No Clear Match,Unknown,Unknown,Unknown,Unknown,Unknown,Unknown,Unknown,Unknown,Unknown,"Property is not clearly near or tied to the development area based on available address, ZIP, and named-location evidence",Low,,Low,no_clear_match,Unknown,False
04925-03-35-02930,7107 E NEWTON PL N,Tulsa,OK,Unknown,LT 4 BLK 1,3836.94,Strong Manual Review Candidate,No Clear Match,Low,No Clear Match,Unknown,Unknown,Unknown,Unknown,Unknown,Unknown,Unknown,Unknown,Unknown,"Property is not clearly near or tied to the development area based on available address, ZIP, and named-location evidence",Low,,Low,no_clear_match,Unknown,False
45600-94-16-00400,2216 S 131 AV E,Tulsa,OK,Unknown,LT 23 BLK 1,3844.67,Strong Manual Review Candidate,No Clear Match,Low,No Clear Match,Unknown,Unknown,Unknown,Unknown,Unknown,Unknown,Unknown,Unknown,Unknown,"Property is not clearly near or tied to the development area based on available address, ZIP, and named-location evidence",Low,,Low,no_clear_match,Unknown,False
44325-03-36-04550,9165 E NEWTON PL N,Tulsa,OK,Unknown,LOT 23 BLK 7,3854.94,Strong Manual Review Candidate,No Clear Match,Low,No Clear Match,Unknown,Unknown,Unknown,Unknown,Unknown,Unknown,Unknown,Unknown,Unknown,"Property is not clearly near or tied to the development area based on available address, ZIP, and named-location evidence",Low,,Low,no_clear_match,Unknown,False
56625-92-20-01430,3190 S 57 AV W,Tulsa,OK,Unknown,LT 15 BLK B,3901.6,Strong Manual Review Candidate,No Clear Match,Low,No Clear Match,Unknown,Unknown,Unknown,Unknown,Unknown,Unknown,Unknown,Unknown,Unknown,"Property is not clearly near or tied to the development area based on available address, ZIP, and named-location evidence",Low,,Low,no_clear_match,Unknown,False
29650-03-07-05860,1513 E 51 ST N,Tulsa,OK,Unknown,LT 21 BLK 8,3904.27,Strong Manual Review Candidate,No Clear Match,Low,No Clear Match,Unknown,Unknown,Unknown,Unknown,Unknown,Unknown,Unknown,Unknown,Unknown,"Property is not clearly near or tied to the development area based on available address, ZIP, and named-location evidence",Low,,Low,no_clear_match,Unknown,False
00575-93-06-01170,511 S VICTOR AV E,Tulsa,OK,Unknown,LTS 43 & 44 BLK 8,3910.27,Strong Manual Review Candidate,No Clear Match,Low,No Clear Match,Unknown,Unknown,Unknown,Unknown,Unknown,Unknown,Unknown,Unknown,Unknown,"Property is not clearly near or tied to the development area based on available address, ZIP, and named-location evidence",Low,,Low,no_clear_match,Unknown,False
20300-92-03-05280,1903 W CAMERON ST N,Tulsa,OK,Unknown,LT 12 BLK 14,3958.93,Strong Manual Review Candidate,No Clear Match,Low,No Clear Match,Unknown,Unknown,Unknown,Unknown,Unknown,Unknown,Unknown,Unknown,Unknown,"Property is not clearly near or tied to the development area based on available address, ZIP, and named-location evidence",Low,,Low,no_clear_match,Unknown,False
49800-03-34-15300,1145 N CANTON AV E,Tulsa,OK,Unknown,LT 12 BLK 4,3978.26,Strong Manual Review Candidate,No Clear Match,Low,No Clear Match,Unknown,Unknown,Unknown,Unknown,Unknown,Unknown,Unknown,Unknown,Unknown,"Property is not clearly near or tied to the development area based on available address, ZIP, and named-location evidence",Low,,Low,no_clear_match,Unknown,False
23900-03-27-09360,1532 N KINGSTON PL E,Tulsa,OK,Unknown,LOT-9-BLK-6,3982.26,Strong Manual Review Candidate,No Clear Match,Low,No Clear Match,Unknown,Unknown,Unknown,Unknown,Unknown,Unknown,Unknown,Unknown,Unknown,"Property is not clearly near or tied to the development area based on available address, ZIP, and named-location evidence",Low,,Low,no_clear_match,Unknown,False
40325-94-17-06900,2519 S 126 AV E,Tulsa,OK,Unknown,LT 29 BLK 4,3988.93,Strong Manual Review Candidate,No Clear Match,Low,No Clear Match,Unknown,Unknown,Unknown,Unknown,Unknown,Unknown,Unknown,Unknown,Unknown,"Property is not clearly near or tied to the development area based on available address, ZIP, and named-location evidence",Low,,Low,no_clear_match,Unknown,False
02350-03-35-02480,6521 E LATIMER PL N,Tulsa,OK,Unknown,E80 OF S140 LT 3 BLK 1 LESS E5 & S5 FOR ST,3996.66,Strong Manual Review Candidate,No Clear Match,Low,No Clear Match,Unknown,Unknown,Unknown,Unknown,Unknown,Unknown,Unknown,Unknown,Unknown,"Property is not clearly near or tied to the development area based on available address, ZIP, and named-location evidence",Low,,Low,no_clear_match,Unknown,False
16275-92-05-01670,501 S 57 AV W,Tulsa,OK,Unknown,LT 20,4022.9,Strong Manual Review Candidate,No Clear Match,Low,No Clear Match,Unknown,Unknown,Unknown,Unknown,Unknown,Unknown,Unknown,Unknown,Unknown,"Property is not clearly near or tied to the development area based on available address, ZIP, and named-location evidence",Low,,Low,no_clear_match,Unknown,False
34300-03-32-14720,152 N DELAWARE AV E,Tulsa,OK,Unknown,LT 3 BLK 3,4028.93,Strong Manual Review Candidate,No Clear Match,Low,No Clear Match,Unknown,Unknown,Unknown,Unknown,Unknown,Unknown,Unknown,Unknown,Unknown,"Property is not clearly near or tied to the development area based on available address, ZIP, and named-location evidence",Low,,Low,no_clear_match,Unknown,False
49725-03-34-14590,4902 E EASTON ST N,Tulsa,OK,Unknown,LT 11 BLK 2,4040.26,Strong Manual Review Candidate,No Clear Match,Low,No Clear Match,Unknown,Unknown,Unknown,Unknown,Unknown,Unknown,Unknown,Unknown,Unknown,"Property is not clearly near or tied to the development area based on available address, ZIP, and named-location evidence",Low,,Low,no_clear_match,Unknown,False
07725-02-13-02870,3917 N LANSING AV E,Tulsa,OK,Unknown,LT 34 BLK 10,4067.59,Strong Manual Review Candidate,No Clear Match,Low,No Clear Match,Unknown,Unknown,Unknown,Unknown,Unknown,Unknown,Unknown,Unknown,Unknown,"Property is not clearly near or tied to the development area based on available address, ZIP, and named-location evidence",Low,,Low,no_clear_match,Unknown,False
63125-91-11-15420,607 N WILSON AV W,Sand Springs,OK,Unknown,LT 11 BLK 8,4068.06,Strong Manual Review Candidate,No Clear Match,Low,No Clear Match,Unknown,Unknown,Unknown,Unknown,Unknown,Unknown,Unknown,Unknown,Unknown,"Property is not clearly near or tied to the development area based on available address, ZIP, and named-location evidence",Low,,Low,no_clear_match,Unknown,False
99203-92-03-14350,2822 W EASTON ST N,Tulsa,OK,Unknown,BEG 25S & 1230W NEC SE NW TH W53.3 S140 E54.06,4081.97,Strong Manual Review Candidate,No Clear Match,Low,No Clear Match,Unknown,Unknown,Unknown,Unknown,Unknown,Unknown,Unknown,Unknown,Unknown,"Property is not clearly near or tied to the development area based on available address, ZIP, and named-location evidence",Low,,Low,no_clear_match,Unknown,False
23125-02-25-14790,2016 N NORFOLK AV E,Tulsa,OK,Unknown,LT 3 BLK 3,4116.25,Strong Manual Review Candidate,No Clear Match,Low,No Clear Match,Unknown,Unknown,Unknown,Unknown,Unknown,Unknown,Unknown,Unknown,Unknown,"Property is not clearly near or tied to the development area based on available address, ZIP, and named-location evidence",Low,,Low,no_clear_match,Unknown,False
37800-93-02-09080,6526 E 5 ST S,Tulsa,OK,Unknown,LT 6 BLK 5,4146.25,Strong Manual Review Candidate,No Clear Match,Low,No Clear Match,Unknown,Unknown,Unknown,Unknown,Unknown,Unknown,Unknown,Unknown,Unknown,"Property is not clearly near or tied to the development area based on available address, ZIP, and named-location evidence",Low,,Low,no_clear_match,Unknown,False
15125-03-33-05670,1433 N TOLEDO AV E,Tulsa,OK,Unknown,LT 19 BLK 2,4159.58,Strong Manual Review Candidate,No Clear Match,Low,No Clear Match,Unknown,Unknown,Unknown,Unknown,Unknown,Unknown,Unknown,Unknown,Unknown,"Property is not clearly near or tied to the development area based on available address, ZIP, and named-location evidence",Low,,Low,no_clear_match,Unknown,False
26825-93-01-08300,9126 E 4 ST S,Tulsa,OK,Unknown,LT 14 BLK 10,4163.58,Strong Manual Review Candidate,No Clear Match,Low,No Clear Match,Unknown,Unknown,Unknown,Unknown,Unknown,Unknown,Unknown,Unknown,Unknown,"Property is not clearly near or tied to the development area based on available address, ZIP, and named-location evidence",Low,,Low,no_clear_match,Unknown,False
26825-93-01-07370,172 S 91 AV E,Tulsa,OK,Unknown,LT 20 BLK 7,4166.25,Strong Manual Review Candidate,No Clear Match,Low,No Clear Match,Unknown,Unknown,Unknown,Unknown,Unknown,Unknown,Unknown,Unknown,Unknown,"Property is not clearly near or tied to the development area based on available address, ZIP, and named-location evidence",Low,,Low,no_clear_match,Unknown,False
43925-03-35-15210,7311 E KING ST N,Tulsa,OK,Unknown,LT 16 BLK 8,4227.57,Strong Manual Review Candidate,No Clear Match,Low,No Clear Match,Unknown,Unknown,Unknown,Unknown,Unknown,Unknown,Unknown,Unknown,Unknown,"Property is not clearly near or tied to the development area based on available address, ZIP, and named-location evidence",Low,,Low,no_clear_match,Unknown,False
29350-03-07-02400,2131 E 46 ST N,Tulsa,OK,Unknown,LT-9-BLK-1,4235.57,Strong Manual Review Candidate,No Clear Match,Low,No Clear Match,Unknown,Unknown,Unknown,Unknown,Unknown,Unknown,Unknown,Unknown,Unknown,"Property is not clearly near or tied to the development area based on available address, ZIP, and named-location evidence",Low,,Low,no_clear_match,Unknown,False
44250-02-12-14150,710 E 54 PL N,Tulsa,OK,Unknown,LT 9 BLK 51,4235.57,Strong Manual Review Candidate,No Clear Match,Low,No Clear Match,Unknown,Unknown,Unknown,Unknown,Unknown,Unknown,Unknown,Unknown,Unknown,"Property is not clearly near or tied to the development area based on available address, ZIP, and named-location evidence",Low,,Low,no_clear_match,Unknown,False
35900-03-30-15790,2504 N XANTHUS AV E,Tulsa,OK,Unknown,LT 5BLK 5,4236.24,Strong Manual Review Candidate,No Clear Match,Low,No Clear Match,Unknown,Unknown,Unknown,Unknown,Unknown,Unknown,Unknown,Unknown,Unknown,"Property is not clearly near or tied to the development area based on available address, ZIP, and named-location evidence",Low,,Low,no_clear_match,Unknown,False
44200-02-11-01560,141 W 50 CT N,Tulsa,OK,Unknown,LTS 7 & 8 BLK 7,4239.57,Strong Manual Review Candidate,No Clear Match,Low,No Clear Match,Unknown,Unknown,Unknown,Unknown,Unknown,Unknown,Unknown,Unknown,Unknown,"Property is not clearly near or tied to the development area based on available address, ZIP, and named-location evidence",Low,,Low,no_clear_match,Unknown,False
40825-02-13-09510,4137 N FRANKFORT AV E,Tulsa,OK,Unknown,LT 35 BLK 9,4244.24,Strong Manual Review Candidate,No Clear Match,Low,No Clear Match,Unknown,Unknown,Unknown,Unknown,Unknown,Unknown,Unknown,Unknown,Unknown,"Property is not clearly near or tied to the development area based on available address, ZIP, and named-location evidence",Low,,Low,no_clear_match,Unknown,False
23900-03-27-09230,1555 N JOPLIN AV E,Tulsa,OK,Unknown,LT-27-BLK-5,4269.57,Strong Manual Review Candidate,No Clear Match,Low,No Clear Match,Unknown,Unknown,Unknown,Unknown,Unknown,Unknown,Unknown,Unknown,Unknown,"Property is not clearly near or tied to the development area based on available address, ZIP, and named-location evidence",Low,,Low,no_clear_match,Unknown,False
30200-02-26-07080,1916 N ELWOOD AV W,Tulsa,OK,Unknown,S 2' LT 9 & ALL LT 10 & N 12' LT 11 BLK 2,4269.57,Strong Manual Review Candidate,No Clear Match,Low,No Clear Match,Unknown,Unknown,Unknown,Unknown,Unknown,Unknown,Unknown,Unknown,Unknown,"Property is not clearly near or tied to the development area based on available address, ZIP, and named-location evidence",Low,,Low,no_clear_match,Unknown,False
25650-03-34-12590,816 N HUDSON AV E,Tulsa,OK,Unknown,LT 8 BLK 4,4278.23,Strong Manual Review Candidate,No Clear Match,Low,No Clear Match,Unknown,Unknown,Unknown,Unknown,Unknown,Unknown,Unknown,Unknown,Unknown,"Property is not clearly near or tied to the development area based on available address, ZIP, and named-location evidence",Low,,Low,no_clear_match,Unknown,False
37050-03-35-12510,6615 E NEWTON PL N,Tulsa,OK,Unknown,LT 15 BLK 6,4306.72,Strong Manual Review Candidate,No Clear Match,Low,No Clear Match,Unknown,Unknown,Unknown,Unknown,Unknown,Unknown,Unknown,Unknown,Unknown,"Property is not clearly near or tied to the development area based on available address, ZIP, and named-location evidence",Low,,Low,no_clear_match,Unknown,False
34300-03-32-15710,121 N BIRMINGHAM AV E,Tulsa,OK,Unknown,LT 18 BLK 6,4307.27,Strong Manual Review Candidate,No Clear Match,Low,No Clear Match,Unknown,Unknown,Unknown,Unknown,Unknown,Unknown,Unknown,Unknown,Unknown,"Property is not clearly near or tied to the development area based on available address, ZIP, and named-location evidence",Low,,Low,no_clear_match,Unknown,False
41675-03-35-13900,7122 E MARSHALL ST N,Tulsa,OK,Unknown,LT 7 BLK 7,4326.35,Strong Manual Review Candidate,No Clear Match,Low,No Clear Match,Unknown,Unknown,Unknown,Unknown,Unknown,Unknown,Unknown,Unknown,Unknown,"Property is not clearly near or tied to the development area based on available address, ZIP, and named-location evidence",Low,,Low,no_clear_match,Unknown,False
37800-93-02-09760,7111 E 5 PL S,Tulsa,OK,Unknown,LT 15 W 12 1/2 LT 16 BLK 8,4333.7,Strong Manual Review Candidate,No Clear Match,Low,No Clear Match,Unknown,Unknown,Unknown,Unknown,Unknown,Unknown,Unknown,Unknown,Unknown,"Property is not clearly near or tied to the development area based on available address, ZIP, and named-location evidence",Low,,Low,no_clear_match,Unknown,False
02400-03-32-00700,516 N BIRMINGHAM AV E,Tulsa,OK,Unknown,E9.9 OF LTS 3 & 4 & ALL LTS 5 & 6 BLK 1 SUB OF,4376.22,Strong Manual Review Candidate,No Clear Match,Low,No Clear Match,Unknown,Unknown,Unknown,Unknown,Unknown,Unknown,Unknown,Unknown,Unknown,"Property is not clearly near or tied to the development area based on available address, ZIP, and named-location evidence",Low,,Low,no_clear_match,Unknown,False
12875-94-08-06230,11804 E 14 ST S,Tulsa,OK,Unknown,W1/2 LT 2 BLK 9 LESS S25 FOR ST,4378.6,Strong Manual Review Candidate,No Clear Match,Low,No Clear Match,Unknown,Unknown,Unknown,Unknown,Unknown,Unknown,Unknown,Unknown,Unknown,"Property is not clearly near or tied to the development area based on available address, ZIP, and named-location evidence",Low,,Low,no_clear_match,Unknown,False
79600-84-11-12350,412 W GALVESTON ST S,Broken Arrow,OK,Unknown,LTS 18 & 19 BLK 12,4382.22,Strong Manual Review Candidate,No Clear Match,Low,No Clear Match,Unknown,Unknown,Unknown,Unknown,Unknown,Unknown,Unknown,Unknown,Unknown,"Property is not clearly near or tied to the development area based on available address, ZIP, and named-location evidence",Low,,Low,no_clear_match,Unknown,False
37800-93-02-09990,7107 E 6 ST S,Tulsa,OK,Unknown,LT 14 BLK 9,4406.22,Strong Manual Review Candidate,No Clear Match,Low,No Clear Match,Unknown,Unknown,Unknown,Unknown,Unknown,Unknown,Unknown,Unknown,Unknown,"Property is not clearly near or tied to the development area based on available address, ZIP, and named-location evidence",Low,,Low,no_clear_match,Unknown,False
25225-03-35-09460,7849 E KING PL N,Tulsa,OK,Unknown,LT 9 BLK 1,4414.22,Strong Manual Review Candidate,No Clear Match,Low,No Clear Match,Unknown,Unknown,Unknown,Unknown,Unknown,Unknown,Unknown,Unknown,Unknown,"Property is not clearly near or tied to the development area based on available address, ZIP, and named-location evidence",Low,,Low,no_clear_match,Unknown,False
41650-03-35-13120,6923 E MARSHALL PL N,Tulsa,OK,Unknown,LT 17 BLK 2,4414.22,Strong Manual Review Candidate,No Clear Match,Low,No Clear Match,Unknown,Unknown,Unknown,Unknown,Unknown,Unknown,Unknown,Unknown,Unknown,"Property is not clearly near or tied to the development area based on available address, ZIP, and named-location evidence",Low,,Low,no_clear_match,Unknown,False
42675-93-02-14170,7447 E 1 ST S,Tulsa,OK,Unknown,LT 11 BLK 4,4426.92,Strong Manual Review Candidate,No Clear Match,Low,No Clear Match,Unknown,Unknown,Unknown,Unknown,Unknown,Unknown,Unknown,Unknown,Unknown,"Property is not clearly near or tied to the development area based on available address, ZIP, and named-location evidence",Low,,Low,no_clear_match,Unknown,False
11225-02-24-03490,643 E MOHAWK BV N,Tulsa,OK,Unknown,LT 14 BLK 11,4481.55,Strong Manual Review Candidate,No Clear Match,Low,No Clear Match,Unknown,Unknown,Unknown,Unknown,Unknown,Unknown,Unknown,Unknown,Unknown,"Property is not clearly near or tied to the development area based on available address, ZIP, and named-location evidence",Low,,Low,no_clear_match,Unknown,False
34600-93-25-02050,4732 S 85 AV E,Tulsa,OK,Unknown,LT 56 BK 2,4491.48,Strong Manual Review Candidate,No Clear Match,Low,No Clear Match,Unknown,Unknown,Unknown,Unknown,Unknown,Unknown,Unknown,Unknown,Unknown,"Property is not clearly near or tied to the development area based on available address, ZIP, and named-location evidence",Low,,Low,no_clear_match,Unknown,False
22100-92-28-02330,4109 S 41 AV W,Tulsa,OK,Unknown,LT-9-BLK-1,4589.54,Strong Manual Review Candidate,No Clear Match,Low,No Clear Match,Unknown,Unknown,Unknown,Unknown,Unknown,Unknown,Unknown,Unknown,Unknown,"Property is not clearly near or tied to the development area based on available address, ZIP, and named-location evidence",Low,,Low,no_clear_match,Unknown,False
12060-94-08-20510,12217 E 13 PL S,Tulsa,OK,Unknown,LT 15 BLK 1,5185.69,Strong Manual Review Candidate,No Clear Match,Low,No Clear Match,Unknown,Unknown,Unknown,Unknown,Unknown,Unknown,Unknown,Unknown,Unknown,"Property is not clearly near or tied to the development area based on available address, ZIP, and named-location evidence",Low,,Low,no_clear_match,Unknown,False
16250-92-05-01100,426 S 55 AV W,Tulsa,OK,Unknown,LT 6 BLK 5,3012.36,Strong Manual Review Candidate,No Clear Match,Low,No Clear Match,Unknown,Unknown,Unknown,Unknown,Unknown,Unknown,Unknown,Unknown,Unknown,"Property is not clearly near or tied to the development area based on available address, ZIP, and named-location evidence",Low,,Low,no_clear_match,Unknown,False
41025-02-01-01230,5607 N FRANKFORT AV E,Tulsa,OK,Unknown,LT-24-BLK-13,3021.69,Strong Manual Review Candidate,No Clear Match,Low,No Clear Match,Unknown,Unknown,Unknown,Unknown,Unknown,Unknown,Unknown,Unknown,Unknown,"Property is not clearly near or tied to the development area based on available address, ZIP, and named-location evidence",Low,,Low,no_clear_match,Unknown,False
44200-02-11-05670,313 W 47 ST N,Tulsa,OK,Unknown,LT 14 BLK 22,3081.02,Strong Manual Review Candidate,No Clear Match,Low,No Clear Match,Unknown,Unknown,Unknown,Unknown,Unknown,Unknown,Unknown,Unknown,Unknown,"Property is not clearly near or tied to the development area based on available address, ZIP, and named-location evidence",Low,,Low,no_clear_match,Unknown,False
05450-02-25-27030,610 E YOUNG PL N,Tulsa,OK,Unknown,LT 5 BLK 4,3089.69,Strong Manual Review Candidate,No Clear Match,Low,No Clear Match,Unknown,Unknown,Unknown,Unknown,Unknown,Unknown,Unknown,Unknown,Unknown,"Property is not clearly near or tied to the development area based on available address, ZIP, and named-location evidence",Low,,Low,no_clear_match,Unknown,False
40825-02-13-08350,4355 N GARRISON AV E,Tulsa,OK,Unknown,LT 29 BLK 6,3109.68,Strong Manual Review Candidate,No Clear Match,Low,No Clear Match,Unknown,Unknown,Unknown,Unknown,Unknown,Unknown,Unknown,Unknown,Unknown,"Property is not clearly near or tied to the development area based on available address, ZIP, and named-location evidence",Low,,Low,no_clear_match,Unknown,False
44200-02-11-03560,4690 N BOSTON AV E,Tulsa,OK,Unknown,LT 3 BLK 16,3117.68,Strong Manual Review Candidate,No Clear Match,Low,No Clear Match,Unknown,Unknown,Unknown,Unknown,Unknown,Unknown,Unknown,Unknown,Unknown,"Property is not clearly near or tied to the development area based on available address, ZIP, and named-location evidence",Low,,Low,no_clear_match,Unknown,False
41025-02-01-04490,543 E 59 PL N,Tulsa,OK,Unknown,LT 10 BLK 4,3123.68,Strong Manual Review Candidate,No Clear Match,Low,No Clear Match,Unknown,Unknown,Unknown,Unknown,Unknown,Unknown,Unknown,Unknown,Unknown,"Property is not clearly near or tied to the development area based on available address, ZIP, and named-location evidence",Low,,Low,no_clear_match,Unknown,False
44200-02-11-01470,113 E 49 ST N,Tulsa,OK,Unknown,LT 25 BLK 6,3160.35,Strong Manual Review Candidate,No Clear Match,Low,No Clear Match,Unknown,Unknown,Unknown,Unknown,Unknown,Unknown,Unknown,Unknown,Unknown,"Property is not clearly near or tied to the development area based on available address, ZIP, and named-location evidence",Low,,Low,no_clear_match,Unknown,False
29775-02-26-05550,2120 N MARTIN LUTHER,Unknown,OK,Unknown,LT 1 BLK 13 KING JR B,3174.97,Strong Manual Review Candidate,No Clear Match,Low,No Clear Match,Unknown,Unknown,Unknown,Unknown,Unknown,Unknown,Unknown,Unknown,Unknown,"Property is not clearly near or tied to the development area based on available address, ZIP, and named-location evidence",Low,,Low,no_clear_match,Unknown,False
37375-03-32-16320,2601 E MARSHALL ST N,Tulsa,OK,Unknown,LT 20 BLK 1,3183.01,Strong Manual Review Candidate,No Clear Match,Low,No Clear Match,Unknown,Unknown,Unknown,Unknown,Unknown,Unknown,Unknown,Unknown,Unknown,"Property is not clearly near or tied to the development area based on available address, ZIP, and named-location evidence",Low,,Low,no_clear_match,Unknown,False
52550-92-33-05285,4535 W 57 ST S,City Of Sapulpa Structure Removed,OK,Unknown,LT 17 BLK 1,3222.34,Strong Manual Review Candidate,No Clear Match,Low,No Clear Match,Unknown,Unknown,Unknown,Unknown,Unknown,Unknown,Unknown,Unknown,Unknown,"Property is not clearly near or tied to the development area based on available address, ZIP, and named-location evidence",Low,,Low,no_clear_match,Unknown,False
17675-02-24-08030,3130 N HARTFORD PL E,Tulsa,OK,Unknown,LT 13 BLK 6,3311.0,Strong Manual Review Candidate,No Clear Match,Low,No Clear Match,Unknown,Unknown,Unknown,Unknown,Unknown,Unknown,Unknown,Unknown,Unknown,"Property is not clearly near or tied to the development area based on available address, ZIP, and named-location evidence",Low,,Low,no_clear_match,Unknown,False
25375-03-29-05240,3215 E XYLER ST N,Tulsa,OK,Unknown,LT 10 BLK 1,3313.8,Strong Manual Review Candidate,No Clear Match,Low,No Clear Match,Unknown,Unknown,Unknown,Unknown,Unknown,Unknown,Unknown,Unknown,Unknown,"Property is not clearly near or tied to the development area based on available address, ZIP, and named-location evidence",Low,,Low,no_clear_match,Unknown,False
18650-93-06-12970,348 S ZUNIS AV E,Tulsa,OK,Unknown,LT 12 BLK 13,3418.25,Strong Manual Review Candidate,No Clear Match,Low,No Clear Match,Unknown,Unknown,Unknown,Unknown,Unknown,Unknown,Unknown,Unknown,Unknown,"Property is not clearly near or tied to the development area based on available address, ZIP, and named-location evidence",Low,,Low,no_clear_match,Unknown,False
28475-03-33-14410,1211 N VANDALIA AV E,Tulsa,OK,Unknown,LT 15 BLK 7,3437.28,Strong Manual Review Candidate,No Clear Match,Low,No Clear Match,Unknown,Unknown,Unknown,Unknown,Unknown,Unknown,Unknown,Unknown,Unknown,"Property is not clearly near or tied to the development area based on available address, ZIP, and named-location evidence",Low,,Low,no_clear_match,Unknown,False
90330-03-30-22140,2049 E ZION ST N,Tulsa,OK,Unknown,W 60 N 150 S 340 W/2 W/2 NW NE NE SEC 30 20 13,3437.65,Strong Manual Review Candidate,No Clear Match,Low,No Clear Match,Unknown,Unknown,Unknown,Unknown,Unknown,Unknown,Unknown,Unknown,Unknown,"Property is not clearly near or tied to the development area based on available address, ZIP, and named-location evidence",Low,,Low,no_clear_match,Unknown,False
44200-02-11-03600,4672 N BOSTON AV E,Tulsa,OK,Unknown,LT 7 BLK 16,3450.32,Strong Manual Review Candidate,No Clear Match,Low,No Clear Match,Unknown,Unknown,Unknown,Unknown,Unknown,Unknown,Unknown,Unknown,Unknown,"Property is not clearly near or tied to the development area based on available address, ZIP, and named-location evidence",Low,,Low,no_clear_match,Unknown,False
19725-03-30-11590,1729 E YOUNG PL N,Tulsa,OK,Unknown,LT-12-BLK-1,3471.65,Strong Manual Review Candidate,No Clear Match,Low,No Clear Match,Unknown,Unknown,Unknown,Unknown,Unknown,Unknown,Unknown,Unknown,Unknown,"Property is not clearly near or tied to the development area based on available address, ZIP, and named-location evidence",Low,,Low,no_clear_match,Unknown,False
27550-93-08-18710,1239 S ATLANTA PL E,Tulsa,OK,Unknown,LT 9 BLK 1,3527.85,Strong Manual Review Candidate,No Clear Match,Low,No Clear Match,Unknown,Unknown,Unknown,Unknown,Unknown,Unknown,Unknown,Unknown,Unknown,"Property is not clearly near or tied to the development area based on available address, ZIP, and named-location evidence",Low,,Low,no_clear_match,Unknown,False
07600-02-24-00740,3353 N LANSING PL E,Tulsa,OK,Unknown,LT 10 BLK 1,3530.98,Strong Manual Review Candidate,No Clear Match,Low,No Clear Match,Unknown,Unknown,Unknown,Unknown,Unknown,Unknown,Unknown,Unknown,Unknown,"Property is not clearly near or tied to the development area based on available address, ZIP, and named-location evidence",Low,,Low,no_clear_match,Unknown,False
13200-02-26-00860,1516 N MAIN ST W,Tulsa,OK,Unknown,LT 9 BLK 2,3541.13,Strong Manual Review Candidate,No Clear Match,Low,No Clear Match,Unknown,Unknown,Unknown,Unknown,Unknown,Unknown,Unknown,Unknown,Unknown,"Property is not clearly near or tied to the development area based on available address, ZIP, and named-location evidence",Low,,Low,no_clear_match,Unknown,False
25525-03-29-06940,2012 N COLUMBIA AV E,Tulsa,OK,Unknown,LT 6 BLK 6,3645.63,Strong Manual Review Candidate,No Clear Match,Low,No Clear Match,Unknown,Unknown,Unknown,Unknown,Unknown,Unknown,Unknown,Unknown,Unknown,"Property is not clearly near or tied to the development area based on available address, ZIP, and named-location evidence",Low,,Low,no_clear_match,Unknown,False
49600-03-17-06000,2738 E 45 ST N,Tulsa,OK,Unknown,LT 12 BLK 1,3766.83,Strong Manual Review Candidate,No Clear Match,Low,No Clear Match,Unknown,Unknown,Unknown,Unknown,Unknown,Unknown,Unknown,Unknown,Unknown,"Property is not clearly near or tied to the development area based on available address, ZIP, and named-location evidence",Low,,Low,no_clear_match,Unknown,False
59900-24-20-00058,1115 N 15 ST W,Collinsville,OK,Unknown,LT 10 & S/2 LT 11 BLK 6,3771.34,Strong Manual Review Candidate,No Clear Match,Low,No Clear Match,Unknown,Unknown,Unknown,Unknown,Unknown,Unknown,Unknown,Unknown,Unknown,"Property is not clearly near or tied to the development area based on available address, ZIP, and named-location evidence",Low,,Low,no_clear_match,Unknown,False
09175-93-05-05710,2520 E 6 ST S,Tulsa,OK,Unknown,LT 8 BLK 9 & N61 W/2 LT 3 BLK 8 HIGHLANDS ADDN,3780.86,Strong Manual Review Candidate,No Clear Match,Low,No Clear Match,Unknown,Unknown,Unknown,Unknown,Unknown,Unknown,Unknown,Unknown,Unknown,"Property is not clearly near or tied to the development area based on available address, ZIP, and named-location evidence",Low,,Low,no_clear_match,Unknown,False
90326-03-26-20930,6945 E PINE ST N,Tulsa,OK,Unknown,E145 OF S264 OF SW SE SW SEC 26 20 13 LESS S50,3812.95,Strong Manual Review Candidate,No Clear Match,Low,No Clear Match,Unknown,Unknown,Unknown,Unknown,Unknown,Unknown,Unknown,Unknown,Unknown,"Property is not clearly near or tied to the development area based on available address, ZIP, and named-location evidence",Low,,Low,no_clear_match,Unknown,False
36075-03-08-00420,2548 E 48 ST N,Tulsa,OK,Unknown,LT 7 BK 4,3840.44,Strong Manual Review Candidate,No Clear Match,Low,No Clear Match,Unknown,Unknown,Unknown,Unknown,Unknown,Unknown,Unknown,Unknown,Unknown,"Property is not clearly near or tied to the development area based on available address, ZIP, and named-location evidence",Low,,Low,no_clear_match,Unknown,False
13775-02-12-01490,4641 N HARTFORD AV E,Tulsa,OK,Unknown,LT 29 LESS BEG NEC W20 SELY ON STR LINE TO,3989.6,Strong Manual Review Candidate,No Clear Match,Low,No Clear Match,Unknown,Unknown,Unknown,Unknown,Unknown,Unknown,Unknown,Unknown,Unknown,"Property is not clearly near or tied to the development area based on available address, ZIP, and named-location evidence",Low,,Low,no_clear_match,Unknown,False
17675-02-24-07550,3179 N IROQUOIS AV E,Tulsa,OK,Unknown,LT 34 BLK 4,4023.59,Strong Manual Review Candidate,No Clear Match,Low,No Clear Match,Unknown,Unknown,Unknown,Unknown,Unknown,Unknown,Unknown,Unknown,Unknown,"Property is not clearly near or tied to the development area based on available address, ZIP, and named-location evidence",Low,,Low,no_clear_match,Unknown,False
36525-94-02-01380,135 S 166 AV E,Tulsa,OK,Unknown,LT 5 BLK 7,4189.58,Strong Manual Review Candidate,No Clear Match,Low,No Clear Match,Unknown,Unknown,Unknown,Unknown,Unknown,Unknown,Unknown,Unknown,Unknown,"Property is not clearly near or tied to the development area based on available address, ZIP, and named-location evidence",Low,,Low,no_clear_match,Unknown,False
20300-92-03-05240,1919 W CAMERON ST N,Tulsa,OK,Unknown,LT 8 BLK 14,4192.5,Strong Manual Review Candidate,No Clear Match,Low,No Clear Match,Unknown,Unknown,Unknown,Unknown,Unknown,Unknown,Unknown,Unknown,Unknown,"Property is not clearly near or tied to the development area based on available address, ZIP, and named-location evidence",Low,,Low,no_clear_match,Unknown,False
27775-03-36-02105,823 N 89 AV E,Tulsa,OK,Unknown,S80 LT 2 BLK 6,4243.04,Strong Manual Review Candidate,No Clear Match,Low,No Clear Match,Unknown,Unknown,Unknown,Unknown,Unknown,Unknown,Unknown,Unknown,Unknown,"Property is not clearly near or tied to the development area based on available address, ZIP, and named-location evidence",Low,,Low,no_clear_match,Unknown,False
35900-03-30-15590,2012 E ZION ST N,Tulsa,OK,Unknown,LT 7 BLK 3,4244.24,Strong Manual Review Candidate,No Clear Match,Low,No Clear Match,Unknown,Unknown,Unknown,Unknown,Unknown,Unknown,Unknown,Unknown,Unknown,"Property is not clearly near or tied to the development area based on available address, ZIP, and named-location evidence",Low,,Low,no_clear_match,Unknown,False
19650-03-35-06970,6943 E NEWTON PL N,Tulsa,OK,Unknown,LT 12 BLK 3,4312.23,Strong Manual Review Candidate,No Clear Match,Low,No Clear Match,Unknown,Unknown,Unknown,Unknown,Unknown,Unknown,Unknown,Unknown,Unknown,"Property is not clearly near or tied to the development area based on available address, ZIP, and named-location evidence",Low,,Low,no_clear_match,Unknown,False
10225-93-02-04460,209 S 72 AV E,Tulsa,OK,Unknown,LT 19 BLK 8,4357.56,Strong Manual Review Candidate,No Clear Match,Low,No Clear Match,Unknown,Unknown,Unknown,Unknown,Unknown,Unknown,Unknown,Unknown,Unknown,"Property is not clearly near or tied to the development area based on available address, ZIP, and named-location evidence",Low,,Low,no_clear_match,Unknown,False
29675-03-07-10040,4823 N XANTHUS AV E,Tulsa,OK,Unknown,LT 11 BLK 26,4393.48,Strong Manual Review Candidate,No Clear Match,Low,No Clear Match,Unknown,Unknown,Unknown,Unknown,Unknown,Unknown,Unknown,Unknown,Unknown,"Property is not clearly near or tied to the development area based on available address, ZIP, and named-location evidence",Low,,Low,no_clear_match,Unknown,False
25200-03-35-07780,6780 E INDEPENDENCE,Unknown,OK,Unknown,LT 1 BLK 2 MAPLEWOOD 2ND ALSO LT 1 BLK 22 W ST N,4404.05,Strong Manual Review Candidate,No Clear Match,Low,No Clear Match,Unknown,Unknown,Unknown,Unknown,Unknown,Unknown,Unknown,Unknown,Unknown,"Property is not clearly near or tied to the development area based on available address, ZIP, and named-location evidence",Low,,Low,no_clear_match,Unknown,False
34750-02-26-07380,2516 N MARTIN LUTHER,Unknown,OK,Unknown,LT-3-BLK-1 KING JR B,5271.47,Strong Manual Review Candidate,No Clear Match,Low,No Clear Match,Unknown,Unknown,Unknown,Unknown,Unknown,Unknown,Unknown,Unknown,Unknown,"Property is not clearly near or tied to the development area based on available address, ZIP, and named-location evidence",Low,,Low,no_clear_match,Unknown,False
37775-93-03-07050,6126 E 3 ST S,Tulsa,OK,Unknown,LOT 5 BLK 2,4503.56,Strong Manual Review Candidate,No Clear Match,Low,No Clear Match,Unknown,Unknown,Unknown,Unknown,Unknown,Unknown,Unknown,Unknown,Unknown,"Property is not clearly near or tied to the development area based on available address, ZIP, and named-location evidence",Low,,Low,no_clear_match,Unknown,False
00575-93-06-00950,401 S VICTOR AV E,Tulsa,OK,Unknown,LTS 25 & 26 LESS ST BLK-7,4526.88,Strong Manual Review Candidate,No Clear Match,Low,No Clear Match,Unknown,Unknown,Unknown,Unknown,Unknown,Unknown,Unknown,Unknown,Unknown,"Property is not clearly near or tied to the development area based on available address, ZIP, and named-location evidence",Low,,Low,no_clear_match,Unknown,False
49800-03-34-14990,1241 N ALLEGHENY AV E,Tulsa,OK,Unknown,LT 11 BLK 2,4540.87,Strong Manual Review Candidate,No Clear Match,Low,No Clear Match,Unknown,Unknown,Unknown,Unknown,Unknown,Unknown,Unknown,Unknown,Unknown,"Property is not clearly near or tied to the development area based on available address, ZIP, and named-location evidence",Low,,Low,no_clear_match,Unknown,False
60513-73-08-70260,13610 S 21 CT E,City Of Jenks,OK,Unknown,LOT 62 BLOCK 3,4548.16,Strong Manual Review Candidate,No Clear Match,Low,No Clear Match,Unknown,Unknown,Unknown,Unknown,Unknown,Unknown,Unknown,Unknown,Unknown,"Property is not clearly near or tied to the development area based on available address, ZIP, and named-location evidence",Low,,Low,no_clear_match,Unknown,False
07410-94-07-23780,1525 S 112 AV E,Tulsa,OK,Unknown,LT 9 BLK 6,4554.87,Strong Manual Review Candidate,No Clear Match,Low,No Clear Match,Unknown,Unknown,Unknown,Unknown,Unknown,Unknown,Unknown,Unknown,Unknown,"Property is not clearly near or tied to the development area based on available address, ZIP, and named-location evidence",Low,,Low,no_clear_match,Unknown,False
90212-02-12-25800,1130 E 50 PL N,Tulsa,OK,Unknown,TR 25 W140 E1180 S305 N/2 N/2 SE SEC 12 20 12,4580.87,Strong Manual Review Candidate,No Clear Match,Low,No Clear Match,Unknown,Unknown,Unknown,Unknown,Unknown,Unknown,Unknown,Unknown,Unknown,"Property is not clearly near or tied to the development area based on available address, ZIP, and named-location evidence",Low,,Low,no_clear_match,Unknown,False
44325-03-36-03990,9415 E NEWTON ST N,Tulsa,OK,Unknown,LOT 25 BLK 5,4649.22,Strong Manual Review Candidate,No Clear Match,Low,No Clear Match,Unknown,Unknown,Unknown,Unknown,Unknown,Unknown,Unknown,Unknown,Unknown,"Property is not clearly near or tied to the development area based on available address, ZIP, and named-location evidence",Low,,Low,no_clear_match,Unknown,False
25150-03-34-10030,1059 N IRVINGTON AV E,Tulsa,OK,Unknown,LT 8 BLK 22,4655.65,Strong Manual Review Candidate,No Clear Match,Low,No Clear Match,Unknown,Unknown,Unknown,Unknown,Unknown,Unknown,Unknown,Unknown,Unknown,"Property is not clearly near or tied to the development area based on available address, ZIP, and named-location evidence",Low,,Low,no_clear_match,Unknown,False
09000-92-27-06570,2111 W 41 PL S,Tulsa,OK,Unknown,LT 10 BLK 1,4666.86,Strong Manual Review Candidate,No Clear Match,Low,No Clear Match,Unknown,Unknown,Unknown,Unknown,Unknown,Unknown,Unknown,Unknown,Unknown,"Property is not clearly near or tied to the development area based on available address, ZIP, and named-location evidence",Low,,Low,no_clear_match,Unknown,False
46825-03-33-18040,1312 N SANDUSKY AV E,Tulsa,OK,Unknown,LT 10 BLK 1,4668.86,Strong Manual Review Candidate,No Clear Match,Low,No Clear Match,Unknown,Unknown,Unknown,Unknown,Unknown,Unknown,Unknown,Unknown,Unknown,"Property is not clearly near or tied to the development area based on available address, ZIP, and named-location evidence",Low,,Low,no_clear_match,Unknown,False
43800-93-04-19370,420 S QUEBEC AV E,Tulsa,OK,Unknown,LT 5 BLK 2,4670.86,Strong Manual Review Candidate,No Clear Match,Low,No Clear Match,Unknown,Unknown,Unknown,Unknown,Unknown,Unknown,Unknown,Unknown,Unknown,"Property is not clearly near or tied to the development area based on available address, ZIP, and named-location evidence",Low,,Low,no_clear_match,Unknown,False
36150-93-04-13930,220 S URBANA AV E,Tulsa,OK,Unknown,LT 153 BK 2,4698.86,Strong Manual Review Candidate,No Clear Match,Low,No Clear Match,Unknown,Unknown,Unknown,Unknown,Unknown,Unknown,Unknown,Unknown,Unknown,"Property is not clearly near or tied to the development area based on available address, ZIP, and named-location evidence",Low,,Low,no_clear_match,Unknown,False
78810-84-11-09060,416 E COLLEGE ST N,Broken Arrow,OK,Unknown,ALL LT 10 & W35 LT 11 BLK 15,4710.03,Strong Manual Review Candidate,No Clear Match,Low,No Clear Match,Unknown,Unknown,Unknown,Unknown,Unknown,Unknown,Unknown,Unknown,Unknown,"Property is not clearly near or tied to the development area based on available address, ZIP, and named-location evidence",Low,,Low,no_clear_match,Unknown,False
25050-03-34-03580,1455 N KINGSTON PL E,Tulsa,OK,Unknown,LT 1 BLK 1,4724.19,Strong Manual Review Candidate,No Clear Match,Low,No Clear Match,Unknown,Unknown,Unknown,Unknown,Unknown,Unknown,Unknown,Unknown,Unknown,"Property is not clearly near or tied to the development area based on available address, ZIP, and named-location evidence",Low,,Low,no_clear_match,Unknown,False
27775-03-36-02215,501 N 89 AV E,Tulsa,OK,Unknown,LT 4 BLK 7,4728.19,Strong Manual Review Candidate,No Clear Match,Low,No Clear Match,Unknown,Unknown,Unknown,Unknown,Unknown,Unknown,Unknown,Unknown,Unknown,"Property is not clearly near or tied to the development area based on available address, ZIP, and named-location evidence",Low,,Low,no_clear_match,Unknown,False
63725-12-13-01130,215 N ELGIN AV E,City Of Sperry,OK,Unknown,LT 18 BLK 3,4742.42,Strong Manual Review Candidate,No Clear Match,Low,No Clear Match,Unknown,Unknown,Unknown,Unknown,Unknown,Unknown,Unknown,Unknown,Unknown,"Property is not clearly near or tied to the development area based on available address, ZIP, and named-location evidence",Low,,Low,no_clear_match,Unknown,False
18550-93-05-13060,2505 E 8 ST S,Tulsa,OK,Unknown,E 50' OF S 95' LT 12 BLK 7,4766.19,Strong Manual Review Candidate,No Clear Match,Low,No Clear Match,Unknown,Unknown,Unknown,Unknown,Unknown,Unknown,Unknown,Unknown,Unknown,"Property is not clearly near or tied to the development area based on available address, ZIP, and named-location evidence",Low,,Low,no_clear_match,Unknown,False
29775-02-26-05800,1923 N MAIN ST E,Tulsa,OK,Unknown,ALL LT 8 N.12.5 LT 9 BLK 16,4778.85,Strong Manual Review Candidate,No Clear Match,Low,No Clear Match,Unknown,Unknown,Unknown,Unknown,Unknown,Unknown,Unknown,Unknown,Unknown,"Property is not clearly near or tied to the development area based on available address, ZIP, and named-location evidence",Low,,Low,no_clear_match,Unknown,False
05075-93-24-08770,3612 S 94 AV E,Tulsa,OK,Unknown,LT 24 BLK 13,4785.98,Strong Manual Review Candidate,No Clear Match,Low,No Clear Match,Unknown,Unknown,Unknown,Unknown,Unknown,Unknown,Unknown,Unknown,Unknown,"Property is not clearly near or tied to the development area based on available address, ZIP, and named-location evidence",Low,,Low,no_clear_match,Unknown,False
13775-02-12-01430,4615 N HARTFORD AV E,Tulsa,OK,Unknown,LT 23 BLK 4,4839.51,Strong Manual Review Candidate,No Clear Match,Low,No Clear Match,Unknown,Unknown,Unknown,Unknown,Unknown,Unknown,Unknown,Unknown,Unknown,"Property is not clearly near or tied to the development area based on available address, ZIP, and named-location evidence",Low,,Low,no_clear_match,Unknown,False
57370-72-13-63370,1018 E 144 PL S,City Of Glenpool,OK,Unknown,LT 1 BLK 3,4845.4,Strong Manual Review Candidate,No Clear Match,Low,No Clear Match,Unknown,Unknown,Unknown,Unknown,Unknown,Unknown,Unknown,Unknown,Unknown,"Property is not clearly near or tied to the development area based on available address, ZIP, and named-location evidence",Low,,Low,no_clear_match,Unknown,False
19275-03-34-02480,1407 N BRADEN AV E,Tulsa,OK,Unknown,LOT 13 BLK 1,4850.84,Strong Manual Review Candidate,No Clear Match,Low,No Clear Match,Unknown,Unknown,Unknown,Unknown,Unknown,Unknown,Unknown,Unknown,Unknown,"Property is not clearly near or tied to the development area based on available address, ZIP, and named-location evidence",Low,,Low,no_clear_match,Unknown,False
17950-92-04-05170,4413 W 3 ST S,Tulsa,OK,Unknown,LT 5 BLK 5,4853.82,Strong Manual Review Candidate,No Clear Match,Low,No Clear Match,Unknown,Unknown,Unknown,Unknown,Unknown,Unknown,Unknown,Unknown,Unknown,"Property is not clearly near or tied to the development area based on available address, ZIP, and named-location evidence",Low,,Low,no_clear_match,Unknown,False
62075-91-11-09360,800 N MCKINLEY AV E,Sand Springs,OK,Unknown,S/2 LT 6 & ALL LT 7 BLK 17,4857.51,Strong Manual Review Candidate,No Clear Match,Low,No Clear Match,Unknown,Unknown,Unknown,Unknown,Unknown,Unknown,Unknown,Unknown,Unknown,"Property is not clearly near or tied to the development area based on available address, ZIP, and named-location evidence",Low,,Low,no_clear_match,Unknown,False
17925-92-04-04250,316 S 48 AV W,Tulsa,OK,Unknown,LT 2 BLK 8,4902.17,Strong Manual Review Candidate,No Clear Match,Low,No Clear Match,Unknown,Unknown,Unknown,Unknown,Unknown,Unknown,Unknown,Unknown,Unknown,"Property is not clearly near or tied to the development area based on available address, ZIP, and named-location evidence",Low,,Low,no_clear_match,Unknown,False
06625-92-27-02490,4648 S 31 AV W,Tulsa,OK,Unknown,LTS 14 15 BLK 8,4950.17,Strong Manual Review Candidate,No Clear Match,Low,No Clear Match,Unknown,Unknown,Unknown,Unknown,Unknown,Unknown,Unknown,Unknown,Unknown,"Property is not clearly near or tied to the development area based on available address, ZIP, and named-location evidence",Low,,Low,no_clear_match,Unknown,False
45450-94-06-10580,436 S 109 AV E,Tulsa,OK,Unknown,LT 3 BK 19,4952.17,Strong Manual Review Candidate,No Clear Match,Low,No Clear Match,Unknown,Unknown,Unknown,Unknown,Unknown,Unknown,Unknown,Unknown,Unknown,"Property is not clearly near or tied to the development area based on available address, ZIP, and named-location evidence",Low,,Low,no_clear_match,Unknown,False
17025-02-36-12170,1173 N FRANKFORT AV E,Tulsa,OK,Unknown,W 6 1/2 LT 11 ALL LT 12 BLK 11,4974.16,Strong Manual Review Candidate,No Clear Match,Low,No Clear Match,Unknown,Unknown,Unknown,Unknown,Unknown,Unknown,Unknown,Unknown,Unknown,"Property is not clearly near or tied to the development area based on available address, ZIP, and named-location evidence",Low,,Low,no_clear_match,Unknown,False
40850-02-12-07500,534 E 48 PL N,Tulsa,OK,Unknown,LT 9 BLK 6,4985.56,Strong Manual Review Candidate,No Clear Match,Low,No Clear Match,Unknown,Unknown,Unknown,Unknown,Unknown,Unknown,Unknown,Unknown,Unknown,"Property is not clearly near or tied to the development area based on available address, ZIP, and named-location evidence",Low,,Low,no_clear_match,Unknown,False
04350-02-25-02620,1537 N NORFOLK AV E,Tulsa,OK,Unknown,S 90 LTS 11 & 12 BLK 4,4993.5,Strong Manual Review Candidate,No Clear Match,Low,No Clear Match,Unknown,Unknown,Unknown,Unknown,Unknown,Unknown,Unknown,Unknown,Unknown,"Property is not clearly near or tied to the development area based on available address, ZIP, and named-location evidence",Low,,Low,no_clear_match,Unknown,False
06100-02-26-00080,1806 N BOSTON AV E,Tulsa,OK,Unknown,S20 LT 8 & ALL LTS 9 & 10 BLK 1,5016.55,Strong Manual Review Candidate,No Clear Match,Low,No Clear Match,Unknown,Unknown,Unknown,Unknown,Unknown,Unknown,Unknown,Unknown,Unknown,"Property is not clearly near or tied to the development area based on available address, ZIP, and named-location evidence",Low,,Low,no_clear_match,Unknown,False
08375-03-29-02800,2141 N DELAWARE AV E,Tulsa,OK,Unknown,S50 N106 W1/2 OF LT 1 BLK 10,5074.15,Strong Manual Review Candidate,No Clear Match,Low,No Clear Match,Unknown,Unknown,Unknown,Unknown,Unknown,Unknown,Unknown,Unknown,Unknown,"Property is not clearly near or tied to the development area based on available address, ZIP, and named-location evidence",Low,,Low,no_clear_match,Unknown,False
41100-92-34-03610,5902 S 31 AV W,Tulsa,OK,Unknown,N 50' LT 23 & S 50' LT 24 BLK 2,5074.82,Strong Manual Review Candidate,No Clear Match,Low,No Clear Match,Unknown,Unknown,Unknown,Unknown,Unknown,Unknown,Unknown,Unknown,Unknown,"Property is not clearly near or tied to the development area based on available address, ZIP, and named-location evidence",Low,,Low,no_clear_match,Unknown,False
22200-03-36-00370,8934 E MARSHALL PL N,Tulsa,OK,Unknown,LT 7 BLK 3,5094.88,Strong Manual Review Candidate,No Clear Match,Low,No Clear Match,Unknown,Unknown,Unknown,Unknown,Unknown,Unknown,Unknown,Unknown,Unknown,"Property is not clearly near or tied to the development area based on available address, ZIP, and named-location evidence",Low,,Low,no_clear_match,Unknown,False
74985-94-20-10040,12608 E 31 PL S,Tulsa,OK,Unknown,LT 2 BLK 2,5104.84,Strong Manual Review Candidate,No Clear Match,Low,No Clear Match,Unknown,Unknown,Unknown,Unknown,Unknown,Unknown,Unknown,Unknown,Unknown,"Property is not clearly near or tied to the development area based on available address, ZIP, and named-location evidence",Low,,Low,no_clear_match,Unknown,False
85315-72-15-46520,14623 S VANCOUVER AV,Unknown,OK,Unknown,LT 2 BLK 8 W,5178.06,Strong Manual Review Candidate,No Clear Match,Low,No Clear Match,Unknown,Unknown,Unknown,Unknown,Unknown,Unknown,Unknown,Unknown,Unknown,"Property is not clearly near or tied to the development area based on available address, ZIP, and named-location evidence",Low,,Low,no_clear_match,Unknown,False
11575-03-35-04690,7320 E LATIMER PL N,Tulsa,OK,Unknown,LT 8 BLK 6,5182.52,Strong Manual Review Candidate,No Clear Match,Low,No Clear Match,Unknown,Unknown,Unknown,Unknown,Unknown,Unknown,Unknown,Unknown,Unknown,"Property is not clearly near or tied to the development area based on available address, ZIP, and named-location evidence",Low,,Low,no_clear_match,Unknown,False
30950-03-33-14960,3337 E KING PL N,Tulsa,OK,Unknown,E 55 W 165 S 144.85 LT 7,5203.47,Strong Manual Review Candidate,No Clear Match,Low,No Clear Match,Unknown,Unknown,Unknown,Unknown,Unknown,Unknown,Unknown,Unknown,Unknown,"Property is not clearly near or tied to the development area based on available address, ZIP, and named-location evidence",Low,,Low,no_clear_match,Unknown,False
12150-93-11-01280,7519 E 13 ST S,Tulsa,OK,Unknown,LT 11 BLK 7,5222.14,Strong Manual Review Candidate,No Clear Match,Low,No Clear Match,Unknown,Unknown,Unknown,Unknown,Unknown,Unknown,Unknown,Unknown,Unknown,"Property is not clearly near or tied to the development area based on available address, ZIP, and named-location evidence",Low,,Low,no_clear_match,Unknown,False
07700-02-13-02200,4026 N ELGIN AV E,Tulsa,OK,Unknown,LT 10,5279.47,Strong Manual Review Candidate,No Clear Match,Low,No Clear Match,Unknown,Unknown,Unknown,Unknown,Unknown,Unknown,Unknown,Unknown,Unknown,"Property is not clearly near or tied to the development area based on available address, ZIP, and named-location evidence",Low,,Low,no_clear_match,Unknown,False
10475-92-08-00680,1125 S 56 AV W,Tulsa,OK,Unknown,LT 17 BLK 3,5289.47,Strong Manual Review Candidate,No Clear Match,Low,No Clear Match,Unknown,Unknown,Unknown,Unknown,Unknown,Unknown,Unknown,Unknown,Unknown,"Property is not clearly near or tied to the development area based on available address, ZIP, and named-location evidence",Low,,Low,no_clear_match,Unknown,False
31125-92-27-16750,4235 S 26 AV W,Tulsa,OK,Unknown,LT 16 BLK 1 & W5 VAC ALLEY ADJ ON E,5302.8,Strong Manual Review Candidate,No Clear Match,Low,No Clear Match,Unknown,Unknown,Unknown,Unknown,Unknown,Unknown,Unknown,Unknown,Unknown,"Property is not clearly near or tied to the development area based on available address, ZIP, and named-location evidence",Low,,Low,no_clear_match,Unknown,False
29650-03-07-03370,1380 E 54 ST N,Tulsa,OK,Unknown,LT 4 BLK 2,5339.46,Strong Manual Review Candidate,No Clear Match,Low,No Clear Match,Unknown,Unknown,Unknown,Unknown,Unknown,Unknown,Unknown,Unknown,Unknown,"Property is not clearly near or tied to the development area based on available address, ZIP, and named-location evidence",Low,,Low,no_clear_match,Unknown,False
29650-03-07-03310,1577 E 53 ST N,Tulsa,OK,Unknown,LT 34 BLK 1,5347.46,Strong Manual Review Candidate,No Clear Match,Low,No Clear Match,Unknown,Unknown,Unknown,Unknown,Unknown,Unknown,Unknown,Unknown,Unknown,"Property is not clearly near or tied to the development area based on available address, ZIP, and named-location evidence",Low,,Low,no_clear_match,Unknown,False
13850-93-05-10530,2605 E ADMIRAL CT N,Tulsa,OK,Unknown,LT 14 BLK 1,5358.29,Strong Manual Review Candidate,No Clear Match,Low,No Clear Match,Unknown,Unknown,Unknown,Unknown,Unknown,Unknown,Unknown,Unknown,Unknown,"Property is not clearly near or tied to the development area based on available address, ZIP, and named-location evidence",Low,,Low,no_clear_match,Unknown,False
22100-92-28-03130,3904 W 41 PL S,Tulsa,OK,Unknown,LT-10-BLK-7,5361.41,Strong Manual Review Candidate,No Clear Match,Low,No Clear Match,Unknown,Unknown,Unknown,Unknown,Unknown,Unknown,Unknown,Unknown,Unknown,"Property is not clearly near or tied to the development area based on available address, ZIP, and named-location evidence",Low,,Low,no_clear_match,Unknown,False
27875-92-11-03570,701 S PHOENIX AV W,Tulsa,OK,Unknown,W 1/2 LT 26 BLK 2,5389.46,Strong Manual Review Candidate,No Clear Match,Low,No Clear Match,Unknown,Unknown,Unknown,Unknown,Unknown,Unknown,Unknown,Unknown,Unknown,"Property is not clearly near or tied to the development area based on available address, ZIP, and named-location evidence",Low,,Low,no_clear_match,Unknown,False
45350-94-06-07290,310 S 105 PL E,Tulsa,OK,Unknown,LT 11 BK 3,5390.12,Strong Manual Review Candidate,No Clear Match,Low,No Clear Match,Unknown,Unknown,Unknown,Unknown,Unknown,Unknown,Unknown,Unknown,Unknown,"Property is not clearly near or tied to the development area based on available address, ZIP, and named-location evidence",Low,,Low,no_clear_match,Unknown,False
78810-84-11-09070,424 E COLLEGE ST N,Broken Arrow,OK,Unknown,ALL LT 12 BLK 15 & E15 OF LT 11,5428.12,Strong Manual Review Candidate,No Clear Match,Low,No Clear Match,Unknown,Unknown,Unknown,Unknown,Unknown,Unknown,Unknown,Unknown,Unknown,"Property is not clearly near or tied to the development area based on available address, ZIP, and named-location evidence",Low,,Low,no_clear_match,Unknown,False
20725-93-03-06410,6330 E 4 PL S,Tulsa,OK,Unknown,LT 5 BLK 1,5429.45,Strong Manual Review Candidate,No Clear Match,Low,No Clear Match,Unknown,Unknown,Unknown,Unknown,Unknown,Unknown,Unknown,Unknown,Unknown,"Property is not clearly near or tied to the development area based on available address, ZIP, and named-location evidence",Low,,Low,no_clear_match,Unknown,False
41025-02-01-00530,518 E 57 PL N,Tulsa,OK,Unknown,LOT-15-BLK-11,5432.12,Strong Manual Review Candidate,No Clear Match,Low,No Clear Match,Unknown,Unknown,Unknown,Unknown,Unknown,Unknown,Unknown,Unknown,Unknown,"Property is not clearly near or tied to the development area based on available address, ZIP, and named-location evidence",Low,,Low,no_clear_match,Unknown,False
07225-02-13-00060,3936 N LANSING PL E,Tulsa,OK,Unknown,LT 5 BLK 1,5434.28,Strong Manual Review Candidate,No Clear Match,Low,No Clear Match,Unknown,Unknown,Unknown,Unknown,Unknown,Unknown,Unknown,Unknown,Unknown,"Property is not clearly near or tied to the development area based on available address, ZIP, and named-location evidence",Low,,Low,no_clear_match,Unknown,False
37800-93-02-09000,6535 E 5 ST S,Tulsa,OK,Unknown,LT 20 BLK 4,5443.44,Strong Manual Review Candidate,No Clear Match,Low,No Clear Match,Unknown,Unknown,Unknown,Unknown,Unknown,Unknown,Unknown,Unknown,Unknown,"Property is not clearly near or tied to the development area based on available address, ZIP, and named-location evidence",Low,,Low,no_clear_match,Unknown,False
27300-93-14-10790,7610 E 21 ST S,Tulsa,OK,Unknown,LT 6 BLK 1,5444.74,Strong Manual Review Candidate,No Clear Match,Low,No Clear Match,Unknown,Unknown,Unknown,Unknown,Unknown,Unknown,Unknown,Unknown,Unknown,"Property is not clearly near or tied to the development area based on available address, ZIP, and named-location evidence",Low,,Low,no_clear_match,Unknown,False
38200-92-26-00840,4629 S UNION AV W,Tulsa,OK,Unknown,LT 2 BLK 1,5454.78,Strong Manual Review Candidate,No Clear Match,Low,No Clear Match,Unknown,Unknown,Unknown,Unknown,Unknown,Unknown,Unknown,Unknown,Unknown,"Property is not clearly near or tied to the development area based on available address, ZIP, and named-location evidence",Low,,Low,no_clear_match,Unknown,False
76925-94-19-48280,3712 S 109 AV E,Tulsa,OK,Unknown,LT 20 BLK 9,5467.19,Strong Manual Review Candidate,No Clear Match,Low,No Clear Match,Unknown,Unknown,Unknown,Unknown,Unknown,Unknown,Unknown,Unknown,Unknown,"Property is not clearly near or tied to the development area based on available address, ZIP, and named-location evidence",Low,,Low,no_clear_match,Unknown,False
23850-93-15-11970,4999 E 26 ST S,Tulsa,OK,Unknown,LT 1 BLK 1,5479.42,Strong Manual Review Candidate,No Clear Match,Low,No Clear Match,Unknown,Unknown,Unknown,Unknown,Unknown,Unknown,Unknown,Unknown,Unknown,"Property is not clearly near or tied to the development area based on available address, ZIP, and named-location evidence",Low,,Low,no_clear_match,Unknown,False
74735-84-06-61950,6623 S 107 AV E,Tulsa,OK,Unknown,LT 26 BLK 2,5491.99,Strong Manual Review Candidate,No Clear Match,Low,No Clear Match,Unknown,Unknown,Unknown,Unknown,Unknown,Unknown,Unknown,Unknown,Unknown,"Property is not clearly near or tied to the development area based on available address, ZIP, and named-location evidence",Low,,Low,no_clear_match,Unknown,False
91407-14-07-52320,E 106 ST N,City Of Owasso Mh Not Included,OK,Unknown,W/2 W/2 SE SE LESS S16.5 FOR RD SEC 7 21 14,4849.58,Strong Manual Review Candidate,No Clear Match,Low,No Clear Match,Unknown,Unknown,Unknown,Unknown,Unknown,Unknown,Unknown,Unknown,Unknown,"Property is not clearly near or tied to the development area based on available address, ZIP, and named-location evidence",Low,,Low,no_clear_match,Unknown,False
98434-84-34-00350,ADDRESS UNKNOWN,Broken Arrow,OK,Unknown,PRT NE NE BEG 434E & 50S NEC THEREOF TH S295.52,5186.14,Strong Manual Review Candidate,Unknown,Low,No Clear Match,Unknown,Unknown,Unknown,Unknown,Unknown,Unknown,Unknown,Unknown,Unknown,"Property is not clearly near or tied to the development area based on available address, ZIP, and named-location evidence",Low,,Low,no_clear_match,Unknown,False
23000-03-27-08140,APACHE & N YALE AV E,Tulsa,OK,Unknown,LTS 2 & 3 & N/2 LT 4 & E635.5 S/2 LT 4 & E635.5 LT 5,3509.05,Strong Manual Review Candidate,No Clear Match,Low,No Clear Match,Unknown,Unknown,Unknown,Unknown,Unknown,Unknown,Unknown,Unknown,Unknown,"Property is not clearly near or tied to the development area based on available address, ZIP, and named-location evidence",Low,,Low,no_clear_match,Unknown,False
56600-92-20-00740,3310 S 61 AV W,Unknown,OK,Unknown,LT 19 & LT 20 BLK 3 TULSA COUNTY,4992.83,Strong Manual Review Candidate,No Clear Match,Invalid Weak Match,No Clear Match,Unknown,Unknown,Unknown,Unknown,Unknown,Unknown,Unknown,Unknown,Unknown,"Property is not clearly near or tied to the development area based on available address, ZIP, and named-location evidence",Low,,Low,no_clear_match,Unknown,False
56900-92-20-02220,6115 W 39 ST S,Unknown,OK,Unknown,LT 9 BLK 2 TULSA COUNTY,5224.32,Strong Manual Review Candidate,No Clear Match,Invalid Weak Match,No Clear Match,Unknown,Unknown,Unknown,Unknown,Unknown,Unknown,Unknown,Unknown,Unknown,"Property is not clearly near or tied to the development area based on available address, ZIP, and named-location evidence",Low,,Low,no_clear_match,Unknown,False
54225-03-06-05290,6439 N WHEELING AV E,Unknown,OK,Unknown,LT 6 BLK 2 TULSA COUNTY,5224.79,Strong Manual Review Candidate,No Clear Match,Invalid Weak Match,No Clear Match,Unknown,Unknown,Unknown,Unknown,Unknown,Unknown,Unknown,Unknown,Unknown,"Property is not clearly near or tied to the development area based on available address, ZIP, and named-location evidence",Low,,Low,no_clear_match,Unknown,False
91213-12-13-51390,998 E 98 ST N,Unknown,OK,Unknown,PRT S/2 SE BEG 1162.04W SECR SE TH W330 N1231.53 TULSA COUNTY,5325.25,Strong Manual Review Candidate,No Clear Match,Invalid Weak Match,No Clear Match,Unknown,Unknown,Unknown,Unknown,Unknown,Unknown,Unknown,Unknown,Unknown,"Property is not clearly near or tied to the development area based on available address, ZIP, and named-location evidence",Low,,Low,no_clear_match,Unknown,False
91408-14-08-10310,11702 E 116 ST N,Unknown,OK,Unknown,E90 SE NE NW NW & SW NW NE NW & LESS E30 SW TULSA COUNTY,3139.44,Strong Manual Review Candidate,No Clear Match,Invalid Weak Match,No Clear Match,Unknown,Unknown,Unknown,Unknown,Unknown,Unknown,Unknown,Unknown,Unknown,"Property is not clearly near or tied to the development area based on available address, ZIP, and named-location evidence",Low,,Low,no_clear_match,Unknown,False
54325-92-31-02630,7118 W 60 ST S,Unknown,OK,Unknown,LT 7 W1/2 & ALL LT 8 9 BK 54 TULSA COUNTY,3211.01,Strong Manual Review Candidate,No Clear Match,Invalid Weak Match,No Clear Match,Unknown,Unknown,Unknown,Unknown,Unknown,Unknown,Unknown,Unknown,Unknown,"Property is not clearly near or tied to the development area based on available address, ZIP, and named-location evidence",Low,,Low,no_clear_match,Unknown,False
90306-03-06-24020,1641 E 56 ST N,Unknown,OK,Unknown,TR BEG 161.25 W OF SE COR SW QTR.TH N660W TULSA COUNTY,3314.33,Strong Manual Review Candidate,No Clear Match,Invalid Weak Match,No Clear Match,Unknown,Unknown,Unknown,Unknown,Unknown,Unknown,Unknown,Unknown,Unknown,"Property is not clearly near or tied to the development area based on available address, ZIP, and named-location evidence",Low,,Low,no_clear_match,Unknown,False
91316-13-16-06210,10428 N YALE AV E,Unknown,OK,Unknown,S134 N842 E647 E/2 NE SEC 16 21 13 1.990ACS TULSA COUNTY,3339.41,Strong Manual Review Candidate,No Clear Match,Invalid Weak Match,No Clear Match,Unknown,Unknown,Unknown,Unknown,Unknown,Unknown,Unknown,Unknown,Unknown,"Property is not clearly near or tied to the development area based on available address, ZIP, and named-location evidence",Low,,Low,no_clear_match,Unknown,False
91236-12-36-01030,7403 N IROQUOIS AV E,Unknown,OK,Unknown,E/2 W/2 NW NE LESS S330 THEREOF & LESS W30 TULSA COUNTY,3357.23,Strong Manual Review Candidate,No Clear Match,Invalid Weak Match,No Clear Match,Unknown,Unknown,Unknown,Unknown,Unknown,Unknown,Unknown,Unknown,Unknown,"Property is not clearly near or tied to the development area based on available address, ZIP, and named-location evidence",Low,,Low,no_clear_match,Unknown,False
53675-92-32-01900,5805 S 64 AV W,Unknown,OK,Unknown,LOTS-12-TO-16-INCL.BLK-5 TULSA COUNTY,3580.08,Strong Manual Review Candidate,No Clear Match,Invalid Weak Match,No Clear Match,Unknown,Unknown,Unknown,Unknown,Unknown,Unknown,Unknown,Unknown,Unknown,"Property is not clearly near or tied to the development area based on available address, ZIP, and named-location evidence",Low,,Low,no_clear_match,Unknown,False
90404-04-04-64010,14025 E 58 ST N,Unknown,OK,Unknown,BEG 656 N & 1323.32 W SEC SE TH N 660 W 330.83 S TULSA COUNTY,3715.23,Strong Manual Review Candidate,No Clear Match,Invalid Weak Match,No Clear Match,Unknown,Unknown,Unknown,Unknown,Unknown,Unknown,Unknown,Unknown,Unknown,"Property is not clearly near or tied to the development area based on available address, ZIP, and named-location evidence",Low,,Low,no_clear_match,Unknown,False
53725-02-01-03030,905 E 64 ST N,Unknown,OK,Unknown,LT 5 BLK 7 TULSA COUNTY,4348.07,Strong Manual Review Candidate,No Clear Match,Invalid Weak Match,No Clear Match,Unknown,Unknown,Unknown,Unknown,Unknown,Unknown,Unknown,Unknown,Unknown,"Property is not clearly near or tied to the development area based on available address, ZIP, and named-location evidence",Low,,Low,no_clear_match,Unknown,False
97424-74-24-21620,15104 S 193 AV E,Unknown,OK,Unknown,N266.87 GOV LT 1 SEC 24 17 14 8.07ACS TULSA COUNTY,4463.58,Strong Manual Review Candidate,No Clear Match,Invalid Weak Match,No Clear Match,Unknown,Unknown,Unknown,Unknown,Unknown,Unknown,Unknown,Unknown,Unknown,"Property is not clearly near or tied to the development area based on available address, ZIP, and named-location evidence",Low,,Low,no_clear_match,Unknown,False
91316-13-16-06510,10500 N YALE AV E,Unknown,OK,Unknown,S134 N572 E647 E/2 NE LESS BEG 572S & 273W NEC TULSA COUNTY MH NOT INCLUDED,5056.93,Strong Manual Review Candidate,No Clear Match,Invalid Weak Match,No Clear Match,Unknown,Unknown,Unknown,Unknown,Unknown,Unknown,Unknown,Unknown,Unknown,"Property is not clearly near or tied to the development area based on available address, ZIP, and named-location evidence",Low,,Low,no_clear_match,Unknown,False
99027-90-27-68130,4321 S 225 AV W,Unknown,OK,Unknown,PRT NW BEG 1068.77S NWC TH E534.85 S317 W531.80 TULSA COUNTY,5198.99,Strong Manual Review Candidate,No Clear Match,Invalid Weak Match,No Clear Match,Unknown,Unknown,Unknown,Unknown,Unknown,Unknown,Unknown,Unknown,Unknown,"Property is not clearly near or tied to the development area based on available address, ZIP, and named-location evidence",Low,,Low,no_clear_match,Unknown,False
55425-91-07-00270,1702 S 168 AV W,Unknown,OK,Unknown,LT 20 BLK 2 TULSA COUNTY,5297.09,Strong Manual Review Candidate,No Clear Match,Invalid Weak Match,No Clear Match,Unknown,Unknown,Unknown,Unknown,Unknown,Unknown,Unknown,Unknown,Unknown,"Property is not clearly near or tied to the development area based on available address, ZIP, and named-location evidence",Low,,Low,no_clear_match,Unknown,False
91225-12-25-41510,ADDRESS UNKNOWN,Unknown,OK,Unknown,W/2 SW NE & N20 SE NE & N20 E660 SW NE & SE NW TULSA COUNTY,4211.16,Strong Manual Review Candidate,No Clear Match,Invalid Weak Match,No Clear Match,Unknown,Unknown,Unknown,Unknown,Unknown,Unknown,Unknown,Unknown,Unknown,"Property is not clearly near or tied to the development area based on available address, ZIP, and named-location evidence",Low,,Low,no_clear_match,Unknown,False
99229-92-29-38016,ADDRESS UNKNOWN,Unknown,OK,Unknown,BEG 660S & 664E NWC NE NW TH S317.50 E295.65 TULSA COUNTY,4232.91,Strong Manual Review Candidate,No Clear Match,Invalid Weak Match,No Clear Match,Unknown,Unknown,Unknown,Unknown,Unknown,Unknown,Unknown,Unknown,Unknown,"Property is not clearly near or tied to the development area based on available address, ZIP, and named-location evidence",Low,,Low,no_clear_match,Unknown,False
54675-92-05-05450,32 S 62 AV W,Unknown,OK,Unknown,N1 FOOT LT A REPLAT & RESUBDIVISION OF LTS 36 TULSA COUNTY,4753.15,Strong Manual Review Candidate,No Clear Match,Invalid Weak Match,No Clear Match,Unknown,Unknown,Unknown,Unknown,Unknown,Unknown,Unknown,Unknown,Unknown,"Property is not clearly near or tied to the development area based on available address, ZIP, and named-location evidence",Low,,Low,no_clear_match,Unknown,False
90306-03-06-46920,ADDRESS UNKNOWN,Unknown,OK,Unknown,PRT N/2 SW SE BEG NWC TH E700 S330 W700 N330 TULSA COUNTY,3954.21,Strong Manual Review Candidate,No Clear Match,Invalid Weak Match,No Clear Match,Unknown,Unknown,Unknown,Unknown,Unknown,Unknown,Unknown,Unknown,Unknown,"Property is not clearly near or tied to the development area based on available address, ZIP, and named-location evidence",Low,,Low,no_clear_match,Unknown,False
20575-93-30-08990,4103 S PEORIA AV E,Tulsa,OK,Unknown,LT 4 BLK 1,6826.65,Mid Investment,Strong Match,High,Possible Match,Tulsa Market District,Tulsa Market District / NOMA residential hub,Multifamily / Mixed-use neighborhood hub,High,Community Partner Profile: How NOMA is Creating Community Along the Mother Road - PartnerTulsa,https://partnertulsa.org/community-partner-profile-how-noma-is-creating-community-along-the-mother-road/,"NOMA added a 256-unit residential hub in the Tulsa Market District along Route 66 and was described as part of a broader effort to revitalize vacant spaces, improve walkability, and support new commercial activity in the corridor.",Route 66 from Peoria to Harvard,Route 66; 11th Street; Peoria; Harvard,Partial named corridor overlap without verified proximity: PEORIA,Medium,,High,corridor_only,"Tulsa Market District / NOMA residential hub, Tulsa, Oklahoma",False
00725-03-33-00530,1326 N KNOXVILLE AV E,Tulsa,OK,Unknown,LT 2,6743.65,Mid Investment,No Clear Match,Low,No Clear Match,Unknown,Unknown,Unknown,Unknown,Unknown,Unknown,Unknown,Unknown,Unknown,"Property is not clearly near or tied to the development area based on available address, ZIP, and named-location evidence",Low,,Low,no_clear_match,Unknown,False
40375-94-08-07940,1640 S 128 AV E,Tulsa,OK,Unknown,LOT 34 BLK 4,6791.32,Mid Investment,No Clear Match,Low,No Clear Match,Unknown,Unknown,Unknown,Unknown,Unknown,Unknown,Unknown,Unknown,Unknown,"Property is not clearly near or tied to the development area based on available address, ZIP, and named-location evidence",Low,,Low,no_clear_match,Unknown,False
57628-73-15-20120,14901 S YALE AV E,City Of Bixby,OK,Unknown,LT 1 BLK 1,6855.98,Mid Investment,No Clear Match,Low,No Clear Match,Unknown,Unknown,Unknown,Unknown,Unknown,Unknown,Unknown,Unknown,Unknown,"Property is not clearly near or tied to the development area based on available address, ZIP, and named-location evidence",Low,,Low,no_clear_match,Unknown,False
84830-72-11-53420,248 E 137 ST S,City Of Glenpool,OK,Unknown,LT 24 BLK 4,6927.56,Mid Investment,No Clear Match,Low,No Clear Match,Unknown,Unknown,Unknown,Unknown,Unknown,Unknown,Unknown,Unknown,Unknown,"Property is not clearly near or tied to the development area based on available address, ZIP, and named-location evidence",Low,,Low,no_clear_match,Unknown,False
85175-72-12-57030,1277 E 139 ST S,City Of Glenpool,OK,Unknown,LT 6 BLK 2,7004.96,Mid Investment,No Clear Match,Low,No Clear Match,Unknown,Unknown,Unknown,Unknown,Unknown,Unknown,Unknown,Unknown,Unknown,"Property is not clearly near or tied to the development area based on available address, ZIP, and named-location evidence",Low,,Low,no_clear_match,Unknown,False
04175-93-14-07050,7721 E 30 PL S,Tulsa,OK,Unknown,LT 14 BLK 34,7152.78,Mid Investment,No Clear Match,Low,No Clear Match,Unknown,Unknown,Unknown,Unknown,Unknown,Unknown,Unknown,Unknown,Unknown,"Property is not clearly near or tied to the development area based on available address, ZIP, and named-location evidence",Low,,Low,no_clear_match,Unknown,False
22775-94-17-02590,2325 S 119 AV E,Tulsa,OK,Unknown,LOT-5-BLK-9,7281.27,Mid Investment,No Clear Match,Low,No Clear Match,Unknown,Unknown,Unknown,Unknown,Unknown,Unknown,Unknown,Unknown,Unknown,"Property is not clearly near or tied to the development area based on available address, ZIP, and named-location evidence",Low,,Low,no_clear_match,Unknown,False
98412-84-12-02870,315 N 14 ST E,Broken Arrow,OK,Unknown,BEG 1320N & 576W SECR SE NW TH E245 S110 W245,6982.63,Mid Investment,No Clear Match,Low,No Clear Match,Unknown,Unknown,Unknown,Unknown,Unknown,Unknown,Unknown,Unknown,Unknown,"Property is not clearly near or tied to the development area based on available address, ZIP, and named-location evidence",Low,,Low,no_clear_match,Unknown,False
08675-93-01-02070,529 S 90 AV E,Tulsa,OK,Unknown,LT 7 BLK 22,7105.95,Mid Investment,No Clear Match,Low,No Clear Match,Unknown,Unknown,Unknown,Unknown,Unknown,Unknown,Unknown,Unknown,Unknown,"Property is not clearly near or tied to the development area based on available address, ZIP, and named-location evidence",Low,,Low,no_clear_match,Unknown,False
42025-93-07-18720,1711 E 13 PL S,Tulsa,OK,Unknown,LT 15 BLK 14,7230.61,Mid Investment,No Clear Match,Low,No Clear Match,Unknown,Unknown,Unknown,Unknown,Unknown,Unknown,Unknown,Unknown,Unknown,"Property is not clearly near or tied to the development area based on available address, ZIP, and named-location evidence",Low,,Low,no_clear_match,Unknown,False
04025-93-15-00140,2640 S SHERIDAN RD E,Tulsa,OK,Unknown,LT 3 BLK 1,7339.85,Mid Investment,No Clear Match,Low,No Clear Match,Unknown,Unknown,Unknown,Unknown,Unknown,Unknown,Unknown,Unknown,Unknown,"Property is not clearly near or tied to the development area based on available address, ZIP, and named-location evidence",Low,,Low,no_clear_match,Unknown,False
77200-94-21-16190,3217 S 140 AV E,Tulsa,OK,Unknown,LT 9 BLK 1,7393.92,Mid Investment,No Clear Match,Low,No Clear Match,Unknown,Unknown,Unknown,Unknown,Unknown,Unknown,Unknown,Unknown,Unknown,"Property is not clearly near or tied to the development area based on available address, ZIP, and named-location evidence",Low,,Low,no_clear_match,Unknown,False
47075-93-30-12810,1356 E 44 ST S,Tulsa,OK,Unknown,LT 9 BLK 2,7827.99,Mid Investment,No Clear Match,Low,No Clear Match,Unknown,Unknown,Unknown,Unknown,Unknown,Unknown,Unknown,Unknown,Unknown,"Property is not clearly near or tied to the development area based on available address, ZIP, and named-location evidence",Low,,Low,no_clear_match,Unknown,False
11575-03-35-03730,7350 E NEWTON ST N,Tulsa,OK,Unknown,LT 8 BLK 3,5516.78,Mid Investment,No Clear Match,Low,No Clear Match,Unknown,Unknown,Unknown,Unknown,Unknown,Unknown,Unknown,Unknown,Unknown,"Property is not clearly near or tied to the development area based on available address, ZIP, and named-location evidence",Low,,Low,no_clear_match,Unknown,False
07415-94-07-29470,1441 S 112 AV E,Tulsa,OK,Unknown,LT 15 BLK 4,5517.44,Mid Investment,No Clear Match,Low,No Clear Match,Unknown,Unknown,Unknown,Unknown,Unknown,Unknown,Unknown,Unknown,Unknown,"Property is not clearly near or tied to the development area based on available address, ZIP, and named-location evidence",Low,,Low,no_clear_match,Unknown,False
35725-93-31-08440,5737 S QUINCY AV E,Tulsa,OK,Unknown,LOT-11-BLK-2,5526.11,Mid Investment,No Clear Match,Low,No Clear Match,Unknown,Unknown,Unknown,Unknown,Unknown,Unknown,Unknown,Unknown,Unknown,"Property is not clearly near or tied to the development area based on available address, ZIP, and named-location evidence",Low,,Low,no_clear_match,Unknown,False
16375-93-03-04910,574 S MAPLEWOOD AV E,Tulsa,OK,Unknown,LT 3 BLK 2,5550.11,Mid Investment,No Clear Match,Low,No Clear Match,Unknown,Unknown,Unknown,Unknown,Unknown,Unknown,Unknown,Unknown,Unknown,"Property is not clearly near or tied to the development area based on available address, ZIP, and named-location evidence",Low,,Low,no_clear_match,Unknown,False
40325-94-17-06480,2479 S 127 AV E,Tulsa,OK,Unknown,LT 25 BLK 3,5632.77,Mid Investment,No Clear Match,Low,No Clear Match,Unknown,Unknown,Unknown,Unknown,Unknown,Unknown,Unknown,Unknown,Unknown,"Property is not clearly near or tied to the development area based on available address, ZIP, and named-location evidence",Low,,Low,no_clear_match,Unknown,False
44325-03-36-04310,9541 E NEWTON PL N,Tulsa,OK,Unknown,LOT 15 BLK 6,5659.43,Mid Investment,No Clear Match,Low,No Clear Match,Unknown,Unknown,Unknown,Unknown,Unknown,Unknown,Unknown,Unknown,Unknown,"Property is not clearly near or tied to the development area based on available address, ZIP, and named-location evidence",Low,,Low,no_clear_match,Unknown,False
15875-02-25-09420,2431 N LANSING AV E,Tulsa,OK,Unknown,S 51.12 LT 4 BLK 1,5709.25,Mid Investment,No Clear Match,Low,No Clear Match,Unknown,Unknown,Unknown,Unknown,Unknown,Unknown,Unknown,Unknown,Unknown,"Property is not clearly near or tied to the development area based on available address, ZIP, and named-location evidence",Low,,Low,no_clear_match,Unknown,False
04125-93-14-02940,6743 E 26 PL S,Tulsa,OK,Unknown,LT 11 BLK 5 & S 30 VAC ST ON N,5717.55,Mid Investment,No Clear Match,Low,No Clear Match,Unknown,Unknown,Unknown,Unknown,Unknown,Unknown,Unknown,Unknown,Unknown,"Property is not clearly near or tied to the development area based on available address, ZIP, and named-location evidence",Low,,Low,no_clear_match,Unknown,False
17925-92-04-03240,319 S 43 AV W,Tulsa,OK,Unknown,LOT 17 BLK 2,5748.75,Mid Investment,No Clear Match,Low,No Clear Match,Unknown,Unknown,Unknown,Unknown,Unknown,Unknown,Unknown,Unknown,Unknown,"Property is not clearly near or tied to the development area based on available address, ZIP, and named-location evidence",Low,,Low,no_clear_match,Unknown,False
49850-92-28-05460,4109 S 34 AV W,Tulsa,OK,Unknown,LTS 20 21 BK 13,5750.75,Mid Investment,No Clear Match,Low,No Clear Match,Unknown,Unknown,Unknown,Unknown,Unknown,Unknown,Unknown,Unknown,Unknown,"Property is not clearly near or tied to the development area based on available address, ZIP, and named-location evidence",Low,,Low,no_clear_match,Unknown,False
98225-82-25-36030,10607 S ELWOOD AV W,City Of Jenks,OK,Unknown,PRT NW SW BEG 800S & 50E NWC SW TH E842 S528.59,5782.95,Mid Investment,No Clear Match,Low,No Clear Match,Unknown,Unknown,Unknown,Unknown,Unknown,Unknown,Unknown,Unknown,Unknown,"Property is not clearly near or tied to the development area based on available address, ZIP, and named-location evidence",Low,,Low,no_clear_match,Unknown,False
04125-93-14-02930,6747 E 26 PL S,Tulsa,OK,Unknown,LT 10 BLK 5 & S 30 VAC ST ON N,5785.69,Mid Investment,No Clear Match,Low,No Clear Match,Unknown,Unknown,Unknown,Unknown,Unknown,Unknown,Unknown,Unknown,Unknown,"Property is not clearly near or tied to the development area based on available address, ZIP, and named-location evidence",Low,,Low,no_clear_match,Unknown,False
12375-92-04-01560,530 N 42 AV W,Tulsa,OK,Unknown,LT 2 BLK 1,5786.08,Mid Investment,No Clear Match,Low,No Clear Match,Unknown,Unknown,Unknown,Unknown,Unknown,Unknown,Unknown,Unknown,Unknown,"Property is not clearly near or tied to the development area based on available address, ZIP, and named-location evidence",Low,,Low,no_clear_match,Unknown,False
62250-91-22-02240,313 W 40 PL S,Sand Springs,OK,Unknown,LT 8 BLK 1,5795.03,Mid Investment,No Clear Match,Low,No Clear Match,Unknown,Unknown,Unknown,Unknown,Unknown,Unknown,Unknown,Unknown,Unknown,"Property is not clearly near or tied to the development area based on available address, ZIP, and named-location evidence",Low,,Low,no_clear_match,Unknown,False
27325-93-14-12410,7924 E 21 ST S,Tulsa,OK,Unknown,BEG 90' E OF NWC LOT 1 BLK 11 TH E ON N L 60' TO,5829.41,Mid Investment,No Clear Match,Low,No Clear Match,Unknown,Unknown,Unknown,Unknown,Unknown,Unknown,Unknown,Unknown,Unknown,"Property is not clearly near or tied to the development area based on available address, ZIP, and named-location evidence",Low,,Low,no_clear_match,Unknown,False
98402-84-02-01880,605 W LANSING ST,Broken Arrow,OK,Unknown,BEG 600N & 200E SWC SW TH E130 N140 W130 S140,5854.25,Mid Investment,No Clear Match,Low,No Clear Match,Unknown,Unknown,Unknown,Unknown,Unknown,Unknown,Unknown,Unknown,Unknown,"Property is not clearly near or tied to the development area based on available address, ZIP, and named-location evidence",Low,,Low,no_clear_match,Unknown,False
25050-03-34-06390,5929 E KING ST N,Tulsa,OK,Unknown,LT 53 BLK 14,5882.74,Mid Investment,No Clear Match,Low,No Clear Match,Unknown,Unknown,Unknown,Unknown,Unknown,Unknown,Unknown,Unknown,Unknown,"Property is not clearly near or tied to the development area based on available address, ZIP, and named-location evidence",Low,,Low,no_clear_match,Unknown,False
34375-92-22-05090,3822 S 31 AV W,Tulsa,OK,Unknown,LT 4 & E10 VAC ALLEY ADJ ON W BLK 34,5891.41,Mid Investment,No Clear Match,Low,No Clear Match,Unknown,Unknown,Unknown,Unknown,Unknown,Unknown,Unknown,Unknown,Unknown,"Property is not clearly near or tied to the development area based on available address, ZIP, and named-location evidence",Low,,Low,no_clear_match,Unknown,False
74850-94-19-17590,10826 E 33 CT S,Tulsa,OK,Unknown,LT 17 BLK 4,5896.33,Mid Investment,No Clear Match,Low,No Clear Match,Unknown,Unknown,Unknown,Unknown,Unknown,Unknown,Unknown,Unknown,Unknown,"Property is not clearly near or tied to the development area based on available address, ZIP, and named-location evidence",Low,,Low,no_clear_match,Unknown,False
14625-93-12-00820,1228 S 83 AV E,Tulsa,OK,Unknown,LT 14 BLK 3,5972.06,Mid Investment,No Clear Match,Low,No Clear Match,Unknown,Unknown,Unknown,Unknown,Unknown,Unknown,Unknown,Unknown,Unknown,"Property is not clearly near or tied to the development area based on available address, ZIP, and named-location evidence",Low,,Low,no_clear_match,Unknown,False
62225-91-22-01600,112 W 31 PL S,Sand Springs,OK,Unknown,LT 7 BLK 4,6068.41,Mid Investment,No Clear Match,Low,No Clear Match,Unknown,Unknown,Unknown,Unknown,Unknown,Unknown,Unknown,Unknown,Unknown,"Property is not clearly near or tied to the development area based on available address, ZIP, and named-location evidence",Low,,Low,no_clear_match,Unknown,False
08300-93-04-02320,3311 E 5 PL S,Tulsa,OK,Unknown,LT 18 BLK 2,6169.38,Mid Investment,No Clear Match,Low,No Clear Match,Unknown,Unknown,Unknown,Unknown,Unknown,Unknown,Unknown,Unknown,Unknown,"Property is not clearly near or tied to the development area based on available address, ZIP, and named-location evidence",Low,,Low,no_clear_match,Unknown,False
74965-94-20-07530,3123 S 121 AV E,Tulsa,OK,Unknown,LT 14 BLK 7,6234.04,Mid Investment,No Clear Match,Low,No Clear Match,Unknown,Unknown,Unknown,Unknown,Unknown,Unknown,Unknown,Unknown,Unknown,"Property is not clearly near or tied to the development area based on available address, ZIP, and named-location evidence",Low,,Low,no_clear_match,Unknown,False
34600-93-25-02750,4926 S 86 AV E,Tulsa,OK,Unknown,LT 20 BK 3,6246.97,Mid Investment,No Clear Match,Low,No Clear Match,Unknown,Unknown,Unknown,Unknown,Unknown,Unknown,Unknown,Unknown,Unknown,"Property is not clearly near or tied to the development area based on available address, ZIP, and named-location evidence",Low,,Low,no_clear_match,Unknown,False
45350-94-06-06870,10620 E ADMIRAL PL N,Tulsa,OK,Unknown,LT 7 BK 1,6267.37,Mid Investment,No Clear Match,Low,No Clear Match,Unknown,Unknown,Unknown,Unknown,Unknown,Unknown,Unknown,Unknown,Unknown,"Property is not clearly near or tied to the development area based on available address, ZIP, and named-location evidence",Low,,Low,no_clear_match,Unknown,False
31100-93-02-05790,538 S 79 AV E,Tulsa,OK,Unknown,LOT-18-BLK-3,6328.03,Mid Investment,No Clear Match,Low,No Clear Match,Unknown,Unknown,Unknown,Unknown,Unknown,Unknown,Unknown,Unknown,Unknown,"Property is not clearly near or tied to the development area based on available address, ZIP, and named-location evidence",Low,,Low,no_clear_match,Unknown,False
26390-94-16-15330,2716 S 130 AV E,Tulsa,OK,Unknown,LT 2 BLK 4,6353.46,Mid Investment,No Clear Match,Low,No Clear Match,Unknown,Unknown,Unknown,Unknown,Unknown,Unknown,Unknown,Unknown,Unknown,"Property is not clearly near or tied to the development area based on available address, ZIP, and named-location evidence",Low,,Low,no_clear_match,Unknown,False
82170-84-21-72600,2812 S DOGWOOD AV W,Broken Arrow,OK,Unknown,LT 11 BLK 3,6384.77,Mid Investment,No Clear Match,Low,No Clear Match,Unknown,Unknown,Unknown,Unknown,Unknown,Unknown,Unknown,Unknown,Unknown,"Property is not clearly near or tied to the development area based on available address, ZIP, and named-location evidence",Low,,Low,no_clear_match,Unknown,False
03312-03-20-04220,2645 N LEWIS AV E,Tulsa,OK,Unknown,LTS 10 & 11 BLK 12,6391.36,Mid Investment,No Clear Match,Low,No Clear Match,Unknown,Unknown,Unknown,Unknown,Unknown,Unknown,Unknown,Unknown,Unknown,"Property is not clearly near or tied to the development area based on available address, ZIP, and named-location evidence",Low,,Low,no_clear_match,Unknown,False
04025-93-15-00650,5790 E 26 ST S,Tulsa,OK,Unknown,LT 3 BLK 3,6416.85,Mid Investment,No Clear Match,Low,No Clear Match,Unknown,Unknown,Unknown,Unknown,Unknown,Unknown,Unknown,Unknown,Unknown,"Property is not clearly near or tied to the development area based on available address, ZIP, and named-location evidence",Low,,Low,no_clear_match,Unknown,False
45625-93-21-16710,3518 S SANDUSKY AV E,Tulsa,OK,Unknown,ALL LT 26 PT LT 27 BLK 7 BEG SELY COR LT27 TH,6474.68,Mid Investment,No Clear Match,Low,No Clear Match,Unknown,Unknown,Unknown,Unknown,Unknown,Unknown,Unknown,Unknown,Unknown,"Property is not clearly near or tied to the development area based on available address, ZIP, and named-location evidence",Low,,Low,no_clear_match,Unknown,False
23600-93-24-15470,8149 E 31 CT S,Tulsa,OK,Unknown,LOT-23-BLK-2,6496.28,Mid Investment,No Clear Match,Low,No Clear Match,Unknown,Unknown,Unknown,Unknown,Unknown,Unknown,Unknown,Unknown,Unknown,"Property is not clearly near or tied to the development area based on available address, ZIP, and named-location evidence",Low,,Low,no_clear_match,Unknown,False
61975-91-12-03150,908 E FOREST DR N,Sand Springs,OK,Unknown,LT 11 BLK 7,6681.26,Mid Investment,No Clear Match,Low,No Clear Match,Unknown,Unknown,Unknown,Unknown,Unknown,Unknown,Unknown,Unknown,Unknown,"Property is not clearly near or tied to the development area based on available address, ZIP, and named-location evidence",Low,,Low,no_clear_match,Unknown,False
24525-94-07-04110,1622 S 108 AV E,Tulsa,OK,Unknown,LT 25 BLK 13,6830.15,Mid Investment,No Clear Match,Low,No Clear Match,Unknown,Unknown,Unknown,Unknown,Unknown,Unknown,Unknown,Unknown,Unknown,"Property is not clearly near or tied to the development area based on available address, ZIP, and named-location evidence",Low,,Low,no_clear_match,Unknown,False
46000-93-30-11430,1558 E 41 ST S,Tulsa,OK,Unknown,LOT 7 BLK 1,7025.18,Mid Investment,No Clear Match,Low,No Clear Match,Unknown,Unknown,Unknown,Unknown,Unknown,Unknown,Unknown,Unknown,Unknown,"Property is not clearly near or tied to the development area based on available address, ZIP, and named-location evidence",Low,,Low,no_clear_match,Unknown,False
46525-94-05-05250,293 S 118 AV E,Tulsa,OK,Unknown,LT 17 BLK 13,7315.38,Mid Investment,No Clear Match,Low,No Clear Match,Unknown,Unknown,Unknown,Unknown,Unknown,Unknown,Unknown,Unknown,Unknown,"Property is not clearly near or tied to the development area based on available address, ZIP, and named-location evidence",Low,,Low,no_clear_match,Unknown,False
22350-93-31-06310,1608 E 54 ST S,Tulsa,OK,Unknown,LT 2 BLK 11,7464.7,Mid Investment,No Clear Match,Low,No Clear Match,Unknown,Unknown,Unknown,Unknown,Unknown,Unknown,Unknown,Unknown,Unknown,"Property is not clearly near or tied to the development area based on available address, ZIP, and named-location evidence",Low,,Low,no_clear_match,Unknown,False
85240-72-13-61990,14269 S QUINCE ST E,City Of Glenpool,OK,Unknown,LT 7 BLK 1,7677.9,Mid Investment,No Clear Match,Low,No Clear Match,Unknown,Unknown,Unknown,Unknown,Unknown,Unknown,Unknown,Unknown,Unknown,"Property is not clearly near or tied to the development area based on available address, ZIP, and named-location evidence",Low,,Low,no_clear_match,Unknown,False
43800-93-04-19590,512 S QUEBEC AV E,Tulsa,OK,Unknown,LT 3 BLK 3,7753.89,Mid Investment,No Clear Match,Low,No Clear Match,Unknown,Unknown,Unknown,Unknown,Unknown,Unknown,Unknown,Unknown,Unknown,"Property is not clearly near or tied to the development area based on available address, ZIP, and named-location evidence",Low,,Low,no_clear_match,Unknown,False
04375-92-12-00740,S BOSTON AV E,Tulsa,OK,Unknown,LT 22 BLK 1,5807.41,Mid Investment,No Clear Match,Low,Unknown,Unknown,Unknown,Unknown,Unknown,Unknown,Unknown,Unknown,Unknown,Unknown,Missing or unusable address and no useful ZIP or legal-description location evidence,Low,,Low,unknown,Unknown,False
10800-93-01-04840,49 S 85 AV E,Tulsa,OK,Unknown,S 99 LT 1 BLK 3,6504.01,Mid Investment,No Clear Match,Low,No Clear Match,Unknown,Unknown,Unknown,Unknown,Unknown,Unknown,Unknown,Unknown,Unknown,"Property is not clearly near or tied to the development area based on available address, ZIP, and named-location evidence",Low,,Low,no_clear_match,Unknown,False
45575-93-04-21370,234 S INDIANAPOLIS AV E,Tulsa,OK,Unknown,LT 8 BLK 12,6542.71,Mid Investment,No Clear Match,Low,No Clear Match,Unknown,Unknown,Unknown,Unknown,Unknown,Unknown,Unknown,Unknown,Unknown,"Property is not clearly near or tied to the development area based on available address, ZIP, and named-location evidence",Low,,Low,no_clear_match,Unknown,False
99301-93-01-11400,9201 E ADMIRAL CT N,Tulsa,OK,Unknown,PRT GOV LT 2 BEG 1545.15W NEC NE TH W108.35,6555.34,Mid Investment,No Clear Match,Low,No Clear Match,Unknown,Unknown,Unknown,Unknown,Unknown,Unknown,Unknown,Unknown,Unknown,"Property is not clearly near or tied to the development area based on available address, ZIP, and named-location evidence",Low,,Low,no_clear_match,Unknown,False
20300-92-03-06160,1704 W RECONCILIATION,Unknown,OK,Unknown,E 50' LTS 1 2 BLK 24 WY N,6557.34,Mid Investment,No Clear Match,Low,No Clear Match,Unknown,Unknown,Unknown,Unknown,Unknown,Unknown,Unknown,Unknown,Unknown,"Property is not clearly near or tied to the development area based on available address, ZIP, and named-location evidence",Low,,Low,no_clear_match,Unknown,False
17925-92-04-03930,328 S 46 AV W,Tulsa,OK,Unknown,LOT 6 BLK 6,6595.34,Mid Investment,No Clear Match,Low,No Clear Match,Unknown,Unknown,Unknown,Unknown,Unknown,Unknown,Unknown,Unknown,Unknown,"Property is not clearly near or tied to the development area based on available address, ZIP, and named-location evidence",Low,,Low,no_clear_match,Unknown,False
78540-84-14-02370,514 W QUINCY ST S,Broken Arrow,OK,Unknown,LT 1 BLK 3,6614.67,Mid Investment,No Clear Match,Low,No Clear Match,Unknown,Unknown,Unknown,Unknown,Unknown,Unknown,Unknown,Unknown,Unknown,"Property is not clearly near or tied to the development area based on available address, ZIP, and named-location evidence",Low,,Low,no_clear_match,Unknown,False
12425-92-04-02590,137 N 44 AV W,Tulsa,OK,Unknown,LT 13 BLK 7,6690.66,Mid Investment,No Clear Match,Low,No Clear Match,Unknown,Unknown,Unknown,Unknown,Unknown,Unknown,Unknown,Unknown,Unknown,"Property is not clearly near or tied to the development area based on available address, ZIP, and named-location evidence",Low,,Low,no_clear_match,Unknown,False
08150-94-08-00330,11524 E 15 ST S,Tulsa,OK,Unknown,LT 2 BLK 2,6800.65,Mid Investment,No Clear Match,Low,No Clear Match,Unknown,Unknown,Unknown,Unknown,Unknown,Unknown,Unknown,Unknown,Unknown,"Property is not clearly near or tied to the development area based on available address, ZIP, and named-location evidence",Low,,Low,no_clear_match,Unknown,False
12210-94-16-41680,13322 E 28 ST S,Tulsa,OK,Unknown,LT 19 BLK 2,6862.64,Mid Investment,No Clear Match,Low,No Clear Match,Unknown,Unknown,Unknown,Unknown,Unknown,Unknown,Unknown,Unknown,Unknown,"Property is not clearly near or tied to the development area based on available address, ZIP, and named-location evidence",Low,,Low,no_clear_match,Unknown,False
45350-94-06-08780,10623 E 4 ST S,Tulsa,OK,Unknown,LT 32 BK 8,6949.58,Mid Investment,No Clear Match,Low,No Clear Match,Unknown,Unknown,Unknown,Unknown,Unknown,Unknown,Unknown,Unknown,Unknown,"Property is not clearly near or tied to the development area based on available address, ZIP, and named-location evidence",Low,,Low,no_clear_match,Unknown,False
80610-84-11-13910,806 N CEDAR AV W,Broken Arrow,OK,Unknown,LTS 15 16 BLK 8,6953.43,Mid Investment,No Clear Match,Low,No Clear Match,Unknown,Unknown,Unknown,Unknown,Unknown,Unknown,Unknown,Unknown,Unknown,"Property is not clearly near or tied to the development area based on available address, ZIP, and named-location evidence",Low,,Low,no_clear_match,Unknown,False
36540-94-02-16310,16312 E 4 PL S,Tulsa,OK,Unknown,LT 28 BLK 24,6968.63,Mid Investment,No Clear Match,Low,No Clear Match,Unknown,Unknown,Unknown,Unknown,Unknown,Unknown,Unknown,Unknown,Unknown,"Property is not clearly near or tied to the development area based on available address, ZIP, and named-location evidence",Low,,Low,no_clear_match,Unknown,False
57490-90-30-41030,5009 S ROBERT E LEE TE,Unknown,OK,Unknown,PRT LT 8 BEG SWC TH E165 N165 NW212.25 W33 W,6993.39,Mid Investment,No Clear Match,Low,No Clear Match,Unknown,Unknown,Unknown,Unknown,Unknown,Unknown,Unknown,Unknown,Unknown,"Property is not clearly near or tied to the development area based on available address, ZIP, and named-location evidence",Low,,Low,no_clear_match,Unknown,False
12145-94-09-44920,1733 S 141 AV E,Tulsa,OK,Unknown,LT 8 BLK 13,7033.29,Mid Investment,No Clear Match,Low,No Clear Match,Unknown,Unknown,Unknown,Unknown,Unknown,Unknown,Unknown,Unknown,Unknown,"Property is not clearly near or tied to the development area based on available address, ZIP, and named-location evidence",Low,,Low,no_clear_match,Unknown,False
14175-03-33-03800,131 N MARION AV E,Tulsa,OK,Unknown,ALL OF LT 26 & S 25 OF LT 27 BLK 17,7064.62,Mid Investment,No Clear Match,Low,No Clear Match,Unknown,Unknown,Unknown,Unknown,Unknown,Unknown,Unknown,Unknown,Unknown,"Property is not clearly near or tied to the development area based on available address, ZIP, and named-location evidence",Low,,Low,no_clear_match,Unknown,False
16375-93-03-05080,5939 E 7 ST S,Tulsa,OK,Unknown,LT 10 BLK 3,7071.29,Mid Investment,No Clear Match,Low,No Clear Match,Unknown,Unknown,Unknown,Unknown,Unknown,Unknown,Unknown,Unknown,Unknown,"Property is not clearly near or tied to the development area based on available address, ZIP, and named-location evidence",Low,,Low,no_clear_match,Unknown,False
30800-93-07-13130,1716 S ST LOUIS AV E,Tulsa,OK,Unknown,LT 4 BLK 21,7119.92,Mid Investment,No Clear Match,Low,No Clear Match,Unknown,Unknown,Unknown,Unknown,Unknown,Unknown,Unknown,Unknown,Unknown,"Property is not clearly near or tied to the development area based on available address, ZIP, and named-location evidence",Low,,Low,no_clear_match,Unknown,False
61500-91-27-00840,4817 S NASSAU AV W,Sand Springs,OK,Unknown,LT 27 BLK 3,7162.16,Mid Investment,No Clear Match,Low,No Clear Match,Unknown,Unknown,Unknown,Unknown,Unknown,Unknown,Unknown,Unknown,Unknown,"Property is not clearly near or tied to the development area based on available address, ZIP, and named-location evidence",Low,,Low,no_clear_match,Unknown,False
85375-72-14-01945,42 W 142 ST S,City Of Glenpool,OK,Unknown,W65 LTS 18 19 & 20 BLK 6,7175.68,Mid Investment,No Clear Match,Low,No Clear Match,Unknown,Unknown,Unknown,Unknown,Unknown,Unknown,Unknown,Unknown,Unknown,"Property is not clearly near or tied to the development area based on available address, ZIP, and named-location evidence",Low,,Low,no_clear_match,Unknown,False
61940-91-27-37160,603 W 47 PL S,Sand Springs,OK,Unknown,LT 10 BLK 2,7258.08,Mid Investment,No Clear Match,Low,No Clear Match,Unknown,Unknown,Unknown,Unknown,Unknown,Unknown,Unknown,Unknown,Unknown,"Property is not clearly near or tied to the development area based on available address, ZIP, and named-location evidence",Low,,Low,no_clear_match,Unknown,False
46875-93-03-13050,5101 E 11 ST S,Tulsa,OK,Unknown,LOT 7 BLK 29,7273.93,Mid Investment,No Clear Match,Low,No Clear Match,Unknown,Unknown,Unknown,Unknown,Unknown,Unknown,Unknown,Unknown,Unknown,"Property is not clearly near or tied to the development area based on available address, ZIP, and named-location evidence",Low,,Low,no_clear_match,Unknown,False
20300-92-03-04570,1707 W EASTON PL N,Tulsa,OK,Unknown,LT 11 BLK 8,7303.81,Mid Investment,No Clear Match,Low,No Clear Match,Unknown,Unknown,Unknown,Unknown,Unknown,Unknown,Unknown,Unknown,Unknown,"Property is not clearly near or tied to the development area based on available address, ZIP, and named-location evidence",Low,,Low,no_clear_match,Unknown,False
17950-92-04-04930,134 S 42 AV W,Tulsa,OK,Unknown,LT 7 BLK 3,7308.6,Mid Investment,No Clear Match,Low,No Clear Match,Unknown,Unknown,Unknown,Unknown,Unknown,Unknown,Unknown,Unknown,Unknown,"Property is not clearly near or tied to the development area based on available address, ZIP, and named-location evidence",Low,,Low,no_clear_match,Unknown,False
23850-93-15-12810,4920 E 26 PL S,Tulsa,OK,Unknown,LT 17 BLK 4,7334.48,Mid Investment,No Clear Match,Low,No Clear Match,Unknown,Unknown,Unknown,Unknown,Unknown,Unknown,Unknown,Unknown,Unknown,"Property is not clearly near or tied to the development area based on available address, ZIP, and named-location evidence",Low,,Low,no_clear_match,Unknown,False
61000-14-31-00520,404 S BIRCH ST E,Owasso,OK,Unknown,ALL LT 1 & N10.8 LT 2 BLK 33,7416.81,Mid Investment,No Clear Match,Low,No Clear Match,Unknown,Unknown,Unknown,Unknown,Unknown,Unknown,Unknown,Unknown,Unknown,"Property is not clearly near or tied to the development area based on available address, ZIP, and named-location evidence",Low,,Low,no_clear_match,Unknown,False
90308-03-08-08590,2661 E 54 ST N,Tulsa,OK,Unknown,E/2 W/2 NE NW LESS E165 N264 THEREOF & LESS N50,7542.57,Mid Investment,No Clear Match,Low,No Clear Match,Unknown,Unknown,Unknown,Unknown,Unknown,Unknown,Unknown,Unknown,Unknown,"Property is not clearly near or tied to the development area based on available address, ZIP, and named-location evidence",Low,,Low,no_clear_match,Unknown,False
81210-84-15-63180,1657 S PINE AV W,Broken Arrow,OK,Unknown,LT 24 BLK 17,7554.54,Mid Investment,No Clear Match,Low,No Clear Match,Unknown,Unknown,Unknown,Unknown,Unknown,Unknown,Unknown,Unknown,Unknown,"Property is not clearly near or tied to the development area based on available address, ZIP, and named-location evidence",Low,,Low,no_clear_match,Unknown,False
18950-93-33-02280,4370 E 57 PL S,Tulsa,OK,Unknown,LT 3 BLK 13,7604.75,Mid Investment,No Clear Match,Low,No Clear Match,Unknown,Unknown,Unknown,Unknown,Unknown,Unknown,Unknown,Unknown,Unknown,"Property is not clearly near or tied to the development area based on available address, ZIP, and named-location evidence",Low,,Low,no_clear_match,Unknown,False
12145-94-09-42810,1532 S 140 AV E,Tulsa,OK,Unknown,LT 9 BLK 5,7605.9,Mid Investment,No Clear Match,Low,No Clear Match,Unknown,Unknown,Unknown,Unknown,Unknown,Unknown,Unknown,Unknown,Unknown,"Property is not clearly near or tied to the development area based on available address, ZIP, and named-location evidence",Low,,Low,no_clear_match,Unknown,False
38125-92-27-17970,4427 S ZENITH AV W,Tulsa,OK,Unknown,LT 7 BK 2,7627.9,Mid Investment,No Clear Match,Low,No Clear Match,Unknown,Unknown,Unknown,Unknown,Unknown,Unknown,Unknown,Unknown,Unknown,"Property is not clearly near or tied to the development area based on available address, ZIP, and named-location evidence",Low,,Low,no_clear_match,Unknown,False
78260-84-12-00420,212 N 10 ST E,Broken Arrow,OK,Unknown,LOT 14 BLK 4,7636.31,Mid Investment,No Clear Match,Low,No Clear Match,Unknown,Unknown,Unknown,Unknown,Unknown,Unknown,Unknown,Unknown,Unknown,"Property is not clearly near or tied to the development area based on available address, ZIP, and named-location evidence",Low,,Low,no_clear_match,Unknown,False
42675-93-02-15780,7453 E 3 ST S,Tulsa,OK,Unknown,LT 30 BLK 11,7843.21,Mid Investment,No Clear Match,Low,No Clear Match,Unknown,Unknown,Unknown,Unknown,Unknown,Unknown,Unknown,Unknown,Unknown,"Property is not clearly near or tied to the development area based on available address, ZIP, and named-location evidence",Low,,Low,no_clear_match,Unknown,False
74850-94-19-17270,10829 E 33 CT S,Tulsa,OK,Unknown,LT 27 BLK 3,7909.2,Mid Investment,No Clear Match,Low,No Clear Match,Unknown,Unknown,Unknown,Unknown,Unknown,Unknown,Unknown,Unknown,Unknown,"Property is not clearly near or tied to the development area based on available address, ZIP, and named-location evidence",Low,,Low,no_clear_match,Unknown,False
74955-94-20-02740,12427 E 32 PL S,Tulsa,OK,Unknown,LT 15 BLK 2,7945.87,Mid Investment,No Clear Match,Low,No Clear Match,Unknown,Unknown,Unknown,Unknown,Unknown,Unknown,Unknown,Unknown,Unknown,"Property is not clearly near or tied to the development area based on available address, ZIP, and named-location evidence",Low,,Low,no_clear_match,Unknown,False
07900-94-18-00140,2117 S 102 AV E,Tulsa,OK,Unknown,LT 14 BLK 1,7964.53,Mid Investment,No Clear Match,Low,No Clear Match,Unknown,Unknown,Unknown,Unknown,Unknown,Unknown,Unknown,Unknown,Unknown,"Property is not clearly near or tied to the development area based on available address, ZIP, and named-location evidence",Low,,Low,no_clear_match,Unknown,False
28725-92-34-02190,5609 S 30 AV W,Tulsa,OK,Unknown,LT 2 BLK 12,7966.53,Mid Investment,No Clear Match,Low,No Clear Match,Unknown,Unknown,Unknown,Unknown,Unknown,Unknown,Unknown,Unknown,Unknown,"Property is not clearly near or tied to the development area based on available address, ZIP, and named-location evidence",Low,,Low,no_clear_match,Unknown,False
49900-93-21-18650,3541 S NEW HAVEN AV E,Tulsa,OK,Unknown,LT 9 BLK 1,7966.97,Mid Investment,No Clear Match,Low,No Clear Match,Unknown,Unknown,Unknown,Unknown,Unknown,Unknown,Unknown,Unknown,Unknown,"Property is not clearly near or tied to the development area based on available address, ZIP, and named-location evidence",Low,,Low,no_clear_match,Unknown,False
58000-73-25-00270,8727 E 169 PL S,City Of Bixby,OK,Unknown,LT 11 BLK 1,7999.86,Mid Investment,No Clear Match,Low,No Clear Match,Unknown,Unknown,Unknown,Unknown,Unknown,Unknown,Unknown,Unknown,Unknown,"Property is not clearly near or tied to the development area based on available address, ZIP, and named-location evidence",Low,,Low,no_clear_match,Unknown,False
98210-82-10-15720,ADDRESS UNKNOWN,Tulsa,OK,Unknown,NW SE SE SW LESS E25 & LESS N174 THEREOF SEC,6599.34,Mid Investment,Unknown,Low,No Clear Match,Unknown,Unknown,Unknown,Unknown,Unknown,Unknown,Unknown,Unknown,Unknown,"Property is not clearly near or tied to the development area based on available address, ZIP, and named-location evidence",Low,,Low,no_clear_match,Unknown,False
19275-03-34-02810,4925 E OKLAHOMA ST N,Tulsa,OK,Unknown,LOT 11 BLK 3,5644.76,Mid Investment,No Clear Match,Low,No Clear Match,Unknown,Unknown,Unknown,Unknown,Unknown,Unknown,Unknown,Unknown,Unknown,"Property is not clearly near or tied to the development area based on available address, ZIP, and named-location evidence",Low,,Low,no_clear_match,Unknown,False
31125-92-27-17320,4107 S SOUTHWEST BV W,Tulsa,OK,Unknown,PRT LT 4 & ALL LT 5 & PRT LT 6 BEG SWC LT 4 TH ON,5774.08,Mid Investment,No Clear Match,Low,No Clear Match,Unknown,Unknown,Unknown,Unknown,Unknown,Unknown,Unknown,Unknown,Unknown,"Property is not clearly near or tied to the development area based on available address, ZIP, and named-location evidence",Low,,Low,no_clear_match,Unknown,False
11600-93-30-07650,1426 E 42 ST S,Tulsa,OK,Unknown,LT 3 BLK 2,5893.97,Mid Investment,No Clear Match,Low,No Clear Match,Unknown,Unknown,Unknown,Unknown,Unknown,Unknown,Unknown,Unknown,Unknown,"Property is not clearly near or tied to the development area based on available address, ZIP, and named-location evidence",Low,,Low,no_clear_match,Unknown,False
45350-94-06-07770,138 S 107 AV E,Tulsa,OK,Unknown,LT 15 BK 5,5972.06,Mid Investment,No Clear Match,Low,No Clear Match,Unknown,Unknown,Unknown,Unknown,Unknown,Unknown,Unknown,Unknown,Unknown,"Property is not clearly near or tied to the development area based on available address, ZIP, and named-location evidence",Low,,Low,no_clear_match,Unknown,False
38975-92-33-02620,3751 W 52 PL S,Tulsa,OK,Unknown,LOTS 22 23 BLK 4,6022.06,Mid Investment,No Clear Match,Low,No Clear Match,Unknown,Unknown,Unknown,Unknown,Unknown,Unknown,Unknown,Unknown,Unknown,"Property is not clearly near or tied to the development area based on available address, ZIP, and named-location evidence",Low,,Low,no_clear_match,Unknown,False
61400-14-30-07430,402 N CARLSBAD ST W,Owasso,OK,Unknown,LT 2 BLK 2,6083.84,Mid Investment,No Clear Match,Low,No Clear Match,Unknown,Unknown,Unknown,Unknown,Unknown,Unknown,Unknown,Unknown,Unknown,"Property is not clearly near or tied to the development area based on available address, ZIP, and named-location evidence",Low,,Low,no_clear_match,Unknown,False
36525-94-02-00450,142 S 169 AV E,Tulsa,OK,Unknown,LT 15 BLK 2,6294.01,Mid Investment,No Clear Match,Low,No Clear Match,Unknown,Unknown,Unknown,Unknown,Unknown,Unknown,Unknown,Unknown,Unknown,"Property is not clearly near or tied to the development area based on available address, ZIP, and named-location evidence",Low,,Low,no_clear_match,Unknown,False
61375-14-30-06240,901 N ELM ST E,Owasso,OK,Unknown,LT 11 BLK 1,6394.3,Mid Investment,No Clear Match,Low,No Clear Match,Unknown,Unknown,Unknown,Unknown,Unknown,Unknown,Unknown,Unknown,Unknown,"Property is not clearly near or tied to the development area based on available address, ZIP, and named-location evidence",Low,,Low,no_clear_match,Unknown,False
26275-93-09-07670,4004 E 11 ST S,Tulsa,OK,Unknown,LT-5-BLK-1,7361.93,Mid Investment,No Clear Match,Low,No Clear Match,Unknown,Unknown,Unknown,Unknown,Unknown,Unknown,Unknown,Unknown,Unknown,"Property is not clearly near or tied to the development area based on available address, ZIP, and named-location evidence",Low,,Low,no_clear_match,Unknown,False
97328-73-28-61960,4621 E 171 ST S,Unknown,OK,Unknown,W/2 E/2 SW SE SE SEC 28 17 13 2.5AC TULSA COUNTY,6008.44,Mid Investment,No Clear Match,Invalid Weak Match,No Clear Match,Unknown,Unknown,Unknown,Unknown,Unknown,Unknown,Unknown,Unknown,Unknown,"Property is not clearly near or tied to the development area based on available address, ZIP, and named-location evidence",Low,,Low,no_clear_match,Unknown,False
55980-74-05-47490,12606 S 119 AV E,Unknown,OK,Unknown,LOT 9 BLK 1 TULSA COUNTY,6518.27,Mid Investment,No Clear Match,Invalid Weak Match,No Clear Match,Unknown,Unknown,Unknown,Unknown,Unknown,Unknown,Unknown,Unknown,Unknown,"Property is not clearly near or tied to the development area based on available address, ZIP, and named-location evidence",Low,,Low,no_clear_match,Unknown,False
54425-02-02-04980,405 W 58 ST N,Unknown,OK,Unknown,LT 6 BLK 2 TULSA COUNTY MH NOT INCLUDED,6819.31,Mid Investment,No Clear Match,Invalid Weak Match,No Clear Match,Unknown,Unknown,Unknown,Unknown,Unknown,Unknown,Unknown,Unknown,Unknown,"Property is not clearly near or tied to the development area based on available address, ZIP, and named-location evidence",Low,,Low,no_clear_match,Unknown,False
57320-14-33-14860,7536 N 145 AV E,Unknown,OK,Unknown,LTS 9 & 10 BLK 1 TULSA COUNTY MH NOT INCLUDED,5515.42,Mid Investment,No Clear Match,Invalid Weak Match,No Clear Match,Unknown,Unknown,Unknown,Unknown,Unknown,Unknown,Unknown,Unknown,Unknown,"Property is not clearly near or tied to the development area based on available address, ZIP, and named-location evidence",Low,,Low,no_clear_match,Unknown,False
54375-02-01-07910,1148 E 60 ST N,Unknown,OK,Unknown,LTS 1 THRU 5 BLK 6 TULSA COUNTY,6907.12,Mid Investment,No Clear Match,Invalid Weak Match,No Clear Match,Unknown,Unknown,Unknown,Unknown,Unknown,Unknown,Unknown,Unknown,Unknown,"Property is not clearly near or tied to the development area based on available address, ZIP, and named-location evidence",Low,,Low,no_clear_match,Unknown,False
55200-91-10-03090,501 N RIDGE DR W,Unknown,OK,Unknown,N120.35' LOT-9-BLK-19 TULSA COUNTY,7556.8,Mid Investment,No Clear Match,Invalid Weak Match,No Clear Match,Unknown,Unknown,Unknown,Unknown,Unknown,Unknown,Unknown,Unknown,Unknown,"Property is not clearly near or tied to the development area based on available address, ZIP, and named-location evidence",Low,,Low,no_clear_match,Unknown,False
57845-73-14-53600,14750 S GRANT ST W,City Of Bixby,OK,Unknown,LT 10 BLK 1,6144.71,Bad Investment,No Clear Match,Low,No Clear Match,Unknown,Unknown,Unknown,Unknown,Unknown,Unknown,Unknown,Unknown,Unknown,"Property is not clearly near or tied to the development area based on available address, ZIP, and named-location evidence",Low,,Low,no_clear_match,Unknown,False
37425-04-21-00950,E APACHE ST N,Tulsa,OK,Unknown,BLK 1,7347.26,Bad Investment,No Clear Match,Low,Unknown,Unknown,Unknown,Unknown,Unknown,Unknown,Unknown,Unknown,Unknown,Unknown,Missing or unusable address and no useful ZIP or legal-description location evidence,Low,,Low,unknown,Unknown,False
55200-91-10-01250,904 N INDUSTRIAL AV W,Unknown,OK,Unknown,LOT-2-BLK-9 TULSA COUNTY,3714.51,Bad Investment,No Clear Match,Invalid Weak Match,Possible Match,Fair Oaks Innovation Park,Meta Tulsa Data Center at Fair Oaks Innovation Park,Industrial/Data Center,High,Meta Breaks Ground on New $1 Billion Data Center in Tulsa - PartnerTulsa,https://partnertulsa.org/meta-breaks-ground-on-new-1-billion-data-center-in-tulsa/,"Meta broke ground on a more than $1 billion data center in East Tulsa at Fair Oaks Innovation Park, with more than $25 million in local infrastructure improvements and major industrial investment momentum.",East Tulsa industrial corridor,Fair Oaks; East Tulsa; industrial park,Partial named corridor overlap without verified proximity: INDUSTRIAL,Medium,,High,corridor_only,"Meta Tulsa Data Center at Fair Oaks Innovation Park, Tulsa, Oklahoma",False
