parcel_id,final_ai_review_score,final_investment_category,final_manual_review_flag,final_recommendation,final_development_opportunity_flag,final_development_opportunity_reason,final_reasoning_summary,final_key_risks,final_missing_information,final_next_due_diligence_step,final_confidence_level
92224-22-24-13020,7.7,Mid Investment,True,Watch,True,"Possible but unverified upside: the parcel at 15100 N PEORIA AV has a Possible Match to the Tulsa Market District / NOMA residential hub based on partial corridor name overlap (PEORIA), with high development-match confidence but no verified distance or proximity.","The property at 15100 N PEORIA AV (parcel 92224-22-24-13020) has a low bid cost of 3059.81 and strong property clarity and address quality, producing a strong manual review score of 7.7 with high overall data confidence. The development signal is only a Possible Match to the Tulsa Market District / NOMA residential hub, based on corridor-name overlap without confirmed proximity, so it suggests potential but not confirmed upside. ZIP and precise location remain unknown due to failed geocoding, which limits certainty and keeps this in the Mid Investment category rather than Good Investment.",Unknown ZIP and failed geocoding prevent precise location and proximity analysis; development linkage to Tulsa Market District / NOMA is not distance-verified; owner name and city are unknown; crime risk is unknown.,Exact geocoded location and ZIP code; verified distance to the Tulsa Market District / NOMA area; surrounding land use and comparable values; confirmation of current improvements for A HS IMP; title and lien status beyond tax auction.,"Manually geolocate 15100 N PEORIA AV, confirm the exact parcel boundaries and ZIP, and then measure distance and connectivity to the Tulsa Market District / NOMA corridor to validate whether the Possible Match development signal represents real, localizable upside.",High
11000-83-06-00270,6.9,Mid Investment,True,Watch,False,nan,"Parcel 11000-83-06-00270 at 1394 E 66 PL S shows a relatively low bid cost of 3946.95 and clear residential-improvement classification (R HS IMP), with High extraction and geocode data confidence. The corrected development match status is No Clear Match despite an initial possible corridor overlap with the Tulsa Market District / NOMA area, so development is not counted as a positive signal. Given the Strong Manual Review Candidate rule-based score of 6.9 and solid address/property clarity but unknown ZIP and surrounding value, this is a mid-tier prospect that warrants deeper manual review rather than an automatic buy.","ZIP unknown; surrounding value signal unknown; development upside not verified due to No Clear Match status; owner listed as Unknown, which may complicate title or notification history.",Exact ZIP code; current market value and comps for this block; condition of existing residential improvements; neighborhood crime and demand indicators; any liens or encumbrances beyond the tax auction; confirmation of proximity to any active redevelopment zones.,"Manually confirm the precise ZIP and neighborhood context, pull recent comparable sales and assessed values around 1394 E 66 PL S, and obtain a title report to check for additional liens or issues before considering a bid at or above 3946.95.",High
91236-12-36-50430,6.5,Mid Investment,True,Watch,False,nan,"The rule-based score of 6.5 and category Strong Manual Review Candidate indicate this parcel merits further review. Property data quality is high: parcel_id 91236-12-36-50430, address 6834 N PEORIA AV E, property type C IMP, and high extraction and geocode confidence. The bid cost of 4220.53 is moderate for a commercial-improvement asset, supporting potential value if fundamentals check out. However, the development match to the Tulsa Market District / NOMA residential hub was downgraded to No Clear Match due to 7.32-mile distance and only partial corridor name overlap, so no verified development upside can be counted. Surrounding value and crime risk are unknown, and ZIP is missing, which adds uncertainty and keeps this at a Mid Investment profile rather than Good Investment.",ZIP and surrounding value context unknown; crime risk estimate unknown; development upside not verified (No Clear Match despite initial corridor-based association); commercial use specifics and condition of improvements unknown; tax-auction status may imply title or lien complexities.,"Exact ZIP code; detailed land and building characteristics (size, age, condition, current use); zoning and allowable uses; surrounding property values and market rents; local crime and nuisance indicators; any environmental or right-of-way constraints beyond the noted RR R/W carve-out; confirmation of access and utilities.","Manually verify zoning and current use for 6834 N PEORIA AV E, then pull county assessor and GIS records to confirm building details, surrounding sales/values, and any encumbrances or right-of-way impacts; only after that should a more precise valuation versus the 4220.53 bid cost be made.",High
90329-03-29-41780,5.7,Mid Investment,True,Watch,False,nan,"Parcel 90329-03-29-41780 at 1504 N HARVARD AV E has a bid cost of 6614.00 and strong, high-confidence property data (extraction confidence High, geocode confidence High) with clear commercial improvement classification (C IMP). The corrected development match status is No Clear Match, so the Tulsa Market District / NOMA reference is not counted as verified upside. With a rule-based score of 5.7 (Mid Investment) and key uncertainties like unknown ZIP and unverified development benefit, this warrants manual review rather than a definitive investment judgment.","ZIP unknown; development upside not verified (corrected match No Clear Match); surrounding value and crime risk unknown; commercial improvement details (size, condition, use) not provided.",Exact ZIP code; building size and condition; current or prior use of the C IMP structure; zoning details; surrounding property values and market rents; crime and neighborhood stability indicators; any liens or title complications beyond tax status.,"Manually confirm zoning and building characteristics for 1504 N HARVARD AV E with Tulsa County records, then verify neighborhood comps and any concrete linkage to the Tulsa Market District / NOMA area before valuing the 6614.00 bid.",High
91236-12-36-47530,5.7,Mid Investment,True,Watch,False,nan,"Parcel 91236-12-36-47530 at 7002 N PEORIA AV E has clear address and property data (C IMP, strong clarity, high extraction and geocode confidence) and a modest bid cost of 7624.18, yielding a mid investment score of 5.7. However, the Tulsa Market District / NOMA development link was downgraded to No Clear Match due to distance and only partial corridor name overlap, so there is no confirmed development-driven upside. The combination of reasonable bid cost, clear parcel data, and unverified development potential makes this a candidate for deeper manual review rather than an automatic buy.",ZIP unknown; development upside not verified due to No Clear Match status; surrounding value and crime risk are unknown.,Exact ZIP code; detailed property characteristics beyond type C IMP; surrounding property value context; crime and neighborhood risk indicators; confirmation of any local development activity specifically affecting this parcel.,"Manually confirm parcel location and ZIP, obtain county assessor details on improvements and current use for 91236-12-36-47530, and review local planning or zoning records to see if any concrete projects or corridor plans directly impact 7002 N PEORIA AV E.",High
10175-93-02-01530,6.5,Mid Investment,True,Watch,False,nan,"Parcel 10175-93-02-01530 at 444 S 66 AV E has a bid cost of 5366.03 and is classified as R HS IMP with strong property clarity and complete address data. The corrected development match status is No Clear Match despite an initial possible association with the Tulsa Market District / NOMA residential hub, so development is not counted as a positive signal. Overall data and extraction confidence are High, supporting a Mid Investment classification and a Strong Manual Review Candidate flag for deeper due diligence.",ZIP unknown; development upside not verified; surrounding value and crime risk unknown.,"Exact ZIP code, surrounding property value context, crime risk, and any on-site condition details are not provided.","Manually confirm the precise location and ZIP, inspect recent sales or assessed values for nearby residential improved parcels, and verify any actual linkage or lack thereof to the Tulsa Market District / NOMA area before bidding.",High
44650-92-04-13070,6.9,Mid Investment,True,Watch,False,nan,"The rule-based score of 6.9 and category Strong Manual Review Candidate indicate this parcel merits further investigation. The bid cost of 3183.01 is relatively low for a residential improved (R HS IMP) property, and the address 4805 W ARCHER ST N has complete, high-confidence geocoding, supporting basic clarity of the asset. However, the development match to the Greenwood District was downgraded to No Clear Match after distance verification (3.36 miles), so no confirmed development-driven upside is available. With high overall data confidence but unknown ZIP and unverified surrounding value, the property fits a Mid Investment profile pending manual due diligence.",ZIP unknown; no verified development linkage to Greenwood District; surrounding value signal unknown; crime risk unknown; development upside not verified despite initial corridor name overlap.,Exact ZIP code; current physical condition of improvements; occupancy status; surrounding property values and comps; local crime and neighborhood stability indicators; any code violations or liens beyond tax status; zoning details and permitted uses for R HS IMP classification.,"Manually confirm the full mailing address including ZIP and zoning details for parcel 44650-92-04-13070, then pull county records and recent nearby sales to assess structure condition, occupancy, and neighborhood value trends before deciding bid limits.",High
53450-02-01-01960,6.5,Mid Investment,True,Watch,False,nan,"Parcel 53450-02-01-01960 at 5602 N PEORIA AV E has a bid cost of 4526.74 and is classified as C IMP with high extraction and geocode data confidence, yielding a rule-based score of 6.5 and a Strong Manual Review Candidate category. However, the corrected development match status is No Clear Match despite an initial possible corridor overlap with the Tulsa Market District / NOMA area, so development is not counted as verified upside.",ZIP and city are unknown; development upside is not verified (No Clear Match); surrounding value and crime risk are unknown; owner name is unknown.,"Exact ZIP and city; detailed property characteristics (size, condition, use); surrounding market values; crime and neighborhood risk indicators; confirmation of any nearby or related development activity.","Manually confirm the precise location and ZIP for 5602 N PEORIA AV E, then pull county records and mapping data to verify property characteristics and neighborhood context, and independently check for any concrete, nearby development plans beyond the unconfirmed Tulsa Market District / NOMA reference.",High
43775-93-05-22530,7.3,Mid Investment,True,Watch,True,"There is a High-confidence but only Possible Match to the Tulsa Market District / NOMA residential hub, with an estimated distance of about 2.08 miles and no verified proximity, so development is a moderate upside signal but not confirmed.","Parcel 43775-93-05-22530 at 208 S HARVARD AV E has a bid cost of 5098.15, clear R IMP property type, and High extraction/data confidence, supporting reliable basic screening. The development match to the Tulsa Market District / NOMA residential hub is classified as a High-confidence but only Possible Match (no distance-verified match at ~2.08 miles), so it offers medium, not strong, upside. The rule-based score of 7.3 and Strong Manual Review Candidate category, combined with complete address quality but unknown ZIP, justify a Mid Investment classification that warrants deeper manual review rather than an automatic purchase decision.","ZIP code unknown; development area only a Possible Match with no verified proximity; owner name unknown; tax-auction status may imply title, lien, or condition issues not visible in current data.","Exact ZIP code; detailed property characteristics (square footage, year built, condition); current market value and comps; title status and liens; zoning specifics; confirmation of actual proximity and linkage to the Tulsa Market District / NOMA residential hub.","Obtain a full title and lien report, confirm zoning and allowed uses for LT 5 BLK 11 at 208 S HARVARD AV E, and use mapping/GIS to verify true proximity and functional connection to the Tulsa Market District / NOMA residential hub before bidding.",High
13800-02-12-02160,6.9,Mid Investment,True,Watch,False,nan,"The rule-based score of 6.9 and category Strong Manual Review Candidate indicate this parcel merits further investigation. The bid cost of 3086.51 is relatively low for a residential improved property (R HS IMP), and the address at 4726 N FRANKFORT AV E has complete address quality and strong property clarity, with high overall data confidence. However, the development verification shows No Clear Match with low confidence, so there is no confirmed development-driven upside. Geocode confidence is only Medium and the ZIP is unknown, adding some location uncertainty. These factors support a Mid Investment classification that warrants manual review but not an automatic buy signal.","ZIP unknown; no verified development upside (No Clear Match, low confidence); only Medium geocode confidence; owner name unknown; surrounding value and crime risk are both Unknown.",Exact ZIP code; more precise location context (neighborhood and surroundings); current condition of improvements; market value and comps; title/encumbrance status; detailed crime and surrounding value data; confirmation of any nearby development not captured in current matching.,"Manually verify the precise location and ZIP for 4726 N FRANKFORT AV E, confirm parcel characteristics and improvement condition with county records or imagery, and pull recent comparable sales and assessed values to determine whether the 3086.51 bid cost offers sufficient margin given the absence of verified development upside.",High
37650-02-12-04530,6.9,Strong Manual Review Candidate,True,Research First,False,nan,"The rule-based score of 6.9 and category Strong Manual Review Candidate reflect a relatively attractive bid cost of 3271.21 for a residential improvement (R IMP) parcel at 868 E 52 PL N, supported by complete address quality, strong property clarity, and high overall data confidence. However, the development verification shows No Clear Match with low confidence and no distance-based confirmation, so development is not a positive factor. These mixed signals support manual review rather than an automatic buy or rejection.",ZIP is unknown; no verified development or surrounding value signal; crime risk is unknown; geocode confidence is only medium.,Exact ZIP code; any verified nearby development or value comps; crime and neighborhood risk indicators; detailed property condition and improvement specifics beyond R IMP classification.,"Manually confirm the full address and ZIP for 868 E 52 PL N, then check local records or mapping tools for surrounding property values, neighborhood conditions, and any nearby development activity before refining the bid strategy.",High
38575-03-28-12560,6.9,Strong Manual Review Candidate,True,Research First,False,nan,"Parcel 38575-03-28-12560 at 2443 N VANDALIA AV E, Tulsa, has a bid cost of 3480.31 with complete address data, strong property clarity, and high overall data confidence. Rule-based scoring (6.9) classifies it as a Strong Manual Review Candidate. However, development verification shows No Clear Match with low confidence, so no verified development upside is counted.",ZIP is unknown; no verified nearby development or clear external value drivers; crime and surrounding value signals are unknown.,Exact ZIP code; surrounding property value context; crime risk; detailed property condition and improvements; confirmation of local market demand at this address.,"Manually confirm the precise ZIP and neighborhood context, then check local sales/assessed values and any municipal records for this lot and block to validate that the low bid cost aligns with acceptable risk and marketability.",High
40850-02-12-06130,6.9,Mid Investment,True,Watch,False,nan,"The property at 641 E 50 ST N (parcel 40850-02-12-06130) is a residential improvement (R IMP) with strong property clarity, complete address, and high data confidence. The bid cost of 3005.03 is flagged as a strong positive signal, and the rule-based system assigns a 6.9 score and labels it a Strong Manual Review Candidate. However, development verification shows No Clear Match with low confidence, so no external development upside is confirmed. Given the combination of low entry cost, solid data quality, and lack of verified development catalysts, it fits a Mid Investment profile that warrants deeper manual review rather than an automatic buy.","Unknown ZIP; no verified development match or surrounding value signal; crime risk and surrounding value are both unknown, limiting context for valuation and risk assessment.",Exact ZIP code; surrounding value indicators; crime risk estimate; any verified nearby development or infrastructure projects; detailed property condition and occupancy status.,"Manually confirm the precise ZIP and neighborhood context for 641 E 50 ST N, then pull local sales/assessed values and any known nearby projects to validate value and risk before bidding above the minimum.",High
34300-03-32-15230,6.9,Strong Manual Review Candidate,True,Research First,False,nan,"Parcel 34300-03-32-15230 at 135 N COLUMBIA AV E in Tulsa shows a bid cost of 3005.69 and a rule-based score of 6.9, driven by complete address quality and strong property clarity with high extraction/data confidence. However, the development match status is No Clear Match with low development confidence, so no verified development upside is included in the assessment.","ZIP is unknown; no verified development linkage (No Clear Match, low development confidence); surrounding value and crime risk are both unknown; geocode confidence is only Medium, which may affect precise location and comp analysis.","Exact ZIP code; surrounding property value context; crime/safety profile; detailed property characteristics (size, condition, zoning specifics); confirmation of precise geolocation and neighborhood quality.","Manually confirm the exact location and ZIP, pull local sales and rent comps around 135 N COLUMBIA AV E, verify zoning and property characteristics for LT 24 BLK 4, and check local market and crime data before deciding whether the 3005.69 bid level is attractive.",High
29675-03-07-09890,6.9,Strong Manual Review Candidate,True,Research First,False,nan,"Parcel 29675-03-07-09890 at 2017 E 49 ST N, Tulsa, OK has a bid cost of 3010.10 and is classified as R IMP with complete address and strong property clarity. Rule-based scoring (6.9) and high data confidence support it as a strong manual review candidate. However, development verification shows no clear match and low confidence, so no development premium is assumed.",ZIP is unknown; no verified nearby development or project tie-in; geocode confidence only medium; development upside not verified.,Exact ZIP code; more precise neighborhood and market context; confirmation of surrounding property values and crime risk; any known local development plans or infrastructure projects.,"Manually confirm the exact ZIP and neighborhood context for 2017 E 49 ST N, verify recent comparable values and basic risk indicators (including crime and vacancy), and check local planning or news sources for any unverified development or infrastructure activity near the parcel.",High
41025-02-01-06220,6.9,Mid Investment,True,Watch,False,nan,"The parcel at 5914 N ELGIN AV E, Tulsa (Parcel ID 41025-02-01-06220) has high extraction and data confidence, complete address quality, and strong property clarity, supporting the rule-based score of 6.9 and a Strong Manual Review Candidate classification. The bid cost of 3015.03 is flagged as a strong price signal, suggesting potentially favorable entry cost. However, the development verification shows no clear match and low confidence, so no development premium should be assumed. Overall, this supports a Mid Investment category that warrants deeper manual review rather than an automatic pass or buy.","ZIP is unknown, limiting precise location and comp analysis; development upside is not verified; surrounding value and crime risk are both unknown, increasing uncertainty around long-term value and exit potential.",Exact ZIP code; surrounding property value context; crime risk profile; any confirmed nearby development projects; detailed property condition and use specifics beyond the R IMP classification.,"Manually confirm the exact ZIP and neighborhood context for 5914 N ELGIN AV E, then pull surrounding sales/value indicators and basic condition information to validate whether the low bid cost of 3015.03 aligns with local market levels and risk.",High
34300-03-32-14790,6.9,Mid Investment,True,Watch,False,nan,"Parcel 34300-03-32-14790 at 124 N DELAWARE AV E, Tulsa, is a residential house (R HS IMP) with a low bid cost of 3029.62. Rule-based scoring (6.9) and category 'Strong Manual Review Candidate' indicate solid basic data: complete address, strong property clarity, medium geocode confidence, and high overall data confidence. However, the development verification shows no clear match and low confidence, so no confirmed external upside. This combination supports a mid-tier investment classification that warrants deeper manual review rather than an automatic buy.",ZIP is unknown; no verified development match or distance-based upside; surrounding value and crime risk are unknown; reliance on rule-based signals without corroborating market context.,Exact ZIP code; surrounding property value context; crime risk; physical condition of the house; occupancy status; title issues or liens beyond tax status; local zoning or code enforcement concerns.,"Manually confirm the precise location and ZIP, then pull local comparables and any available condition/occupancy data for 124 N DELAWARE AV E to validate that the low bid cost aligns with realistic resale or rental potential.",High
29775-02-26-04910,6.9,Strong Manual Review Candidate,True,Research First,False,nan,"Parcel 29775-02-26-04910 at 2220 N DENVER BV W has a low bid cost of 3047.69 and is tagged as R IMP with strong property clarity and complete address, but the development match status is No Clear Match with low confidence and overall data/extraction confidence is High, leading to a conservative score of 6.9 and a Strong Manual Review Candidate classification rather than a confirmed good investment.",ZIP is unknown; no verified development proximity or upside; only medium geocode confidence; surrounding value and crime risk are unknown.,Exact ZIP code; detailed surrounding market values; crime risk profile; property condition and occupancy; title issues or liens beyond tax status; zoning and allowable uses.,"Manually confirm the precise location and ZIP for 2220 N DENVER BV W, then pull local sales/assessed values and zoning/condition data to validate whether the low bid cost of 3047.69 aligns with realistic resale or rental potential.",High
41025-02-01-04500,6.9,Strong Manual Review Candidate,True,Research First,False,nan,"The parcel at 537 E 59 PL N, Tulsa (ID 41025-02-01-04500) has a bid cost of 3047.69, strong property clarity, complete address, and high overall data confidence, which together yield a rule-based score of 6.9 and classification as a Strong Manual Review Candidate. However, development matching shows no clear match and low confidence, so no external upside is verified.",ZIP is unknown; no verified development or area-upside signal; surrounding value and crime risk are unknown.,Exact ZIP code; surrounding property value context; crime/safety profile; physical condition of improvements; occupancy status; title and lien status beyond tax auction; local market rent/sale comps.,"Manually confirm the precise ZIP and neighborhood context, then pull local sales/rent comps and any available condition/occupancy data for 537 E 59 PL N to validate whether the low bid cost aligns with realistic resale or rental potential.",High
26725-02-25-17680,6.9,Strong Manual Review Candidate,True,Research First,False,nan,"The parcel at 412 E UTE ST N (Parcel 26725-02-25-17680) has a low bid cost of 3047.69, strong property clarity, complete address, and high overall data confidence, which together yield a rule-based score of 6.9 and justify manual review. However, the development verification shows No Clear Match with low confidence, and the ZIP is unknown, so there is no confirmed development catalyst and some location uncertainty.","ZIP unknown; no verified nearby development; surrounding value and crime risk are both unknown, increasing uncertainty about neighborhood quality and resale/rental potential.",Exact ZIP code; clearer neighborhood context and surrounding value; crime risk; any confirmed nearby development or infrastructure projects.,"Manually confirm the precise location and ZIP for 412 E UTE ST N, then check local market comps and neighborhood conditions to determine whether the low bid cost aligns with typical land or improvement values in that immediate area.",High
44200-02-11-04390,6.9,Strong Manual Review Candidate,True,Research First,False,nan,"Parcel 44200-02-11-04390 at 4696 N BOULDER AV W in Tulsa has high data confidence, complete address quality, and strong property clarity, supporting the rule-based score of 6.9 and a Strong Manual Review Candidate classification. The bid cost of 3075.02 is flagged as a strong signal, but the development verification shows No Clear Match with low confidence, so no development premium is applied. Overall, the property merits manual review but not automatic elevation based on development.","ZIP is unknown; development upside is not verified (No Clear Match, low confidence); surrounding value and crime risk are both unknown, increasing uncertainty around neighborhood context.",Exact ZIP code; surrounding property value context; crime risk; any confirmed nearby development projects or area improvements; on-the-ground condition and use details for this R IMP property.,"Manually confirm the precise location and ZIP for 4696 N BOULDER AV W, then pull surrounding sales/value and neighborhood risk indicators to validate whether the low bid cost of 3075.02 aligns with local market conditions before considering further investment analysis.",High
47700-02-26-09610,6.9,Mid Investment,True,Watch,False,nan,"Parcel 47700-02-26-09610 at 2525 N MAIN ST E in Tulsa has a low bid cost of 3082.54, strong property clarity (R HS IMP) and complete address data, and high overall data confidence. Rule-based scoring labels it a Strong Manual Review Candidate with a conservative score of 6.9. However, the development match is No Clear Match with low confidence and no distance-based confirmation, so no external project upside is verified. These factors support a Mid Investment classification that warrants deeper manual review rather than an automatic buy.","ZIP is unknown; no verified nearby development or project-based upside; geocode confidence only Medium; reliance on tax-auction data without confirmation of condition, title status, or surrounding values.",Exact ZIP code; confirmation of precise location and surroundings; current property condition; title and lien status beyond tax auction; local market value and rent/sale comps; crime and neighborhood risk indicators.,"Manually confirm the exact parcel location and ZIP via county GIS or assessor records, then pull recent sales/assessed values and any building/permit history for 2525 N MAIN ST E to validate that the low bid cost aligns with realistic resale or income potential.",High
36090-03-08-00970,6.9,Mid Investment,True,Watch,False,nan,"The parcel at 4721 N BIRMINGHAM PL E (Parcel 36090-03-08-00970) has high data confidence, complete address, and strong property clarity, with a relatively low bid cost of 3087.69. Rule-based scoring labels it a Strong Manual Review Candidate with a conservative score of 6.9. However, development verification shows no clear match and low confidence, so no development-driven upside is confirmed. This combination supports a mid investment classification that warrants manual review but not an automatic buy signal.","ZIP is unknown; no verified development match or surrounding value signal; crime risk and surrounding value are unknown; development confidence is low, so upside from nearby projects is unproven.",Exact ZIP code; surrounding value indicators; crime risk estimate; any confirmed nearby development or redevelopment plans; property condition and occupancy status.,"Manually confirm the precise ZIP and neighborhood context for 4721 N BIRMINGHAM PL E, then investigate local comps, crime and demand indicators, and any independent evidence of nearby development or infrastructure improvements before bidding.",High
34750-02-26-08160,6.9,Strong Manual Review Candidate,True,Research First,False,nan,"Parcel 34750-02-26-08160 at 2507 N MAIN ST E in Tulsa has a low bid cost of 3097.02 and strong property/address clarity, with overall data and extraction confidence rated High. However, the development match status is No Clear Match with low confidence, so no development upside is verified. Given the rule-based score of 6.9 and Medium geocode confidence, this is a Strong Manual Review Candidate rather than a confirmed good investment.","ZIP is unknown; development upside is not verified (No Clear Match, low confidence); surrounding value and crime risk are unknown.",Exact ZIP code; any verified nearby development or redevelopment plans; surrounding property value context; crime and neighborhood risk indicators; more detailed legal description/lot dimensions and current use condition.,"Manually confirm the full mailing/ZIP address and parcel boundaries with county records, then check local planning, zoning, and market data around 2507 N MAIN ST E to assess surrounding values and any real (but currently unverified) development or redevelopment activity.",High
19725-03-30-11560,6.9,Mid Investment,True,Watch,False,nan,"Parcel 19725-03-30-11560 at 1743 E YOUNG PL N, Tulsa, has high data confidence, complete address, and strong property clarity, with a relatively low bid cost of 3098.35. Rule-based scoring labels it a Strong Manual Review Candidate with a conservative score of 6.9. However, development verification shows No Clear Match and low confidence, so there is no confirmed development-driven upside. These mixed signals support a mid-level investment classification that warrants manual review but not an automatic buy.",ZIP is unknown; no verified development proximity or upside; geocode confidence only medium; surrounding value and crime risk are unknown.,Exact ZIP code; detailed neighborhood and surrounding value context; crime risk; property condition and occupancy status; any liens or title complications beyond tax status.,"Manually confirm the precise location and ZIP, then pull local comps and neighborhood data for 1743 E YOUNG PL N, and check county records for title, liens, and property condition before bidding.",High
78810-84-11-09860,6.9,Mid Investment,True,Watch,False,nan,"Parcel 78810-84-11-09860 at 514 E DALLAS ST S, Broken Arrow, shows a bid cost of 3103.20 and is classified as R HS IMP with strong property clarity and complete address, while the development match status is No Clear Match with low confidence and overall data/extraction confidence is High, resulting in a Strong Manual Review Candidate but not a confirmed good investment.","ZIP is unknown; no verified development upside (No Clear Match, low development confidence); surrounding value and crime risk are unknown; title, liens, and physical condition are unverified.",Exact ZIP code; surrounding property value context; crime/safety indicators; current market value and rent potential; title report and lien status; occupancy and physical condition details.,"Manually confirm the precise location and ZIP, pull county records for assessed value and any liens, and compare the 3103.20 bid cost to recent sales or assessed values for similar R HS IMP parcels on E DALLAS ST S in Broken Arrow to determine value coverage and risk.",High
23175-03-30-13610,6.9,Strong Manual Review Candidate,True,Research First,False,nan,"Parcel 23175-03-30-13610 at 2526 N QUAKER AV E, Tulsa, has a bid cost of 3115.02 and is classified as R IMP with strong property clarity, complete address, and high overall data confidence. Rule-based scoring (6.9) flags it as a Strong Manual Review Candidate. However, development verification shows no clear match and low confidence, so development cannot be treated as an upside factor.",Unknown ZIP; no verified development match; surrounding value signal unknown; crime risk unknown; owner name listed as Unknown.,Exact ZIP code; surrounding property value context; crime risk details; confirmation of current occupancy/condition; any nearby development or infrastructure projects not captured in the current data.,"Manually confirm the precise ZIP and neighborhood context for 2526 N QUAKER AV E, then pull surrounding sales/assessed values and any known local development or zoning changes to validate whether the 3115.02 bid cost is supported by area fundamentals.",High
90327-03-27-26880,6.9,Strong Manual Review Candidate,True,Research First,False,nan,"The parcel at 2011 N YALE AV E, Tulsa (ID 90327-03-27-26880) has a relatively low bid cost of 3120.35, complete address quality, strong property clarity, and high data confidence, which together yield a strong rule-based score of 6.9 and justify manual review. However, the development verification shows No Clear Match with low confidence and no distance-based confirmation, so development is not a positive factor. Overall, it fits as a Strong Manual Review Candidate rather than a confirmed good investment.",Unknown ZIP code; no verified nearby development or project tie-in; surrounding value and crime risk are both unknown; geocode confidence only medium.,Exact ZIP code; detailed property characteristics beyond type C IMP; surrounding property value context; crime/safety profile; any confirmed nearby development or infrastructure projects.,"Manually confirm the precise location and ZIP, then pull local property records and market comps around 2011 N YALE AV E to assess commercial viability and surrounding values before considering a bid at 3120.35.",High
25500-03-29-06000,6.9,Strong Manual Review Candidate,True,Research First,False,nan,"The parcel 25500-03-29-06000 at 1831 N BIRMINGHAM PL E, Tulsa, is a residential improvement (R IMP) with a relatively low bid cost of 3123.68. Rule-based scoring (6.9) and category Strong Manual Review Candidate reflect strong property clarity, complete address, and high data confidence. However, there is no clear matched development area, distance match is unverified, and ZIP is unknown, so potential upside is based only on the property itself, not on surrounding development.","ZIP unknown; no verified development match or distance-based upside; surrounding value and crime risk are unknown; owner listed as Unknown, which may complicate title or notification history.",Exact ZIP code; any comps or surrounding value indicators; crime risk data; confirmation of current physical condition of the residential improvement; verification of clear title and any liens beyond the tax obligation.,"Manually confirm parcel details with county records (including ZIP, structure details, and any additional liens), then review neighborhood-level value and risk indicators to determine whether the low bid cost of 3123.68 aligns with acceptable risk for this residential improvement.",High
53775-02-02-00220,6.9,Strong Manual Review Candidate,True,Research First,False,nan,"The parcel at 6105 N MAIN ST E (Parcel ID 53775-02-02-00220) has high data confidence, complete address quality, and strong property clarity, supporting the rule-based score of 6.9 and Strong Manual Review Candidate status. The bid cost of 3140.32 is flagged as a strong price signal, suggesting potential value if the asset and area check out. However, the development verification shows No Clear Match with low confidence, so no development-driven upside is confirmed.","ZIP is unknown, limiting precise location and comp analysis; no verified development linkage or nearby project-based upside; surrounding value and crime risk are both unknown.",Exact ZIP code; surrounding property value context; crime/safety profile; property condition and improvements detail beyond R HS IMP; any local zoning or planned development information not captured in the current data.,"Manually confirm the precise location and ZIP for 6105 N MAIN ST E, then pull local sales/assessed values and basic neighborhood risk indicators to validate whether the low bid cost aligns with area values before considering further investment analysis.",High
23125-02-25-15350,6.9,Strong Manual Review Candidate,True,Research First,False,nan,"Parcel 23125-02-25-15350 at 1864 N OWASSO AV E in Tulsa has a bid cost of 3140.35, high extraction/data confidence, complete address, and strong property clarity, which together yield a rule-based score of 6.9 and classification as a Strong Manual Review Candidate. However, the development match is 'No Clear Match' with low confidence and no distance-based confirmation, so development is not a positive factor. The unknown ZIP and unverified surrounding value/crime risk keep overall investment certainty below a Good Investment threshold.",ZIP is unknown; no verified development or surrounding value signal; crime risk estimate unknown; development geocoding/match not confirmed.,Exact ZIP code; neighborhood and surrounding value context; crime/safety profile; property condition and improvements detail beyond 'R IMP'; any local development or zoning information not captured in the current data.,"Manually confirm the full address including ZIP and pull local parcel records (assessor or GIS) to verify property characteristics, neighborhood context, and any nearby development or zoning changes before considering a bid at approximately 3140.35.",High
40800-02-13-04700,6.9,Mid Investment,True,Watch,False,nan,"Parcel 40800-02-13-04700 at 4309 N KENOSHA AV E shows a bid cost of 3142.35 and a rule-based score of 6.9, indicating a Strong Manual Review Candidate with clear residential improvement (R IMP) data and high extraction/data confidence. However, the development match status is No Clear Match with low development confidence, so no verified development upside is counted, and the unknown ZIP and unverified surrounding value keep this in a Mid Investment category pending deeper manual review.",ZIP is unknown; no verified development proximity or upside; surrounding value and crime risk are unknown; actual property condition and marketability are not documented.,Exact ZIP code; surrounding property value context; crime risk; physical condition of the improvement; occupancy status; title issues or liens beyond tax; resale or rental demand indicators.,"Manually confirm the precise ZIP and neighborhood context for 4309 N KENOSHA AV E, then pull local sales/rent comps and any available condition or code-enforcement data to validate whether the 3142.35 bid cost is supported by realistic resale or rental value.",High
07600-02-24-01200,6.9,Strong Manual Review Candidate,True,Research First,False,nan,"The rule-based score of 6.9 and category Strong Manual Review Candidate reflect a relatively attractive bid cost of 3152.35 for parcel 07600-02-24-01200, a complete address and strong property clarity for a commercial improvement (C IMP), and high overall data confidence. However, the development verification shows No Clear Match with low confidence, so there is no confirmed development catalyst, and the unknown ZIP adds location uncertainty. These factors support prioritizing manual review rather than treating it as a confirmed good investment.",ZIP unknown; no verified nearby development or project; development match explicitly No Clear Match; commercial use specifics and condition not detailed; surrounding value and crime risk unknown.,Exact ZIP code; more precise location context (surrounding uses and values); details on the commercial improvement type and condition; confirmation of any nearby development or infrastructure projects; clearer neighborhood risk indicators.,"Manually confirm the precise location and ZIP for 820 E 36 ST N, verify the nature and condition of the commercial improvements, and independently check for any nearby development or infrastructure activity that could justify the bid relative to local commercial values.",High
44200-02-11-01790,6.9,Strong Manual Review Candidate,True,Research First,False,nan,"The parcel at 137 W 50 PL N, Tulsa (ID 44200-02-11-01790) has a bid cost of 3153.01, complete address data, strong property clarity, and high overall data confidence, which together produced a rule-based score of 6.9 and a Strong Manual Review Candidate category. However, the development verification shows No Clear Match with low confidence and no confirmed proximity to a named project, so development is not a positive factor. The main appeal is the relatively low bid cost on a residential improvement property with clear basic data, warranting deeper manual review rather than an automatic investment judgment.",ZIP is unknown; no verified development or surrounding value signal; crime risk is unknown; owner name is unknown; development match explicitly marked as No Clear Match with low confidence.,"Exact ZIP code; any verified surrounding value or comp data; crime risk context; details on the existing residential improvement (size, condition, occupancy); clearer ownership information beyond 'Unknown'; any confirmed nearby development or infrastructure projects.","Manually confirm the precise location and ZIP for 137 W 50 PL N, verify current property condition and occupancy status for the R IMP asset, and check local market and crime context to determine whether the low bid cost of 3153.01 aligns with acceptable risk and resale or rental potential.",High
16050-93-06-08050,6.9,Mid Investment,True,Watch,False,nan,"Parcel 16050-93-06-08050 at 1810 E 2 ST S in Tulsa shows a bid cost of 3179.68 with strong property clarity and complete address data, but the development match status is No Clear Match and the Final Verified Development Signal is Low. Overall data and extraction confidence are High, supporting a Mid Investment classification that still warrants manual review.","ZIP is unknown; no verified development upside (No Clear Match, low development confidence); surrounding value and crime risk are both Unknown, increasing uncertainty around neighborhood conditions.",Exact ZIP code; surrounding value context; crime risk; property condition and improvements detail; confirmation of any nearby development or revitalization activity.,"Manually confirm the precise ZIP and neighborhood context for 1810 E 2 ST S, then review county records and mapping tools for property condition, comps, and any local plans or projects that could substitute for the currently unverified development signal.",High
09725-03-30-08040,6.9,Strong Manual Review Candidate,True,Research First,False,nan,"Parcel 09725-03-30-08040 at 2043 E XYLER ST N in Tulsa shows a low bid cost of 3183.01 and clear residential improvement (R IMP) use with strong property clarity and complete address, while the development match status is No Clear Match and the Final Verified Development Signal is Low; extraction and overall data confidence are High with Medium geocode confidence, supporting a Strong Manual Review Candidate classification but not a confirmed good investment.","ZIP is unknown; no verified development upside (No Clear Match, low development confidence); surrounding value and crime risk are unknown; geocode confidence only Medium.",Exact ZIP code; detailed surrounding property values; crime risk data; physical condition of the improvement; confirmation of precise neighborhood context and marketability.,"Manually confirm the exact parcel location and ZIP, then pull local sales/comparable values and any code/condition records for 2043 E XYLER ST N to assess realistic resale or rental potential relative to the 3183.01 bid cost.",High
44200-02-14-06630,6.9,Strong Manual Review Candidate,True,Research First,False,nan,"Parcel 44200-02-14-06630 at 18 E 44 PL N, Tulsa, has high data confidence, complete address, and strong property clarity, with a relatively low bid cost of 3183.01. Rule-based scoring classifies it as a Strong Manual Review Candidate. However, there is no clear matched development area and the verified development signal is low, so any upside from nearby projects cannot be relied upon.","ZIP is unknown, limiting neighborhood and value context; no verified development match or surrounding value signal; crime risk and area value indicators are unknown.",ZIP code; surrounding value indicators; crime risk estimate; any confirmed nearby development projects; detailed property condition and improvements.,"Manually confirm the exact neighborhood/ZIP and surrounding property values, then check local records or mapping tools for condition, zoning, and any nearby development before deciding on a bid strategy.",High
44250-02-12-14920,6.9,Mid Investment,True,Watch,False,nan,"Parcel 44250-02-12-14920 at 5531 N FRANKFORT PL E shows a bid cost of 3183.64 and is tagged as R IMP with strong property clarity and complete address, while extraction/data confidence is High. However, the development match status is No Clear Match with low confidence, so no development upside is counted, leading to a Mid Investment classification but a Strong Manual Review Candidate flag.",ZIP is unknown; no verified development proximity or upside; surrounding value and crime risk are unknown; geocode confidence only Medium.,Exact ZIP code; detailed neighborhood and surrounding value data; crime risk context; property condition and occupancy; any liens or title complications beyond tax status.,"Manually confirm the precise ZIP and neighborhood context for 5531 N FRANKFORT PL E, then pull recent comparable sales and rental data plus crime and zoning information to validate whether the low bid cost of 3183.64 aligns with acceptable risk and potential return.",High
44200-02-11-03530,6.9,Mid Investment,True,Watch,False,nan,"Parcel 44200-02-11-03530 at 4697 N BOSTON AV E, Tulsa, shows strong property clarity and complete address data, with a relatively low bid cost of 3193.01 and high overall data confidence. Rule-based scoring labels it a Strong Manual Review Candidate with a conservative score of 6.9. However, development verification shows No Clear Match and low confidence, so no location-driven upside is confirmed. This combination supports a mid-level investment classification that warrants manual review but not automatic elevation based on development.",ZIP is unknown; no verified development match or surrounding value signal; crime risk and surrounding value are unknown; development confidence is low despite geocode success only at medium confidence.,Exact ZIP code; any confirmed nearby development or redevelopment plans; surrounding value indicators; crime risk metrics; property condition and occupancy status; detailed neighborhood market data.,"Manually confirm the precise location and ZIP for 4697 N BOSTON AV E, then check local records and mapping tools for neighborhood values, crime patterns, and any nearby projects; if fundamentals look acceptable, obtain property condition and title/encumbrance details before bidding.",High
44225-02-12-09330,6.9,Strong Manual Review Candidate,True,Research First,False,nan,"The parcel at 711 E 51 PL N, Tulsa (Parcel ID 44225-02-12-09330) is a residential improvement property with a relatively low bid cost of 3199.68. Rule-based scoring flags it as a Strong Manual Review Candidate with a conservative score of 6.9, supported by complete address quality, strong property clarity, and high overall data confidence. However, the development verification shows No Clear Match and low confidence, so no development premium should be assumed.",ZIP is unknown; development upside is not verified; surrounding value and crime risk are unknown.,Exact ZIP code; details on surrounding property values; crime risk context; physical condition and occupancy status of the improvement; any liens or title complications beyond the tax auction.,"Manually confirm the precise location and ZIP, pull local sales/assessed values for comparable residential parcels near 711 E 51 PL N, and verify title, liens, and physical condition to determine whether the low bid cost translates into acceptable risk-adjusted value.",High
07725-02-13-02930,6.9,Strong Manual Review Candidate,True,Research First,False,nan,"Parcel 07725-02-13-02930 at 918 E 37 ST N, Tulsa, OK has a low bid cost of 3234.47 and clear residential-improvement classification (R HS IMP). Address quality and property clarity are strong, geocoding confidence is medium, and overall data confidence is high. However, there is no clear matched development area and the verified development signal is low, so upside from nearby projects cannot be relied on. These factors yield a rule-based score of 6.9, making it a strong candidate for deeper manual review rather than an automatic investment decision.",ZIP is unknown; no verified development match or surrounding value signal; crime risk and neighborhood context are unknown; development upside cannot be confirmed.,Exact ZIP code; neighborhood and surrounding value context; crime risk; property condition and occupancy; any liens or title complications beyond the tax issue; zoning details beyond the R HS IMP label.,"Manually confirm the precise location and ZIP, pull local comps and neighborhood data around 918 E 37 ST N, and verify zoning, property condition, and title status to determine whether the low bid cost justifies proceeding.",High
79200-84-14-04250,6.9,Strong Manual Review Candidate,True,Research First,False,nan,"Parcel 79200-84-14-04250 at 215 W JACKSON ST S shows a low bid cost of 3244.88 and clear residential-improvement type with strong property clarity and complete address, but the development match status is No Clear Match and development confidence is low. Overall data and extraction confidence are high, supporting a Strong Manual Review Candidate classification rather than a confirmed investment.","ZIP is unknown; no verified development tie-in (No Clear Match, low development confidence); surrounding value and crime risk are unknown.",Exact ZIP code; surrounding property value context; crime/safety indicators; physical condition of improvements; any liens or title complications beyond the tax issue.,"Manually confirm the precise ZIP and neighborhood context for 215 W JACKSON ST S, then pull local sales/value comps and any available condition or title reports to validate whether the low bid cost aligns with market value and risk.",High
07675-02-13-01140,6.9,Strong Manual Review Candidate,True,Research First,False,nan,"Parcel 07675-02-13-01140 at 4018 N GARRISON AV E, Tulsa, has a bid cost of 3245.67, complete address quality, strong property clarity, and high overall data confidence, which together yield a conservative rule-based score of 6.9 and classification as a Strong Manual Review Candidate. However, the development match is No Clear Match with low confidence, so no verified development upside is included in the investment view.","ZIP is unknown; no verified development linkage (No Clear Match, low development confidence); surrounding value and crime risk are unknown; actual property condition and occupancy are not provided.",Exact ZIP code; surrounding property value context; crime risk details; interior and exterior condition; occupancy status; any liens or title complications beyond the tax auction; rental or resale market indicators.,"Manually confirm the precise location and ZIP, then pull local sales/assessment data and any available photos or on-the-ground observations to evaluate condition, neighborhood quality, and realistic exit value relative to the 3245.67 bid cost.",High
49650-03-34-13420,6.9,Strong Manual Review Candidate,True,Research First,False,nan,"Parcel 49650-03-34-13420 at 4932 E HASKELL ST N has a bid cost of 3249.00 and is classified as a Strong Manual Review Candidate due to strong property clarity, complete address, and high extraction/data confidence, but the development match status is 'No Clear Match' with low confidence, so development is not treated as a positive signal.",ZIP is unknown; no clear or verified development match; surrounding value and crime risk are unknown.,"ZIP code, surrounding value context, and crime risk estimates are not available.","Manually confirm exact neighborhood and ZIP, check surrounding property values and market conditions, and verify any nearby development or infrastructure projects that could affect value.",High
41025-02-01-06510,6.9,Strong Manual Review Candidate,True,Research First,False,nan,"Parcel 41025-02-01-06510 at 5744 N FRANKFORT AV E has a bid cost of 3259.67 and is supported by high extraction/data confidence and strong property/address clarity, but the development match status is No Clear Match with low confidence, so it is a Strong Manual Review Candidate rather than a confirmed good investment.","ZIP is unknown; development upside is not verified (No Clear Match, low confidence); surrounding value and crime risk are unknown.",Exact ZIP code; surrounding property value context; crime risk indicators; physical condition of improvements; any liens or title complications beyond tax status.,"Manually confirm the full mailing/ZIP information and local market context for 5744 N FRANKFORT AV E, then pull recent comparable sales/rents and verify title, liens, and property condition to determine if the low bid cost justifies proceeding.",High
15500-03-32-04800,6.9,Strong Manual Review Candidate,True,Research First,False,nan,"Parcel 15500-03-32-04800 at 1313 N DELAWARE AV E, Tulsa, has high data confidence, complete address, and strong property clarity, supporting the rule-based score of 6.9 and a Strong Manual Review Candidate classification. The bid cost of 3267.45 is relatively low, which, combined with clear parcel/address data, justifies deeper manual research. However, the development match is 'No Clear Match' with low confidence, so no development-driven upside is confirmed.",ZIP unknown; no clear or verified development match; surrounding value and crime risk unknown.,Exact ZIP code; surrounding property value context; crime/safety context; property condition and occupancy status; any liens or title complications beyond tax status.,"Manually confirm the precise ZIP and neighborhood context for 1313 N DELAWARE AV E, then pull local sales/value and condition information to assess whether the low bid cost aligns with realistic resale or hold value in the absence of verified development upside.",High
05825-03-30-01260,6.9,Strong Manual Review Candidate,True,Research First,False,nan,"Parcel 05825-03-30-01260 at 2039 N QUAKER AV E, Tulsa, has a bid cost of 3268.33 and is classified as R IMP with strong property clarity and complete address data. Rule-based scoring (6.9) and high overall data confidence support it as a strong manual review candidate. However, the development match is 'No Clear Match' with low confidence and no distance-based verification, so no development premium should be assumed.","ZIP is unknown, limiting precise neighborhood and value analysis; no verified nearby development or project to support appreciation assumptions; geocode confidence is only medium; surrounding value and crime risk are both unknown.",Exact ZIP code; detailed neighborhood and market context; surrounding property values and rental/sales comps; crime and livability indicators; any liens or title complications beyond the tax status; on-the-ground condition of the improvement.,"Manually confirm the exact ZIP and neighborhood for 2039 N QUAKER AV E, then pull local sales/rent comps and tax/Title records to validate value relative to the 3268.33 bid and check for any additional liens or property condition issues.",High
49700-03-34-14030,6.9,Strong Manual Review Candidate,True,Research First,False,nan,"Parcel 49700-03-34-14030 at 5107 E HASKELL PL N has a bid cost of 3272.62 and is classified as R IMP with strong property clarity and complete address, but the development match status is No Clear Match and the Final Verified Development Signal is Low. Overall data and extraction confidence are High, supporting a conservative rule-based score of 6.9 and a Strong Manual Review Candidate classification rather than a confirmed investment.","ZIP is unknown; development upside is not verified (No Clear Match, low development confidence); surrounding value and crime risk are unknown.",Exact ZIP code; surrounding property value context; crime risk; physical condition of the improvement; title and lien status beyond tax auction; any local development or zoning changes not captured in the current data.,"Manually confirm the precise ZIP and neighborhood context for 5107 E HASKELL PL N, then check local sales/assessed values and on-the-ground condition to see if the low bid cost of 3272.62 is supported by surrounding values and risk profile.",High
32325-92-24-04910,6.9,Strong Manual Review Candidate,True,Research First,False,nan,"Parcel 32325-92-24-04910 at 1114 E 33 PL S in Tulsa has a bid cost of 3277.02, high extraction/data confidence, complete address, and strong property clarity, which together yield a rule-based score of 6.9 and classification as a Strong Manual Review Candidate. However, the development match is 'No Clear Match' with low confidence and no distance-based confirmation, so no development premium is justified.",ZIP is unknown; no verified nearby development or named project; geocode confidence only medium; surrounding value and crime risk are unknown.,Exact ZIP code; more precise neighborhood and market context; confirmation of surrounding property values; crime and livability indicators; any verified development or infrastructure projects nearby.,"Manually confirm the exact ZIP and neighborhood for 1114 E 33 PL S, then check local sales/assessed values and any city or county planning documents for evidence of nearby development or infrastructure that could affect value.",High
44200-02-11-01060,6.9,Mid Investment,True,Watch,False,nan,"Parcel 44200-02-11-01060 at 34 W 50 ST N shows a low bid cost of 3286.33 and clear residential improvement (R IMP) with high extraction/data confidence, but the development match status is No Clear Match with low confidence, so no development upside is verified.","ZIP is unknown; no verified development linkage (No Clear Match, low confidence); surrounding value and crime risk are unknown; reliance on rule-based scoring without external market validation.",Exact ZIP code; surrounding property value context; crime risk; condition of the residential improvement; any nearby development or infrastructure projects; current occupancy or use status.,"Manually confirm the precise location and ZIP for 34 W 50 ST N, then pull local sales/assessed values and visual/condition checks to validate that the low bid cost aligns with area values and risk profile.",Medium
17675-02-24-07570,6.9,Strong Manual Review Candidate,True,Research First,False,nan,"The parcel at 750 E 32 PL N, Tulsa (ID 17675-02-24-07570) has high data confidence, complete address, and strong property clarity, supporting the rule-based score of 6.9 and a Strong Manual Review Candidate category. The bid cost of 3310.33 is relatively low for a residential improvement type, which is a positive signal. However, the development verification shows No Clear Match with low confidence, so no external project upside is confirmed, and the ZIP is unknown, adding location uncertainty.","ZIP unknown; no verified nearby development or project tie-in; surrounding value and crime risk are both unknown, limiting context for valuation and risk assessment.",Exact ZIP code; surrounding property value context; crime risk; any confirmed nearby development or infrastructure projects; on-the-ground condition of the residential improvement.,"Manually confirm the precise location and ZIP, then pull local sales/comparable values and neighborhood risk indicators to validate whether the low bid cost for this residential improvement aligns with area norms.",High
25500-03-29-06060,6.9,Strong Manual Review Candidate,True,Research First,False,nan,"Parcel 25500-03-29-06060 at 2625 E TECUMSEH ST N in Tulsa shows a low bid cost of 3310.33 and strong property/address clarity (R IMP, complete address) with High extraction/data confidence, but the development match status is No Clear Match with Low development confidence, so it is scored as a Strong Manual Review Candidate rather than a confirmed good investment.","ZIP is unknown; no verified development upside (No Clear Match, low development confidence); surrounding value and crime risk are unknown; owner name is unknown, which may complicate title or redemption research.","Exact ZIP code; surrounding property value context; crime risk; detailed condition of the residential improvement; confirmation of utilities, access, and zoning specifics; any nearby development or revitalization plans not captured in the current data.","Manually confirm the precise location and ZIP via county GIS or mapping, then pull nearby sales/assessed values and any code enforcement or condition reports to determine whether the low bid cost of 3310.33 reflects opportunity or underlying issues.",High
44200-02-11-03380,6.9,Strong Manual Review Candidate,True,Research First,False,nan,"Parcel 44200-02-11-03380 at 4627 N BOSTON AV E, Tulsa, shows a low bid cost of 3311.00 and strong property clarity with complete address data, but the development match status is No Clear Match and the development confidence is low. Overall data and extraction confidence are high, supporting a conservative but favorable rule-based score of 6.9 that warrants manual review rather than an automatic investment decision.",ZIP is unknown; no verified development or area-upside signal; surrounding value and crime risk are unknown; reliance on rule-based scoring without external market validation.,Exact ZIP code; surrounding property value context; crime and neighborhood risk indicators; property condition and occupancy status; any liens or title complications beyond the tax auction; local rental/sales comps.,"Confirm the precise ZIP and neighborhood context, then pull local sales/rental comps and crime data for the immediate area around 4627 N BOSTON AV E to validate whether the low 3311.00 bid cost aligns with acceptable risk and potential returns.",High
24275-93-06-15110,6.9,Mid Investment,True,Watch,False,nan,"Parcel 24275-93-06-15110 at 1435 E ADMIRAL BV N has a low bid cost of 3321.66 and strong property clarity with complete address data, but the development match status is No Clear Match and development confidence is Low, while overall data/extraction confidence is High; this combination supports a mid-tier investment classification that warrants manual review rather than an automatic buy.","ZIP is unknown; no verified development upside (No Clear Match, low development confidence); surrounding value and crime risk are unknown.","Exact ZIP code, surrounding property value context, crime risk, and any independent confirmation of nearby development or area improvements.","Manually confirm the precise location and ZIP for 1435 E ADMIRAL BV N, then check local comps, zoning/usage for C IMP, and any independent evidence of nearby development or area trends before bidding.",High
44250-02-12-15190,6.9,Strong Manual Review Candidate,True,Research First,False,nan,"Parcel 44250-02-12-15190 at 549 E 54 PL N, Tulsa, has a low bid cost of 3327.00, complete address, strong property clarity, and high overall data confidence. Rule-based scoring classifies it as a Strong Manual Review Candidate with a 6.9 score. However, development verification shows no clear match and low confidence, so no development premium is assumed.",ZIP unknown; no verified development match; surrounding value and crime risk unknown.,Exact ZIP code; surrounding property value context; crime risk; physical condition and occupancy; title and lien status beyond tax auction; any local development or zoning details not captured in the current data.,"Manually confirm the precise location and ZIP, then pull local comps and neighborhood data for 549 E 54 PL N, and check county records for liens, code violations, and zoning/land-use constraints before bidding.",High
53825-02-02-01310,6.9,Strong Manual Review Candidate,True,Research First,False,nan,"Parcel 53825-02-02-01310 at 7 E 63 ST N, Tulsa, has high extraction confidence, complete address, and strong property clarity, with a relatively low bid cost of 3327.66. Rule-based scoring (6.9) classifies it as a Strong Manual Review Candidate. However, development verification shows no clear match and low confidence, so development is not a positive factor. Data confidence is high, but the ZIP is unknown and surrounding value and crime risk are unknown, keeping this in a manual-review, not automatic-investment, category.",Unknown ZIP; no verified development match; surrounding value signal unknown; crime risk estimate unknown.,Exact ZIP code; surrounding property value context; crime/safety indicators; physical condition of the improvement; title and lien status beyond tax auction; zoning and allowable uses.,"Manually confirm the precise location and ZIP for 7 E 63 ST N, verify zoning and current improvement condition, and pull surrounding sales/value data to assess whether the low bid cost of 3327.66 aligns with local market and risk profile.",High
29650-03-07-03460,6.9,Strong Manual Review Candidate,True,Research First,False,nan,"Parcel 29650-03-07-03460 at 1338 E 54 ST N, Tulsa, has a bid cost of 3327.66 and is classified as R IMP with strong property clarity, complete address, and high overall data confidence. Rule-based scoring of 6.9 designates it as a Strong Manual Review Candidate. However, development matching shows No Clear Match with low confidence, so no verified development upside is included in the assessment.",ZIP is unknown; no verified development or surrounding value signal; crime risk and neighborhood context are unknown; owner listed as Unknown may complicate title or notification history.,Exact ZIP code; surrounding value and comp information; crime risk; condition and occupancy of the improvement; confirmation of title status and any additional liens beyond tax; detailed neighborhood context.,"Manually confirm parcel details with county records (including ZIP, structure type/condition, and any additional liens), then review neighborhood and sales/rent comps around 1338 E 54 ST N to determine whether the low bid cost justifies further pursuit.",High
46465-92-11-31880,6.9,Strong Manual Review Candidate,True,Research First,False,nan,"The parcel at 2034 S PHOENIX AV W (Parcel ID 46465-92-11-31880) has high data confidence, complete address quality, and strong property clarity, supporting a solid rule-based score of 6.9. The bid cost of 3329.0 is flagged as a strong price signal, making it a potentially appealing low-entry-cost residential improvement opportunity. However, the development verification shows No Clear Match with low confidence, so no external development upside can be relied upon. Given the combination of strong internal signals and lack of verified development benefits, it fits best as a Strong Manual Review Candidate rather than a confirmed good investment.","ZIP is unknown, limiting precise location and comp analysis; no clear or verified nearby development to support appreciation; crime risk and surrounding value signals are unknown; owner name is unknown, which may complicate title or notification review.","Exact ZIP code; detailed neighborhood and surrounding value context; crime risk indicators; property condition and any existing structures details beyond R IMP classification; title status and any liens beyond tax; confirmation of utilities, access, and zoning specifics.","Manually confirm the precise location and ZIP for 2034 S PHOENIX AV W, then pull local sales/assessed values and any code enforcement or condition reports to validate that the low bid cost of 3329.0 reflects opportunity rather than hidden issues.",High
24200-03-28-04080,6.9,Mid Investment,True,Watch,False,nan,"Parcel 24200-03-28-04080 at 1803 N INDIANAPOLIS AV has a low bid cost of 3365.01 and is classified as R HS IMP with strong property clarity and complete address, and the extraction/data confidence is High. However, the development match status is No Clear Match with Low development confidence, so there is no verified upside from nearby projects, placing this in a mid investment range that still warrants manual review.","ZIP is unknown; development upside is not verified (No Clear Match, Low confidence); surrounding value and crime risk are unknown.",Exact ZIP code; surrounding property value context; crime risk; interior/exterior condition; occupancy status; any liens or title complications beyond tax status.,"Manually confirm the precise location and ZIP for 1803 N INDIANAPOLIS AV, then pull local sales/rent comps and crime data, and check county records for additional liens or issues before considering a bid at or above 3365.01.",High
12175-92-03-02290,6.9,Strong Manual Review Candidate,True,Research First,False,nan,"The parcel at 3034 W CAMERON ST N in Tulsa (Parcel ID 12175-92-03-02290) has a low bid cost of 3366.33, complete address data, strong property clarity, and high overall data confidence, which together yield a rule-based score of 6.9 and classification as a Strong Manual Review Candidate. However, development verification shows No Clear Match with low confidence, so no development premium is justified.","ZIP is unknown; no verified nearby development or area project; surrounding value and crime risk are both unknown, limiting value and risk assessment.",Exact ZIP code; surrounding property value context; crime/safety profile; physical condition of the residential improvement; occupancy status; any liens or encumbrances beyond the tax issue.,"Confirm the precise ZIP and neighborhood context, then pull local sales/assessed values and any available condition/occupancy data for 3034 W CAMERON ST N to determine realistic resale or rental potential absent development-driven upside.",High
07675-02-13-01590,6.9,Strong Manual Review Candidate,True,Research First,False,nan,"The parcel at 4013 N ELGIN AV E, Tulsa (R IMP) has a relatively low bid cost of 3368.32 and strong property/address clarity, with high overall data confidence. Rule-based scoring (6.9) and the Strong Manual Review Candidate category indicate it merits deeper review. However, the development match is No Clear Match with low confidence, so no development premium is justified.",ZIP is unknown; no verified nearby development or area project; surrounding value and crime risk are unknown.,Exact ZIP code; surrounding property value context; crime/safety indicators; physical condition of improvements; occupancy status; title and lien details beyond tax status.,"Manually confirm the precise ZIP and neighborhood context for 4013 N ELGIN AV E, then pull local sales/rent comps and property condition information to determine whether the low bid cost aligns with area values and risks.",High
04550-03-32-02430,6.9,Strong Manual Review Candidate,True,Research First,False,nan,"The parcel at 813 N FLORENCE AV E, Tulsa (ID 04550-03-32-02430) has high data confidence, complete address quality, and strong property clarity, supporting a solid rule-based score of 6.9. The bid cost of 3368.99 is flagged as a strong signal, suggesting potentially favorable entry pricing. However, development verification shows No Clear Match with low confidence, so no external project-driven upside is confirmed. These factors together justify classifying it as a Strong Manual Review Candidate rather than a clear good or bad investment.","ZIP is unknown, limiting precise location and comp analysis; no verified development match or surrounding value signal; crime risk and surrounding value are unknown; owner name is listed as Unknown, which may complicate title or research.","Exact ZIP code; any verified nearby development or redevelopment plans; surrounding value indicators (comparable values, neighborhood trajectory); crime risk estimates; more detailed property characteristics beyond R IMP classification.","Manually confirm the precise location and ZIP for 813 N FLORENCE AV E, then pull local sales/assessed value and neighborhood data to validate whether the low bid cost of 3368.99 reflects genuine discount or hidden risk, and check for any unrecorded or informal development activity not captured in the current development match.",High
26250-92-05-02570,6.9,Strong Manual Review Candidate,True,Research First,False,nan,"Parcel 26250-92-05-02570 at 4914 W 1 ST S, Tulsa, OK shows a low bid cost of 3382.32 and is classified as R IMP with strong property clarity and a complete address, supported by high extraction/data confidence. However, the development match status is No Clear Match with low development confidence, so no verified development upside is counted despite the strong rule-based score of 6.9.",ZIP is unknown; no verified development match or surrounding value signal; crime risk and surrounding value are unknown; geocode confidence only medium.,"Exact ZIP code; detailed property characteristics (size, condition, improvements); surrounding market value indicators; crime risk data; any confirmed nearby development projects.","Manually confirm the full address and ZIP, pull county records for property characteristics and improvement details, and review local market comps and planning/zoning information to assess value and risk without assuming any development upside.",High
44225-02-12-10920,6.9,Mid Investment,True,Watch,False,nan,"The parcel 44225-02-12-10920 at 5308 N FRANKFORT PL E is a residential improvement (R IMP) with strong property clarity, complete address, and high overall data confidence. The bid cost of 3386.99 is relatively low, which supports potential value, and the rule-based system classifies it as a Strong Manual Review Candidate with a score of 6.9. However, development verification shows No Clear Match and low confidence, so no external development upside is confirmed. Combined, these factors support a Mid Investment classification that warrants manual review but not an automatic buy signal.","ZIP is unknown, limiting precise market and comp analysis; no clear or verified nearby development reduces upside certainty; crime and surrounding value signals are unknown, increasing contextual risk.",Exact ZIP code; surrounding property value context; crime risk data; any verified nearby development projects; physical condition and occupancy status of the improvement.,"Manually confirm the exact ZIP and neighborhood context for 5308 N FRANKFORT PL E, then pull local sales/assessed values and crime/context data to validate whether the low bid cost of 3386.99 aligns with acceptable risk and potential resale or rental value.",High
29625-02-36-21010,6.9,Strong Manual Review Candidate,True,Research First,False,nan,"Parcel 29625-02-36-21010 at 419 E NEWTON PL N (R IMP) has a low bid cost of 3388.99 and a strong rule-based score of 6.9 with high data/extraction confidence and complete address quality, but the development match status is No Clear Match with low confidence, so it is best treated as a strong manual review candidate rather than a confirmed good investment.","ZIP is unknown; no verified development upside (No Clear Match, low development confidence); surrounding value and crime risk are unknown.",Exact ZIP code; surrounding property value context; crime/safety context; physical condition of improvements; title or lien complications beyond tax status.,"Manually confirm ZIP and neighborhood context, check local sales and rent comps for similar residential improvements near 419 E NEWTON PL N, and verify any nearby development or zoning changes that could affect value.",High
10450-03-19-50550,6.9,Strong Manual Review Candidate,True,Research First,False,nan,"The property at parcel 10450-03-19-50550 (3128 N TROOST PL E, Tulsa) is a residential house improvement (R HS IMP) with a relatively low bid cost of 3389.11. Rule-based scoring labels it a Strong Manual Review Candidate with strong property clarity, complete address, and high overall data confidence. However, the development verification shows No Clear Match and low confidence, so no development premium is justified. These factors support manual review but not an automatic investment classification.","ZIP code is unknown; no verified nearby development or area project; surrounding value and crime risk are both unknown, limiting context for valuation and risk assessment.",Exact ZIP code; surrounding property value context; crime risk profile; physical condition of the improvement; occupancy status; title issues or liens beyond the tax auction; any local development or zoning changes not captured in the current data.,"Confirm the precise ZIP and neighborhood context for 3128 N TROOST PL E, then obtain on-the-ground or recent imagery-based condition assessment and basic comp/value checks to see if the low bid cost of 3389.11 is supported by local market values and risk profile.",High
28025-93-11-08980,6.9,Strong Manual Review Candidate,True,Research First,False,nan,"The parcel at 1942 S 74 AV E, Tulsa (R HS IMP) has a relatively low bid cost of 3392.99, high extraction/data confidence, complete address, and strong property clarity, which supports a solid rule-based score of 6.9 and classification as a Strong Manual Review Candidate. However, the development verification shows no clear match and low confidence, so no development premium is justified. The unknown ZIP and only medium geocode confidence add location uncertainty, keeping this from being categorized as a Good Investment at this stage.",Unknown ZIP and some location uncertainty; no verified nearby development or documented upside; surrounding value and crime risk are both unknown.,"Exact ZIP code; more precise location context (neighborhood, surrounding values); any verified nearby development or infrastructure projects; condition and occupancy status of the residential improvements.","Manually confirm the exact parcel location and ZIP via county GIS or assessor records, then check neighborhood comps and property condition to determine whether the low bid cost of 3392.99 aligns with local land and improved-residential values.",High
37650-02-12-04250,6.9,Mid Investment,True,Watch,False,nan,"Parcel 37650-02-12-04250 at 834 E 53 ST N in Tulsa has a low bid cost of 3394.99 and is classified as R IMP with strong property clarity and complete address, while extraction/data confidence is High. However, the development match status is No Clear Match with low development confidence, so no verified upside is assumed. These factors together support a Mid Investment category but a Strong Manual Review Candidate flag for further evaluation.","ZIP is unknown; no verified development upside (No Clear Match, low development confidence); only medium geocode confidence; surrounding value and crime risk are unknown.","Exact ZIP code; detailed property characteristics (structure size, condition, year built, utilities); surrounding market values and rental/sale comps; crime and neighborhood risk indicators; any liens or title complications beyond tax status.","Manually confirm the full address and ZIP in county records, pull the full assessor card for 834 E 53 ST N (parcel 37650-02-12-04250) to verify improvements and condition, and check nearby sales and rents to determine whether the 3394.99 bid cost offers sufficient margin without relying on development-driven appreciation.",High
40825-02-13-08480,6.9,Strong Manual Review Candidate,True,Research First,False,nan,"Parcel 40825-02-13-08480 at 4346 N HARTFORD AV E shows a low bid cost of 3394.99 and strong property/address clarity, with overall data confidence rated High and extraction confidence High. However, the development match status is No Clear Match with low confidence, so no development upside is verified, and the unknown ZIP adds location uncertainty. These factors support a Strong Manual Review Candidate classification rather than a clear investment decision.","ZIP is unknown, limiting precise location and comp analysis; development upside is not verified due to No Clear Match status; surrounding value and crime risk are both unknown.",Exact ZIP code; surrounding property value context; crime risk indicators; any confirmed nearby development or improvement projects; on-the-ground condition details for the improvement (R IMP).,"Confirm the exact ZIP and neighborhood context for 4346 N HARTFORD AV E, then pull local sales/value data and any known development or zoning changes before assessing whether the low bid cost of 3394.99 aligns with acceptable risk.",High
29675-03-07-09230,6.9,Strong Manual Review Candidate,True,Research First,False,nan,"Parcel 29675-03-07-09230 at 1901 E 50 PL N, Tulsa, OK has a bid cost of 3437.65, complete address quality, strong property clarity, and high overall data confidence. Rule-based scoring classifies it as a Strong Manual Review Candidate with a conservative score of 6.9. However, there is no clear matched development area and the verified development signal is low, so upside from nearby projects is not confirmed.",ZIP is unknown; no verified development match or confirmed surrounding value; crime risk and neighborhood value context are unknown.,Exact ZIP code; surrounding property value context; crime risk; detailed property condition; any confirmed nearby development or redevelopment plans.,"Manually confirm the precise ZIP and neighborhood context, then check local sales/assessed values and any city or planning documents for nearby projects before deciding on a bid level.",High
90201-02-01-25920,6.9,Strong Manual Review Candidate,True,Research First,False,nan,"The parcel at 502 E 61 ST N, Tulsa (R IMP) has high data confidence, complete address, and strong property clarity, supporting the rule-based score of 6.9 and Strong Manual Review Candidate status. The bid cost of 3446.32 is flagged as a strong price signal, suggesting potential value if the improvements and location prove favorable. However, the development verification shows No Clear Match with low confidence, so no development premium should be assumed.","ZIP is unknown; development upside is not verified; surrounding value and crime risk are unknown, increasing uncertainty about neighborhood quality and resale/rental potential.",ZIP code; details on the existing improvements; surrounding property values; crime risk; any confirmed nearby development or infrastructure projects.,"Manually confirm the exact location and ZIP, then pull local sales/comparable data and any available county records on the improvements and neighborhood conditions before considering a bid.",High
08450-03-29-03260,6.9,Strong Manual Review Candidate,True,Research First,False,nan,"Parcel 08450-03-29-03260 at 2901 E WOODROW ST N in Tulsa has high extraction/data confidence, complete address quality, and strong property clarity, supporting the rule-based score of 6.9 and classification as a Strong Manual Review Candidate. The bid cost of 3456.98 appears attractive relative to the available signals, but there is no confirmed nearby development (Final Development Match Strength: No Clear Match, Verified Development Signal: Low), and the ZIP is unknown, so upside is uncertain and requires manual validation.",ZIP unknown; no verified development or distance-based upside; surrounding value and crime risk are unknown; development confidence is Low despite geocode success only for the property.,Exact ZIP code; surrounding property value context; crime risk; any confirmed nearby development projects or area improvements; on-the-ground condition of the improvement; zoning and permitted uses.,"Manually confirm the precise ZIP and neighborhood context for 2901 E WOODROW ST N, then check local sales/assessed values and zoning to gauge whether the 3456.98 bid aligns with typical land/improvement values and risk in this area, and separately investigate any local development or infrastructure plans not captured in the current development match.",High
07675-02-13-01610,6.9,Strong Manual Review Candidate,True,Research First,False,nan,"Parcel 07675-02-13-01610 at 421 E 40 ST N in Tulsa shows a bid cost of 3505.64, strong property clarity, and complete address data, with overall data/extraction confidence rated High. However, the development match status is No Clear Match with low development confidence, so no development upside is counted, leading to a conservative rule-based score of 6.9 and classification as a Strong Manual Review Candidate rather than a confirmed investment.","ZIP is unknown; no verified development match or quantified surrounding value; crime risk and surrounding value signals are unknown, increasing uncertainty about long-term upside.",Exact ZIP code; any verified nearby development or redevelopment plans; surrounding property value context; crime and neighborhood risk indicators; physical condition and occupancy status of the improvement.,"Manually confirm the precise ZIP and neighborhood context, pull local sales/assessed values for comparable R IMP parcels near 421 E 40 ST N, and check local planning or news sources for any nearby projects before deciding whether the 3505.64 bid level is justified.",High
44200-02-11-02340,6.9,Strong Manual Review Candidate,True,Research First,False,nan,"Parcel 44200-02-11-02340 at 110 W 49 PL N, Tulsa, shows a bid cost of 3520.98 with strong property clarity and complete address, and the rule-based score of 6.9 plus high extraction/data confidence justify manual review. However, the development match status is No Clear Match with low development confidence, so no verified development upside is counted.",ZIP is unknown; no clear or verified nearby development to support appreciation; geocode confidence only medium; surrounding value and crime risk are unknown.,Exact ZIP code; detailed neighborhood and surrounding value data; crime risk; physical condition of the improvement; any liens or title complications beyond the tax issue.,"Confirm exact ZIP and neighborhood characteristics, pull local sales and rent comps around 110 W 49 PL N, verify structure type and condition for this R IMP parcel, and check county records for additional liens or legal encumbrances beyond the tax auction.",High
30125-03-28-10360,6.9,Mid Investment,True,Watch,False,nan,"Parcel 30125-03-28-10360 at 4117 E XYLER ST N in Tulsa has high data confidence, complete address, and strong property clarity, with a relatively low bid cost of 3536.03. Rule-based scoring labels it a Strong Manual Review Candidate with a conservative score of 6.9. However, there is no clear matched development area and development confidence is low, so no verified upside is confirmed. These factors support a mid-tier investment classification that warrants manual review rather than an automatic buy.",ZIP is unknown; no verified development match or surrounding value signal; crime risk and surrounding value are unknown; development upside not verified.,Exact ZIP code; surrounding property value context; crime risk details; any confirmed nearby development projects; physical condition and use details beyond R IMP classification.,"Manually confirm the precise ZIP and neighborhood context for 4117 E XYLER ST N, then check local sales/assessed values and any municipal planning or development documents to assess value and risk before bidding.",High
44200-02-11-02050,6.9,Strong Manual Review Candidate,True,Research First,False,nan,"Parcel 44200-02-11-02050 at 106 W 50 ST N, Tulsa, has high data confidence, complete address quality, and strong property clarity, with a relatively low bid cost of 3538.05. Rule-based scoring classifies it as a Strong Manual Review Candidate. However, the development match is 'No Clear Match' with low confidence, so no development premium is justified. The main uncertainties are the unknown ZIP and lack of verified surrounding value or crime data.",Unknown ZIP code; no verified development proximity or upside; surrounding value and crime risk are unknown despite medium geocode confidence.,Exact ZIP code; detailed neighborhood and surrounding value context; crime risk data; property condition and any structures on-site; title issues or liens beyond tax status.,"Manually confirm the precise location and ZIP, then pull local comps and neighborhood data around 106 W 50 ST N in Tulsa, and check county records for property condition, structures, and any additional liens or encumbrances.",High
01800-03-35-01450,6.9,Strong Manual Review Candidate,True,Research First,False,nan,"The rule-based score of 6.9 and category Strong Manual Review Candidate reflect a low bid cost of 3546.22, complete address for 7569 E OKLAHOMA PL N, and strong property clarity, all supported by high overall data confidence. However, the development verification shows No Clear Match with low confidence, so development is not a positive factor. Geocode confidence is only medium and the ZIP is unknown, adding some location uncertainty but not enough to negate the relatively favorable pricing and clarity signals.",Unknown ZIP code; no verified development proximity or upside; only medium geocode confidence; surrounding value and crime risk are both unknown.,Exact ZIP code; detailed neighborhood and surrounding value context; crime risk indicators; any confirmed nearby development projects or area improvements.,"Manually confirm the precise location and ZIP for 7569 E OKLAHOMA PL N, Tulsa, then check local market comps and neighborhood conditions to validate whether the low bid cost aligns with typical values and risk levels.",High
61475-91-11-02110,6.9,Strong Manual Review Candidate,True,Research First,False,nan,"The parcel at 526 N WASHINGTON AV E in Sand Springs (Parcel 61475-91-11-02110) has a relatively low bid cost of 3548.97, clear residential-improvement property type (R HS IMP), complete address, strong property clarity, and high overall data confidence. These factors drive a solid rule-based score of 6.9 and justify manual review. However, the development verification shows No Clear Match with low confidence and no distance-based confirmation, so development potential cannot be counted as a positive factor.",ZIP is unknown; no verified nearby development or project-based upside; geocode confidence is only Medium; long-term value drivers and neighborhood context are not confirmed.,Exact ZIP code; detailed neighborhood and surrounding value context; crime risk; any confirmed nearby development projects; property condition and occupancy status.,"Manually confirm the precise location and ZIP, then investigate local market conditions and any nearby projects or infrastructure plans around 526 N WASHINGTON AV E in Sand Springs to validate whether the low bid cost aligns with acceptable risk and potential resale or rental value.",High
29650-03-07-06110,6.9,Mid Investment,True,Watch,False,nan,"Parcel 29650-03-07-06110 at 1354 E 51 ST N, Tulsa, is a residential improved property (R HS IMP) with a bid cost of 3567.99. Rule-based scoring is 6.9 with a Strong Manual Review Candidate category, supported by complete address quality, strong property clarity, and high overall data confidence. However, there is no clear matched development area and development confidence is low, so no verified external upside is present.",ZIP is unknown; no verified nearby development or external value catalyst; geocode confidence is only medium; surrounding value and crime risk are unknown.,"Exact ZIP code; detailed property characteristics (size, condition, year built); surrounding market values; crime and neighborhood risk; any liens or title complications beyond tax status.","Manually confirm the full address and ZIP, pull county records for property details and title status, and review neighborhood sales and rental data around 1354 E 51 ST N to validate whether the low bid cost aligns with local values and risk.",High
40850-02-12-06950,6.9,Strong Manual Review Candidate,True,Research First,False,nan,"The parcel at 524 E 49 PL N, Tulsa (ID 40850-02-12-06950) has a bid cost of 3578.85, complete address data, strong property clarity, and high overall data confidence, which together produce a rule-based score of 6.9 and a Strong Manual Review Candidate category. However, the development verification shows No Clear Match with low confidence and no distance-based confirmation, so development is not a positive factor. The property merits deeper manual review based on pricing and clarity, not on any confirmed nearby project.",ZIP is unknown; no verified development or surrounding value signal; crime risk and surrounding value are unknown; development match is No Clear Match with low confidence.,Exact ZIP code; any verified nearby development or redevelopment plans; surrounding property value context; crime risk indicators; on-the-ground condition of the residential improvement.,"Manually confirm the precise ZIP and neighborhood context for 524 E 49 PL N, then check local sales/assessed values and physical condition indicators to validate whether the low bid cost of 3578.85 aligns with realistic resale or rental potential in the absence of confirmed development upside.",High
38605-92-05-04540,6.9,Strong Manual Review Candidate,True,Research First,False,nan,"Parcel 38605-92-05-04540 at 5145 W 6 ST S in Tulsa has a bid cost of 3582.97, complete address data, and strong property clarity, with high overall data confidence. Rule-based scoring classifies it as a Strong Manual Review Candidate with a 6.9 score. However, there is no clear matched development area and the verified development signal is low, so no development-driven upside is confirmed.","ZIP is unknown; no verified development match or distance-based upside; surrounding value and crime risk are unknown; owner name is unknown, which may complicate title or notification review.",Exact ZIP code; surrounding property value context; crime risk; any confirmed nearby development projects; detailed property condition and improvements; ownership/title status beyond the tax record.,"Confirm full mailing/ZIP details and pull county records for title and improvement details, then check local market comps and any independent evidence of nearby development or neighborhood trends before bidding.",High
24200-03-28-06670,6.9,Strong Manual Review Candidate,True,Research First,False,nan,"Parcel 24200-03-28-06670 at 1588 N OSWEGO AV E in Tulsa has a bid cost of 3607.63, high extraction/data confidence, complete address, and strong property clarity, which together yield a rule-based score of 6.9 and classification as a Strong Manual Review Candidate. However, development verification shows no clear match and low confidence, so no development premium is applied. Unknown ZIP and lack of surrounding value/crime data keep overall investment certainty below the threshold for a Good Investment rating.","ZIP is unknown; no verified development match or distance-based upside; surrounding value and crime risk are unknown; owner name is unknown, which may signal additional title or notification complexity.",Exact ZIP code; surrounding property value context; crime risk data; any confirmed nearby development projects; more detail on the specific residential improvement type and condition.,"Manually confirm the precise ZIP and neighborhood context for 1588 N OSWEGO AV E, then check local sales/rent comps and any city or county planning/development records to determine whether the area has independent value or unverified development activity that could justify the bid cost.",High
28975-03-28-09640,6.9,Strong Manual Review Candidate,True,Research First,False,nan,"Parcel 28975-03-28-09640 at 3756 E VIRGIN PL N in Tulsa shows a bid cost of 3624.30 and a strong rule-based score (6.9) driven by complete address quality and strong property clarity, with overall data/extraction confidence rated High. However, the development match status is 'No Clear Match' with low development confidence, so no verified development upside is included in the investment view.",ZIP is unknown; no clear or verified nearby development; surrounding value and crime risk are unknown; geocode confidence is only Medium.,Exact ZIP code; detailed property characteristics beyond R IMP classification; surrounding property value context; crime/safety indicators; any confirmed nearby development or infrastructure projects.,"Manually confirm the full mailing/ZIP information and basic property details (lot size, structure condition, occupancy) for 3756 E VIRGIN PL N, then check local sales/assessed values and any municipal planning or zoning records for unrecorded development activity in the immediate area.",High
07675-02-13-01570,6.9,Mid Investment,True,Watch,False,nan,"Rule-based score of 6.9 and category Strong Manual Review Candidate are driven by a strong bid price signal at 3624.97, complete address for 4021 N ELGIN AV E, Tulsa, and strong property clarity, combined with high overall data confidence. However, development verification shows No Clear Match with low confidence, and surrounding value and crime risk are unknown, so the property fits a Mid Investment profile that warrants deeper manual review rather than an automatic buy.",ZIP unknown; no verified development match; surrounding value signal unknown; crime risk estimate unknown.,Exact ZIP code; surrounding property value context; crime and neighborhood risk indicators; physical condition of improvements; title and lien status beyond tax auction; any local development or zoning changes not captured in the current data.,"Manually research the parcel at 4021 N ELGIN AV E, Tulsa (Parcel 07675-02-13-01570) to confirm ZIP, neighborhood quality, recent sales or assessed values nearby, and any local development or zoning activity, then verify property condition and title status to determine if the 3624.97 bid cost is justified.",High
22025-03-35-07520,6.9,Mid Investment,True,Watch,False,nan,"Parcel 22025-03-35-07520 at 1226 N 67 AV E, Tulsa, OK has a bid cost of 3629.63 and is tagged as R IMP with strong property clarity, complete address, and high overall data confidence. Rule-based scoring (6.9) labels it a Strong Manual Review Candidate, but development verification shows No Clear Match and low confidence, so there is no confirmed development-driven upside. These factors support a mid-tier investment classification that warrants deeper manual review rather than an automatic buy.",ZIP is unknown; no verified development match or distance-based upside; geocode confidence only medium; surrounding value and crime risk are unknown.,Exact ZIP code; surrounding property value context; crime risk; physical condition of improvements; title and lien status beyond tax auction; any local development or zoning changes not captured in the current data.,"Manually confirm the precise location and ZIP, then review local market comps and neighborhood conditions around 1226 N 67 AV E, Tulsa, OK, followed by a title and lien check specific to parcel 22025-03-35-07520.",High
34750-02-26-08560,6.9,Mid Investment,True,Watch,False,nan,"Parcel 34750-02-26-08560 at 15 W ZION ST N, Tulsa, shows strong property clarity and complete address with high overall data confidence and a relatively low bid cost of 3651.63, which together support a strong manual review signal (rule-based score 6.9). However, development verification shows no clear match and low confidence, and the ZIP is unknown, so upside from surrounding growth cannot be confirmed. These factors place the property in a mid investment category that warrants further manual due diligence rather than an automatic buy or reject.",ZIP unknown; no verified development match; surrounding value signal unknown; crime risk estimate unknown.,Exact ZIP code; confirmation of surrounding property values; local crime and neighborhood risk indicators; any nearby or planned development details; on-the-ground condition and occupancy status of the R HS IMP property.,"Manually confirm the precise location and ZIP for 15 W ZION ST N, then pull local sales/assessed values and neighborhood data to validate that the low bid cost of 3651.63 aligns with acceptable risk and potential resale or rental value in the absence of verified development upside.",High
30200-02-26-07150,6.9,Strong Manual Review Candidate,True,Research First,False,nan,"The parcel at 1902 N DENVER AV W, Tulsa (Parcel ID 30200-02-26-07150) has high data confidence, complete address, and strong property clarity, with a relatively low bid cost of 3688.29. Rule-based scoring labels it a Strong Manual Review Candidate with a conservative score of 6.9. However, development verification shows No Clear Match and low confidence, so no development premium is justified.",Unknown ZIP code; no verified development linkage; surrounding value and crime risk are unknown.,Exact ZIP code; surrounding property value context; crime risk; any confirmed nearby development or redevelopment plans.,"Manually confirm the precise ZIP and neighborhood context for 1902 N DENVER AV W, then check local sales/rent comps and any municipal or planning documents for evidence of nearby development or revitalization.",High
21600-02-35-08590,6.9,Mid Investment,True,Watch,False,nan,"Parcel 21600-02-35-08590 at 1348 N MAIN ST W in Tulsa shows a bid cost of 3695.33 and is tagged as R HS IMP with high extraction/data confidence and complete address quality, supporting a Mid Investment, strong manual review profile. However, the development match status is No Clear Match with low confidence, so no development upside is counted, and the unknown ZIP plus only medium geocode confidence keep this from being a Good Investment category.","ZIP is unknown; no verified development or area-upside signal (No Clear Match, low development confidence); surrounding value and crime risk are unknown; only medium geocode confidence; potential title, condition, and neighborhood risks not yet evaluated.","Exact ZIP code; detailed neighborhood and surrounding value data; crime risk; property condition and occupancy; market value/ARV and rent comps; title status, liens, and any code violations; precise lot and structure details beyond LT 28 BLK 1 and R HS IMP.","Manually confirm exact location and ZIP, pull county records for structure details and any liens or code issues, obtain recent sales and rent comps near 1348 N MAIN ST W, and review neighborhood and crime data to determine whether the 3695.33 bid cost is supported by local market value.",High
35925-03-30-16670,6.9,Mid Investment,True,Watch,False,nan,"Parcel 35925-03-30-16670 at 1745 E WOODROW ST N shows a bid cost of 3700.96 and is classified as R IMP with strong property clarity and complete address, yielding a rule-based score of 6.9. Development match status is No Clear Match with low verified development signal, so no upside is attributed to nearby projects. Overall data and extraction confidence are High with Medium geocode confidence, supporting a Mid Investment classification that still requires manual review.",ZIP is unknown; no verified development upside; surrounding value and crime risk are unknown; geocode confidence only Medium.,"Exact ZIP code, detailed neighborhood and surrounding value data, crime risk details, and any confirmation of nearby or related development projects.","Manually confirm the precise location and ZIP, check local sales and rental comps around 1745 E WOODROW ST N, and verify any nearby development or zoning changes that could affect value.",High
63700-12-13-00540,6.9,Mid Investment,True,Watch,False,nan,"Rule-based score of 6.9 and category Strong Manual Review Candidate indicate this parcel merits deeper review. The bid cost of 3711.82 is relatively low for an R IMP property with strong property clarity and complete address at 118 S BRYAN ST E (parcel_id 63700-12-13-00540). Data confidence is High and geocode confidence is Medium, but development verification shows No Clear Match with low confidence, so development is not a positive factor. Overall, this supports a mid-level investment classification that warrants manual follow-up rather than an automatic buy.","Unknown ZIP; no verified development match or surrounding value signal; crime risk estimate unknown; owner name listed as Unknown, which may complicate title or research.",Exact ZIP code; surrounding value indicators; crime risk details; more precise location context within City Of Sperry; any confirmed nearby development or infrastructure projects.,"Manually confirm the exact ZIP and neighborhood context for 118 S BRYAN ST E, verify current improvements and occupancy status for this R IMP parcel, and check local sales/assessed values and any known nearby projects to validate whether the low bid cost of 3711.82 reflects opportunity or underlying risk.",High
44200-02-11-01080,6.9,Mid Investment,True,Watch,False,nan,"Parcel 44200-02-11-01080 at 103 W 49 PL N, Tulsa, has a bid cost of 3715.62 and is classified as R IMP with strong property clarity and complete address, while the development match status is No Clear Match with low confidence and overall data/extraction confidence is High, resulting in a solid manual review candidate but not a confirmed strong investment.","ZIP is unknown; no verified development upside (No Clear Match, low development confidence); surrounding value and crime risk are unknown; geocode confidence only Medium.",Exact ZIP code; surrounding property value context; crime risk; detailed condition of the residential improvement; any local development or zoning details not captured in the current data.,"Manually confirm the precise location and ZIP, then pull local sales/rent comps and crime data for the immediate area around 103 W 49 PL N to validate whether the 3715.62 bid cost is justified relative to neighborhood risk and potential returns.",Medium
98224-82-24-37060,6.9,Mid Investment,True,Watch,False,nan,"Parcel 98224-82-24-37060 at 919 W MAIN ST N in Jenks has a bid cost of 3727.80 and is classified as R HS IMP with strong property clarity and complete address, while the development match status is No Clear Match and the final data/extraction confidence is High. These factors yield a rule-based score of 6.9, supporting a Mid Investment classification that warrants manual review but not automatic purchase.","ZIP is unknown; no verified development upside (No Clear Match, low development signal); surrounding value and crime risk are unknown; geocode confidence is only Medium.",Exact ZIP code; detailed surrounding property values; crime and neighborhood risk indicators; condition of improvements; any liens or title complications beyond tax status.,"Manually confirm exact location and ZIP, pull recent comparable sales and assessed values around 919 W MAIN ST N in Jenks, and verify property condition and title status to determine whether the 3727.80 bid cost is supported by resale or hold value.",High
17925-92-04-03330,6.5,Mid Investment,True,Watch,False,nan,"Parcel 17925-92-04-03330 at 330 S 43 AV W in Tulsa is a residential improved (R HS IMP) lot with a bid cost of 3745.62 and a strong rule-based score of 6.5, making it a Strong Manual Review Candidate. However, the development match status is No Clear Match with low development confidence, geocoding failed, ZIP is unknown, and overall data confidence is only Medium, so this remains a Mid Investment prospect pending further verification.",Unknown ZIP; failed geocoding and low geocode confidence; no clear or verified development match; surrounding value and crime risk unknown; only medium overall data confidence.,Exact ZIP code; precise geolocation; surrounding property values; neighborhood crime/safety indicators; physical condition of improvements; any nearby development or zoning changes.,"Manually confirm the exact location and ZIP of 330 S 43 AV W via county GIS or assessor records, then pull recent comparable sales and rental data for the immediate area and verify property condition and occupancy status before bidding.",Medium
00775-02-25-00730,6.9,Strong Manual Review Candidate,True,Research First,False,nan,"Parcel 00775-02-25-00730 at 325 E YOUNG PL N, Tulsa, has high data confidence, complete address, and strong property clarity, with a relatively low bid cost of 3819.61. Rule-based scoring labels it a Strong Manual Review Candidate (6.9). However, development verification shows No Clear Match with low confidence, so no development premium is justified. The property merits manual review based on pricing and data quality, but not automatic elevation to a Good Investment category.","ZIP is unknown; no verified development match or surrounding value signal; crime risk and surrounding value are unknown, limiting upside assessment.",ZIP code; any confirmed nearby development or improvement projects; surrounding value indicators; crime risk context; more detailed property characteristics beyond R IMP classification.,"Manually confirm the exact ZIP and neighborhood context for 325 E YOUNG PL N, then check local comps and any known nearby projects to validate whether the low bid cost of 3819.61 reflects opportunity or hidden risk.",High
41950-02-24-12580,6.9,Strong Manual Review Candidate,True,Research First,False,nan,"The property at 3209 N GARRISON AV E, Tulsa (parcel 41950-02-24-12580) has a low bid cost of 3819.61, complete address data, strong property clarity, and high overall data confidence, which together yield a rule-based score of 6.9 and classification as a Strong Manual Review Candidate. However, development verification shows no clear match and low confidence, so no development premium is applied.","ZIP is unknown; no verified nearby development or project tie-in; surrounding value and crime risk are both unknown, limiting context for valuation and risk assessment.",ZIP code; surrounding value indicators; crime risk context; any verified development or project association; detailed property condition and occupancy status.,"Manually confirm the exact ZIP and neighborhood context for 3209 N GARRISON AV E, then pull local sales/valuation and condition data to assess whether the low bid cost aligns with typical values and risk in this area.",High
04925-03-35-02930,6.9,Mid Investment,True,Watch,False,nan,"The parcel 04925-03-35-02930 is a residential improvement (R IMP) at 7107 E NEWTON PL N, Tulsa, with complete address quality, strong property clarity, and high overall data confidence. The bid cost of 3836.94 is flagged as a strong price signal, supporting potential value relative to cost. Rule-based scoring labels it a Strong Manual Review Candidate with a conservative score of 6.9. However, development verification shows No Clear Match, low confidence, and no confirmed surrounding value or crime data, so there is no validated external upside. These factors place the property in a Mid Investment category that warrants manual review rather than an automatic buy.","ZIP is unknown, limiting precise location and comp analysis; no verified development or surrounding value signal; crime risk is unknown; owner name is unknown; development geocoding and distance are effectively unavailable, so proximity-based upside cannot be confirmed.",Exact ZIP code; detailed neighborhood and surrounding value data; crime risk metrics; property condition and occupancy status; title status and any liens beyond the tax issue; confirmation of utilities and zoning specifics.,"Manually confirm the exact location and ZIP for 7107 E NEWTON PL N, then pull local sales and rent comps, verify title and any additional liens, and obtain on-the-ground or photographic condition data to determine whether the low bid cost of 3836.94 compensates for location and condition risks.",High
45600-94-16-00400,6.5,Strong Manual Review Candidate,True,Research First,False,nan,"Parcel 45600-94-16-00400 at 2216 S 131 AV E in Tulsa has a low bid cost of 3844.67 and clear residential improvement (R IMP) classification with high extraction confidence and medium overall data confidence, but the development match status is No Clear Match and geocoding failed, so it is a Strong Manual Review Candidate rather than a confirmed good investment.",Unknown ZIP; failed geocoding and low geocode confidence; no verified development upside (No Clear Match); surrounding value and crime risk unknown.,Exact ZIP code; reliable geocode/parcel mapping; surrounding property values; neighborhood crime/safety context; physical condition of improvements; title and lien status beyond tax auction; any local zoning or code issues.,"Manually confirm the precise location and ZIP of 2216 S 131 AV E via county GIS or assessor records, then check nearby sales/assessed values and any code, zoning, or title issues to validate whether the low bid cost aligns with local market conditions.",Medium
44325-03-36-04550,6.9,Strong Manual Review Candidate,True,Research First,False,nan,"Parcel 44325-03-36-04550 at 9165 E NEWTON PL N in Tulsa has a bid cost of 3854.94, complete address quality, strong property clarity, and high overall data confidence, which together yield a rule-based score of 6.9 and classification as a Strong Manual Review Candidate. However, the development match is No Clear Match with low confidence, so there is no validated development upside, and the unknown ZIP adds some location uncertainty.","ZIP is unknown, limiting precise location and comp analysis; no verified nearby development or named project to support appreciation; crime and surrounding value signals are unknown; geocode confidence is only Medium.",Exact ZIP code; more precise neighborhood and surrounding value data; crime risk indicators; confirmation of current property condition and occupancy; verification of any nearby development or infrastructure projects.,"Manually confirm the exact ZIP and neighborhood for 9165 E NEWTON PL N, then pull local sales, rent, and condition data for comparable residential improved properties to validate whether the low bid cost aligns with acceptable risk and potential returns.",High
56625-92-20-01430,6.9,Strong Manual Review Candidate,True,Research First,False,nan,"The parcel at 3190 S 57 AV W in Tulsa (Parcel ID 56625-92-20-01430) has a bid cost of 3901.60, complete address data, strong property clarity, and high overall data confidence, which together yield a rule-based score of 6.9 and classification as a Strong Manual Review Candidate. However, the development match is explicitly No Clear Match with low confidence, so no development premium should be assumed.",Unknown ZIP code; no verified development upside; only medium geocode confidence; surrounding value and crime risk are both unknown.,Exact ZIP code; detailed neighborhood and surrounding value context; crime risk; property condition and current use details beyond R IMP classification.,"Manually confirm the precise location and ZIP, then pull neighborhood sales/value data and any available condition or occupancy information to determine whether the low bid cost aligns with local market and risk profile.",High
29650-03-07-05860,6.9,Strong Manual Review Candidate,True,Research First,False,nan,"Parcel 29650-03-07-05860 at 1513 E 51 ST N, Tulsa shows a bid cost of 3904.27 and is tagged as R IMP with strong property clarity and complete address, yielding a rule-based score of 6.9. However, the development match status is No Clear Match with low development confidence, and the ZIP is unknown. Overall data and extraction confidence are high, so this is a Strong Manual Review Candidate but not a confirmed good investment.",ZIP unknown; no verified development match; development confidence low; surrounding value and crime risk unknown.,Exact ZIP code; surrounding property value context; crime risk; detailed property condition; any confirmed nearby development or redevelopment plans.,"Manually confirm the precise ZIP and neighborhood context for 1513 E 51 ST N, verify current property condition and occupancy, and research local sales/rent comps and any unofficial or emerging development activity before bidding.",High
00575-93-06-01170,7.0,Strong Manual Review Candidate,True,Research First,False,nan,"Parcel 00575-93-06-01170 at 511 S VICTOR AV E shows a low bid cost of 3910.27 and is tagged as R IMP with strong property clarity and complete address, while the development match status is 'No Clear Match' and overall data/extraction confidence is High, making it a solid candidate for deeper manual review but not a confirmed good investment.",ZIP is unknown; no verified development or area-based upside; physical condition and occupancy are unknown; surrounding value and crime risk are unknown despite high data confidence on the core record.,Exact ZIP code; detailed location context (neighborhood and comps); structure condition and size; current occupancy or liens beyond tax status; any confirmed nearby development or infrastructure projects.,"Manually confirm the precise location and ZIP in county records or GIS, pull property card and any building details, check recent nearby sales and rents, and verify any local development or zoning changes before bidding above the minimum.",High
20300-92-03-05280,6.9,Mid Investment,True,Watch,False,nan,"The parcel at 1903 W CAMERON ST N, Tulsa (Parcel ID 20300-92-03-05280) has high extraction and overall data confidence, complete address quality, and strong property clarity, supporting a rule-based score of 6.9 and a Strong Manual Review Candidate tag. The bid cost of 3958.93 is flagged as a strong price signal, suggesting potential value if the underlying real estate is sound. However, the ZIP is unknown and the corrected development match is No Clear Match with low confidence, so no development-driven upside can be counted on. These mixed factors place the property in a mid investment category that warrants manual review rather than an automatic buy or reject.",Unknown ZIP code; no verified development proximity or upside; only medium geocode confidence; development geocoding and distance not established; surrounding value and crime risk are unknown.,Exact ZIP code; detailed neighborhood and surrounding value context; crime risk profile; property condition and occupancy status; any liens or title complications beyond the tax issue; confirmation of precise geolocation.,"Manually confirm the exact location and ZIP for 1903 W CAMERON ST N, Tulsa, then pull local comps and neighborhood data to assess surrounding values and risk; follow with a title and lien check to validate that the low bid cost of 3958.93 reflects opportunity rather than hidden encumbrances.",High
49800-03-34-15300,6.9,Mid Investment,True,Watch,False,nan,"Parcel 49800-03-34-15300 at 1145 N CANTON AV E, Tulsa, has high data confidence, complete address, and strong property clarity, with a relatively low bid cost of 3978.26. Rule-based scoring labels it a Strong Manual Review Candidate with a conservative score of 6.9. However, development verification shows No Clear Match and low confidence, so no external upside is confirmed. These factors support a mid-tier investment classification that warrants manual review rather than an automatic buy.",ZIP is unknown; no verified development or surrounding value signal; crime risk and surrounding value are unknown; development match is No Clear Match with low confidence.,Exact ZIP code; any verified nearby development or value comps; crime risk context; more detailed property characteristics beyond type R IMP.,"Manually confirm the precise location and ZIP for 1145 N CANTON AV E, then check local market values and any nearby development or revitalization plans to validate whether the low bid cost of 3978.26 reflects opportunity or hidden risk.",High
23900-03-27-09360,6.9,Strong Manual Review Candidate,True,Research First,False,nan,"Parcel 23900-03-27-09360 at 1532 N KINGSTON PL E in Tulsa has a bid cost of 3982.26, high data confidence, complete address, and strong property clarity, which together yield a rule-based score of 6.9 and a Strong Manual Review Candidate category. However, the development verification shows No Clear Match with low confidence and no distance-verified link to any project, so development is not a positive factor. The unknown ZIP and lack of surrounding value and crime data keep this from being a Good Investment at this stage but justify deeper manual research.",ZIP is unknown; no verified development or surrounding value signal; crime risk is unknown; only medium geocode confidence; investment thesis currently relies mainly on low bid cost and basic property clarity.,Exact ZIP code; more precise geocode verification; surrounding property value context; crime and neighborhood risk indicators; any local development or zoning information tied to this specific parcel.,"Manually confirm the exact parcel location and ZIP, then pull surrounding sales/assessed values and neighborhood risk indicators to determine whether the low bid cost of 3982.26 represents a meaningful discount relative to local market conditions.",High
40325-94-17-06900,6.5,Mid Investment,True,Watch,False,nan,"Parcel 40325-94-17-06900 at 2519 S 126 AV E, Tulsa, OK shows a bid cost of 3988.93 with property type R IMP and strong property/address clarity, but the development match status is 'No Clear Match' and overall data confidence is only Medium (geocode confidence Low, ZIP unknown), so it is best classified as a mid-tier candidate that warrants manual review rather than a clearly good investment.","ZIP unknown; geocode status failed and geocode confidence Low; development upside not verified (No Clear Match, low confidence); surrounding value and crime risk unknown.",Exact ZIP code; reliable geocoded location; any verified nearby development or improvement projects; surrounding property value context; crime and neighborhood risk indicators; current condition of the improvement.,"Manually locate the parcel using county GIS or plat maps, confirm the correct ZIP and neighborhood context, then check recent sales and assessed values for nearby similar improved residential parcels to gauge value relative to the 3988.93 bid and investigate any local development or zoning changes not captured in the current data.",Medium
02350-03-35-02480,6.9,Strong Manual Review Candidate,True,Research First,False,nan,"The property at 6521 E LATIMER PL N, Tulsa (parcel 02350-03-35-02480) has a bid cost of 3996.66, clear residential-improvement type (R HS IMP), complete address, strong property clarity, and high overall data confidence, which together yield a rule-based score of 6.9 and a Strong Manual Review Candidate category. However, the development verification shows No Clear Match with low confidence and no distance-based confirmation, so development is not a positive factor. The main appeal is the relatively low bid cost combined with solid core data quality, warranting deeper manual review rather than an automatic investment judgment.",ZIP is unknown; no verified nearby development or documented upside; crime and surrounding value signals are unknown; owner name is unknown; geocode confidence is only Medium.,Exact ZIP code; detailed neighborhood and surrounding value context; crime risk data; confirmation of current occupancy/condition; clearer ownership details; any verified nearby development or infrastructure projects.,"Manually confirm the precise location and ZIP via county GIS or mapping tools, then pull neighborhood comps and crime data to assess surrounding value and risk before considering a bid at approximately 3996.66.",High
16275-92-05-01670,6.1,Strong Manual Review Candidate,True,Research First,False,nan,"Parcel 16275-92-05-01670 at 501 S 57 AV W in Tulsa shows a bid cost of 4022.90 and a clear residential improved (R HS IMP) classification with high extraction confidence and medium overall data confidence, but the development match status is No Clear Match with low confidence, so it is best treated as a strong manual review candidate rather than a confirmed investment.",Unknown ZIP; failed geocoding with low geocode confidence; no clear or verified development match; surrounding value and crime risk unknown.,"Exact ZIP code; reliable geocode/coordinates; surrounding property value context; crime/safety indicators; structure details (size, condition, year built); any liens or title complications beyond tax status.","Manually confirm the precise location and ZIP via county GIS or assessor records, then pull full assessor and recorder data (improvement details, comps, liens) to evaluate value relative to the 4022.90 bid cost.",Medium
34300-03-32-14720,6.5,Mid Investment,True,Watch,False,nan,"Rule-based score of 6.5 and category Strong Manual Review Candidate indicate this parcel merits further review. The property has a complete address (152 N DELAWARE AV E, Tulsa, OK), R IMP type, strong property clarity, and high overall data confidence, with a moderate bid cost of 4028.93. However, development verification shows No Clear Match with low confidence, and surrounding value and crime risk are unknown, so the opportunity is uncertain rather than clearly strong.",ZIP unknown; no verified development match or surrounding value signal; crime risk unknown; development confidence low.,Exact ZIP code; any verified nearby development or area improvement; surrounding property value context; crime and neighborhood risk indicators; physical condition and occupancy status of the improvement.,"Manually research the specific parcel at 152 N DELAWARE AV E (parcel_id 34300-03-32-14720) to confirm ZIP, neighborhood context, surrounding values, and property condition, and check for any local development or planning activity not captured in the current development match data.",High
49725-03-34-14590,6.5,Mid Investment,True,Watch,False,nan,"Parcel 49725-03-34-14590 at 4902 E EASTON ST N in Tulsa has a bid cost of 4040.26 and is tagged R IMP with strong property clarity and complete address, supported by high extraction/data confidence. However, the development match status is No Clear Match with low confidence, so no development upside is verified, placing this in a Mid Investment range that warrants deeper manual review.","ZIP is unknown; no verified development upside (No Clear Match, low confidence); surrounding value and crime risk are unknown; geocode confidence only medium.",Exact ZIP code; detailed neighborhood and surrounding value data; crime risk metrics; property condition and improvements detail; confirmation of any nearby development or infrastructure projects.,"Manually confirm the precise location and ZIP, then pull local sales/comparable values and crime data for the immediate area around 4902 E EASTON ST N to validate whether the moderate bid cost of 4040.26 is justified given neighborhood quality and property condition.",High
07725-02-13-02870,6.5,Strong Manual Review Candidate,True,Research First,False,nan,"The parcel at 3917 N LANSING AV E, Tulsa (ID 07725-02-13-02870) has high data confidence, complete address, and strong property clarity, supporting a rule-based score of 6.5 and classification as a Strong Manual Review Candidate. The bid cost of 4067.59 is moderate, but development signals are weak (No Clear Match, low confidence), and ZIP is unknown, limiting certainty about surrounding value and upside.",Unknown ZIP and surrounding value; no clear or verified development match; crime risk unknown; development upside not verified.,Exact ZIP code; surrounding property value context; neighborhood crime and condition indicators; any liens or title complications; property condition details.,"Manually confirm the precise ZIP and neighborhood context for 3917 N LANSING AV E, then pull local sales/value and condition data to assess whether the moderate bid cost of 4067.59 is justified absent any verified development catalyst.",High
63125-91-11-15420,6.5,Strong Manual Review Candidate,True,Research First,False,nan,"Parcel 63125-91-11-15420 at 607 N WILSON AV W, Sand Springs, OK shows a bid cost of 4068.06 with Complete address quality and Strong property clarity, and the extraction/data confidence is High. However, the development match status is No Clear Match with Low verified development signal, so no confirmed development upside is present despite a rule-based score of 6.5 that supports Strong Manual Review Candidate classification.","ZIP is unknown; no verified development upside (No Clear Match, Low development signal); surrounding value and crime risk are both Unknown, increasing uncertainty.",Exact ZIP code; surrounding property value context; crime risk; property condition and use details beyond R IMP classification.,"Manually confirm the precise ZIP and neighborhood context for 607 N WILSON AV W, verify current property condition and improvements, and research local sales/rent comps in Sand Springs to determine if the 4068.06 bid cost is justified without relying on development upside.",High
99203-92-03-14350,6.5,Mid Investment,True,Watch,False,nan,"Parcel 99203-92-03-14350 at 2822 W EASTON ST N in Tulsa has a bid cost of 4081.97, strong property clarity, and complete address data with High overall data confidence, but the development match status is No Clear Match with Low development confidence, so it is a Strong Manual Review Candidate rather than a confirmed good investment.","ZIP unknown; development upside not verified; surrounding value and crime risk are unknown, increasing uncertainty around resale or rental potential.",Exact ZIP code; surrounding property value context; crime risk; physical condition and occupancy status; any liens or title complications beyond the tax issue.,"Manually confirm ZIP and neighborhood context, pull local sales/rent comps, and verify title, liens, and on-the-ground condition before bidding.",High
23125-02-25-14790,6.5,Mid Investment,True,Watch,False,nan,"Parcel 23125-02-25-14790 at 2016 N NORFOLK AV E, Tulsa, has high data confidence, complete address, and strong property clarity, with a moderate bid cost of 4116.25. Rule-based scoring labels it a Strong Manual Review Candidate at 6.5, but development verification shows No Clear Match and low confidence, so upside from nearby projects is unproven. This combination supports a mid-tier investment classification that warrants manual review rather than an automatic buy.",ZIP is unknown; no verified development match or distance-based upside; surrounding value and crime risk are unknown; development confidence is low despite high overall data confidence.,Exact ZIP code; any verified nearby development or improvement projects; surrounding property value context; crime and neighborhood risk indicators; detailed property condition and use specifics beyond type R IMP.,Manually confirm the full mailing/ZIP details for 2016 N NORFOLK AV E and pull local comparables and neighborhood risk indicators to assess value and risk in the absence of verified development upside.,High
37800-93-02-09080,6.5,Mid Investment,True,Watch,False,nan,"Parcel 37800-93-02-09080 at 6526 E 5 ST S in Tulsa has a bid cost of 4146.25, strong property clarity, and complete address data, with overall data/extraction confidence rated High. However, the development match status is No Clear Match with low development confidence, so no verified upside from nearby projects is confirmed, placing it in a mid investment range that warrants manual review.","ZIP is unknown; no verified development upside (No Clear Match, low development confidence); surrounding value and crime risk are unknown; geocode confidence only Medium.",Exact ZIP code; surrounding property value context; crime/safety profile; physical condition of improvements; title and lien status beyond tax auction; local zoning and allowable uses.,"Confirm exact ZIP and neighborhood context, then pull local sales/rent comps and crime data, and verify title, liens, and zoning/land-use constraints for 6526 E 5 ST S before bidding.",High
15125-03-33-05670,6.5,Mid Investment,True,Watch,False,nan,"Parcel 15125-03-33-05670 at 1433 N TOLEDO AV E in Tulsa shows strong property clarity and complete address data with high extraction/data confidence, and a moderate bid cost of 4159.58. However, the development match status is No Clear Match with low development confidence, so no verified development upside is counted. These factors together support a Mid Investment classification that still warrants manual review.",ZIP is unknown; no verified development proximity or upside; only medium geocode confidence; ownership details unclear; surrounding value and crime risk are unknown.,Exact ZIP code; detailed ownership records; surrounding property value context; crime/safety indicators; physical condition of improvements; any liens or title complications beyond the tax issue.,"Manually confirm parcel and ZIP with county records, pull full title and lien history, verify current physical condition of the residential improvement, and assess neighborhood comparables and risk before bidding.",Medium
26825-93-01-08300,6.5,Strong Manual Review Candidate,True,Research First,False,nan,"For parcel 26825-93-01-08300 at 9126 E 4 ST S, Tulsa, the bid cost of 4163.58 and property type R HS IMP with strong property clarity and complete address data (but unknown ZIP) produced a rule-based score of 6.5. Development match status is No Clear Match with low confidence, so it does not add upside. Overall data and extraction confidence are High, supporting a Strong Manual Review Candidate classification rather than an automatic investment decision.",ZIP is unknown; no verified development match or nearby project; development confidence is low; surrounding value and crime risk are unknown.,Exact ZIP code; surrounding property value context; crime risk; physical condition of improvements; title and lien status beyond tax auction; any local development or zoning changes not captured in the current data.,"Confirm the precise ZIP and neighborhood context, pull recent comparable sales and assessed values for similar R HS IMP parcels near 9126 E 4 ST S, verify structure condition via drive-by or recent imagery, and check local planning/zoning records for any unrecorded development or infrastructure projects that could affect value.",High
26825-93-01-07370,6.1,Mid Investment,True,Watch,False,nan,"Parcel 26825-93-01-07370 at 172 S 91 AV E has a bid cost of 4166.25 and is classified as R HS IMP with strong property clarity and complete address but unknown ZIP. Development match status is No Clear Match with low development confidence, and overall data confidence is Medium, so it is a Strong Manual Review Candidate rather than a clear good or bad investment.","Unknown ZIP and failed geocoding limit certainty about exact location and surroundings; no verified development upside (No Clear Match, low development confidence); surrounding value and crime risk are unknown; medium overall data confidence means remaining uncertainty about true market context.",Exact ZIP code; reliable geocode/coordinates; surrounding property values; neighborhood crime/safety indicators; any confirmed nearby development or infrastructure projects.,"Manually confirm the precise location and ZIP via county GIS or assessor records, then check surrounding sales, rents, and neighborhood conditions to determine whether the 4166.25 bid cost is justified for this R HS IMP lot.",Medium
43925-03-35-15210,6.5,Strong Manual Review Candidate,True,Research First,False,nan,"The parcel at 7311 E KING ST N in Tulsa (ID 43925-03-35-15210) has high data confidence, complete address quality, and strong property clarity, supporting a conservative rule-based score of 6.5. The bid cost of 4227.57 is moderate, which may be attractive if local values support it. However, the development verification shows No Clear Match with low confidence, so no external project-based upside is confirmed. These factors justify a Strong Manual Review Candidate classification rather than a clear good or bad investment.","ZIP is unknown, limiting precise market and comp analysis; no verified nearby development or project-based upside; crime and surrounding value signals are unknown; reliance on tax-auction data only.",Exact ZIP code; surrounding property value context; crime risk; any liens or title complications beyond tax status; physical condition and occupancy; zoning details beyond generic R IMP classification.,"Manually confirm the exact ZIP and neighborhood context for 7311 E KING ST N, then pull recent comparable sales and rent data for similar R IMP properties nearby to test whether the 4227.57 bid cost offers a sufficient margin given unknown development upside.",High
29350-03-07-02400,6.5,Strong Manual Review Candidate,True,Research First,False,nan,"Parcel 29350-03-07-02400 at 2131 E 46 ST N in Tulsa has a bid cost of 4235.57 and is tagged as property type R IMP with strong property clarity and complete address data, supported by high extraction/data confidence. However, the development match status is 'No Clear Match' with low development confidence, so no development-driven upside is counted. These factors together yield a rule-based score of 6.5 and classification as a Strong Manual Review Candidate rather than a confirmed good investment.",ZIP is unknown; no clear or verified development match; surrounding value and crime risk are unknown; development confidence is low.,Exact ZIP code; surrounding property value context; crime risk details; physical condition of improvements; title and lien status beyond tax auction; any local zoning or code issues.,"Manually confirm the precise ZIP and neighborhood context, then review county records and mapping tools for surrounding values and property condition indicators before considering a bid at or above 4235.57.",High
44250-02-12-14150,6.5,Mid Investment,True,Watch,False,nan,"Parcel 44250-02-12-14150 at 710 E 54 PL N in Tulsa has a bid cost of 4235.57 and is tagged R IMP with strong property clarity and complete address data, and overall data/extraction confidence is High. However, the development match status is No Clear Match with low development confidence, so no development premium is justified. These factors together support a Mid Investment classification that warrants manual review rather than an automatic buy.","ZIP is unknown; no verified development upside (No Clear Match, low confidence); surrounding value and crime risk are unknown; owner name listed as Unknown.",Exact ZIP code; surrounding property value context; crime/safety profile; physical condition of improvements; title status and any additional liens; detailed neighborhood and rental/exit demand indicators.,"Manually confirm the precise location and ZIP, pull county records for title and any additional liens, and review neighborhood comps and on-the-ground condition to determine whether the moderate bid cost of 4235.57 is justified.",High
35900-03-30-15790,6.5,Mid Investment,True,Watch,False,nan,"The rule-based score of 6.5 and Strong Manual Review Candidate category reflect a moderate bid cost of 4236.24, complete address and strong property clarity for parcel 35900-03-30-15790, and high overall data confidence. However, development verification shows No Clear Match with low confidence, and surrounding value and crime risk are unknown, so the property is not elevated to Good Investment but remains a solid candidate for manual review.",ZIP unknown; no verified development upside; surrounding value signal unknown; crime risk estimate unknown.,Exact ZIP code; surrounding property value context; crime/safety context; physical condition of the residential improvement; title and lien status beyond tax auction; any local development or zoning details not captured in the current data.,"Manually confirm the precise location and ZIP for 2504 N XANTHUS AV E, then pull local sales/rent comps and crime data, and verify property condition and title status to determine whether the moderate bid cost is justified without relying on development-driven upside.",High
44200-02-11-01560,6.5,Mid Investment,True,Watch,False,nan,"Parcel 44200-02-11-01560 at 141 W 50 CT N has a bid cost of 4239.57 and is classified as R IMP with strong property clarity and complete address data, supported by high extraction/data confidence. However, the development match status is No Clear Match with low development confidence, so no verified upside from nearby projects is assumed.",ZIP unknown; no clear or verified development match; surrounding value signal unknown; crime risk unknown.,Exact ZIP code; surrounding property value context; crime/safety profile; physical condition of improvements; zoning/land-use constraints; title and lien status beyond tax auction.,"Manually confirm the precise ZIP and neighborhood context, pull recent comparable sales and assessed values around 141 W 50 CT N, and verify zoning, access, and any additional liens or encumbrances before considering a bid at 4239.57.",High
40825-02-13-09510,6.5,Mid Investment,True,Watch,False,nan,"Parcel 40825-02-13-09510 at 4137 N FRANKFORT AV E has a bid cost of 4244.24 and strong property clarity with complete address data and high extraction/data confidence, but the development match status is No Clear Match with low verified development signal, so it is a mid-tier candidate that warrants manual review rather than an automatic investment decision.","ZIP is unknown; no verified development upside (No Clear Match, low development confidence); surrounding value and crime risk are unknown; geocode confidence only medium.",Exact ZIP code; surrounding property value context; crime/safety profile; physical condition of improvements; local market demand and resale/rent potential; any liens or title complications beyond tax status.,"Manually confirm the precise location and ZIP, then pull local sales/rent comps and crime data for the immediate area, followed by a physical or virtual inspection to assess structure condition and verify that no additional liens or legal issues materially affect the parcel.",Medium
23900-03-27-09230,6.5,Mid Investment,True,Watch,False,nan,"Parcel 23900-03-27-09230 at 1555 N JOPLIN AV E, Tulsa, has a bid cost of 4269.57 and is tagged as a Strong Manual Review Candidate with high data/extraction confidence and strong property clarity. However, the development match status is No Clear Match with low confidence, so no verified development upside is counted, and the unknown ZIP and only medium geocode confidence keep this in a mid, not high, investment category.","ZIP is unknown; development upside not verified (No Clear Match, low confidence); geocode confidence only medium; owner name unknown; surrounding value and crime risk are both unknown.",Exact ZIP code; clearer neighborhood/value context; any verified nearby development or improvement projects; more detail on property condition and surrounding crime risk.,"Manually confirm the precise location and ZIP, then check local sales/value context and any actual nearby development or infrastructure projects before considering a bid at approximately 4269.57.",High
30200-02-26-07080,6.5,Strong Manual Review Candidate,True,Research First,False,nan,"Parcel 30200-02-26-07080 at 1916 N ELWOOD AV W in Tulsa has a bid cost of 4269.57 and is scored as a Strong Manual Review Candidate based on complete address quality, strong property clarity, and high data/extraction confidence. However, the development match status is 'No Clear Match' with low confidence, so no development-driven upside is verified, and the unknown ZIP adds location uncertainty.","ZIP is unknown, limiting precise location and comp analysis; development upside is not verified due to 'No Clear Match' status; crime and surrounding value signals are unknown; geocode confidence is only medium.",Exact ZIP code; more precise neighborhood and surrounding value data; crime risk indicators; any confirmed nearby development projects or area improvements; basic property condition details.,"Manually confirm the exact ZIP and neighborhood for 1916 N ELWOOD AV W, then check local sales/rent levels and any city or private development plans nearby to validate whether the bid cost of 4269.57 is justified by likely resale or rental value.",High
25650-03-34-12590,6.5,Strong Manual Review Candidate,True,Research First,False,nan,"Rule-based score of 6.5 and category Strong Manual Review Candidate reflect a moderate bid cost (4278.23), complete address and strong property clarity for parcel 25650-03-34-12590, combined with medium geocode confidence and high overall data confidence. However, development verification shows No Clear Match with low confidence, so the property’s priority is driven by its basic tax-auction profile rather than any confirmed nearby project.",ZIP is unknown; no verified development upside; surrounding value and crime risk are unknown.,Exact ZIP code; surrounding property value context; crime/safety context; any confirmed nearby or related development projects.,"Manually confirm the precise location and ZIP for 816 N HUDSON AV E, then pull surrounding sales/value and neighborhood risk data to determine whether the moderate bid cost of 4278.23 is justified absent any verified development catalyst.",High
37050-03-35-12510,6.5,Strong Manual Review Candidate,True,Research First,False,nan,"Parcel 37050-03-35-12510 at 6615 E NEWTON PL N has a bid cost of 4306.72 and clear residential improvement (R IMP) data with High extraction/data confidence and Complete address quality, but the development match status is No Clear Match with Low development confidence, so it is a Strong Manual Review Candidate rather than a confirmed good investment.","ZIP is unknown; no verified development upside (No Clear Match, Low development confidence); surrounding value and crime risk are Unknown; geocode confidence only Medium.",Exact ZIP code; surrounding property value context; crime/safety profile; physical condition of the improvement; occupancy status; any liens or title complications beyond the tax issue.,"Confirm exact ZIP and neighborhood context, pull recent comparable sales and assessed values for similar R IMP parcels near 6615 E NEWTON PL N, and verify title, liens, and on-the-ground property condition before bidding.",High
34300-03-32-15710,6.5,Strong Manual Review Candidate,True,Research First,False,nan,"Parcel 34300-03-32-15710 at 121 N BIRMINGHAM AV E, Tulsa, has high data confidence, complete address, and strong property clarity, supporting a rule-based score of 6.5 and classification as a Strong Manual Review Candidate. The bid cost of 4307.27 is flagged as a moderate price signal. However, development verification shows no clear match and low confidence, so no development-driven upside is confirmed.",Unknown ZIP; no clear or verified development match; surrounding value and crime risk are unknown.,ZIP code; surrounding value context; crime risk; property condition and improvements; title or lien complications beyond tax status.,"Manually confirm exact ZIP and neighborhood context for 121 N BIRMINGHAM AV E, verify surrounding property values and basic crime/safety indicators, and check county records for any additional liens or issues beyond the tax auction status.",High
41675-03-35-13900,6.5,Strong Manual Review Candidate,True,Research First,False,nan,"The parcel at 7122 E MARSHALL ST N, Tulsa (R HS IMP, LT 7 BLK 7) has high extraction and overall data confidence, complete address, and strong property clarity, supporting a solid rule-based score of 6.5. The bid cost of 4326.35 is moderate for a residential improvement property, making it worth manual review. However, the development verification shows No Clear Match with low confidence and no distance-based confirmation, so no development premium is justified.","ZIP is unknown; no verified development proximity or project tie-in; crime and surrounding value signals are unknown, increasing uncertainty around neighborhood quality and resale/rental potential.",Exact ZIP code; neighborhood and surrounding value context; crime risk details; condition and occupancy status of the residential improvement; any liens or title complications beyond the tax issue.,"Manually confirm the precise location and ZIP, then pull local comps and neighborhood data for 7122 E MARSHALL ST N to assess surrounding values and risk before considering a bid at or above 4326.35.",High
37800-93-02-09760,6.5,Mid Investment,True,Watch,False,nan,"The parcel at 7111 E 5 PL S (R HS IMP) has a bid cost of 4333.70 and strong property/address clarity with high overall data confidence, which supports manual review. However, the development verification shows No Clear Match with low confidence and distance not verified, so development is not a positive factor. The rule-based system classifies it as a Strong Manual Review Candidate with a score of 6.5, suggesting potential value but not enough verified upside to qualify as a Good Investment without further research.",ZIP is unknown; no verified development match or surrounding value signal; crime risk and surrounding value are unknown; development confidence is low.,Exact ZIP code; surrounding property value context; crime risk data; any confirmed nearby development or redevelopment plans; physical condition details of the residential improvements.,"Manually confirm the precise ZIP and neighborhood context for 7111 E 5 PL S, then pull surrounding sales/value data and any local development or zoning information to determine whether the low bid cost of 4333.70 aligns with area values and risk.",High
02400-03-32-00700,6.5,Strong Manual Review Candidate,True,Research First,False,nan,"The parcel at 516 N BIRMINGHAM AV E, Tulsa (Parcel ID 02400-03-32-00700) has a moderate bid cost of 4376.22, complete address data, strong property clarity, and high overall data confidence, which together yield a rule-based score of 6.5 and classification as a Strong Manual Review Candidate. However, the development verification shows No Clear Match with low confidence and no distance-verified match, so development cannot be treated as a positive factor.",ZIP is unknown; development upside is not verified; surrounding value and crime risk are unknown.,Exact ZIP code; surrounding property value context; crime/safety context; physical condition of the residential improvement; occupancy status; any liens or title complications beyond the tax auction.,"Manually confirm the precise location and ZIP, then review local comps and neighborhood conditions around 516 N BIRMINGHAM AV E and inspect or obtain recent photos/condition reports of the residential improvement before bidding.",High
12875-94-08-06230,6.5,Mid Investment,True,Watch,False,nan,"Parcel 12875-94-08-06230 at 11804 E 14 ST S in Tulsa has a bid cost of 4378.60, complete address quality, strong property clarity, and high overall data confidence, which together yield a rule-based score of 6.5 and a Strong Manual Review Candidate classification. However, development verification shows no clear match and low confidence, so there is no confirmed development-driven upside. The unknown ZIP and only medium geocode confidence add uncertainty, keeping this in a mid, not strong, investment category pending deeper manual review.",ZIP unknown; no verified nearby development; only medium geocode confidence; upside not clearly established despite low bid cost.,Exact ZIP code; more precise location validation; surrounding value context; crime risk; any confirmed nearby development or redevelopment plans.,"Manually confirm the precise location and ZIP for 11804 E 14 ST S, then research surrounding property values and local conditions to determine whether the low bid cost aligns with market and risk.",High
79600-84-11-12350,6.5,Mid Investment,True,Watch,False,nan,"Parcel 79600-84-11-12350 at 412 W GALVESTON ST S in Broken Arrow has a bid cost of 4382.22 and is classified as R IMP with strong property clarity and complete address data, supported by high extraction/data confidence. However, the development match status is No Clear Match with low development confidence, so no verified development upside is counted, resulting in a conservative mid-tier investment classification that still warrants manual review.","ZIP is unknown; no verified development upside (No Clear Match, low development confidence); surrounding value and crime risk are unknown; geocode confidence only Medium.",Exact ZIP code; surrounding property value context; crime/safety profile; physical condition of improvements; title status and any liens beyond taxes; zoning and allowable uses; recent comparable sales or rents.,"Manually confirm the precise location and ZIP, pull county records for title and lien checks, and obtain recent comparable sales or valuation data for similar R IMP parcels near 412 W GALVESTON ST S to determine whether the 4382.22 bid cost is supported by local market value.",High
37800-93-02-09990,6.5,Mid Investment,True,Watch,False,nan,"The rule-based score of 6.5 and category Strong Manual Review Candidate indicate this parcel merits deeper review. The property is a residential improvement (R IMP) at 7107 E 6 ST S with strong property clarity, complete address, and high data confidence, and the bid cost of 4406.22 is relatively modest. However, development verification shows No Clear Match with low confidence, so no external project-driven upside is confirmed, and the unknown ZIP adds some location uncertainty.",No verified development tie-in; ZIP unknown; surrounding value and crime risk unknown; development geocoding and distance not established.,Exact ZIP code; surrounding property value context; crime/safety context; condition and occupancy of the residential improvement; any local development or zoning details not captured in the current data.,"Manually confirm the precise location and ZIP for 7107 E 6 ST S, then check local market comps and neighborhood conditions to validate whether the 4406.22 bid aligns with typical values for similar residential improvements in that immediate area.",Medium
25225-03-35-09460,6.5,Strong Manual Review Candidate,True,Research First,False,nan,"Parcel 25225-03-35-09460 at 7849 E KING PL N in Tulsa shows a bid cost of 4414.22 and is tagged as property type R IMP with strong property clarity and complete address data but unknown ZIP. Development verification is 'No Clear Match' with low confidence, so it does not add positive upside. Overall data and extraction confidence are high, supporting a rule-based score of 6.5 and a Strong Manual Review Candidate classification rather than a confirmed investment.",ZIP code is unknown; no verified development match or distance-based upside; surrounding value and crime risk are unknown.,Exact ZIP code; surrounding property value context; crime/safety indicators; physical condition of improvements; title and lien status beyond tax auction; any local development or zoning details not captured in the current data.,"Manually confirm the full address including ZIP, pull local sales/value comps and neighborhood context for 7849 E KING PL N, and verify title, liens, and property condition before considering a bid at approximately 4414.22.",High
41650-03-35-13120,6.5,Strong Manual Review Candidate,True,Research First,False,nan,"Parcel 41650-03-35-13120 at 6923 E MARSHALL PL N, Tulsa, shows a bid cost of 4414.22 and strong property/address clarity with high extraction/data confidence, but the development match status is 'No Clear Match' with low confidence, so it is classified as a Strong Manual Review Candidate rather than a confirmed good investment.","ZIP is unknown; development upside is not verified (No Clear Match, low confidence); surrounding value and crime risk are unknown.",ZIP code; surrounding property value context; crime risk; any confirmed nearby development or project ties; detailed property condition and improvements.,"Manually confirm the exact ZIP and neighborhood context, check county records for property condition and any liens, and independently research nearby developments or infrastructure projects to validate or refute potential upside.",High
42675-93-02-14170,6.5,Strong Manual Review Candidate,True,Research First,False,nan,"The parcel at 7447 E 1 ST S (Parcel ID 42675-93-02-14170) is a residential improvement property (R HS IMP) with a bid cost of 4426.92. Rule-based scoring (6.5) and category Strong Manual Review Candidate are supported by complete address quality, strong property clarity, and high overall data confidence. However, development verification shows No Clear Match with low confidence, so no external development upside is confirmed.","Unknown ZIP code; no verified nearby development or project-based upside; only medium geocode confidence; owner name listed as Unknown, which may complicate title or notification review.","Exact ZIP code; detailed property characteristics (structure size, condition, year built); surrounding value indicators; crime risk; any confirmed nearby development projects or area plans.","Manually confirm the full mailing/ZIP information and parcel mapping in county records, then pull assessor and GIS data to verify structure details, occupancy/condition indicators, and surrounding value before considering a bid at or above 4426.92.",High
11225-02-24-03490,6.5,Mid Investment,True,Watch,False,nan,"The parcel 11225-02-24-03490 is a residential improvement (R IMP) lot (LT 14 BLK 11) at 643 E MOHAWK BV N, Tulsa, with high extraction and overall data confidence and complete address quality. The rule-based system assigns a 6.5 score and labels it a Strong Manual Review Candidate, supported by a moderate bid cost of 4481.55 and strong property clarity. However, development verification shows No Clear Match with low confidence, and surrounding value and crime risk are unknown, so it cannot be classified as a Good Investment at this stage but merits manual review as a Mid Investment prospect.","ZIP unknown; no verified development match; surrounding value signal unknown; crime risk estimate unknown; only rule-based signals available, no independent valuation or condition data.",Exact ZIP code; neighborhood and surrounding value context; property condition and occupancy; any liens or title complications beyond tax status; crime and safety profile; rental or resale comparables.,"Manually confirm the precise ZIP and neighborhood context for 643 E MOHAWK BV N, then pull local sales/rent comps and any available condition or occupancy information to determine whether the 4481.55 bid cost is supported by realistic exit or cash-flow potential.",High
34600-93-25-02050,6.5,Mid Investment,True,Watch,False,nan,"Parcel 34600-93-25-02050 at 4732 S 85 AV E in Tulsa has a bid cost of 4491.48 and is classified as R HS IMP with strong property clarity and complete address data, but the development match status is 'No Clear Match' and development confidence is low; overall data and extraction confidence are high, supporting a rule-based score of 6.5 and a mid-level investment classification that still merits manual review.",ZIP code is unknown; no clear or verified development match; surrounding value and crime risk are unknown; development confidence is low despite high overall data confidence.,Exact ZIP code; surrounding property value context; crime risk details; any confirmed nearby development or improvement plans.,"Manually verify the precise location and ZIP, check local market comps and neighborhood conditions around 4732 S 85 AV E, and investigate any unrecorded or emerging development activity before bidding.",High
22100-92-28-02330,6.5,Mid Investment,True,Watch,False,nan,"Parcel 22100-92-28-02330 at 4109 S 41 AV W in Tulsa shows a bid cost of 4589.54 with strong property clarity, complete address data, and high extraction/data confidence, but the development match status is No Clear Match with low confidence, so it is a strong manual review candidate rather than a confirmed good investment.","ZIP is unknown; no verified development upside (No Clear Match, low development confidence); owner name unknown; surrounding value and crime risk are both unknown.",Exact ZIP code; surrounding property value context; crime risk indicators; physical condition and occupancy; title issues or liens beyond tax status; any independent confirmation of nearby development activity.,"Manually confirm the precise ZIP and neighborhood context, pull recent comparable sales and assessed values around 4109 S 41 AV W, and check county records for title, liens, and any local planning or development activity before bidding.",High
12060-94-08-20510,6.5,Mid Investment,True,Watch,False,nan,"Parcel 12060-94-08-20510 at 12217 E 13 PL S in Tulsa shows a bid cost of 5185.69 with property type R HS IMP and strong property clarity plus complete address, supported by high extraction/data confidence. However, the development match status is No Clear Match with low development confidence, so no verified upside from nearby projects, resulting in a conservative rule-based score of 6.5 and classification as a strong manual review candidate rather than an automatic buy.","ZIP is unknown; no verified development upside (No Clear Match, low development confidence); surrounding value and crime risk are unknown; owner name is unknown, which may complicate title or notification history.",Exact ZIP code; surrounding property value context; crime/safety profile; physical condition of improvements; occupancy status; title status and any additional liens or encumbrances; local market resale or rental demand.,"Confirm full mailing/ZIP details and pull county records for title, liens, and prior sale history, then obtain on-the-ground or street-view verification of property condition and neighborhood context before refining value and maximum bid.",High
16250-92-05-01100,6.5,Strong Manual Review Candidate,True,Research First,False,nan,"Parcel 16250-92-05-01100 at 426 S 55 AV W in Tulsa has a low bid cost of 3012.36 and clear residential improvement (R IMP) labeling with high extraction confidence and medium overall data confidence, but the development match status is No Clear Match with low development confidence and failed geocoding, so it is best treated as a Strong Manual Review Candidate rather than a confirmed good investment.",Unknown ZIP; failed geocoding and low geocode confidence; no verified development upside (No Clear Match); surrounding value and crime risk unknown; owner listed as Unknown.,Exact ZIP code; precise geolocation; confirmation of surrounding property values and neighborhood context; physical condition of improvements; title status and any additional liens; current occupancy or use.,"Manually locate the parcel using county GIS or assessor records to confirm exact location, ZIP, and neighborhood context, then pull recent comparable sales and any code enforcement or lien records before considering a bid at or above 3012.36.",Medium
41025-02-01-01230,6.9,Strong Manual Review Candidate,True,Research First,False,nan,"Parcel 41025-02-01-01230 at 5607 N FRANKFORT AV E, Tulsa, has a low bid cost of 3021.69 and strong property/address clarity with high extraction/data confidence, but the development match status is No Clear Match with low confidence, so it is scored as a Strong Manual Review Candidate rather than a confirmed good investment.","ZIP is unknown; development upside is not verified (No Clear Match, low confidence); surrounding value and crime risk are unknown.","ZIP code; surrounding property value context; crime risk; detailed property characteristics (lot size, structure condition, zoning, utilities).","Manually pull county records and mapping data for 5607 N FRANKFORT AV E to confirm ZIP, zoning, physical characteristics, and neighborhood context, and then reassess value relative to the 3021.69 bid cost.",High
44200-02-11-05670,6.9,Mid Investment,True,Watch,False,nan,"Parcel 44200-02-11-05670 at 313 W 47 ST N, Tulsa, has high data confidence, complete address, and strong property clarity, supporting the rule-based score of 6.9 and a Strong Manual Review Candidate classification. The bid cost of 3081.02 is flagged as a strong positive signal. However, development verification shows No Clear Match with low confidence, and surrounding value and crime risk are unknown, so the property is best treated as a mid-level opportunity requiring further manual due diligence rather than a clearly good investment.",ZIP unknown; no verified development match; surrounding value signal unknown; crime risk estimate unknown.,Exact ZIP code; surrounding property value context; crime and neighborhood risk indicators; property condition and occupancy status; any liens or title complications beyond tax status.,"Manually confirm the precise location and ZIP for 313 W 47 ST N, then pull local sales/value and neighborhood risk data to validate whether the low bid cost of 3081.02 aligns with acceptable resale or hold potential.",High
05450-02-25-27030,6.9,Mid Investment,True,Watch,False,nan,"The rule-based score of 6.9 and category Strong Manual Review Candidate indicate this parcel merits deeper review. The bid cost of 3089.69 is relatively low, the address at 610 E YOUNG PL N is complete, property type R IMP and clarity are strong, and overall data confidence is high. However, the development match is No Clear Match with low confidence and distance not verified, so development cannot be treated as an upside factor. The unknown ZIP and lack of surrounding value and crime data introduce uncertainty, keeping this in a mid, not strong, investment tier.",Unknown ZIP; no verified development match or distance; surrounding value and crime risk unknown; owner name listed as Unknown.,Exact ZIP code; any verified nearby development or improvement plans; surrounding property value context; crime and neighborhood risk indicators; current condition and occupancy of the improvement.,Manually confirm the full mailing and situs details (including ZIP) for 610 E YOUNG PL N and pull local value and neighborhood data to assess surrounding comparables and risk before considering a bid at or above 3089.69.,High
40825-02-13-08350,6.9,Strong Manual Review Candidate,True,Research First,False,nan,"Parcel 40825-02-13-08350 at 4355 N GARRISON AV E shows a bid cost of 3109.68 with strong property clarity and complete address data, while the development match status is No Clear Match and overall data/extraction confidence is High, making it a solid candidate for deeper manual review but not a confirmed investment.","ZIP is unknown, limiting precise market and comp analysis; no clear or verified development match, so upside from nearby projects is unproven; geocode confidence is only Medium, adding some location uncertainty.",Exact ZIP code; detailed neighborhood and surrounding value data; crime risk estimate; any verified development or redevelopment plans tied to this parcel or its immediate area.,"Manually confirm the exact ZIP and neighborhood for 4355 N GARRISON AV E, then review local market values and any municipal or private development plans near the parcel to validate whether the low bid cost aligns with acceptable risk.",High
44200-02-11-03560,6.9,Mid Investment,True,Watch,False,nan,"Parcel 44200-02-11-03560 at 4690 N BOSTON AV E, Tulsa, has high data confidence, complete address, and strong property clarity, with a relatively low bid cost of 3117.68. Rule-based scoring (6.9) labels it a Strong Manual Review Candidate, but development verification shows No Clear Match and low confidence, so upside from nearby projects is unproven. Overall this supports a mid-level investment classification that warrants manual review but not automatic prioritization.",ZIP is unknown; no verified development proximity or upside; surrounding value and crime risk are unknown.,Exact ZIP code; surrounding property value context; crime risk; physical condition and occupancy; title and lien status beyond tax auction; zoning and permitted uses.,"Manually confirm the precise location and ZIP, then pull local comps and neighborhood data for 4690 N BOSTON AV E, and check county records for liens, zoning, and any unrecorded or informal development activity nearby.",High
41025-02-01-04490,6.9,Strong Manual Review Candidate,True,Research First,False,nan,"The parcel at 543 E 59 PL N (Parcel ID 41025-02-01-04490) has high data confidence, complete address quality, and strong property clarity, supporting the rule-based score of 6.9 and a Strong Manual Review Candidate classification. The bid cost of 3123.68 appears attractive enough to warrant deeper research, but the development verification shows No Clear Match with low confidence, so no development premium should be assumed.","ZIP is unknown, limiting precise location and comp analysis; no verified nearby development or project to support appreciation assumptions; crime and surrounding value signals are unknown; owner name is unknown, which may complicate title or notification review.",Exact ZIP code; clearer neighborhood and surrounding value context; crime risk estimate; any verified nearby development or infrastructure projects; more detailed property characteristics beyond R IMP classification.,"Manually confirm the precise location and ZIP for 543 E 59 PL N, then review local value context and any known developments or infrastructure plans before assessing maximum bid and exit strategy.",High
44200-02-11-01470,6.9,Strong Manual Review Candidate,True,Research First,False,nan,"The parcel at 113 E 49 ST N, Tulsa (Parcel ID 44200-02-11-01470) has a low bid cost of 3160.35, complete address quality, strong property clarity, and high overall data confidence, which together yield a rule-based score of 6.9 and classification as a Strong Manual Review Candidate. However, the development match is 'No Clear Match' with low confidence and no distance-verified tie to any project, so development is not a positive factor. The unknown ZIP and unverified surrounding value/crime risk keep this from qualifying as a Good Investment at this stage.",ZIP is unknown; no verified development match or distance-based tie to a project; surrounding value and crime risk are unknown; owner name listed as Unknown may complicate title or research.,Exact ZIP code; any verified nearby development or infrastructure projects; surrounding property value context; crime/safety indicators; more detailed property characteristics beyond 'R IMP'; ownership/title clarity.,"Manually confirm the full mailing/ZIP information and pull county records for this parcel to verify ownership, property characteristics, and neighborhood value context before considering a bid at or above 3160.35.",High
29775-02-26-05550,6.5,Mid Investment,True,Watch,False,nan,"Parcel 29775-02-26-05550 at 2120 N MARTIN LUTHER has a low bid cost of 3174.97 and is classified as a Strong Manual Review Candidate with medium data confidence and high extraction confidence. However, the development match status is 'No Clear Match' with low confidence and failed geocoding, so no development upside is verified despite otherwise strong property clarity and complete address data.","ZIP unknown; development upside not verified (No Clear Match, low confidence); geocoding failed with low confidence; surrounding value and crime risk unknown.",Exact ZIP code; reliable geocode/coordinates; surrounding property value context; crime risk indicators; any confirmed nearby development or project ties.,"Manually confirm the full address and ZIP, obtain a reliable map location for the parcel, and check local records or mapping tools for surrounding values and any actual nearby development activity before considering a bid.",Medium
37375-03-32-16320,6.9,Mid Investment,True,Watch,False,nan,"Parcel 37375-03-32-16320 at 2601 E MARSHALL ST N shows a bid cost of 3183.01 with strong property clarity (R IMP) and complete address, but the development match status is No Clear Match and development confidence is Low. Overall data and extraction confidence are High, supporting a rule-based score of 6.9 and a Mid Investment, strong manual review candidate classification.","ZIP is unknown; no verified development upside (No Clear Match, low development confidence); geocode confidence only Medium; surrounding value and crime risk are Unknown.",Exact ZIP code; detailed neighborhood value context; crime risk; property condition and occupancy; any liens or title issues beyond tax status.,"Manually confirm the precise ZIP and neighborhood context, verify current property condition and occupancy, check for additional liens or title complications, and assess local sales/rent levels to validate whether the 3183.01 bid cost is justified.",High
52550-92-33-05285,6.5,Mid Investment,True,Watch,False,nan,"Parcel 52550-92-33-05285 at 4535 W 57 ST S has a bid cost of 3222.34 and is classified as a residential property with strong property clarity and complete address, but the development match status is No Clear Match and overall data confidence is Medium based on high extraction confidence but low geocode confidence, so it is a Strong Manual Review Candidate rather than a clear Good Investment.","ZIP unknown; geocode status failed and geocode confidence low; development upside not verified (No Clear Match, low confidence); owner name unknown; surrounding value and crime risk unknown.",Exact ZIP code; reliable geocoded location; any verified nearby development or project ties; surrounding property value context; crime and neighborhood risk indicators; current condition and marketability of the residential lot.,"Manually confirm the precise location and ZIP via county GIS or plat maps, then check local comps and any nearby development or infrastructure plans for this block/lot before deciding whether the 3222.34 bid cost is justified.",Medium
17675-02-24-08030,6.9,Strong Manual Review Candidate,True,Research First,False,nan,"Parcel 17675-02-24-08030 at 3130 N HARTFORD PL E in Tulsa has high extraction/data confidence, complete address quality, and strong property clarity, supporting a solid rule-based score of 6.9. The bid cost of 3311.00 is flagged as a strong positive signal, justifying manual review. However, the development verification shows No Clear Match with low confidence and no confirmed proximity-based upside, so the property cannot be elevated to a Good Investment category based on development factors.",ZIP is unknown; no verified development or surrounding value signal; crime risk and surrounding value are unknown; development match is No Clear Match with low confidence.,Exact ZIP code; any verified nearby development or value comps; crime risk context; more detailed property characteristics beyond type R IMP.,"Manually confirm the precise ZIP and neighborhood context for 3130 N HARTFORD PL E, then check local value indicators and any nearby projects or improvements to validate whether the low bid cost of 3311.00 aligns with acceptable risk.",High
25375-03-29-05240,6.9,Strong Manual Review Candidate,True,Research First,False,nan,"Parcel 25375-03-29-05240 at 3215 E XYLER ST N in Tulsa has a low bid cost of 3313.80 and is classified as R HS IMP with strong property clarity and complete address data. The development match status is No Clear Match with low confidence, so no verified development upside is counted. Overall extraction and data confidence are High, supporting a rule-based score of 6.9 and a Strong Manual Review Candidate classification rather than an automatic investment decision.",ZIP is unknown; no verified development match or surrounding value signal; crime risk is unknown; development confidence is low.,Exact ZIP code; surrounding property value context; crime risk details; physical condition of improvements; any liens or title complications beyond tax status.,"Manually confirm the precise location and ZIP, pull nearby sales/value data for comparable residential parcels, and check county records for condition, structures, and any additional encumbrances before bidding.",High
18650-93-06-12970,6.9,Strong Manual Review Candidate,True,Research First,False,nan,"Parcel 18650-93-06-12970 at 348 S ZUNIS AV E, Tulsa, has high extraction confidence, complete address, and strong property clarity, with a bid cost of 3418.25. Rule-based scoring (6.9) classifies it as a Strong Manual Review Candidate. However, development verification shows no clear match and low confidence, so development is not a positive factor. Data confidence is high overall, but the missing ZIP and lack of verified surrounding value or crime data add uncertainty.",ZIP is unknown; no verified development match or surrounding value signal; crime risk estimate is unknown; development upside cannot be relied upon.,Exact ZIP code; any verified nearby development or redevelopment plans; surrounding property value context; crime and neighborhood risk indicators; property condition and occupancy status.,"Confirm the precise ZIP and neighborhood context for 348 S ZUNIS AV E, then pull local sales/value and neighborhood risk data to validate whether the 3418.25 bid cost is justified in the absence of verified development upside.",High
28475-03-33-14410,6.9,Mid Investment,True,Watch,False,nan,"Parcel 28475-03-33-14410 at 1211 N VANDALIA AV E, Tulsa, has a low bid cost of 3437.28 and is tagged as R IMP with strong property clarity and complete address data, while overall data/extraction confidence is High. However, the development match status is No Clear Match with low confidence, and ZIP is unknown, so no development-driven upside is verified. These factors support a Mid Investment classification but a Strong Manual Review Candidate flag for deeper due diligence.",ZIP is unknown; no clear or verified development match; development confidence is low; surrounding value and crime risk are unknown.,Exact ZIP code; surrounding property value context; crime risk; physical condition of improvements; title and lien status beyond tax delinquency.,"Confirm full address including ZIP and pull local comps and neighborhood data for 1211 N VANDALIA AV E, then verify property condition and any additional liens or encumbrances before bidding.",High
90330-03-30-22140,6.9,Strong Manual Review Candidate,True,Research First,False,nan,"Parcel 90330-03-30-22140 at 2049 E ZION ST N in Tulsa shows a low bid cost of 3437.65 with complete address quality and strong property clarity, and the rule-based system assigns a 6.9 score with High data confidence and High extraction confidence. However, the development match status is No Clear Match with Low development confidence, so no verified development upside is assumed despite the Strong Manual Review Candidate category.","ZIP is unknown; development upside is not verified (No Clear Match, low confidence); surrounding value and crime risk are unknown.",Exact ZIP code; surrounding property value context; crime risk; physical condition of the improvement; title and lien status beyond tax auction; zoning and allowable uses.,"Manually confirm the precise location and ZIP for 2049 E ZION ST N, pull local comps and tax/assessment records for this R IMP parcel, and verify zoning, access, and any additional liens or encumbrances before bidding.",High
44200-02-11-03600,6.9,Strong Manual Review Candidate,True,Research First,False,nan,"Parcel 44200-02-11-03600 at 4672 N BOSTON AV E in Tulsa shows a relatively low bid cost of 3450.32 and clear residential improvement (R IMP) use, with high extraction/data confidence and complete address quality. However, the development match status is No Clear Match with low confidence, so no development premium is counted. These factors together yield a rule-based score of 6.9 and a Strong Manual Review Candidate classification rather than a confirmed good investment.",ZIP is unknown; no verified nearby development or project to support appreciation; surrounding value and crime risk are both unknown; actual property condition and occupancy are not provided.,"Exact ZIP code; current physical condition and any structures on the R IMP parcel; neighborhood crime and surrounding value context; title issues, liens, or encumbrances; recent comparable sales or assessed value.","Manually confirm the precise ZIP and neighborhood context for 4672 N BOSTON AV E, then pull county records and recent comparable sales to estimate as-is and post-repair value, and verify any code violations, liens, or occupancy issues before bidding.",High
19725-03-30-11590,6.9,Mid Investment,True,Watch,False,nan,"Parcel 19725-03-30-11590 at 1729 E YOUNG PL N, Tulsa, shows strong property clarity, complete address, and a strong bid price signal at 3471.65. Rule-based scoring labels it a Strong Manual Review Candidate with a conservative score of 6.9 and high overall data confidence. However, development verification shows No Clear Match with low confidence, so no confirmed development-driven upside is present. This combination supports a mid-level investment classification that warrants manual review rather than an automatic buy.","ZIP is unknown; no verified nearby development or project tie-in; surrounding value and crime risk are both unknown, limiting context for valuation and risk assessment.",Exact ZIP code; surrounding property value context; crime risk details; any confirmed nearby development or infrastructure projects; property condition and occupancy status.,"Manually confirm the precise location and ZIP, then pull local sales/value comps and crime data for the immediate area around 1729 E YOUNG PL N to validate whether the low bid cost aligns with acceptable risk and potential resale or rental value.",High
27550-93-08-18710,6.9,Strong Manual Review Candidate,True,Research First,False,nan,"Parcel 27550-93-08-18710 at 1239 S ATLANTA PL E in Tulsa shows a bid cost of 3527.85 with strong property clarity and complete address data, and the extraction/data confidence is High. However, the development match status is No Clear Match with Low development confidence, so no verified development upside is assumed. These factors together yield a rule-based score of 6.9 and justify Strong Manual Review Candidate status rather than an automatic investment decision.","ZIP is unknown; development upside is not verified (No Clear Match, Low confidence); surrounding value and crime risk are unknown.",Exact ZIP code; surrounding property value context; crime risk; property condition and occupancy; title issues or liens beyond tax status.,"Confirm precise ZIP and neighborhood context, pull local sales/value comps and crime data, and verify on-the-ground property condition and any additional liens or title complications before bidding.",High
07600-02-24-00740,6.9,Mid Investment,True,Watch,False,nan,"Parcel 07600-02-24-00740 at 3353 N LANSING PL E in Tulsa has a relatively low bid cost of 3530.98, complete address quality, strong property clarity, and high overall data confidence, which supports manual review. However, the development verification shows No Clear Match with low confidence, and surrounding value and crime risk are unknown, so the property cannot be classified as a good investment based on current data.",ZIP unknown; no verified development match; surrounding value signal unknown; crime risk estimate unknown.,Exact ZIP code; surrounding property value context; crime/safety context; any confirmed nearby development or infrastructure projects.,"Manually confirm the precise ZIP and neighborhood context for 3353 N LANSING PL E, then review local sales/rent comps and crime data to determine whether the low bid cost aligns with acceptable risk and potential return.",Medium
13200-02-26-00860,6.9,Strong Manual Review Candidate,True,Research First,False,nan,"The parcel 13200-02-26-00860 at 1516 N MAIN ST W is a residential improved property (R HS IMP) with strong property clarity, complete address, and high overall data confidence. The bid cost of 3541.13 is relatively low, which supports potential value if the structure and neighborhood conditions are acceptable. Rule-based scoring (6.9) classifies it as a Strong Manual Review Candidate. However, the development verification shows No Clear Match with low confidence, so no external project-driven upside is confirmed. Missing ZIP and only medium geocode confidence add some location uncertainty, keeping this from being a clear Good Investment.",No verified development upside; ZIP is unknown; only medium geocode confidence; owner listed as Unknown may complicate title or notification history; surrounding value and crime risk are unknown.,Exact ZIP code; more precise neighborhood and surrounding value context; condition of improvements; title status and any additional liens; local crime and rental/sales comparables.,"Manually confirm full address including ZIP and precise map location, then pull county records for title, liens, and property characteristics to assess structure condition and neighborhood value before bidding.",High
25525-03-29-06940,6.9,Mid Investment,True,Watch,False,nan,"Parcel 25525-03-29-06940 at 2012 N COLUMBIA AV E shows a bid cost of 3645.63 with strong property clarity and complete address data, while the development match status is No Clear Match with low confidence and overall data/extraction confidence is High, supporting a Mid Investment classification that still requires manual review.","ZIP is unknown; no verified development upside (No Clear Match, low development confidence); crime and surrounding value signals are unknown; ownership details are unclear (Owner Name: Unknown).",Exact ZIP code; surrounding value and comp context; crime risk; detailed title status and liens; interior/structural condition; utility status and local code or nuisance issues.,"Manually confirm parcel details and ZIP with county records, pull full title and lien history, and obtain on-the-ground or street-level condition checks to validate whether the low bid cost aligns with acceptable rehab and neighborhood risk.",High
49600-03-17-06000,6.9,Strong Manual Review Candidate,True,Research First,False,nan,"Parcel 49600-03-17-06000 at 2738 E 45 ST N in Tulsa has a bid cost of 3766.83 and is tagged as R IMP with strong property clarity and complete address data, while extraction/data confidence is High. However, the development match status is No Clear Match with low confidence, so no development upside is verified, leading to a conservative rule-based score of 6.9 and classification as a Strong Manual Review Candidate rather than a confirmed good investment.","ZIP is unknown; no verified development match or surrounding value data; crime risk is unknown; development confidence is low, so upside is unproven.",Exact ZIP code; surrounding property value context; neighborhood crime risk; any confirmed nearby development projects or area improvements; physical condition and occupancy status of the improvement.,"Verify the precise ZIP and neighborhood context for 2738 E 45 ST N, then pull recent comparable sales and assessed values, check county/municipal planning or news for any nearby projects, and confirm property condition and occupancy before bidding.",High
59900-24-20-00058,6.9,Strong Manual Review Candidate,True,Research First,False,nan,"The property at 1115 N 15 ST W, Collinsville, OK (parcel 59900-24-20-00058) has a relatively low bid cost of 3771.34, strong property clarity (R HS IMP) and complete address, with high overall data confidence. Rule-based scoring labels it a Strong Manual Review Candidate with a score of 6.9. However, the development verification shows No Clear Match and low confidence, so no development premium is justified. These factors support prioritizing manual review but not categorizing it as a Good Investment at this stage.",ZIP is unknown; no verified development or surrounding value signal; crime risk and surrounding value are unknown; development match explicitly marked as No Clear Match with low confidence.,Exact ZIP code; any verified nearby development or value drivers; local market context and crime risk; physical condition and occupancy status of the residential improvement.,"Manually confirm the precise location and ZIP, then investigate local market conditions and any nearby projects or infrastructure improvements to validate whether the low bid cost aligns with area values and risks.",High
09175-93-05-05710,6.9,Strong Manual Review Candidate,True,Research First,False,nan,"Parcel 09175-93-05-05710 at 2520 E 6 ST S in Tulsa has a bid cost of 3780.86, clear residential-improvement property type (R HS IMP), complete address, strong property clarity, and high overall data confidence. These factors produce a conservative rule-based score of 6.9 and a Strong Manual Review Candidate category. However, the development verification shows No Clear Match with low confidence, so no development-driven upside is confirmed.","ZIP is unknown; no verified development match or distance-based upside; surrounding value and crime risk are both unknown, increasing uncertainty about neighborhood conditions and resale/rental potential.",ZIP code; surrounding value context; crime risk estimate; any verified nearby development or project linkage; on-the-ground condition of the residential improvements.,"Manually research the exact ZIP and neighborhood context for 2520 E 6 ST S, confirm current property condition and occupancy for this R HS IMP parcel, and check local sales/rent comps and any nearby projects to validate whether the low bid cost of 3780.86 reflects genuine value or hidden risk.",High
90326-03-26-20930,6.9,Strong Manual Review Candidate,True,Research First,False,nan,"Parcel 90326-03-26-20930 at 6945 E PINE ST N in Tulsa has a low bid cost of 3812.95, complete address data, and strong property clarity, producing a rule-based score of 6.9 and classification as a Strong Manual Review Candidate. Data confidence is high and geocoding confidence is medium, but there is no clear matched development and surrounding value and crime risk are unknown, so it cannot be treated as a Good Investment at this stage.",ZIP is unknown; no verified development match; surrounding value signal unknown; crime risk estimate unknown; commercial improvement details not specified beyond type C IMP.,"Exact ZIP code; detailed property characteristics (size, condition, use); surrounding market value context; crime and neighborhood risk indicators; any confirmed nearby development or infrastructure projects.","Manually confirm the precise location and ZIP, obtain property details from county records (building size, use, condition), and check local market and zoning context around 6945 E PINE ST N to assess rental/resale potential and risk before bidding.",High
36075-03-08-00420,6.9,Strong Manual Review Candidate,True,Research First,False,nan,"The parcel at 2548 E 48 ST N, Tulsa (Parcel ID 36075-03-08-00420) has a bid cost of 3840.44 and is classified as R HS IMP, with complete address quality, strong property clarity, and high overall data confidence. Rule-based scoring of 6.9 places it in the Strong Manual Review Candidate category. However, the development verification shows No Clear Match with low confidence, so no development premium is applied.","Unknown ZIP code; no verified nearby development or clear development tie-in; medium geocode confidence; overall upside depends on factors not yet validated (surrounding values, crime, and local market conditions are all unknown).",Exact ZIP code; detailed neighborhood and surrounding value data; crime risk; physical condition of improvements; title status and any additional liens; zoning specifics beyond R HS IMP label; access and utilities verification.,"Manually confirm the precise location and ZIP, pull local sales/assessed values and neighborhood context around 2548 E 48 ST N, verify property condition and occupancy, and run a title/encumbrance check before considering a bid at or above 3840.44.",High
13775-02-12-01490,6.9,Mid Investment,True,Watch,False,nan,"The rule-based score of 6.9 and category Strong Manual Review Candidate indicate this parcel merits further investigation. The bid cost of 3989.60 is flagged as a strong signal, and the property type R IMP with complete address at 4641 N HARTFORD AV E plus strong property clarity and high overall data confidence support potential value. However, the development verification shows No Clear Match with low confidence and no distance-based confirmation, so development cannot be treated as a benefit. Unknown ZIP and only medium geocode confidence add uncertainty, keeping this in a mid, not top, investment tier.",No verified development proximity or upside; ZIP is unknown; geocode confidence only medium; owner name listed as Unknown; surrounding value and crime risk are both Unknown.,Exact ZIP code; clearer ownership details; surrounding property value context; crime/safety context; on-the-ground condition of improvements; confirmation of precise parcel boundaries for LT 29 LESS BEG NEC W20 SELY ON STR LINE TO.,"Manually confirm parcel location and ZIP via county records or GIS, verify ownership and any title or lien complications, and review local market and physical condition to determine whether the low bid cost aligns with realistic resale or rental potential.",High
17675-02-24-07550,6.5,Strong Manual Review Candidate,True,Research First,False,nan,"The parcel at 3179 N IROQUOIS AV E, Tulsa (R IMP) has high data confidence, complete address quality, and strong property clarity, supporting the rule-based score of 6.5 and a Strong Manual Review Candidate classification. The bid cost of 4023.59 is moderate relative to the available information, but the development verification shows No Clear Match with low confidence, so no development-driven upside is confirmed.","ZIP is unknown; development upside is not verified; surrounding value and crime risk are unknown, increasing uncertainty around long-term value and risk profile.",Exact ZIP code; surrounding property value context; crime risk; property condition and occupancy; any liens or title issues beyond tax status; zoning and permitted uses.,"Manually confirm the precise location and ZIP, pull local sales and rent comps around 3179 N IROQUOIS AV E, and check county records for zoning, code violations, and additional liens to validate whether the moderate bid cost is justified.",High
36525-94-02-01380,6.1,Strong Manual Review Candidate,True,Research First,False,nan,"For parcel 36525-94-02-01380 at 135 S 166 AV E, Tulsa, the bid cost of 4189.58 and a rule-based score of 6.1 with strong property clarity and complete address support a Strong Manual Review Candidate classification. However, the development match status is 'No Clear Match' with low development confidence, geocoding confidence is low, and overall data/extraction confidence is only Medium, so this should not be treated as a confirmed good investment without deeper due diligence.","ZIP is unknown; geocoding support is weak (low confidence); development upside is not verified (No Clear Match, low confidence); surrounding value and crime risk are unknown.",Exact ZIP code; reliable geocode/coordinates; surrounding property value context; crime risk; physical condition of improvements; title and lien status beyond tax auction; any nearby confirmed development projects.,"Manually confirm the precise location and ZIP via county GIS or assessor records, then check surrounding sales/values and any local planning or development activity before assessing renovation, resale, or hold strategies.",Medium
20300-92-03-05240,6.5,Mid Investment,True,Watch,False,nan,"Parcel 20300-92-03-05240 at 1919 W CAMERON ST N has a bid cost of 4192.50 and is flagged as a Strong Manual Review Candidate with strong property clarity and complete address data; however, the development match status is No Clear Match with low confidence, and overall data/extraction confidence is High, supporting a Mid Investment classification that warrants deeper manual review.","ZIP is unknown; no verified development upside (No Clear Match, low development confidence); surrounding value and crime risk are unknown, increasing uncertainty about neighborhood conditions.",Exact ZIP code; surrounding property value context; crime risk; property condition and occupancy; any liens or title complications beyond tax status; local zoning and allowable uses.,"Confirm full mailing/ZIP details and pull county records for this parcel to verify zoning, any additional liens, and recent sales or assessed values for nearby parcels before considering a bid at or above 4192.50.",High
27775-03-36-02105,6.1,Mid Investment,True,Watch,False,nan,"Parcel 27775-03-36-02105 at 823 N 89 AV E has a bid cost of 4243.04 and is classified as R HS IMP with strong property clarity and complete address but unknown ZIP. Development match status is No Clear Match with low verified development signal, and overall data confidence is Medium with low geocode confidence, so it is a Strong Manual Review Candidate but not a confirmed good investment.",Unknown ZIP; weak or failed geocoding; no verified development upside; surrounding value and crime risk unknown.,Exact ZIP code; reliable geocode/location confirmation; surrounding property value context; crime/safety context; condition and occupancy of improvements.,"Manually confirm the precise location and ZIP of 823 N 89 AV E via county records or mapping, then check nearby sales, neighborhood conditions, and any local development plans before considering a bid.",Medium
35900-03-30-15590,6.5,Strong Manual Review Candidate,True,Research First,False,nan,"Parcel 35900-03-30-15590 at 2012 E ZION ST N, Tulsa, OK shows a bid cost of 4244.24 and strong property/address clarity with high overall data confidence, but the development match status is 'No Clear Match' with low development confidence, so it is classified as a Strong Manual Review Candidate rather than a confirmed good investment.",ZIP is unknown; no clear or verified development match; development confidence is low; surrounding value and crime risk are unknown.,Exact ZIP code; surrounding property value context; crime risk; detailed property condition and improvements; any nearby verified development projects.,"Manually confirm the precise ZIP and neighborhood context, then check local sales/assessed values and any nearby planned projects or infrastructure improvements before considering a bid at approximately 4244.24.",High
19650-03-35-06970,6.5,Strong Manual Review Candidate,True,Research First,False,nan,"Rule-based score of 6.5 and category Strong Manual Review Candidate reflect a moderate bid cost of 4312.23, complete address and strong property clarity for parcel 19650-03-35-06970, plus high overall data confidence. However, development verification shows No Clear Match with low confidence and no distance-based confirmation, so there is no validated development-driven upside. Unknown ZIP and only medium geocode confidence add uncertainty, keeping this from a Good Investment and instead supporting targeted manual review.",No verified development match or distance-based upside; ZIP is unknown; geocode confidence only Medium; surrounding value and crime risk are both Unknown.,Exact ZIP code; surrounding property value context; crime risk; more precise location validation; any confirmed nearby development or infrastructure projects.,"Manually confirm the precise location and ZIP of 6943 E NEWTON PL N, then pull surrounding sales/value and neighborhood risk data to determine whether the moderate bid cost of 4312.23 is justified absent any verified development upside.",High
10225-93-02-04460,6.1,Strong Manual Review Candidate,True,Research First,False,nan,"Parcel 10225-93-02-04460 at 209 S 72 AV E, Tulsa, has a bid cost of 4357.56 and is tagged as R IMP with strong property clarity and complete address but unknown ZIP. The development match status is 'No Clear Match' with low confidence, and overall data confidence is Medium based on high extraction confidence but failed geocoding, so it is scored as a Strong Manual Review Candidate rather than a confirmed investment.",Unknown ZIP; failed or low-confidence geocoding; no clear or verified nearby development; surrounding value and crime risk unknown.,Exact ZIP code; reliable geocode/parcel mapping; surrounding property value context; crime/safety indicators; physical condition and occupancy status of the improvement.,"Manually confirm parcel location and ZIP via county records or GIS, then check surrounding sales/assessed values and any local planning or development activity before considering a bid.",Medium
29675-03-07-10040,6.5,Mid Investment,True,Watch,False,nan,"Parcel 29675-03-07-10040 at 4823 N XANTHUS AV E shows a bid cost of 4393.48 with strong property clarity and complete address but unknown ZIP; development match status is No Clear Match with low verified development signal, and overall data/extraction confidence is High, supporting a Strong Manual Review Candidate but not a confirmed good investment.",ZIP unknown; no verified development upside; surrounding value signal unknown; crime risk unknown.,Exact ZIP code; neighborhood and surrounding value context; crime and rental/sales comparables; property condition and occupancy status.,"Manually confirm the precise ZIP and neighborhood context for 4823 N XANTHUS AV E, then pull surrounding sales/rent data and any available condition/occupancy information to determine whether the 4393.48 bid cost is justified.",High
25200-03-35-07780,6.5,Mid Investment,True,Watch,False,nan,"The parcel at 6780 E INDEPENDENCE (Parcel ID 25200-03-35-07780) has a moderate bid cost of 4404.05, complete address data, strong property clarity, and high overall data confidence, which supports a rule-based score of 6.5 and classification as a Strong Manual Review Candidate. However, development verification shows no clear match and low confidence, so no development premium is justified. These factors together support a Mid Investment category that warrants deeper manual review but not an automatic purchase decision.","ZIP and precise local context are unknown; no verified development match or surrounding value signal; crime risk and surrounding value are both unknown, increasing uncertainty about neighborhood quality and resale/rental potential.",Exact ZIP code; detailed neighborhood and surrounding value data; crime risk metrics; confirmation of current property condition and improvements for this R HS IMP classification; any nearby development or infrastructure projects not captured in the current development match.,"Manually confirm the full address including ZIP and neighborhood, then pull county records and mapping imagery for this parcel to verify actual property use, condition, and surrounding land values before considering a bid at or above 4404.05.",High
34750-02-26-07380,6.1,Strong Manual Review Candidate,True,Research First,False,nan,"Parcel 34750-02-26-07380 at 2516 N MARTIN LUTHER has a bid cost of 5271.47 and is classified as R IMP with complete address quality and strong property clarity, but the development match status is No Clear Match and overall data confidence is only Medium based on high extraction confidence but failed geocoding and unknown ZIP.",Unknown ZIP and city; failed geocoding with low geocode confidence; no verified development upside (No Clear Match); surrounding value and crime risk unknown; overall data confidence only Medium.,Exact ZIP and city confirmation; precise geocode/location; surrounding property values; crime and neighborhood risk indicators; any local development or zoning details.,"Independently confirm the full address and geolocation for 2516 N MARTIN LUTHER, then pull local sales/assessed values and neighborhood data to validate whether the bid cost of 5271.47 is justified given condition and market context.",Medium
37775-93-03-07050,6.5,Mid Investment,True,Watch,False,nan,"Rule-based score of 6.5 and category Strong Manual Review Candidate indicate this parcel merits deeper research. The bid cost of 4503.56 is moderate for an R IMP property with clear parcel_id 37775-93-03-07050 and complete address at 6126 E 3 ST S. Data confidence is High and property clarity is Strong, but development verification shows No Clear Match with low confidence, so no uplift from nearby projects is justified. These mixed signals support a mid-tier investment classification pending manual due diligence.",Unknown ZIP; no verified development match or surrounding value signal; crime risk estimate unknown; development confidence low despite geocode success only at medium confidence.,Exact ZIP code; surrounding value indicators; crime risk details; any confirmed nearby development or redevelopment plans; on-the-ground condition and occupancy of the R IMP improvement.,"Manually confirm the precise ZIP and neighborhood context for 6126 E 3 ST S, then check local sales, rents, and condition for comparable R IMP properties on the same block to validate whether the 4503.56 bid aligns with realistic resale or income potential in the absence of verified development upside.",High
00575-93-06-00950,6.5,Strong Manual Review Candidate,True,Research First,False,nan,"Parcel 00575-93-06-00950 at 401 S VICTOR AV E, Tulsa, shows a bid cost of 4526.88 and is scored as a Strong Manual Review Candidate based on strong property clarity, complete address, and high extraction/data confidence. However, the development match status is No Clear Match with low confidence, so no development premium is applied.",ZIP is unknown; no clear or verified development match; surrounding value and crime risk are unknown.,Exact ZIP code; surrounding property value context; crime/safety profile; physical condition of improvements; title issues or liens beyond tax status.,"Manually confirm the precise ZIP and neighborhood context, then review county records and mapping tools for surrounding values, property condition indicators, and any nearby projects not captured in the current development match.",High
49800-03-34-14990,6.5,Mid Investment,True,Watch,False,nan,"Rule-based scoring of 6.5 and category Strong Manual Review Candidate reflect a moderate bid cost (4540.87), clear residential improvement classification (R IMP), complete address for parcel 49800-03-34-14990, strong property clarity, and high overall data confidence. However, development match is No Clear Match with low confidence and no distance-based confirmation, so potential upside from nearby projects cannot be verified.",ZIP is unknown; no verified development linkage or surrounding value signal; crime risk and surrounding value are both unknown; development geocoding and match confidence are low.,Exact ZIP code; any confirmed nearby development or redevelopment plans; surrounding value indicators; crime risk metrics; detailed property condition and structure details beyond R IMP classification.,"Manually confirm the precise ZIP and neighborhood context for 1241 N ALLEGHENY AV E, then check local records and planning resources for any nearby development or value drivers before assessing whether the 4540.87 bid aligns with comparable properties and risk tolerance.",High
60513-73-08-70260,6.1,Strong Manual Review Candidate,True,Research First,False,nan,"Parcel 60513-73-08-70260 at 13610 S 21 CT E in the City of Jenks shows a bid cost of 4548.16 and a strong property clarity signal with complete address data, but the development match status is 'No Clear Match' and overall data confidence is only Medium with low geocode confidence, so it is a Strong Manual Review Candidate rather than a confirmed investment.",ZIP unknown; geocoding failed with low confidence; development upside not verified (No Clear Match); surrounding value and crime risk unknown.,Exact ZIP code; reliable geocode/coordinates; surrounding property value context; crime/safety indicators; any confirmed nearby development or infrastructure projects.,"Independently geolocate the parcel using county GIS or assessor records, confirm the ZIP and neighborhood context, and check local planning or development documents for any nearby projects that could affect value.",Medium
07410-94-07-23780,6.1,Mid Investment,True,Watch,False,nan,"The parcel at 1525 S 112 AV E, Tulsa (Parcel ID 07410-94-07-23780) has a bid cost of 4554.87, complete address data (except ZIP), and strong property clarity, which supports preliminary interest. The rule-based system assigns a 6.1 score and labels it a Strong Manual Review Candidate with medium overall data confidence. However, geocoding failed, surrounding value and crime risk are unknown, and the development match is 'No Clear Match' with low confidence, so there is no verified upside from development.",Unknown ZIP; failed or weak geocoding; no clear or verified development match; surrounding value signal unknown; crime risk estimate unknown; owner listed as Unknown.,Exact ZIP code; reliable geocode/parcel mapping; surrounding property value context; crime and neighborhood risk indicators; confirmation of current owner and title status; any verified nearby development or infrastructure projects.,"Manually confirm the parcel location and ZIP via county records or GIS, then pull surrounding sales/assessed values and any available neighborhood risk data before considering bid strategy.",Medium
90212-02-12-25800,6.5,Strong Manual Review Candidate,True,Research First,False,nan,"Parcel 90212-02-12-25800 at 1130 E 50 PL N, Tulsa, OK has high data confidence, complete address, and strong property clarity, with a moderate bid cost of 4580.87. Rule-based scoring classifies it as a Strong Manual Review Candidate. However, development verification shows No Clear Match with low confidence, so no development premium should be assumed.",ZIP unknown; development upside not verified; geocode confidence only Medium.,Exact ZIP code; any verified nearby development or redevelopment plans; more precise location context and surrounding value indicators; crime and neighborhood risk data.,"Manually confirm the exact parcel location and ZIP, then check local comps and neighborhood conditions to assess value and risk without assuming any development-related upside.",High
44325-03-36-03990,6.5,Mid Investment,True,Watch,False,nan,"Parcel 44325-03-36-03990 at 9415 E NEWTON ST N has a bid cost of 4649.22 and clear residential-improved property data with high extraction/data confidence, but the development match status is No Clear Match with low development confidence, so it is a strong manual review candidate rather than a confirmed good investment.",ZIP and precise market context unknown; no verified development upside; surrounding value and crime risk unknown; only medium geocode confidence.,Exact ZIP code; detailed neighborhood and comp values; structure details and condition; crime and school context; any nearby infrastructure or development plans.,"Manually confirm the exact location and ZIP, pull recent sales and rental comps around 9415 E NEWTON ST N, verify structure type and condition from county records or imagery, and check for any local development or zoning changes not captured in the current development match.",High
25150-03-34-10030,6.5,Strong Manual Review Candidate,True,Research First,False,nan,"The property at 1059 N IRVINGTON AV E (parcel 25150-03-34-10030) has complete address data, strong property clarity, and high overall data confidence, supporting a rule-based score of 6.5 and classification as a Strong Manual Review Candidate. The bid cost of 4655.65 is moderate relative to the available signals, but development verification shows No Clear Match with low confidence, so no external upside is confirmed. Geocode confidence is only medium and the ZIP is unknown, adding location uncertainty despite otherwise solid data.",Unknown ZIP and only medium geocode confidence; no verified development match or surrounding value signal; crime risk and neighborhood context unknown; development upside not verified.,Exact ZIP code; detailed neighborhood and surrounding value data; crime risk estimate; any confirmed nearby development projects; property condition and occupancy status.,"Manually confirm the precise location and ZIP, then check local sales/assessed values and any nearby development or zoning changes around 1059 N IRVINGTON AV E to validate whether the moderate bid cost of 4655.65 is justified.",High
09000-92-27-06570,6.5,Mid Investment,True,Watch,False,nan,"For parcel 09000-92-27-06570 at 2111 W 41 PL S, the bid cost of 4666.86, R IMP type, complete address quality, and strong property clarity, combined with high extraction/data confidence, support a rule-based score of 6.5 and a Strong Manual Review Candidate classification. However, the development match status is No Clear Match with low confidence and thus provides no verified upside, and the unknown ZIP adds location risk, so this is best treated as a mid investment prospect requiring further manual due diligence.","ZIP is unknown; development upside not verified (No Clear Match, low confidence); surrounding value and crime risk are unknown; geocode confidence only medium.",Exact ZIP code; more precise neighborhood and surrounding value data; crime risk context; any confirmed nearby development or redevelopment plans.,"Manually confirm the full address including ZIP and neighborhood context, then check local sales/rent comps and any city or planning documents for confirmed nearby development before deciding on bid strategy.",High
46825-03-33-18040,6.5,Strong Manual Review Candidate,True,Research First,False,nan,"The parcel at 1312 N SANDUSKY AV E (Parcel ID 46825-03-33-18040) has high data confidence, complete address, and strong property clarity, supporting a solid rule-based score of 6.5. The bid cost of 4668.86 is moderate, which may be attractive relative to typical improved residential property costs, but the development verification shows No Clear Match and low confidence, so no external upside is confirmed. These factors align with the rule-based classification of Strong Manual Review Candidate rather than a clear good or bad investment.","ZIP is unknown, limiting precise location and comp analysis; no verified nearby development or project to support appreciation; crime and surrounding value signals are unknown; owner name is unknown, which may complicate title or historical research.",Exact ZIP code; surrounding property value context; crime risk data; any confirmed nearby development projects; property condition and occupancy status; detailed title history and liens beyond the tax auction context.,"Manually confirm the precise location and ZIP, pull local sales and rent comps around 1312 N SANDUSKY AV E, check county records for liens or title complications, and investigate any local planning or development activity not captured in the current development match data.",High
43800-93-04-19370,6.5,Mid Investment,True,Watch,False,nan,"Parcel 43800-93-04-19370 at 420 S QUEBEC AV E, Tulsa, has a bid cost of 4670.86 and is classified as R IMP with complete address data and strong property clarity. Rule-based scoring (6.5) labels it a Strong Manual Review Candidate, supported by high overall data confidence and medium geocode confidence. However, development verification shows no clear match and low confidence, so no development premium should be assumed.","Unknown ZIP; no verified nearby development or project tie-in; surrounding value and crime risk are both unknown, increasing uncertainty about neighborhood quality and resale/rental potential.",ZIP code; surrounding value context; crime risk; detailed property condition; lot size and improvements specifics; any confirmed nearby development or infrastructure projects.,"Manually confirm the precise location and ZIP for 420 S QUEBEC AV E, then pull neighborhood sales/rent comps and basic condition data to validate whether the 4670.86 bid cost is justified in the absence of verified development upside.",High
36150-93-04-13930,6.5,Strong Manual Review Candidate,True,Research First,False,nan,"The parcel at 220 S URBANA AV E in Tulsa (Parcel ID 36150-93-04-13930) has a bid cost of 4698.86, complete address data, strong property clarity, and high overall data confidence. Rule-based scoring classifies it as a Strong Manual Review Candidate with a 6.5 score. However, development verification shows no clear match and low confidence, so there is no confirmed external upside from nearby projects.",Unknown ZIP code; no verified development match or distance-based upside; crime and surrounding value signals are unknown.,Exact ZIP code; surrounding value context; crime risk; any confirmed nearby development or redevelopment plans; detailed property condition and use specifics beyond 'R IMP'.,"Manually confirm the precise ZIP and neighborhood context for 220 S URBANA AV E, then check local sales, rents, and any city or planning documents for unrecorded development or infrastructure projects before deciding on a bid strategy.",High
78810-84-11-09060,6.5,Mid Investment,True,Watch,False,nan,"Parcel 78810-84-11-09060 at 416 E COLLEGE ST N has a bid cost of 4710.03 and is classified as R HS IMP with strong property clarity and complete address data, supported by high overall data/extraction confidence. However, the development match status is No Clear Match with low development confidence, so no verified upside from nearby projects is assumed. These factors together yield a rule-based score of 6.5 and a Mid Investment, strong manual review candidate classification.","ZIP is unknown; no verified development upside (No Clear Match, low development confidence); geocode confidence only Medium; local market conditions and property condition are not known.",Exact ZIP code; on-the-ground property condition; local market comps and rent/sale potential; any liens or title complications beyond the tax issue; zoning and any local code enforcement history.,"Manually confirm the precise location and ZIP, pull local sales/rent comps around 416 E COLLEGE ST N in Broken Arrow, and verify zoning, code issues, and title status to determine whether the 4710.03 bid cost is justified.",High
25050-03-34-03580,6.5,Mid Investment,True,Watch,False,nan,"Parcel 25050-03-34-03580 at 1455 N KINGSTON PL E, Tulsa, has high data confidence, complete address, and strong property clarity, supporting a solid rule-based score of 6.5 and a Strong Manual Review Candidate category. The bid cost of 4724.19 is moderate, suggesting manageable entry cost. However, the ZIP is unknown and the corrected development match is No Clear Match with low confidence, so development potential cannot be treated as a positive factor.",Unknown ZIP; no clear or verified development match; surrounding value and crime risk unknown.,Exact ZIP code; surrounding property value context; crime risk; detailed property condition and use specifics beyond R IMP classification.,"Manually confirm the precise location and ZIP, then research surrounding values and neighborhood conditions to validate whether the moderate bid cost aligns with local market and risk profile.",High
27775-03-36-02215,6.1,Mid Investment,True,Watch,False,nan,"Parcel 27775-03-36-02215 at 501 N 89 AV E in Tulsa has a bid cost of 4728.19 and is classified as R IMP with strong property clarity and complete address data, but the development match status is No Clear Match and overall data confidence is only Medium, so it is a mid-level candidate that warrants manual review rather than a clear good or bad investment.","ZIP is unknown; geocoding failed with low confidence; no verified development upside (No Clear Match); surrounding value and crime risk are unknown; owner listed as Unknown, increasing title and contact uncertainty.",Exact ZIP code; precise geolocation; surrounding property value context; crime and neighborhood risk indicators; property condition and occupancy status; any liens or title complications beyond the tax issue.,"Manually confirm the exact location and ZIP via county GIS or assessor records, then check recent sales and assessed values for nearby comparable parcels and verify title, liens, and property condition before bidding.",Medium
63725-12-13-01130,6.5,Mid Investment,True,Watch,False,nan,"Parcel 63725-12-13-01130 at 215 N ELGIN AV E has a bid cost of 4742.42 and high extraction/data confidence with strong property clarity, but the development match status is No Clear Match with low confidence, so it is a Strong Manual Review Candidate rather than a confirmed good investment.",Unknown ZIP; no verified development upside; surrounding value and crime risk unknown; only medium geocode confidence.,Exact ZIP code; detailed neighborhood and surrounding value data; crime risk context; confirmation of current improvements and condition.,"Manually verify the precise location and ZIP, confirm the nature and condition of the residential improvements, and research local sales and rental benchmarks around 215 N ELGIN AV E in City Of Sperry to assess value relative to the 4742.42 bid cost.",High
18550-93-05-13060,6.5,Mid Investment,True,Watch,False,nan,"Parcel 18550-93-05-13060 at 2505 E 8 ST S in Tulsa shows a bid cost of 4766.19, strong property clarity (R IMP) and complete address but unknown ZIP, with development match status set to No Clear Match and overall data/extraction confidence rated High, leading to a conservative mid-level investment classification that still warrants manual review.","ZIP code is unknown; no verified development linkage (No Clear Match, low development confidence); surrounding value and crime risk are both unknown, increasing uncertainty around neighborhood quality and resale/rental potential.",Exact ZIP code; surrounding value indicators; crime risk estimate; any verified nearby development or improvement projects; on-the-ground condition of the residential improvement.,"Manually confirm the precise location and ZIP, pull neighborhood sales/rent comps and crime data, and verify physical condition of the residential improvement before determining maximum bid above the 4766.19 tax auction cost.",High
29775-02-26-05800,6.5,Mid Investment,True,Watch,False,nan,"The property at 1923 N MAIN ST E (parcel 29775-02-26-05800) has strong address and property clarity signals, high extraction confidence, and a moderate bid cost of 4778.85, producing a rule-based score of 6.5 and classification as a Strong Manual Review Candidate. However, development verification shows No Clear Match with low confidence, and surrounding value and crime risk are unknown, so it cannot be elevated to a good investment purely from current data.",ZIP is unknown; no verified development or surrounding value signal; crime risk estimate unknown; development match explicitly flagged as No Clear Match with low confidence.,Exact ZIP code; any verified nearby development or improvement projects; surrounding property value context; crime and neighborhood risk indicators; physical condition and occupancy status of the residential improvement.,"Manually confirm the full address including ZIP and pull local assessor/MLS or mapping data to verify property condition, surrounding values, and neighborhood risk before deciding bid strategy at approximately 4778.85.",High
05075-93-24-08770,6.1,Mid Investment,True,Watch,False,nan,"Parcel 05075-93-24-08770 at 3612 S 94 AV E, Tulsa, OK has a bid cost of 4785.98 and is classified as R IMP with strong property clarity and complete address but unknown ZIP. Development match status is No Clear Match with low verified development signal, and overall data confidence is Medium with low geocode confidence. These factors support a Mid Investment category and Strong Manual Review Candidate rather than an automatic buy.",Unknown ZIP; weak or failed geocoding; no verified development upside; surrounding value and crime risk unknown; owner name unknown.,Exact ZIP code; reliable geocode/parcel mapping; surrounding property value context; crime and neighborhood risk indicators; title/ownership clarity; any liens or structural condition details.,"Manually confirm parcel location and ZIP via county GIS or assessor records, then check surrounding sales/assessed values and neighborhood conditions to validate whether the 4785.98 bid cost is justified relative to local R IMP comparables.",Medium
13775-02-12-01430,6.5,Mid Investment,True,Watch,False,nan,"Parcel 13775-02-12-01430 at 4615 N HARTFORD AV E shows a bid cost of 4839.51, with high extraction/data confidence and strong property/address clarity, but the development match status is No Clear Match with low confidence, so it is a strong manual review candidate rather than a confirmed good investment.","ZIP and precise market context are unknown; development upside is not verified (No Clear Match, low confidence); surrounding value and crime risk are both unknown.",Exact ZIP code; surrounding property value context; crime risk indicators; detailed property condition; any verified nearby development or redevelopment plans.,"Manually confirm the exact ZIP and neighborhood context for 4615 N HARTFORD AV E, then pull surrounding sales/assessed values and any local development or zoning information to validate whether the moderate bid cost of 4839.51 is justified.",High
57370-72-13-63370,6.1,Strong Manual Review Candidate,True,Research First,False,nan,"Parcel 57370-72-13-63370 at 1018 E 144 PL S in Glenpool, OK has a bid cost of 4845.40 and is classified as R IMP with strong property clarity and complete address data, driving a solid rule-based score of 6.1. However, geocoding failed, ZIP is unknown, and the development match is 'No Clear Match' with low confidence, so potential upside from nearby projects cannot be verified. Medium overall data confidence supports treating this as a strong candidate for manual review rather than a clear investment decision.",Unknown ZIP; failed or weak geocoding; no clear or verified development match; development upside not confirmed; only medium overall data confidence.,"Exact ZIP code; reliable geocode/parcel mapping; any verified nearby development or comp information; more detail on the R IMP improvements (structure type, condition, size).","Manually confirm parcel location and boundaries using county GIS or assessor records, obtain the correct ZIP and property characteristics, and check for any documented nearby development or sales activity before making a bid decision.",Medium
19275-03-34-02480,6.5,Mid Investment,True,Watch,False,nan,"The parcel at 1407 N BRADEN AV E, Tulsa (Parcel ID 19275-03-34-02480) has high data confidence, complete address, and strong property clarity, supporting a rule-based score of 6.5 and a Strong Manual Review Candidate category. The bid cost of 4850.84 is flagged as a moderate price signal. However, the development verification shows No Clear Match with low confidence and no distance-based tie, so no development premium should be assumed. Missing ZIP and unknown surrounding value/crime risk keep this from qualifying as a Good Investment and place it in a Mid Investment, manual-review-needed tier.",ZIP unknown; no verified development match or distance-based tie; surrounding value signal unknown; crime risk estimate unknown; owner information not clearly identified.,Exact ZIP code; neighborhood and surrounding value context; crime and rental/value comps; property condition and occupancy status; title and lien status beyond tax auction; any nearby confirmed development projects.,"Manually research the specific neighborhood for this Tulsa address (1407 N BRADEN AV E) to confirm ZIP, surrounding property values, crime and stability, and physical condition, then pull title and lien checks to validate that the moderate bid cost of 4850.84 is justified without relying on unverified development upside.",High
17950-92-04-05170,6.5,Strong Manual Review Candidate,True,Research First,False,nan,"Parcel 17950-92-04-05170 at 4413 W 3 ST S in Tulsa shows a low bid cost of 4853.82 and clear residential improvement (R IMP) classification with strong property clarity and complete address, supported by high extraction/data confidence. However, the development match status is No Clear Match with low development confidence, so no verified development upside is counted, leading to a conservative score of 6.5 and classification as a Strong Manual Review Candidate rather than a confirmed good investment.",ZIP is unknown; no verified development match or surrounding value signal; crime risk and neighborhood quality are unknown; geocode confidence only medium.,Exact ZIP code; detailed neighborhood and surrounding value data; crime and rental/sales comparables; confirmation of current structure condition and occupancy; verification of precise geocode and parcel boundaries.,"Manually confirm the exact ZIP and geocoded location for 4413 W 3 ST S, then pull county records and maps for parcel 17950-92-04-05170 to verify structure condition, neighborhood context, and recent comparable values before considering a bid near 4853.82.",High
62075-91-11-09360,6.5,Strong Manual Review Candidate,True,Research First,False,nan,"The rule-based score of 6.5 and category Strong Manual Review Candidate reflect a moderate bid cost (4857.51), complete address and strong property clarity for parcel 62075-91-11-09360, combined with high overall data confidence. However, development verification shows No Clear Match with low confidence, so no development premium is applied.",ZIP unknown; no clear or verified development match; surrounding value and crime risk unknown.,Exact ZIP code; surrounding property value context; crime risk; physical condition and occupancy of improvements; title and lien status beyond tax auction; local zoning and allowable uses.,"Confirm exact ZIP and map location, then pull local sales/value comps and zoning/land-use details for 800 N MCKINLEY AV E, and inspect or obtain recent photos to assess the R IMP structure’s condition before setting a max bid.",High
17925-92-04-04250,6.5,Mid Investment,True,Watch,False,nan,"Parcel 17925-92-04-04250 at 316 S 48 AV W in Tulsa has a bid cost of 4902.17, strong property clarity, and complete address data with high extraction/data confidence, but the development match status is No Clear Match with low verified development signal, so it is a strong manual review candidate rather than a confirmed good investment.","ZIP is unknown; no verified development upside (No Clear Match); surrounding value and crime risk are unknown, increasing uncertainty around long-term value.",Exact ZIP code; surrounding property value context; crime/safety profile; physical condition of improvements; title and lien status beyond tax auction; local zoning and allowable uses.,"Manually confirm the precise location and ZIP, pull local sales and rent comps around 316 S 48 AV W, verify zoning and permitted uses for R IMP, and obtain on-the-ground or photographic condition checks before bidding.",High
06625-92-27-02490,6.5,Mid Investment,True,Watch,False,nan,"Parcel 06625-92-27-02490 at 4648 S 31 AV W has a bid cost of 4950.17, is classified as R IMP with strong property clarity and complete address, and the data/extraction confidence is High, but the development match status is No Clear Match with low confidence and an unknown ZIP, so it is best treated as a mid-tier candidate that warrants manual review rather than a confirmed strong investment.",ZIP unknown; no clear or verified development match; development confidence low; surrounding value and crime risk unknown.,Exact ZIP code; surrounding property value context; crime risk; physical condition of improvements; title and lien status beyond tax auction; any local zoning or code issues.,"Manually confirm the precise location and ZIP, then review county records and mapping tools for surrounding values, zoning, and any code or lien issues to validate whether the 4950.17 bid cost is justified for this residential improvement parcel.",High
45450-94-06-10580,6.1,Mid Investment,True,Watch,False,nan,"Parcel 45450-94-06-10580 at 436 S 109 AV E in Tulsa shows a bid cost of 4952.17 and is tagged as R IMP with strong property clarity and complete address, but the development match status is 'No Clear Match' with low confidence and overall data confidence is only Medium. These factors, combined with a rule-based score of 6.1, justify a Mid Investment classification that still warrants manual review rather than an automatic buy.","ZIP is unknown; development upside is not verified (No Clear Match, low confidence); geocoding failed, limiting location validation; overall data confidence is only Medium, increasing uncertainty about surrounding values and crime risk.",Exact ZIP code; reliable geocode/coordinates; any verified nearby development or improvement projects; surrounding property value context; crime and neighborhood risk indicators; current condition of the residential improvement.,"Manually confirm the precise location and ZIP for 436 S 109 AV E, verify parcel 45450-94-06-10580 with county records, and check local maps and public data for neighborhood quality and any real development activity before considering a bid near 4952.17.",Medium
17025-02-36-12170,6.5,Mid Investment,True,Watch,False,nan,"Parcel 17025-02-36-12170 at 1173 N FRANKFORT AV E shows a bid cost of 4974.16 with complete address quality and strong property clarity, but the development match status is No Clear Match and the verified development signal is low. Data and extraction confidence are High, supporting a rule-based score of 6.5 and a Strong Manual Review Candidate classification rather than an automatic buy.","ZIP is unknown; no verified development upside; surrounding value and crime risk are unknown, creating uncertainty about neighborhood quality and resale/rental potential.",Exact ZIP code; surrounding property value context; crime risk; detailed condition of the residential improvement; any local zoning or code issues.,"Manually confirm the precise ZIP and neighborhood context, then pull nearby sales/rent comps and any available condition or code-enforcement data to validate whether the 4974.16 bid cost is justified.",High
40850-02-12-07500,6.5,Strong Manual Review Candidate,True,Research First,False,nan,"Parcel 40850-02-12-07500 at 534 E 48 PL N, Tulsa, OK shows a bid cost of 4985.56 and is tagged as R IMP with strong property clarity and complete address data, while extraction/data confidence is High. However, the development match status is 'No Clear Match' with low confidence, so no development-driven upside is verified, leading to a conservative score of 6.5 and a Strong Manual Review Candidate classification rather than a confirmed investment.",ZIP is unknown; no clear or verified development match; development confidence is low; surrounding value and crime risk are unknown.,Exact ZIP code; surrounding property value context; crime risk; physical condition of improvements; any liens or title complications beyond the tax issue.,"Confirm the precise ZIP and neighborhood context, pull recent comparable sales and assessed values for similar R IMP parcels nearby, and verify any local development plans or zoning changes that could affect this specific lot.",High
04350-02-25-02620,6.5,Mid Investment,True,Watch,False,nan,"Parcel 04350-02-25-02620 at 1537 N NORFOLK AV E in Tulsa has a bid cost of 4993.50 and is classified as property type B IMP with strong property clarity and complete address data. The development match status is No Clear Match with low verified development signal, so no confirmed development upside is included. Overall data and extraction confidence are High, supporting a rule-based score of 6.5 and a Mid Investment, strong manual review candidate classification.",ZIP is unknown; no verified development upside (No Clear Match); surrounding value and crime risk are unknown; development confidence is low despite geocode success only at medium confidence.,Exact ZIP code; surrounding property value context; crime risk; detailed property condition; confirmation of any nearby development activity.,"Manually verify the precise location and ZIP, then check local records or mapping tools for surrounding values and any nearby projects before considering a bid at approximately 4993.50.",High
06100-02-26-00080,6.5,Strong Manual Review Candidate,True,Research First,False,nan,"Rule-based score of 6.5 and category Strong Manual Review Candidate reflect a moderate bid cost (5016.55), clear residential improved property data (R HS IMP) at 1806 N BOSTON AV E, complete address quality, strong property clarity, and high overall data confidence. However, development verification shows No Clear Match with low confidence and distance not verified, so development is not a positive factor. Unknown ZIP and lack of surrounding value or crime data add uncertainty, supporting manual review rather than an automatic buy or rejection.",ZIP unknown; no verified development match; surrounding value signal unknown; crime risk estimate unknown; owner name listed as Unknown.,Exact ZIP code; surrounding property value context; crime risk details; physical condition of improvements; title status and any liens beyond tax; confirmation of occupancy and access.,"Manually confirm parcel details with county records (including ZIP and ownership), then pull neighborhood value and crime data around 1806 N BOSTON AV E to validate whether the moderate bid cost of 5016.55 is supported by local market conditions.",High
08375-03-29-02800,6.5,Mid Investment,True,Watch,False,nan,"Parcel 08375-03-29-02800 at 2141 N DELAWARE AV E in Tulsa shows strong property clarity and complete address data with high extraction/data confidence, and a moderate bid cost of 5074.15. However, the development match status is No Clear Match with low development confidence, so no verified upside from nearby projects is assumed.",ZIP is unknown; no clear or verified development match; surrounding value and crime risk are unknown; development confidence is low.,Exact ZIP code; surrounding property value context; crime/safety context; physical condition of improvements; title and lien status beyond tax auction; zoning and allowable uses.,"Manually confirm ZIP and neighborhood context, inspect property condition and improvements, verify zoning and permitted uses, and check for any additional liens or encumbrances beyond the tax obligation.",High
41100-92-34-03610,6.5,Mid Investment,True,Watch,False,nan,"Rule-based score of 6.5 and category Strong Manual Review Candidate indicate this parcel merits deeper review. The bid cost of 5074.82 is moderate, the address 5902 S 31 AV W is complete, and property type R IMP with strong property clarity and high overall data confidence support preliminary interest. However, development verification shows No Clear Match with low confidence, so no development premium is justified, and the unknown ZIP adds location uncertainty.",No verified development match; ZIP unknown; surrounding value and crime risk unknown; development confidence low.,Exact ZIP code; surrounding property value context; crime and neighborhood risk indicators; condition and specifics of the existing improvement; any local development or zoning details not captured here.,"Manually confirm the precise location and ZIP for 5902 S 31 AV W, then pull local sales/value and neighborhood risk data to determine whether the moderate bid cost of 5074.82 is justified for this R IMP parcel.",High
22200-03-36-00370,6.5,Mid Investment,True,Watch,False,nan,"Parcel 22200-03-36-00370 at 8934 E MARSHALL PL N in Tulsa has a bid cost of 5094.88 and is classified as R HS IMP with strong property clarity and complete address data (except ZIP). Rule-based scoring labels it a Strong Manual Review Candidate with a 6.5 score and high overall data confidence. However, development verification shows no clear match and low confidence, so there is no confirmed external upside. This combination supports a mid investment classification that warrants deeper manual review but not an automatic purchase decision.",ZIP is unknown; no verified development match or distance-based upside; surrounding value and crime risk are unknown.,Exact ZIP code; confirmation of surrounding property values; crime risk context; any nearby or related development projects; on-the-ground condition of the residential improvement.,"Manually confirm the precise ZIP and neighborhood context, then check local sales/assessed values and any nearby development or zoning changes to validate whether the low bid cost aligns with acceptable risk.",High
74985-94-20-10040,6.5,Strong Manual Review Candidate,True,Research First,False,nan,"The parcel 74985-94-20-10040 at 12608 E 31 PL S, Tulsa, OK is a residential improved property (R HS IMP) with high extraction and overall data confidence, complete address quality, and strong property clarity. The bid cost of 5104.84 is moderate for a residential improved parcel, supporting a conservative but positive rule-based score of 6.5 and a Strong Manual Review Candidate classification. However, the development verification shows No Clear Match with low confidence and no distance-verified tie to any project, so development is not a positive factor.",ZIP is unknown; no verified nearby development or documented upside; geocode confidence only Medium; owner listed as Unknown may complicate title or notification history.,"Exact ZIP code; any verified nearby development or redevelopment plans; detailed property condition, occupancy, and structure details; surrounding value and crime risk; title status and any additional liens beyond the tax obligation.","Manually confirm the full mailing/ZIP information and geocoded location, then pull county records for structure details, prior sale history, and any additional liens or code issues before assessing local comps and neighborhood conditions.",High
85315-72-15-46520,6.1,Strong Manual Review Candidate,True,Research First,False,nan,"Parcel 85315-72-15-46520 at 14623 S VANCOUVER AV has a bid cost of 5178.06 and is scored as a Strong Manual Review Candidate based on rule-based signals. Development match status is 'No Clear Match' with low development confidence, so it does not add upside. Overall data and extraction confidence are Medium and High respectively, supporting preliminary screening but requiring deeper manual verification before any investment decision.",ZIP and city are unknown; geocoding failed with low confidence; development upside is not verified (No Clear Match); surrounding value and crime risk are unknown.,Exact ZIP and city; reliable geocode/parcel mapping; surrounding property value context; crime risk indicators; confirmation of current ownership and any liens beyond tax status.,"Manually confirm the parcel location and boundaries via Tulsa County records and mapping, then pull nearby sales/value data and any local planning or development information before assessing maximum bid and exit strategy.",Medium
11575-03-35-04690,6.5,Strong Manual Review Candidate,True,Research First,False,nan,"Parcel 11575-03-35-04690 at 7320 E LATIMER PL N in Tulsa has high extraction and data confidence, complete address, and clear residential improved (R HS IMP) classification. The bid cost of 5182.52 is moderate for a residential-improved tax property, supporting a conservative but positive rule-based score of 6.5 and a Strong Manual Review Candidate category. However, development verification shows No Clear Match with low confidence, so no external project-driven upside is confirmed.",ZIP is unknown; no verified development or area-upside signal; surrounding value and crime risk are unknown; owner name is unknown; geocode confidence is only Medium.,Exact ZIP code; surrounding property value context; crime/safety context; condition of improvements; title and lien status beyond tax auction; any local development or zoning changes not captured in the current data.,"Manually confirm the precise ZIP and neighborhood context for 7320 E LATIMER PL N, then pull local sales/rent comps and verify property condition and title status to determine whether the 5182.52 bid cost is justified relative to likely resale or rental value.",High
30950-03-33-14960,6.5,Strong Manual Review Candidate,True,Research First,False,nan,"Parcel 30950-03-33-14960 at 3337 E KING PL N in Tulsa shows a bid cost of 5203.47 with strong property clarity and complete address data, while the development match status is No Clear Match with low confidence and overall data/extraction confidence is High, leading to a conservative but solid manual review score of 6.5.",ZIP is unknown; no verified development match or distance-based upside; surrounding value and crime risk are unknown.,Exact ZIP code; detailed neighborhood value context; crime and rental/sales comparables; physical condition and occupancy status.,"Manually confirm the precise location and ZIP, then pull neighborhood sales/rent comps and any city records (code violations, liens, zoning) to assess value and risk relative to the 5203.47 bid cost.",High
12150-93-11-01280,6.5,Strong Manual Review Candidate,True,Research First,False,nan,"The property at 7519 E 13 ST S (parcel 12150-93-11-01280) is an R IMP asset with complete address data (except ZIP), strong property clarity, and high overall data confidence. The bid cost of 5222.14 is moderate relative to typical improved-residential tax properties, supporting a conservative rule-based score of 6.5 and classification as a Strong Manual Review Candidate. However, development verification shows No Clear Match with low confidence, so there is no confirmed development-driven upside.","ZIP is unknown; no clear or verified development match; surrounding value and crime risk are unknown; owner name is unknown, which may signal additional title or notification complexity.","Exact ZIP code; surrounding property value context; crime risk; any verified nearby development or redevelopment plans; more detailed property characteristics (structure size, condition, year built).","Manually confirm the precise ZIP and neighborhood context for 7519 E 13 ST S, then review local sales/rent comps and any municipal planning or redevelopment documents to assess value and risk in the absence of a verified development match.",High
07700-02-13-02200,6.5,Strong Manual Review Candidate,True,Research First,False,nan,"Parcel 07700-02-13-02200 at 4026 N ELGIN AV E has a bid cost of 5279.47, clear residential improvement (R IMP) classification, and high extraction/data confidence, but the development match status is No Clear Match with low development confidence, so it is best treated as a Strong Manual Review Candidate rather than a confirmed good investment.",ZIP is unknown; no verified development upside; surrounding value and crime risk are unknown; geocode confidence only medium.,Exact ZIP code; surrounding property value context; crime/safety profile; physical condition of improvements; title issues or liens beyond tax status; local rental or resale demand.,"Manually confirm the precise ZIP and neighborhood, pull recent comparable sales or assessed values for similar R IMP parcels near 4026 N ELGIN AV E, and check local records for condition, code violations, and any non-tax liens before bidding.",High
10475-92-08-00680,6.1,Mid Investment,True,Watch,False,nan,"The property at 1125 S 56 AV W (parcel 10475-92-08-00680) is an R IMP lot with clear legal description and complete address, a moderate bid cost of 5289.47, and a strong property clarity signal. Rule-based scoring of 6.1 and a Strong Manual Review Candidate category justify deeper review, but development signals are unverified (No Clear Match) and geocoding failed, keeping this at a mid, not strong, investment classification. Data confidence is only Medium, and ZIP/geolocation gaps limit precise valuation and risk assessment.","Unknown ZIP; failed geocoding and low geocode confidence; no clear or verified development match; surrounding value and crime risk unknown; owner name listed as Unknown, which may complicate title or research.",Exact ZIP code; reliable geocode/coordinates; surrounding property value context; crime and neighborhood risk indicators; any confirmed nearby development projects; occupancy/structure condition details; title status and liens beyond tax auction.,"Manually confirm the precise location and ZIP via county GIS or plat maps using LT 17 BLK 3 and parcel 10475-92-08-00680, then pull nearby sales and assessed values to benchmark the 5289.47 bid level and check for any local plans or developments not captured in the current data.",Medium
31125-92-27-16750,6.5,Strong Manual Review Candidate,True,Research First,False,nan,"The rule-based score of 6.5 and category Strong Manual Review Candidate indicate this parcel at 4235 S 26 AV W, Tulsa (R IMP) merits deeper research. The bid cost of 5302.8 is moderate, address quality is Complete, property clarity is Strong, geocode confidence is Medium, and overall data confidence is High. However, development verification shows No Clear Match with low confidence, so there is no confirmed development-driven upside.",ZIP unknown; no clear or verified development match; only medium geocode confidence; development upside not verified.,Exact ZIP code; more precise location context despite medium geocode confidence; any comps or surrounding value data; crime risk and neighborhood quality indicators; confirmation of current property condition and improvements for this R IMP classification.,"Manually confirm the exact location and ZIP for 4235 S 26 AV W, verify the R IMP improvements and current condition, and research local market values and neighborhood context to determine whether the moderate bid cost of 5302.8 is justified without relying on development upside.",High
29650-03-07-03370,6.5,Mid Investment,True,Watch,False,nan,"Parcel 29650-03-07-03370 at 1380 E 54 ST N in Tulsa has a bid cost of 5339.46 and is classified as R IMP with strong property clarity and complete address data, supported by high overall data/extraction confidence. However, the development match status is No Clear Match with low development confidence, so no verified upside from nearby projects is assumed.",ZIP is unknown; no verified development upside; surrounding value and crime risk are unknown; geocode confidence only medium.,Exact ZIP code; surrounding property value context; crime risk; physical condition of improvements; title and lien status beyond tax auction; any local zoning or code issues.,"Manually confirm exact location and ZIP, pull nearby sales/rent comps, verify zoning and condition of the R IMP improvements, and check for any additional liens or municipal issues before bidding.",Medium
29650-03-07-03310,6.5,Mid Investment,True,Watch,False,nan,"Parcel 29650-03-07-03310 at 1577 E 53 ST N in Tulsa has a bid cost of 5347.46 and is tagged as R IMP with strong property clarity and complete address data, but the development match status is No Clear Match with low confidence and overall data confidence is High, leading to a mid-level investment view that still warrants manual review.","ZIP is unknown; no verified development upside (No Clear Match, low development confidence); surrounding value and crime risk are unknown, increasing uncertainty around neighborhood conditions.","Exact ZIP code; surrounding property value context; crime risk details; physical condition of improvements; title issues, liens, or encumbrances beyond tax status.","Confirm exact ZIP and neighborhood context, verify physical condition of the R IMP asset on parcel 29650-03-07-03310, and obtain local sales/valuation comps to assess whether the 5347.46 bid cost is justified absent any verified development catalyst.",High
13850-93-05-10530,6.5,Mid Investment,True,Watch,False,nan,"Parcel 13850-93-05-10530 at 2605 E ADMIRAL CT N has a bid cost of 5358.29 and is classified as R HS IMP with strong property clarity and complete address data, supported by high extraction/data confidence. However, the development match status is No Clear Match with low development confidence, so no verified development upside is counted. These factors together yield a rule-based score of 6.5 and justify a Mid Investment category with strong manual review priority.",ZIP is unknown; no verified development match or surrounding value signal; crime risk and neighborhood quality are unknown; property condition and any title/encumbrance issues are not provided.,"Exact ZIP code; detailed neighborhood and surrounding value data; crime risk; property physical condition; interior/exterior inspection details; title status, liens, and other encumbrances; recent comparable sales or assessed value.","Manually research the exact location and ZIP, pull county records for assessed value and any liens, and review recent comparable sales and neighborhood conditions around 2605 E ADMIRAL CT N to determine whether the 5358.29 bid cost is supported by market value and risk.",Medium
22100-92-28-03130,6.5,Strong Manual Review Candidate,True,Research First,False,nan,"For parcel 22100-92-28-03130 at 3904 W 41 PL S, Tulsa, the bid cost of 5361.41 is moderate relative to the strong property clarity and complete address, while the development match status is No Clear Match with low confidence and overall data/extraction confidence is High, resulting in a conservative score of 6.5 and a Strong Manual Review Candidate classification.",ZIP is unknown; no verified development upside (No Clear Match); owner listed as Unknown; surrounding value and crime risk are unknown.,Exact ZIP code; surrounding property value context; crime/safety indicators; structure condition and occupancy; title issues or liens beyond tax status; zoning and permitted uses.,"Confirm ZIP and pull local comps and neighborhood data for 3904 W 41 PL S, verify title and any additional liens for parcel 22100-92-28-03130, and assess physical condition and rent/resale potential before bidding.",High
27875-92-11-03570,6.5,Mid Investment,True,Watch,False,nan,"This parcel 27875-92-11-03570 at 701 S PHOENIX AV W has a moderate bid cost of 5389.46, strong property clarity, and complete address data, with overall data and extraction confidence rated High. However, the development match status is No Clear Match with low confidence, so no development upside is counted, leading to a conservative Mid Investment classification and a Strong Manual Review Candidate score of 6.5.",ZIP is unknown; no clear or verified development match; surrounding value and crime risk are unknown.,Exact ZIP code; surrounding property value context; crime risk details; physical condition and occupancy status of the improvement.,"Manually confirm the full mailing/ZIP information and local market context for 701 S PHOENIX AV W, then check county records and mapping tools for surrounding values and any nearby projects not captured in the current development match.",High
45350-94-06-07290,6.1,Mid Investment,True,Watch,False,nan,"Parcel 45350-94-06-07290 at 310 S 105 PL E in Tulsa has a bid cost of 5390.12 and is classified as R IMP with strong property clarity and complete address but unknown ZIP. The development match status is No Clear Match with low verified development signal, and geocoding confidence is low, while overall data/extraction confidence is Medium. These factors support a Mid Investment category that warrants strong manual review rather than an automatic buy.",Unknown ZIP; failed geocoding and low geocode confidence; no clear development match or verified upside; surrounding value and crime risk unknown; owner name listed as Unknown.,Exact ZIP code; reliable geocoded location; surrounding property value context; crime and neighborhood risk indicators; confirmation of current occupancy/condition; clearer ownership details.,"Independently confirm the precise location and ZIP via county GIS or assessor records, then pull comparable sales and neighborhood data around 310 S 105 PL E to assess value and risk before considering the 5390.12 bid level.",Medium
78810-84-11-09070,6.5,Mid Investment,True,Watch,False,nan,"The parcel at 424 E COLLEGE ST N (Parcel 78810-84-11-09070) has high data confidence, complete address, and strong property clarity, with a moderate bid cost of 5428.12. Rule-based scoring labels it a Strong Manual Review Candidate with a conservative score of 6.5. However, development verification shows No Clear Match and low confidence, so there is no confirmed development-driven upside. These factors support a mid-level investment classification that warrants deeper manual review rather than an automatic buy.",Unknown ZIP code; no verified nearby development or clear external upside; only medium geocode confidence; owner name listed as Unknown.,Exact ZIP code; detailed surrounding value context; crime risk; more precise location validation; any confirmed nearby development projects or area improvements.,"Manually confirm the precise location and ZIP for 424 E COLLEGE ST N, then research local market values and any actual nearby development or infrastructure projects before considering a bid at approximately 5428.12.",High
20725-93-03-06410,6.5,Mid Investment,True,Watch,False,nan,"Parcel 20725-93-03-06410 at 6330 E 4 PL S has a bid cost of 5429.45 and strong property clarity with complete address data, but the development match status is No Clear Match and the verified development signal is low. Overall data and extraction confidence are High with Medium geocode confidence, supporting a Strong Manual Review Candidate classification but not a confirmed good investment.","ZIP is unknown; no verified development upside; surrounding value and crime risk are unknown, which increases uncertainty about long-term value.",Exact ZIP code; surrounding property value context; crime risk; detailed property condition and improvements; confirmation of neighborhood demand.,"Manually confirm the precise ZIP and neighborhood characteristics for 6330 E 4 PL S, then check recent comparable sales and rents, and verify any nearby development or infrastructure plans that could affect value.",High
41025-02-01-00530,6.5,Mid Investment,True,Watch,False,nan,"Parcel 41025-02-01-00530 at 518 E 57 PL N in Tulsa shows a bid cost of 5432.12 and is tagged as R IMP with strong property clarity and complete address data. However, the development match status is No Clear Match with low development confidence, so no upside from nearby projects is verified. Overall extraction and data confidence are High, supporting a conservative Mid Investment classification and a Strong Manual Review Candidate flag.","ZIP is unknown; no verified development upside (No Clear Match, low development confidence); surrounding value and crime risk are both Unknown, increasing uncertainty about neighborhood quality and resale/rental potential.",Exact ZIP code; any verified nearby development or improvement projects; surrounding property value context; crime risk indicators; on-the-ground condition of the R IMP improvement.,"Manually confirm the exact ZIP and neighborhood context for 518 E 57 PL N, then pull local sales/value and crime data to assess area quality and verify whether any real development or infrastructure projects are actually near this parcel.",Medium
07225-02-13-00060,6.5,Strong Manual Review Candidate,True,Research First,False,nan,"Parcel 07225-02-13-00060 at 3936 N LANSING PL E shows a bid cost of 5434.28 with strong property clarity and complete address data, but the development match status is No Clear Match and the verified development signal is low. Overall data and extraction confidence are High, supporting a conservative rule-based score of 6.5 and classification as a Strong Manual Review Candidate rather than a confirmed good investment.",ZIP is unknown; no verified development upside (No Clear Match); surrounding value and crime risk are unknown; geocode confidence only Medium.,Exact ZIP code; surrounding property value context; neighborhood crime and risk profile; physical condition of improvements; any liens or title complications beyond tax status.,"Manually confirm the precise ZIP and neighborhood context, pull recent comparable sales and assessed values around 3936 N LANSING PL E, and verify title, liens, and property condition to determine whether the 5434.28 bid cost is justified.",High
37800-93-02-09000,6.5,Mid Investment,True,Watch,False,nan,"Parcel 37800-93-02-09000 at 6535 E 5 ST S in Tulsa shows a bid cost of 5443.44 with property type R HS IMP and strong property clarity, and the rule-based system assigns a 6.5 score with High data/extraction confidence. However, the development match status is No Clear Match with Low development confidence, so there is no verified development upside despite the Strong Manual Review Candidate classification.",ZIP is unknown; no verified development or surrounding value signal; crime risk and surrounding value are unknown; owner listed as Unknown may indicate title or contact complexity.,Exact ZIP code; neighborhood value context; property condition; title status and liens beyond taxes; crime risk; rental or resale comparables.,"Manually confirm the precise ZIP and neighborhood, pull county records for title and any additional liens, and review recent nearby sales or rents to determine whether the 5443.44 bid cost is supported by local market value.",High
27300-93-14-10790,6.5,Strong Manual Review Candidate,True,Research First,False,nan,"The parcel at 7610 E 21 ST S (Parcel ID 27300-93-14-10790) has high data confidence, complete address, and strong property clarity, with a moderate bid cost of 5444.74. Rule-based scoring classifies it as a Strong Manual Review Candidate. However, development verification shows no clear match and low confidence, so no confirmed external upside is present. The property merits deeper manual research but cannot be rated as a good investment based solely on current signals.","ZIP is unknown, limiting neighborhood and value context; no verified development match or surrounding value signal; crime risk and surrounding value are unknown; owner name is unknown, which may complicate title or notification review.",ZIP code; surrounding value indicators; crime risk estimate; any verified nearby development or project details; interior/exterior condition; occupancy status; title status and liens beyond tax; zoning specifics beyond R HS IMP label.,"Manually research the parcel using county records and mapping tools to confirm exact neighborhood/ZIP, zoning details for R HS IMP, recent sales or assessed values nearby, and any visible condition issues, then reassess whether the 5444.74 bid cost is justified without confirmed development upside.",High
38200-92-26-00840,6.5,Strong Manual Review Candidate,True,Research First,False,nan,"Parcel 38200-92-26-00840 at 4629 S UNION AV W has a bid cost of 5454.78, strong property clarity, and complete address data with high extraction/data confidence, but the development match status is No Clear Match and ZIP is unknown, so it is scored as a Strong Manual Review Candidate rather than a confirmed good investment.",ZIP unknown; no verified development upside (No Clear Match); surrounding value and crime risk unknown.,Exact ZIP code; surrounding value context; crime risk; property condition and current use; any liens or title complications beyond tax status.,"Manually confirm the full mailing/ZIP details and pull county records for property condition, comps, and any additional encumbrances before considering a bid at 5454.78.",High
76925-94-19-48280,6.5,Mid Investment,True,Watch,False,nan,"Parcel 76925-94-19-48280 at 3712 S 109 AV E in Tulsa shows strong property clarity and complete address data with high extraction/data confidence, and a moderate bid cost of 5467.19. However, the development match status is No Clear Match with low confidence, so no confirmed development upside is present, keeping this as a strong manual review candidate rather than a clear good investment.","ZIP is unknown; no verified development upside (No Clear Match, low confidence); surrounding value and crime risk are unknown.",Exact ZIP code; surrounding property value context; crime risk; detailed property condition; confirmation of any nearby or planned development.,"Manually verify the precise location and ZIP, then check local sales/assessed values and any city or planning documents for nearby projects to confirm whether the moderate bid cost is justified.",High
23850-93-15-11970,6.5,Strong Manual Review Candidate,True,Research First,False,nan,"The parcel at 4999 E 26 ST S, Tulsa (Parcel ID 23850-93-15-11970) has high data confidence, complete address information, and a clear residential improved (R HS IMP) property type, supporting a solid rule-based score of 6.5. The bid cost of 5479.42 is moderate, aligning with a Strong Manual Review Candidate classification. However, the development verification shows No Clear Match with low confidence, so no external project-driven upside is confirmed.","ZIP code is unknown; no verified nearby development or project-based appreciation signal; surrounding value and crime risk are both unknown, increasing uncertainty around neighborhood quality and resale/rental potential.","Exact ZIP code; surrounding property value context; crime and neighborhood risk indicators; any liens, title issues, or structural condition details for the R HS IMP improvement.","Manually confirm the precise ZIP and neighborhood context for 4999 E 26 ST S, Tulsa, then pull local sales/rent comps and basic condition/title checks to determine whether the moderate bid cost of 5479.42 is justified without relying on development-related upside.",High
74735-84-06-61950,6.5,Strong Manual Review Candidate,True,Research First,False,nan,"Parcel 74735-84-06-61950 at 6623 S 107 AV E in Tulsa has a bid cost of 5491.99 and is classified as R HS IMP with strong property clarity and complete address but unknown ZIP. Development match status is No Clear Match with low confidence, so it does not add upside. Overall data and extraction confidence are High with medium geocode confidence, supporting a conservative rule-based score of 6.5 and a Strong Manual Review Candidate classification.",ZIP is unknown; no verified development match or quantified surrounding value; crime risk and surrounding value signals are unknown; owner name listed as Unknown.,"Exact ZIP code; surrounding value context; crime risk estimate; more detailed property characteristics (lot size, structure condition, year built); ownership and title details.","Manually confirm full address including ZIP and parcel mapping in Tulsa County records, then pull assessor and title data to verify property condition, improvements, and any liens or encumbrances relative to the 5491.99 bid cost.",High
91407-14-07-52320,4.9,Strong Manual Review Candidate,True,Research First,False,nan,"The parcel at E 106 ST N (City Of Owasso Mh Not Included), type A IMP, has a bid cost of 4849.58 and a rule-based score of 4.9, which classifies it as a Strong Manual Review Candidate. Address quality is only partial, geocode confidence is low, and the ZIP is unknown, limiting location certainty. Development verification shows no clear match and low confidence, so development is not a positive factor. Data confidence is medium with moderate property clarity, supporting manual review but not an automatic investment rating.",Unknown ZIP; unusable geocoding and low geocode confidence; no clear or verified development match; address only partially verified; development upside explicitly unverified; surrounding value and crime risk unknown.,Exact site location and mappable coordinates; full mailing/physical address including ZIP; confirmation of current improvements for A IMP classification; surrounding land use and value context; any nearby infrastructure or planned projects; title and lien status beyond tax auction.,"Manually locate the parcel using the legal description (W/2 W/2 SE SE LESS S16.5 FOR RD SEC 7 21 14) and county GIS or plat maps to confirm exact location, access, and basic surrounding context, then reassess value relative to the 4849.58 bid cost.",Medium
98434-84-34-00350,4.3,Bad Investment,True,Avoid,False,nan,"The parcel 98434-84-34-00350 in Broken Arrow has an unknown street address and ZIP, unusable geocoding, and only a partial legal description, which limits location and value assessment. The rule-based system classifies it as a Bad Investment with a score of 4.3, citing missing address quality, moderate property clarity, low geocode confidence, and medium overall data confidence. Development verification shows 'No Clear Match' with low confidence, so there is no confirmed nearby project to justify speculative upside at the 5186.14 bid cost.",Unknown ZIP and missing full address; unusable geocoding prevents reliable mapping or distance checks; no clear or verified development match; only moderate property clarity from the legal description; surrounding value and crime risk are unknown; medium overall data confidence increases uncertainty around the asset.,"Exact street address and ZIP code; precise geocoded location; parcel size and zoning; any comps or surrounding value indicators; confirmation of access, utilities, and use restrictions; verification of whether the legal description matches a buildable or marketable tract.","Obtain the full deed and plat/parcel map from Tulsa County using the legal description and parcel ID to precisely locate the tract, then confirm zoning, access, and approximate market value before considering a bid at 5186.14.",Medium
23000-03-27-08140,5.3,Mid Investment,True,Watch,False,nan,"For parcel 23000-03-27-08140 at APACHE & N YALE AV E, the bid cost of 3509.05 is flagged as a strong signal and the rule-based score of 5.3 classifies it as a Strong Manual Review Candidate. However, the development match status is No Clear Match with low development confidence, and overall data/extraction confidence is only Medium with an unusable/partial address and unknown ZIP, so this is a Mid Investment that requires deeper manual verification before any decision.",Unknown ZIP; unusable/partial address and low geocode confidence; no verified development match or surrounding value signal; only Medium overall data confidence; property type C and multi-lot legal description may hide use or access constraints.,"Exact situs address and ZIP; reliable geocoding and parcel map; zoning and allowable uses for lots 2, 3, and 4–5 portions; surrounding property values and market context; title issues, liens, and access/utility status.","Manually locate the parcel on county GIS using the legal description and confirm exact boundaries, access, and zoning, then pull recent nearby sales or assessed values to determine whether the 3509.05 bid cost is justified.",Medium
56600-92-20-00740,6.5,Strong Manual Review Candidate,True,Research First,False,nan,"Rule-based score of 6.5 and category Strong Manual Review Candidate reflect a moderate bid cost (4992.83), complete address for parcel 56600-92-20-00740, strong property clarity, medium geocode confidence, and high overall data confidence. However, development verification shows No Clear Match with low confidence, so there is no confirmed development-driven upside. These factors support manual review rather than a clear good or bad investment decision.",ZIP unknown; no verified development match; surrounding value and crime risk unknown; development confidence low.,Exact ZIP code; surrounding property value context; crime risk; any confirmed nearby development or infrastructure projects; physical condition and access details.,"Manually confirm the precise location and ZIP of 3310 S 61 AV W, then research surrounding values and any local development or zoning changes to determine whether the moderate bid cost is justified.",High
56900-92-20-02220,6.5,Strong Manual Review Candidate,True,Research First,False,nan,"The rule-based score of 6.5 and Strong Manual Review Candidate category reflect a moderate bid cost of 5224.32, clear parcel/address data (56900-92-20-02220, 6115 W 39 ST S), strong property clarity, and high overall data confidence. However, development verification shows No Clear Match with low confidence, and surrounding value and crime risk are unknown, so the property is not elevated to Good Investment and instead merits targeted manual review.",ZIP unknown; no verified development match; surrounding value unknown; crime risk unknown.,Exact ZIP code; surrounding property value context; crime/safety profile; physical condition and occupancy of the improvement; any liens or title complications beyond tax status.,"Manually confirm the precise location and ZIP for 6115 W 39 ST S, then pull local sales/value and neighborhood data and check title and lien status to determine whether the 5224.32 bid cost is justified relative to condition and market context.",High
54225-03-06-05290,6.5,Mid Investment,True,Watch,False,nan,"Parcel 54225-03-06-05290 at 6439 N WHEELING AV E has a bid cost of 5224.79 and is classified as R IMP with strong property clarity and complete address, but the development match status is No Clear Match and the verified development signal is Low, while overall data and extraction confidence are High and geocode confidence is Medium, so it is a Strong Manual Review Candidate rather than a confirmed good investment.","ZIP and city are unknown; no verified development upside (No Clear Match, low development confidence); surrounding value and crime risk are unknown; geocode confidence only Medium.",Exact ZIP and city; detailed neighborhood and surrounding value data; crime risk; property condition and improvements detail; any confirmed nearby development or infrastructure projects.,"Manually confirm the full address (including ZIP and city), map the parcel to verify neighborhood quality and surrounding values, and check county records or local planning resources for any nearby development or zoning changes before bidding.",High
91213-12-13-51390,6.1,Mid Investment,True,Watch,False,nan,"Parcel 91213-12-13-51390 at 998 E 98 ST N has a bid cost of 5325.25 and is classified as R IMP with strong property clarity and complete address but unknown ZIP. Development match status is No Clear Match with low development confidence, and overall data confidence is Medium with failed geocoding, so it is a Strong Manual Review Candidate rather than a clear good investment.",Unknown ZIP and weak geocoding support; no verified development upside; surrounding value and crime risk unknown; owner name and city not clearly identified.,Exact geocoded location; ZIP code and city confirmation; surrounding property values; crime and neighborhood risk; title/encumbrance status; property condition and access details.,"Manually confirm the precise location and ZIP via county GIS or plat maps using the legal description, then pull nearby sales/assessed values and check for liens or title issues before considering a bid.",Medium
91408-14-08-10310,6.5,Strong Manual Review Candidate,True,Research First,False,nan,"The parcel at 11702 E 116 ST N (Parcel ID 91408-14-08-10310) has a low bid cost of 3139.44, complete address and strong property clarity, which drives a solid rule-based score of 6.5 and classification as a Strong Manual Review Candidate. However, geocoding failed, ZIP and city are unknown, surrounding value and crime risk are unknown, and the development match is explicitly 'No Clear Match' with low confidence, so there is no confirmed development-driven upside. Overall data confidence is only Medium, supporting manual review rather than an immediate investment judgment.",Unknown ZIP and city; failed geocoding and low geocode confidence; no verified development match or surrounding value data; crime risk unknown; only medium overall data confidence.,Exact ZIP and city; reliable geocode/parcel mapping; surrounding property value context; crime and neighborhood risk indicators; any confirmed nearby development or infrastructure projects.,"Manually confirm parcel location and boundaries using county GIS or deed records, obtain the correct ZIP and city, and then pull surrounding sales/value and neighborhood risk data before making any investment decision.",Medium
54325-92-31-02630,6.9,Strong Manual Review Candidate,True,Research First,False,nan,"Parcel 54325-92-31-02630 at 7118 W 60 ST S has a bid cost of 3211.01 and is tagged as R IMP with strong property clarity and complete address data, while overall data/extraction confidence is High. However, the development match status is 'No Clear Match' with low confidence, so no development upside is assumed. These factors together produce a rule-based score of 6.9 and justify a Strong Manual Review Candidate classification rather than a definitive investment rating.","ZIP is unknown; no verified development match or surrounding value signal; crime risk is unknown; development confidence is low, so potential upside from nearby projects cannot be relied upon.",Exact ZIP code; surrounding property value context; crime risk details; any confirmed nearby development projects; physical condition of the residential improvements; title and lien status beyond the tax auction.,"Confirm the precise ZIP and neighborhood context for 7118 W 60 ST S, then pull local sales/assessed values and any known nearby projects to validate value and risk before bidding above the minimum.",High
90306-03-06-24020,6.9,Strong Manual Review Candidate,True,Research First,False,nan,"Parcel 90306-03-06-24020 at 1641 E 56 ST N has high extraction confidence, complete address quality, and strong property clarity for an R IMP property, with a relatively low bid cost of 3314.33. Rule-based scoring (6.9) and category Strong Manual Review Candidate indicate it merits deeper review, but the development match is No Clear Match with low confidence and distance not verified, so no development premium is justified.","ZIP is unknown; development upside is not verified; surrounding value and crime risk are unknown, increasing uncertainty around long-term value and exit potential.",ZIP code; surrounding property value context; crime risk; detailed property condition; confirmation of any nearby development or infrastructure projects.,"Manually confirm the exact location and ZIP, then pull local sales/comparable values and any available condition or neighborhood data to determine whether the low bid cost of 3314.33 compensates for the lack of verified development upside.",High
91316-13-16-06210,6.5,Mid Investment,True,Watch,False,nan,"The property at 10428 N YALE AV E (parcel 91316-13-16-06210) has a relatively low bid cost of 3339.41, complete address quality, and strong property clarity, which supports manual review. However, development verification shows No Clear Match with low confidence, geocoding failed with low confidence, ZIP is unknown, and overall data confidence is only Medium. These factors prevent classifying it as a Good Investment but justify deeper manual research as a Mid Investment candidate.",Unknown ZIP; failed/low-confidence geocoding; no verified nearby development; surrounding value and crime risk unknown; owner listed as Unknown.,Exact ZIP code; reliable geocode/parcel mapping; confirmation of surrounding property values; crime risk context; any verified nearby development or infrastructure projects; clearer ownership details.,"Manually confirm parcel location and boundaries via Tulsa County records or GIS, obtain the correct ZIP and neighborhood context, and check nearby sales/land use and any local development or zoning information before bidding.",Medium
91236-12-36-01030,6.9,Mid Investment,True,Watch,False,nan,"Parcel 91236-12-36-01030 at 7403 N IROQUOIS AV E shows a bid cost of 3357.23 and a rule-based score of 6.9 (Strong Manual Review Candidate) with High data/extraction confidence and Complete address quality. However, the development match status is No Clear Match with low confidence, so no development upside is verified. Given the R HS IMP property type, strong property clarity, and medium geocode confidence but unknown ZIP, this supports a Mid Investment classification that still warrants manual review.",ZIP and broader location context are unknown; no verified development match or surrounding value signal; crime risk and surrounding value are both unknown; geocode confidence only Medium.,Exact ZIP code; detailed neighborhood and surrounding value data; crime risk metrics; any confirmed nearby development projects; on-the-ground property condition and occupancy status.,"Manually confirm full address including ZIP and neighborhood, then pull local sales/assessed values and any nearby development or zoning changes to validate whether the low bid cost of 3357.23 for this R HS IMP parcel is supported by surrounding market conditions.",High
53675-92-32-01900,6.5,Strong Manual Review Candidate,True,Research First,False,nan,"Parcel 53675-92-32-01900 at 5805 S 64 AV W has a bid cost of 3580.08 and is classified as R IMP with strong property clarity and complete address but unknown ZIP. Development match status is No Clear Match with low confidence, so it does not contribute positive upside. Overall data and extraction confidence are Medium, and geocoding confidence is Low, supporting a conservative score of 6.5 and a Strong Manual Review Candidate classification rather than a confirmed investment.","ZIP is unknown; geocoding failed with low confidence; development upside is not verified (No Clear Match, low confidence); surrounding value and crime risk are unknown; owner name is unknown.",Exact ZIP code; reliable geocode/coordinates; surrounding property value context; crime risk indicators; clearer ownership details; any verified nearby development or infrastructure projects.,"Independently confirm the full address and ZIP, obtain a reliable geocode/location, and pull county records or maps to verify the exact lot positions and surrounding land use before assessing market value and exit strategy.",Medium
90404-04-04-64010,6.5,Mid Investment,True,Watch,False,nan,"Parcel 90404-04-04-64010 at 14025 E 58 ST N has a bid cost of 3715.23 and a rule-based score of 6.5, with property/address clarity rated Strong and Complete but overall data confidence only Medium. Development match status is No Clear Match with low development confidence, so no verified development upside is assumed.",ZIP and city are unknown; geocoding failed with low confidence; no verified development match; surrounding value and crime risk are unknown; owner listed as Unknown.,Exact ZIP and city; reliable geocode/parcel mapping; surrounding property values and land use; crime and neighborhood risk; title/encumbrance status; confirmation of access and utilities.,"Manually locate the parcel using county GIS or legal description, confirm exact address/ZIP and access, then pull nearby sales/assessed values and check for liens or encumbrances before considering a bid.",Medium
53725-02-01-03030,6.5,Mid Investment,True,Watch,False,nan,"The parcel at 905 E 64 ST N (Parcel ID 53725-02-01-03030) has a low bid cost of 4348.07, complete address data, and strong property clarity, which supports its classification as a Strong Manual Review Candidate with a rule-based score of 6.5. However, the development match is explicitly 'No Clear Match' and the verified development signal is low, so no additional priority is given for development upside. Data confidence is high, but the unknown ZIP and lack of confirmed surrounding value or crime context keep this in the mid, not strong, investment range.",ZIP unknown; no verified development match; surrounding value signal unknown; crime risk estimate unknown.,"Exact ZIP code; neighborhood and surrounding value context; crime and livability indicators; detailed property characteristics beyond type R IMP (e.g., structure condition, size, year built); any liens or title complications beyond tax status.","Manually confirm the precise ZIP and neighborhood context for 905 E 64 ST N, then pull local sales/value comps and basic condition/title checks to determine whether the low bid cost of 4348.07 aligns with acceptable risk and potential resale or rental value.",High
97424-74-24-21620,6.1,Strong Manual Review Candidate,True,Research First,False,nan,"The parcel at 15104 S 193 AV E (Parcel ID 97424-74-24-21620) has a relatively low bid cost of 4463.58, complete address quality, and strong property clarity, which supports a conservative rule-based score of 6.1 and classification as a Strong Manual Review Candidate. However, geocoding failed, ZIP is unknown, and the development match is 'No Clear Match' with low confidence, so there is no verified development-driven upside and location risk remains high. Medium overall data confidence suggests further research is required before any investment decision.",Unknown ZIP; failed or weak geocoding; no clear or verified nearby development; owner details unclear; surrounding value and crime risk unknown.,Exact ZIP code; reliable geocode/coordinates; confirmation of surrounding property values; local crime and neighborhood context; any verified nearby development or infrastructure projects.,"Independently geolocate 15104 S 193 AV E in Tulsa County, confirm the correct ZIP and coordinates, then check local assessor and planning records for surrounding values, zoning, and any nearby development or infrastructure plans.",Medium
91316-13-16-06510,6.1,Mid Investment,True,Watch,False,nan,"Parcel 91316-13-16-06510 at 10500 N YALE AV E has a bid cost of 5056.93 and is classified as a Strong Manual Review Candidate based on rule-based scoring. The development match status is No Clear Match with low development confidence, so no verified upside is assumed. Data and extraction confidence are High for the property record but overall data confidence is only Medium due to failed geocoding and missing ZIP, warranting further manual investigation rather than an automatic buy decision.","ZIP is unknown; geocoding failed with low confidence; development upside is not verified (No Clear Match); surrounding value and crime risk are unknown; owner name is unknown, which may complicate title or notification research.",Exact ZIP code; precise geocoded location; zoning and allowable uses; surrounding property values and market context; crime and neighborhood risk indicators; any liens or encumbrances beyond the tax issue; confirmation of land size and physical characteristics.,"Manually locate the parcel using county GIS or legal description, confirm zoning and permitted uses, and then pull surrounding sales/assessed values to determine whether the 5056.93 bid cost is attractive relative to land value.",Medium
99027-90-27-68130,6.1,Mid Investment,True,Watch,False,nan,"Parcel 99027-90-27-68130 at 4321 S 225 AV W has a bid cost of 5198.99 and is classified as R IMP with strong property clarity and complete address data, but the development match status is No Clear Match and overall data confidence is only Medium. These factors, combined with failed geocoding and unknown ZIP, support a Mid Investment category that warrants manual review rather than an automatic buy.","Unknown ZIP; failed geocoding and low geocode confidence; no verified development upside (No Clear Match, low development confidence); owner name and broader market context unclear.",Exact mapped location and coordinates; ZIP code; surrounding property values and market context; physical condition of improvements; title status and any liens beyond tax; zoning and permitted uses; crime and neighborhood risk indicators.,"Manually locate the parcel using county GIS or legal description, confirm ZIP and surrounding land use, then pull recent comparable sales and verify zoning, access, and any additional liens or encumbrances before bidding.",Medium
55425-91-07-00270,6.1,Mid Investment,True,Watch,False,nan,"Parcel 55425-91-07-00270 at 1702 S 168 AV W has a bid cost of 5297.09 and is scored as a Strong Manual Review Candidate based on strong property clarity and complete address data, but the development match status is No Clear Match with low confidence and overall data confidence is only Medium, so it should be treated as a mid-level, uncertain investment that warrants deeper manual review.",ZIP and city are unknown; geocoding failed with low confidence; no verified nearby development or upside; surrounding value and crime risk are unknown; overall data confidence is only Medium.,Exact ZIP and city; reliable geocode/coordinates; surrounding property values and comps; crime and neighborhood risk indicators; confirmation of structure condition and current use; any local development or zoning changes not captured in the current data.,"Manually confirm the precise location and ZIP via county GIS or assessor records, then pull surrounding sales and assessed values to gauge land and improvement value before considering the 5297.09 bid level.",Medium
91225-12-25-41510,4.3,Bad Investment,True,Avoid,False,nan,"For parcel ID 91225-12-25-41510, the bid cost of 4211.16 combines with an unknown address (ADDRESS UNKNOWN), a 'No Clear Match' development status, and only medium overall data/extraction confidence to produce a conservative rule-based score of 4.3 and a Bad Investment classification.",Unknown ZIP and unusable address; low geocode confidence; no clear or verified nearby development; only moderate property clarity; surrounding value and crime risk unknown; potential difficulty in confirming exact location and marketability.,Exact situs address; ZIP code; precise geolocation; zoning/allowed use; access/ingress details; surrounding land use and value context; any confirmed nearby development or infrastructure projects.,"If pursuing manual review, first obtain a precise map/plat location from the legal description via county records or GIS, then confirm zoning, access, and any nearby development or infrastructure plans before considering a bid at approximately 4211.16.",Medium
99229-92-29-38016,4.3,Bad Investment,True,Avoid,False,nan,"For parcel 99229-92-29-38016, the bid cost of 4232.91 is moderate, but the address is unknown, geocoding is unusable, and the final rule-based score is 4.3, which classifies it as a Bad Investment. Development match status is explicitly 'No Clear Match' with low confidence, so no upside is verified. Overall data and extraction confidence are only Medium, making location, value, and risk hard to validate from current records.","Unknown address and ZIP; unusable geocoding; no clear development match; only Medium data confidence; property type and location context unclear despite rural-style legal description; difficult to assess access, utilities, or resale potential from available data.",Precise situs address or coordinates; ZIP code and city; parcel map or GIS location; zoning and allowed uses; access/road information; surrounding land use and values; any liens or encumbrances beyond tax status.,"Use the legal description and parcel ID in Tulsa County GIS or assessor records to pinpoint the exact location, confirm access and basic zoning, and then compare to nearby land sales to determine whether the moderate bid cost of 4232.91 is justified.",Medium
54675-92-05-05450,6.5,Mid Investment,True,Watch,False,nan,"Parcel 54675-92-05-05450 at 32 S 62 AV W has a bid cost of 4753.15 and is classified as R IMP with strong property clarity and complete address data, supported by high overall data confidence. However, the development match status is No Clear Match with low development confidence, so no verified development upside is counted, resulting in a conservative mid-tier investment classification that still warrants manual review.","ZIP is unknown; no verified development upside (No Clear Match, low development confidence); surrounding value and crime risk are unknown, increasing uncertainty around long-term value and exit.",Exact ZIP code; surrounding property value context; crime risk; physical condition of improvements; local zoning/land-use constraints; any nearby but unverified development activity.,"Manually confirm the precise location and ZIP, pull local sales and assessed values for nearby improved residential parcels, and obtain on-the-ground or street-level verification of property condition and neighborhood context before bidding.",High
90306-03-06-46920,4.8,Bad Investment,False,Avoid,False,nan,"The parcel 90306-03-06-46920 has an unknown address and ZIP in Oklahoma, with only a legal description and medium extraction confidence. Geocoding is unusable and development verification shows 'No Clear Match' with low confidence, so there is no confirmed proximity to any project or area. The rule-based system classifies it as 'Bad Investment' with a conservative score of 4.8, driven by a relatively strong bid cost of 3954.21, missing address quality, moderate property clarity, low geocode confidence, and only medium overall data confidence. Combined, these factors indicate high uncertainty and limited verified upside.",Address and ZIP are unknown; geocoding support is weak or unavailable; development upside is not verified; legal-description-only location increases uncertainty; rule-based model flags it as Bad Investment with a low score of 4.8 despite a non-trivial bid cost.,Precise situs address; ZIP code; reliable geocode/coordinates; parcel size and land use details; surrounding property values; local crime and neighborhood risk indicators; confirmation of any nearby or related development projects.,"If reconsidered, first obtain a precise mapped location from the legal description via county records or a title/land survey resource, then confirm zoning, access, and surrounding land values before reassessing whether the 3954.21 bid is justified.",Medium
20575-93-30-08990,5.7,Mid Investment,True,Watch,False,nan,"The property at 4103 S PEORIA AV E (parcel 20575-93-30-08990) has strong property clarity, a complete address, and high data confidence, supporting the Mid Investment rule-based score of 5.7 at a relatively low bid cost of 6826.65. However, the development linkage to the Tulsa Market District / NOMA area is not validated (No Clear Match, 3.02 miles distance, and Distance Verified Match = False), so there is no confirmed development-driven upside. Missing ZIP and unknown surrounding value/crime risk keep overall certainty moderate, warranting manual review rather than a clear good or bad classification.","ZIP unknown; development upside not verified (No Clear Match to Tulsa Market District / NOMA); surrounding value signal unknown; crime risk estimate unknown; commercial improvement details (size, condition, use) not provided.","Exact ZIP code; detailed property characteristics (building size, age, condition, current/previous use); zoning specifics; surrounding property values and market rents; crime and neighborhood risk indicators; any liens or title complications beyond tax status.","Manually confirm zoning and building details for 4103 S PEORIA AV E (parcel 20575-93-30-08990) through county records or GIS, then pull neighborhood sales/rent comps and crime data to quantify value and risk in the absence of verified development upside.",High
00725-03-33-00530,5.7,Mid Investment,True,Watch,False,nan,"Parcel 00725-03-33-00530 at 1326 N KNOXVILLE AV E has a bid cost of 6743.65, complete address and strong property clarity, and high overall data confidence, yielding a rule-based score of 5.7 (Mid Investment). However, the development match is 'No Clear Match' with low confidence and no distance-verified link, so development is not a positive factor. These mixed signals justify manual review rather than an automatic pass or buy.",Unknown ZIP and surrounding value; no verified development upside; crime risk estimate unknown; only medium geocode confidence.,Exact ZIP code; surrounding property value context; crime risk details; any confirmed nearby development or infrastructure projects; on-the-ground condition of the improvement.,"Manually confirm the precise location and ZIP, then pull local sales/value and neighborhood data for 1326 N KNOXVILLE AV E to assess surrounding values and risk before considering a bid around 6743.65.",High
40375-94-08-07940,5.2,Mid Investment,True,Watch,False,nan,"The parcel at 1640 S 128 AV E, Tulsa (Parcel ID 40375-94-08-07940) has a bid cost of 6791.32 and is classified as R IMP with strong property clarity and a complete address. The rule-based system assigns a 5.2 Mid Investment score, indicating potential but with notable uncertainty. Development verification shows No Clear Match with low confidence, geocoding failed with low confidence, and the ZIP is unknown, limiting location and upside assessment. Data confidence is Medium, supporting a conservative Mid Investment classification and a recommendation for manual review rather than an automatic pass or fail.",Unknown ZIP; failed/low-confidence geocoding; no clear or verified development match; surrounding value and crime risk unknown; development upside not verified despite Medium overall data confidence.,Exact ZIP code; reliable geocode/coordinates; surrounding property value context; crime risk data; any confirmed nearby development or infrastructure projects; more detailed property condition and improvement specifics beyond R IMP classification.,"Manually confirm the precise location and ZIP via county records or mapping, then check surrounding sales/assessed values and any local development or zoning changes near 1640 S 128 AV E to validate whether the 6791.32 bid cost is justified.",Medium
57628-73-15-20120,5.7,Mid Investment,True,Watch,False,nan,"Parcel 57628-73-15-20120 at 14901 S YALE AV E, City Of Bixby, OK has a bid cost of 6855.98 and strong property clarity with complete address data, but the development match status is No Clear Match and the verified development signal is Low. Overall data and extraction confidence are High, supporting a Mid Investment score of 5.7 that warrants manual review rather than an automatic buy.",ZIP is unknown; no clear or verified development match; surrounding value and crime risk are unknown; property type only labeled as C without further detail.,"Exact ZIP code; detailed property characteristics beyond type C (size, use, improvements); surrounding value context; crime risk data; any confirmed nearby development or infrastructure projects.","Manually confirm the full mailing and situs details (including ZIP) and obtain county records or GIS data to clarify property type C specifics and surrounding land use, then reassess value relative to the 6855.98 bid cost without assuming any development upside.",High
84830-72-11-53420,5.2,Mid Investment,True,Watch,False,nan,"Parcel 84830-72-11-53420 at 248 E 137 ST S in Glenpool shows a bid cost of 6927.56 and a rule-based score of 5.2, placing it in the Mid Investment range. The property type is R HS IMP with strong property clarity and a complete address, but the development match status is No Clear Match with Low development confidence and Low geocode confidence. Overall data confidence is Medium with High extraction confidence, supporting a conservative Mid Investment classification that still merits manual review.",Unknown ZIP code; failed geocoding and low geocode confidence; no clear or verified development match; development confidence low; surrounding value and crime risk unknown.,Exact ZIP code; reliable geocode/coordinates; surrounding property value context; crime risk indicators; any confirmed nearby development or infrastructure projects; current condition and occupancy of the improvement.,"Manually confirm the precise location and ZIP via county GIS or assessor records, then check surrounding sales/assessed values and any local planning or development activity near 248 E 137 ST S in Glenpool before refining maximum bid and risk tolerance.",Medium
85175-72-12-57030,5.2,Mid Investment,True,Watch,False,nan,"The parcel 85175-72-12-57030 at 1277 E 139 ST S in Glenpool, OK has a bid cost of 7004.96 and is classified as R HS IMP with strong property clarity and complete address data. The rule-based system assigns a Mid Investment score of 5.2 with medium data confidence. However, development verification shows No Clear Match with low confidence, geocoding failed with low confidence, and surrounding value and crime risk are unknown, so the asset warrants manual review rather than a clear buy or pass.","ZIP is unknown; development upside is not verified (No Clear Match, low confidence); geocoding support is weak/failed; surrounding value and crime risk are unknown; overall data confidence is only medium.",Exact ZIP code; reliable geocode/location confirmation; surrounding property value context; crime risk indicators; any verified nearby development or infrastructure projects.,"Manually confirm the precise location and ZIP of 1277 E 139 ST S, Glenpool, OK, then check local records and maps for surrounding values, zoning, and any nearby development before assessing whether the 7004.96 bid cost is justified.",Medium
04175-93-14-07050,5.7,Mid Investment,True,Watch,False,nan,"Parcel 04175-93-14-07050 at 7721 E 30 PL S, Tulsa, OK shows a bid cost of 7152.78 with strong property clarity and complete address data, but the development match status is No Clear Match with low development confidence and overall data/extraction confidence reported as High, resulting in a conservative Mid Investment score that warrants manual review.","Unknown ZIP code; no verified development upside (No Clear Match, low development confidence); only medium geocode confidence; surrounding value and crime risk are unknown.",Exact ZIP code; surrounding property value context; crime risk; detailed property condition and improvements; any local development or zoning details beyond the current No Clear Match status.,"Manually confirm the precise ZIP and neighborhood context, verify recent sales and rental comps near 7721 E 30 PL S, and check local planning or zoning records for any unrecognized development or infrastructure projects that could affect value.",Medium
22775-94-17-02590,5.2,Mid Investment,True,Watch,False,nan,"Parcel 22775-94-17-02590 at 2325 S 119 AV E in Tulsa has a bid cost of 7281.27 and is classified as R IMP with strong property clarity and complete address, yielding a rule-based score of 5.2 (Mid Investment). However, geocoding failed, ZIP is unknown, and the development match is No Clear Match with low confidence, so there is no confirmed development upside. Medium overall data confidence and the modest bid level justify manual review rather than a definitive investment judgment.",Unknown ZIP; failed geocoding and low geocode confidence; no clear or verified development match; surrounding value and crime risk unknown; overall data confidence only Medium.,Exact ZIP code; reliable geocode/parcel mapping; surrounding property value context; crime and neighborhood risk indicators; any confirmed nearby development or infrastructure projects.,"Manually verify the parcel location and ZIP via county records or GIS, then pull surrounding sales/assessed values and neighborhood risk indicators to confirm whether the 7281.27 bid aligns with local R IMP values.",Medium
98412-84-12-02870,5.7,Mid Investment,True,Watch,False,nan,"Parcel 98412-84-12-02870 at 315 N 14 ST E in Broken Arrow, OK has a bid cost of 6982.63 and is classified as R IMP with strong property clarity and complete address data. The rule-based system assigns a 5.7 Mid Investment score with high overall data confidence, but development matching shows no clear match and low confidence, so no development premium is justified. These factors support a Mid Investment classification that warrants further manual review rather than an automatic pass or buy.",Unknown ZIP code; no clear or verified development match; surrounding value and crime risk are unknown; development upside not verified despite medium geocode confidence.,Exact ZIP code; surrounding property value context; crime risk details; any confirmed nearby development projects or area plans; on-the-ground condition of the R IMP improvements.,"Manually confirm the precise location and ZIP for 315 N 14 ST E in Broken Arrow, OK, then pull surrounding sales/value and neighborhood risk indicators to validate whether the 6982.63 bid cost is justified given the R IMP status and lack of verified development upside.",High
08675-93-01-02070,5.2,Mid Investment,True,Watch,False,nan,"Parcel 08675-93-01-02070 at 529 S 90 AV E, Tulsa, is a residential improved (R HS IMP) lot with strong property clarity and a complete address but unknown ZIP and failed geocoding. The bid cost is 7105.95, and the rule-based system assigns a Mid Investment score of 5.2 with medium data confidence. Development linkage is explicitly No Clear Match with low confidence, so no development-driven upside is verified. These mixed signals and data gaps justify manual review rather than an automatic pass or buy.","Unknown ZIP; failed geocoding and low geocode confidence; no clear or verified development match; surrounding value and crime risk unknown; owner listed as Unknown, which may complicate title or notification history.",Exact ZIP code; reliable geocode/location confirmation; surrounding property value context; crime and neighborhood risk indicators; any nearby development or infrastructure projects; property condition and occupancy status; title status and any additional liens beyond the tax auction.,"Manually confirm the precise location and ZIP of 529 S 90 AV E via county GIS or assessor records, then pull full assessor and title data (including any additional liens or structures) and check local market comparables and neighborhood conditions to determine whether the 7105.95 bid aligns with realistic resale or rental value.",Medium
42025-93-07-18720,5.7,Mid Investment,True,Watch,False,nan,"The parcel at 1711 E 13 PL S in Tulsa (Parcel ID 42025-93-07-18720) has high data confidence, complete address, and strong property clarity at a bid cost of 7230.61, producing a rule-based score of 5.7 (Mid Investment). However, the development match is No Clear Match with low confidence and distance not verified, so no development-driven upside is confirmed. These factors, combined with unknown ZIP, justify manual review rather than an automatic pass or fail.",ZIP unknown; no clear or verified development match; geocode confidence only Medium; surrounding value and crime risk unknown.,Exact ZIP code; more precise neighborhood and surrounding value context; crime risk indicators; any verified nearby development or improvement projects.,"Manually confirm the exact ZIP and neighborhood context for 1711 E 13 PL S, then check local sales/rent comps and any documented nearby development or infrastructure projects to validate whether the 5.7 Mid Investment score is justified.",High
04025-93-15-00140,5.7,Mid Investment,True,Watch,False,nan,"Parcel 04025-93-15-00140 at 2640 S SHERIDAN RD E has a bid cost of 7339.85 and is classified as R HS IMP with strong property clarity and complete address data. Rule-based scoring places it in the Mid Investment range (5.7) with high overall data confidence. However, development verification shows no clear match and low confidence, so no external upside is confirmed. This combination of reasonable entry cost, clear residential improvement, and lack of verified development support justifies a mid-priority manual review rather than an automatic pass or buy.",ZIP is unknown; no verified development match or distance-based upside; surrounding value and crime risk are unknown; geocode confidence is only medium.,Exact ZIP code; surrounding property value context; crime/safety indicators; condition and occupancy status of the residential improvement; any local zoning or code issues; detailed neighborhood comparables.,"Manually confirm the precise ZIP and neighborhood context for 2640 S SHERIDAN RD E, then pull local sales/rent comps and basic condition/occupancy checks to validate whether the 7339.85 bid aligns with typical values for similar R HS IMP properties in this area.",High
77200-94-21-16190,5.2,Mid Investment,True,Watch,False,nan,"Parcel 77200-94-21-16190 at 3217 S 140 AV E, Tulsa, OK is a residential improvement (R IMP) with a bid cost of 7393.92 and high extraction confidence on core property data but only medium overall data confidence. The address quality is complete and property clarity is strong, yet geocoding failed and ZIP is unknown, limiting location verification. Development match status is No Clear Match with low confidence, so no development-driven upside is counted. These factors together support a Mid Investment score of 5.2 and justify manual review rather than an automatic pass or buy.","ZIP unknown; geocoding failed with low confidence; development upside not verified (No Clear Match, low confidence); surrounding value and crime risk unknown.",Exact ZIP code; reliable geocode/coordinates; surrounding property value context; crime risk indicators; any confirmed nearby development or infrastructure projects.,"Manually confirm the precise location and ZIP via county GIS or assessor records, then check surrounding sales/assessed values and any local development or zoning information for this specific parcel.",Medium
47075-93-30-12810,5.7,Mid Investment,True,Watch,False,nan,"Parcel 47075-93-30-12810 at 1356 E 44 ST S in Tulsa shows a residential improved property (R HS IMP) with a bid cost of 7827.99, strong property clarity, and complete address but unknown ZIP. Development verification shows No Clear Match with low confidence, so it does not add positive weight. Overall data and extraction confidence are High, supporting a Mid Investment classification and warranting manual review to clarify local value and risks.",ZIP unknown; no verified development upside; surrounding value and crime risk unknown.,ZIP code; surrounding property value context; crime risk; condition of improvements; any liens or title complications beyond tax status.,"Manually confirm exact ZIP and neighborhood context, verify current structure condition and occupancy, and check local sales/rent comps and crime data to validate whether the 7827.99 bid aligns with area values.",High
11575-03-35-03730,6.1,Mid Investment,True,Watch,False,nan,"The rule-based score of 6.1 and category Strong Manual Review Candidate reflect a relatively low bid cost of 5516.78, complete address and strong property clarity for parcel 11575-03-35-03730, combined with medium geocode confidence and high overall data confidence. However, the development match is No Clear Match with low confidence and distance not verified, so no development premium is justified. These mixed signals place the property in a Mid Investment category that merits manual review rather than an automatic buy or pass.",ZIP is unknown; no verified development proximity or upside; surrounding value and crime risk are unknown; geocode confidence only medium.,Exact ZIP code; surrounding property value context; crime risk; on-the-ground condition of improvements; confirmation of precise location and neighborhood characteristics.,"Manually confirm the precise location and ZIP for 7350 E NEWTON ST N, then pull local comps and neighborhood data to assess surrounding values and risk before deciding whether the 5516.78 bid cost is attractive.",High
07415-94-07-29470,6.1,Mid Investment,True,Watch,False,nan,"Parcel 07415-94-07-29470 at 1441 S 112 AV E, Tulsa, OK shows a bid cost of 5517.44 and is tagged as R IMP with strong property clarity and complete address, supported by high extraction/data confidence. However, the development match status is No Clear Match with low confidence, so no development upside is verified, keeping this in a Mid Investment range that still warrants manual review.",Unknown ZIP code; no clear or verified development match; borderline bid price signal; only medium geocode confidence; surrounding value and crime risk are unknown.,"Exact ZIP code; surrounding property value context; crime risk data; physical condition of improvements; title issues, liens, and redemption status; zoning and local land-use constraints.","Manually confirm the full mailing/ZIP and geolocation for 1441 S 112 AV E, then pull county records for property condition, comps, liens, and zoning to determine whether the 5517.44 bid cost is justified relative to local values and risks.",Medium
35725-93-31-08440,6.1,Mid Investment,True,Watch,False,nan,"Parcel 35725-93-31-08440 at 5737 S QUINCY AV E in Tulsa shows a bid cost of 5526.11 and is tagged as R IMP with strong property clarity and complete address, supported by high overall data/extraction confidence. However, the development match status is No Clear Match with low confidence, so no development-driven upside is verified, placing this in a Mid Investment band that still warrants manual review.",ZIP is unknown; no clear or verified development match; development confidence is low; bid cost is only borderline attractive relative to uncertainty.,"Exact ZIP code; any verified nearby development or redevelopment plans; detailed property condition, size, and improvement specifics; surrounding value and crime risk data.","Manually confirm the full mailing/ZIP details and pull county records or mapping imagery for 5737 S QUINCY AV E to verify property condition, lot characteristics, and surrounding values before considering a bid at approximately 5526.11.",Medium
16375-93-03-04910,6.1,Strong Manual Review Candidate,True,Research First,False,nan,"Parcel 16375-93-03-04910 at 574 S MAPLEWOOD AV E, Tulsa, shows a bid cost of 5550.11 and a Strong Manual Review Candidate rule-based score of 6.1. Development match status is No Clear Match with low confidence, so no verified development upside is counted. Extraction and overall data confidence are High with complete address and strong property clarity, but missing ZIP and unverified surrounding value keep this at manual-review stage only.",ZIP is unknown; no verified development match or surrounding value signal; crime risk estimate is unknown; bid cost is only borderline attractive relative to unverified upside.,Exact ZIP code; surrounding property value context; crime and neighborhood risk indicators; property condition and occupancy; title status and any additional liens beyond the tax auction.,"Manually confirm the full mailing/ZIP details and pull local sales and rent comps around 574 S MAPLEWOOD AV E, then check county records for additional liens or title complications and, if possible, verify on-the-ground condition.",High
40325-94-17-06480,5.7,Strong Manual Review Candidate,True,Research First,False,nan,"The rule-based score of 5.7 and category Strong Manual Review Candidate reflect a complete address and strong property clarity for parcel 40325-94-17-06480, with a borderline bid cost of 5632.77. However, development verification shows No Clear Match, geocoding failed with low confidence, ZIP is unknown, and overall data confidence is only Medium, so the property warrants deeper manual research rather than being classified as a clear good or bad investment.",Unknown ZIP; failed/low-confidence geocoding; no verified nearby development; only medium data confidence; borderline bid price signal.,Exact ZIP code; reliable geocode/parcel mapping; surrounding value context; crime risk; any confirmed nearby development or project ties.,"Manually confirm the parcel location and ZIP with county records or GIS, then check surrounding sales/assessed values and any local development plans before deciding whether the 5632.77 bid aligns with area value and risk.",Medium
44325-03-36-04310,6.1,Mid Investment,True,Watch,False,nan,"For parcel 44325-03-36-04310 at 9541 E NEWTON PL N, the bid cost of 5659.43 and strong property clarity with complete address data, combined with high extraction/data confidence, yield a rule-based score of 6.1 and justify manual review. However, the development match status is No Clear Match with low confidence, so development is not treated as a positive factor.","ZIP is unknown; no verified development upside (No Clear Match, low confidence); borderline bid price signal; surrounding value and crime risk are unknown.",Exact ZIP code; surrounding property value context; crime risk indicators; detailed property condition and improvements; any confirmed nearby development projects.,"Confirm full mailing/ZIP details and pull local comparables around 9541 E NEWTON PL N, then verify property condition and any nearby or planned development before setting a maximum bid threshold above 5659.43.",Medium
15875-02-25-09420,6.1,Mid Investment,True,Watch,False,nan,"Parcel 15875-02-25-09420 at 2431 N LANSING AV E has a bid cost of 5709.25 and a strong rule-based score of 6.1 with high data/extraction confidence and complete address/property clarity, but the development match status is No Clear Match with low confidence, so it is a strong manual review candidate rather than a confirmed good investment.","ZIP is unknown; no verified development upside (No Clear Match, low development confidence); borderline bid price signal; only medium geocode confidence.",Exact ZIP code; surrounding value context; crime risk; more precise location and neighborhood quality indicators; any confirmed nearby development projects.,"Manually verify the exact location and ZIP, check local sales and rental comps around 2431 N LANSING AV E, and investigate any unrecorded or emerging development activity before deciding on a bid at 5709.25.",High
04125-93-14-02940,6.1,Strong Manual Review Candidate,True,Research First,False,nan,"The parcel at 6743 E 26 PL S, Tulsa (Parcel ID 04125-93-14-02940) has high extraction and overall data confidence, complete address quality, and strong property clarity, supporting a rule-based score of 6.1 and a Strong Manual Review Candidate classification. The bid cost of 5717.55 is borderline but potentially acceptable for a residential improved (R HS IMP) property. However, the development verification shows No Clear Match with low confidence and no distance-based confirmation, so development is not a positive factor. The main uncertainties are the unknown ZIP and lack of verified surrounding value or crime data, which prevent categorizing it as a Good Investment at this stage.",ZIP is unknown; no verified development or surrounding value signal; crime risk is unknown; bid cost flagged as borderline; development geocoding and distance not available to confirm any proximity-based upside.,Exact ZIP code; any verified comps or surrounding value indicators; crime and neighborhood risk data; physical condition of the residential improvements; title and lien status beyond tax delinquency; confirmation of access and any issues related to the vacated street portion in the legal description.,"Manually confirm the precise ZIP and neighborhood context for 6743 E 26 PL S, then pull local sales/value indicators and crime data, and verify physical condition and access for the R HS IMP structure before assessing whether the borderline bid cost of 5717.55 is justified.",High
17925-92-04-03240,5.7,Mid Investment,True,Watch,False,nan,"The parcel at 319 S 43 AV W, Tulsa (Parcel ID 17925-92-04-03240) has strong property clarity and a complete address, supporting a solid rule-based score of 5.7 and classification as a Strong Manual Review Candidate. The bid cost of 5748.75 is flagged as Borderline, suggesting potential but not clearly discounted value. However, development verification shows No Clear Match with low confidence, geocoding failed with low confidence, and the ZIP is unknown, limiting location-specific valuation and upside assessment. With medium overall data confidence and no confirmed development catalyst, the property fits a Mid Investment profile that warrants deeper manual review rather than an automatic buy.",Unknown ZIP code; failed or weak geocoding preventing precise location validation; no clear or verified nearby development to support appreciation; borderline bid cost relative to uncertain surrounding value; only medium overall data confidence.,Exact ZIP code; reliable geocode/coordinates; confirmation of surrounding property values and neighborhood context; any verified nearby development projects; property condition and occupancy status; title and lien details beyond tax status.,"Manually confirm the precise location and ZIP of 319 S 43 AV W via mapping and county records, then pull comparable sales and neighborhood data around that confirmed location to judge whether the borderline bid cost of 5748.75 is justified given local values and risks.",Medium
49850-92-28-05460,5.7,Mid Investment,True,Watch,False,nan,"Parcel 49850-92-28-05460 at 4109 S 34 AV W has a bid cost of 5750.75 and is tagged as R IMP with strong property clarity and complete address, but the development match status is No Clear Match with low confidence and overall data confidence is only Medium, so it is a Mid Investment that warrants manual review rather than a clear buy.",ZIP is unknown; geocoding failed with low confidence; no clear or verified nearby development; surrounding value and crime risk are unknown; owner information is unknown.,"Exact ZIP code; reliable geocode/location context; surrounding property value indicators; crime risk data; any confirmed nearby development projects; more detail on the residential improvement (size, condition, use).","Manually confirm the precise location and ZIP of 4109 S 34 AV W, then check local assessor and planning records for property characteristics, market value, and any nearby or planned development before bidding.",Medium
98225-82-25-36030,6.1,Strong Manual Review Candidate,True,Research First,False,nan,"Parcel 98225-82-25-36030 at 10607 S ELWOOD AV W has a bid cost of 5782.95 and high extraction/data confidence with complete address and strong property clarity, but the development match status is 'No Clear Match' with low confidence, so it is treated as a Strong Manual Review Candidate rather than a confirmed good investment.",ZIP is unknown; no clear or verified development match; development confidence is low; surrounding value and crime risk are unknown.,"Exact ZIP code; surrounding property value context; crime risk; detailed property characteristics (lot size, improvements, zoning, access/utilities).","Manually confirm parcel location and ZIP via county records or GIS, then review zoning, physical characteristics, and nearby sales or assessed values to determine whether the borderline bid cost is justified without relying on development upside.",High
04125-93-14-02930,6.1,Strong Manual Review Candidate,True,Research First,False,nan,"The parcel at 6747 E 26 PL S (Parcel ID 04125-93-14-02930) has clear residential improvement classification, complete address, and high overall data confidence. The bid cost of 5785.69 is flagged as borderline rather than clearly attractive or excessive. Rule-based scoring of 6.1 categorizes it as a Strong Manual Review Candidate. However, development verification shows No Clear Match with low confidence, so no location-based development premium is supported.",ZIP is unknown; no verified development or surrounding value signal; borderline bid cost; crime risk and surrounding value are unknown.,Exact ZIP code; surrounding property value context; crime risk; condition and occupancy status of the improvement; any liens or title complications beyond the tax issue.,"Manually confirm the precise ZIP and neighborhood context, then pull local sales/value comps and basic condition/occupancy intel for 6747 E 26 PL S to determine whether the borderline bid cost of 5785.69 is justified without any verified development upside.",High
12375-92-04-01560,5.7,Strong Manual Review Candidate,True,Research First,False,nan,"The rule-based score of 5.7 and category Strong Manual Review Candidate reflect a relatively low bid cost of 5786.08 and strong property clarity for an R IMP asset at 530 N 42 AV W, Tulsa. Address quality is complete, but geocoding failed and ZIP is unknown, keeping overall data confidence at Medium. Development verification shows No Clear Match with low confidence, so development is not a positive factor. These mixed signals justify deeper manual research rather than a clear good or bad investment classification.",Unknown ZIP; failed geocoding with low geocode confidence; no clear or verified development match; surrounding value and crime risk unknown; owner name listed as Unknown.,Exact ZIP code; reliable geocode/parcel mapping; surrounding property value context; crime risk; clearer ownership details; any confirmed nearby development or infrastructure projects.,"Manually confirm parcel location and boundaries via county GIS or assessor records using parcel_id 12375-92-04-01560, obtain the correct ZIP and neighborhood context, and then check recent sales, rents, and any local planning or development activity around 530 N 42 AV W before forming a final bid strategy.",Medium
62250-91-22-02240,6.1,Strong Manual Review Candidate,True,Research First,False,nan,"The rule-based score of 6.1 and category Strong Manual Review Candidate reflect a relatively low bid cost of 5795.03, complete address and strong property clarity for parcel 62250-91-22-02240 at 313 W 40 PL S, combined with medium geocode confidence and high overall data confidence. However, development verification shows No Clear Match with low confidence and no confirmed proximity to any project, so there is no validated upside from nearby development. These mixed factors justify deeper manual research rather than a definitive investment judgment.","ZIP is unknown; no verified development or surrounding value signal; crime risk and surrounding value are both unknown; geocode confidence only medium, which may affect precise location and comparables.",Exact ZIP code; any verified nearby development or improvement projects; surrounding value indicators; crime risk estimates; more detailed property characteristics beyond R HS IMP classification.,"Manually confirm the precise location and ZIP for 313 W 40 PL S, then research local market values and any unrecorded nearby development or infrastructure plans to validate whether the 5795.03 bid cost is supported by surrounding property values.",High
27325-93-14-12410,6.1,Strong Manual Review Candidate,True,Research First,False,nan,"Rule-based score of 6.1 and category Strong Manual Review Candidate reflect a relatively low bid cost of 5829.41 for a C IMP (commercial improvement) property at 7924 E 21 ST S, Tulsa, with complete address, strong property clarity, medium geocode confidence, and high overall data confidence. However, development verification shows No Clear Match with low confidence, so no confirmed external upside is available, and the unknown ZIP adds location uncertainty.",No verified development upside; ZIP unknown; surrounding value and crime risk unknown; commercial use may limit buyer pool and increase vacancy or rehab risk.,Exact ZIP code; surrounding property value context; crime risk; condition and current use of the commercial improvement; occupancy status; any liens or code issues beyond tax delinquency.,"Manually confirm the precise location and ZIP for 7924 E 21 ST S, verify current structure type and condition for the C IMP classification, and pull surrounding sales/rent and commercial demand indicators before assigning a final bid ceiling.",High
98402-84-02-01880,6.1,Strong Manual Review Candidate,True,Research First,False,nan,"Parcel 98402-84-02-01880 at 605 W LANSING ST in Broken Arrow has a bid cost of 5854.25 and is classified as B HS IMP with strong property clarity and high extraction/data confidence. However, the development match status is No Clear Match with low confidence, so no verified development upside is counted. Given the Strong Manual Review Candidate rule-based score of 6.1 and complete address but unknown ZIP, this should be prioritized for deeper manual review rather than treated as a confirmed good investment.",ZIP is unknown; no verified development match or distance-based upside; development confidence is low; surrounding value and crime risk are unknown.,Exact ZIP code; surrounding property value context; crime risk; physical condition of improvements; title/encumbrance status; confirmation of current owner details.,"Manually confirm the full mailing/ZIP information and pull county records for this parcel to verify improvements, liens, and surrounding value before considering a bid at or above 5854.25.",High
25050-03-34-06390,6.1,Mid Investment,True,Watch,False,nan,"Parcel 25050-03-34-06390 at 5929 E KING ST N in Tulsa shows a bid cost of 5882.74 and a strong property clarity signal with complete address data, but the development match status is 'No Clear Match' and development confidence is low. Overall data and extraction confidence are high, supporting a rule-based score of 6.1 and a mid-tier, manual-review-focused investment classification.",ZIP is unknown; no verified development match or surrounding value signal; borderline bid price signal; crime risk and surrounding value are unknown.,Exact ZIP code; surrounding value indicators; crime risk estimate; any confirmed nearby development or improvement projects; current property condition and occupancy status.,"Manually confirm the precise ZIP and neighborhood context, then check county records and mapping tools for surrounding values, crime patterns, and any unrecorded nearby development before refining bid strategy.",High
34375-92-22-05090,5.7,Strong Manual Review Candidate,True,Research First,False,nan,"Parcel 34375-92-22-05090 at 3822 S 31 AV W in Tulsa has a bid cost of 5891.41 and is classified as R IMP with strong property clarity and complete address data, but the development match status is No Clear Match with low confidence and overall data confidence is only Medium, so it is best treated as a Strong Manual Review Candidate rather than a confirmed good investment.",Unknown ZIP; failed geocoding and low geocode confidence; no clear or verified development match; surrounding value and crime risk unknown; overall data confidence only Medium.,Exact ZIP code; reliable geocode/parcel mapping; surrounding property value context; crime risk; any confirmed nearby development or infrastructure projects; on-the-ground condition of improvements.,"Manually confirm the parcel location and ZIP via county GIS or assessor records, then check surrounding sales/values and any local planning or development documents for this block before considering a bid at approximately 5891.41.",Medium
74850-94-19-17590,6.1,Mid Investment,True,Watch,False,nan,"Parcel 74850-94-19-17590 at 10826 E 33 CT S shows a bid cost of 5896.33 and a strong, high-confidence property data extraction, but the development match status is 'No Clear Match' with low development confidence. Overall data confidence is High and geocode confidence is Medium, supporting a rule-based score of 6.1 and a Mid Investment classification that warrants manual review rather than an automatic buy.",ZIP is unknown; no verified development upside; only borderline bid price signal; crime and surrounding value signals are unknown.,Exact ZIP code; surrounding property value context; crime risk; interior/structural condition; any liens or title complications beyond the tax issue.,"Manually confirm the full mailing/ZIP details and local market comps for 10826 E 33 CT S, then check county records for title, liens, and property condition indicators before considering a bid near 5896.33.",High
14625-93-12-00820,5.7,Strong Manual Review Candidate,True,Research First,False,nan,"Parcel 14625-93-12-00820 at 1228 S 83 AV E in Tulsa has a bid cost of 5972.06 and is classified as R IMP with high extraction confidence and medium overall data confidence. The rule-based system assigns a 5.7 score and labels it a Strong Manual Review Candidate, supported by complete address quality and strong property clarity. However, the development match status is 'No Clear Match' with low confidence and failed geocoding, so no development premium is applied.",Unknown ZIP; failed geocoding and low geocode confidence; no clear or verified nearby development; surrounding value and crime risk unknown; owner name unknown.,Exact ZIP code; reliable geocode/parcel mapping; surrounding property value context; crime and neighborhood risk indicators; current occupancy/condition; title and lien status beyond tax auction; any local development or zoning changes not captured in the data.,"Manually confirm the parcel’s exact location and ZIP via county GIS or assessor records, then pull recent comparable sales and neighborhood data around 1228 S 83 AV E to assess value relative to the 5972.06 bid and check for any local development, zoning, or condition issues.",Medium
62225-91-22-01600,6.1,Mid Investment,True,Watch,False,nan,"Parcel 62225-91-22-01600 at 112 W 31 PL S has a bid cost of 6068.41 and strong property/address clarity with high extraction/data confidence, but the development match status is No Clear Match with low confidence, so it is a Strong Manual Review Candidate rather than a confirmed good investment.",ZIP is unknown; no clear or verified development match; surrounding value and crime risk are unknown; borderline bid price signal relative to unverified upside.,Exact ZIP code; surrounding property value context; crime risk context; any confirmed nearby development or redevelopment plans; physical condition and occupancy status of the improvement.,"Manually confirm the full mailing/ZIP information and local market context for 112 W 31 PL S, then check county/city records and mapping tools for surrounding values, crime indicators, and any nearby development or zoning changes before assessing whether the borderline bid cost is justified.",Medium
08300-93-04-02320,6.1,Strong Manual Review Candidate,True,Research First,False,nan,"The rule-based score of 6.1 and category Strong Manual Review Candidate reflect a relatively low bid cost of 6169.38, complete address and strong property clarity for an R IMP asset at 3311 E 5 PL S, Tulsa, and high overall data confidence. However, development verification shows No Clear Match with low confidence, so no proximity or tie to a known project can be relied on. Geocode confidence is only Medium and the ZIP is unknown, adding location uncertainty. These factors support manual review rather than a clear good or bad investment classification.","Unknown ZIP and only Medium geocode confidence; no verified development match or surrounding value signal; crime risk and area value are unknown; owner name listed as Unknown, which may complicate title or notification review.",Exact ZIP code; clearer neighborhood and surrounding value context; crime risk estimate; confirmation of physical condition and improvements for this R IMP parcel; any liens or title complications beyond the tax issue.,"Manually confirm the precise location and ZIP via mapping tools, then pull local sales/value and neighborhood data for 3311 E 5 PL S, Tulsa, and review county records for title, liens, and property condition indicators before setting a maximum bid above 6169.38.",High
74965-94-20-07530,5.7,Strong Manual Review Candidate,True,Research First,False,nan,"The parcel at 3123 S 121 AV E, Tulsa (R IMP, LT 14 BLK 7) has a borderline but manageable bid cost of 6234.04, complete address data (except ZIP), and strong property clarity, which together support a rule-based score of 5.7 and classification as a Strong Manual Review Candidate. However, geocoding failed and development matching shows No Clear Match with low confidence, so there is no confirmed proximity to a development project. Medium overall data confidence and unknown surrounding value and crime risk keep this from qualifying as a Good or Mid Investment at this stage, but it merits deeper manual research.",ZIP is unknown; geocoding support is weak/failed; no clear or verified development match; surrounding value and crime risk are unknown; development upside not verified despite a borderline bid price.,Exact ZIP code; reliable geocode/parcel mapping; confirmation of surrounding property values; local crime/safety context; any nearby or planned development projects; current occupancy/condition and any liens or encumbrances beyond the tax issue.,"Manually locate the parcel using county GIS or assessor records to confirm the exact location and ZIP, then check nearby sales and neighborhood conditions to assess value relative to the 6234.04 bid and verify whether any real development or infrastructure projects are actually near this address.",Medium
34600-93-25-02750,6.1,Strong Manual Review Candidate,True,Research First,False,nan,"The property at 4926 S 86 AV E (parcel 34600-93-25-02750) is a residential improved asset with complete address data, strong property clarity, and high overall data confidence. The bid cost of 6246.97 is flagged as borderline rather than clearly attractive or excessive. Rule-based scoring of 6.1 classifies it as a Strong Manual Review Candidate, but development verification shows No Clear Match and low confidence, so no development premium is justified.",Unknown ZIP; no verified development match or distance-based upside; borderline bid price; crime and surrounding value signals are unknown.,Exact ZIP code; surrounding value context; crime risk; detailed property condition and improvements; any verified nearby development or neighborhood trend data.,"Manually confirm the precise ZIP and neighborhood context for 4926 S 86 AV E, then compare the 6246.97 bid cost against local tax-auction comps and typical land/improvement values for similar residential improved parcels in that immediate area.",High
45350-94-06-06870,6.1,Mid Investment,True,Watch,False,nan,"Parcel 45350-94-06-06870 at 10620 E ADMIRAL PL N has a bid cost of 6267.37 and strong property clarity with complete address data and high extraction/data confidence, but the development match status is 'No Clear Match' with low confidence, so it is treated as a mid-tier, strong manual review candidate rather than a clear good investment.",ZIP is unknown; no verified development upside; borderline bid price signal; surrounding value and crime risk are unknown.,"Exact ZIP code; surrounding property value context; crime risk; detailed property characteristics (size, condition, use specifics).","Manually confirm ZIP and neighborhood context, verify surrounding property values and crime risk, and check for any unrecognized nearby development or infrastructure projects that could affect value.",Medium
31100-93-02-05790,6.1,Strong Manual Review Candidate,True,Research First,False,nan,"Parcel 31100-93-02-05790 at 538 S 79 AV E in Tulsa shows a bid cost of 6328.03 and is classified as R IMP with strong property clarity and high data/extraction confidence, but the development match status is No Clear Match with low development confidence. The rule-based score of 6.1 and Strong Manual Review Candidate category indicate it merits manual review, yet the Final Bid Price Signal is Borderline and the ZIP is unknown, so it cannot be treated as a good investment without further due diligence.",ZIP unknown; no verified development match or distance-based upside; borderline bid price signal; surrounding value and crime risk are both unknown.,Exact ZIP code; surrounding property value context; crime risk details; any confirmed nearby development projects; physical condition and occupancy status of the improvement.,"Manually confirm the full mailing/ZIP information and pull local sales/value comps around 538 S 79 AV E, then check county/city planning or news sources for any nearby development or zoning changes before assessing maximum bid and exit strategy.",Medium
26390-94-16-15330,5.7,Strong Manual Review Candidate,True,Research First,False,nan,"Parcel 26390-94-16-15330 at 2716 S 130 AV E in Tulsa shows a bid cost of 6353.46 and is tagged as R IMP with strong property clarity and complete address, but the development match status is No Clear Match and geocode confidence is low, yielding only medium overall data confidence and supporting a Strong Manual Review Candidate rather than a clear investment decision.",Unknown ZIP; failed geocoding and low geocode confidence; no clear or verified nearby development; surrounding value and crime risk unknown; owner name listed as Unknown.,"Exact ZIP code; reliable geocode/location verification; surrounding property value context; crime and neighborhood risk indicators; any liens, structures, or condition details beyond R IMP classification; confirmation of owner and title status.","Independently verify the precise location and ZIP via county GIS or assessor records for parcel 26390-94-16-15330, then pull full assessor and title data (including structures, occupancy, and liens) to confirm that the bid cost of 6353.46 is justified relative to local comparable values.",Medium
82170-84-21-72600,6.1,Mid Investment,True,Watch,False,nan,"The property is a residential improved parcel (R HS IMP) at 2812 S DOGWOOD AV W, Broken Arrow, OK, with a bid cost of 6384.77. Rule-based scoring (6.1) and category Strong Manual Review Candidate, combined with complete address quality, strong property clarity, and high data confidence, support manual review. However, development verification shows No Clear Match with low confidence, and surrounding value and crime risk are unknown, so it cannot be classified as a strong investment without further research.",ZIP is unknown; no verified development or surrounding value signal; crime risk estimate unknown; development match explicitly flagged as No Clear Match; bid cost is only borderline attractive per rule-based signals.,Exact ZIP code; surrounding property value context; crime and neighborhood risk indicators; any confirmed nearby development or infrastructure projects; detailed property condition and occupancy status.,"Manually confirm the precise location and ZIP for 2812 S DOGWOOD AV W, then pull local sales/value and neighborhood risk data to assess whether the borderline bid cost of 6384.77 is justified for this residential improved parcel.",High
03312-03-20-04220,6.1,Mid Investment,True,Watch,False,nan,"Rule-based score of 6.1 and category Strong Manual Review Candidate indicate it merits deeper review. The property is a C IMP asset at 2645 N LEWIS AV E with complete address, strong property clarity, and high data confidence. Bid cost of 6391.36 is flagged as Borderline, and development verification shows No Clear Match with low confidence, so development does not improve priority.",Unknown ZIP; no clear or verified development match; borderline bid price signal; surrounding value and crime risk are unknown.,Exact ZIP code; details on the commercial improvements; surrounding property values; local crime risk; any confirmed nearby development projects.,"Manually confirm the full address and ZIP, then pull local sales/rent comps and property records for this commercial parcel to assess whether the borderline bid cost of 6391.36 is justified absent verified development upside.",High
04025-93-15-00650,6.1,Strong Manual Review Candidate,True,Research First,False,nan,"Parcel 04025-93-15-00650 at 5790 E 26 ST S in Tulsa has high extraction and data confidence, complete address, and strong property clarity, supporting a rule-based score of 6.1 and a Strong Manual Review Candidate classification. The bid cost of 6416.85 is borderline but potentially workable for a residential improvement property. However, the development verification shows No Clear Match with low confidence, and the ZIP and surrounding value signals are unknown, so the property cannot be treated as a good or low-risk investment at this stage.",Unknown ZIP code; no verified nearby development or value-add project; surrounding value and crime risk are unknown; borderline bid price without confirmed upside.,Exact ZIP code; surrounding property value context; crime and neighborhood risk indicators; condition and occupancy status of the residential improvement; any liens or title complications beyond tax status.,"Manually confirm the precise ZIP and neighborhood context for 5790 E 26 ST S, verify current property condition and occupancy, and pull local sales/rent comps to determine whether the borderline bid cost of 6416.85 is justified without relying on development-driven appreciation.",High
45625-93-21-16710,6.1,Mid Investment,True,Watch,False,nan,"For parcel 45625-93-21-16710 at 3518 S SANDUSKY AV E, the bid cost of 6474.68 is borderline but potentially workable for further review. The development match status is No Clear Match with low verified development signal, so no confirmed upside from nearby projects is assumed. However, the property type is clear (R HS IMP) and address quality is Complete, and overall data/extraction confidence is High, supporting a Mid Investment classification that warrants manual review rather than an automatic pass or buy.",ZIP is unknown; no verified development upside; borderline bid price signal; only medium geocode confidence.,Exact ZIP code; detailed neighborhood value context; crime risk; surrounding property values and condition; interior and exterior property condition; title and lien status beyond tax delinquency.,"Manually confirm the precise location and ZIP, pull local sales and rent comps around 3518 S SANDUSKY AV E, and verify property condition and title status to determine whether the borderline bid cost is justified without any verified development tailwind.",High
23600-93-24-15470,6.1,Strong Manual Review Candidate,True,Research First,False,nan,"The parcel at 8149 E 31 CT S (Parcel ID 23600-93-24-15470) has a bid cost of 6496.28, complete address quality, and strong property clarity, with overall data confidence rated High. Rule-based scoring of 6.1 places it in the Strong Manual Review Candidate range, indicating it merits deeper investigation. However, the development verification shows No Clear Match with low confidence, so no external development upside is confirmed, and the ZIP is unknown, adding some location-specific uncertainty.","ZIP is unknown, limiting precise location and comp analysis; no verified development or area project nearby, so upside from external improvements is unproven; geocode confidence is only Medium, which may slightly affect locational accuracy.",Exact ZIP code; more precise neighborhood and surrounding value context; any verified nearby development or infrastructure projects; detailed property condition and occupancy status.,"Manually confirm the exact ZIP and neighborhood for 8149 E 31 CT S, then pull local sales/assessed values and any available condition or occupancy data to validate whether the 6496.28 bid aligns with realistic resale or rental potential in this specific micro-area.",High
61975-91-12-03150,5.7,Mid Investment,True,Watch,False,nan,"Parcel 61975-91-12-03150 at 908 E FOREST DR N, Sand Springs, OK has a bid cost of 6681.26 and is classified as R IMP with strong property clarity and complete address, yielding a Mid Investment rule-based score of 5.7. Data confidence is High and geocode confidence is Medium, supporting basic reliability of the record. However, development verification shows No Clear Match with low confidence, so no confirmed external upside is present, and the unknown ZIP adds location uncertainty. These factors justify manual review rather than an automatic pass or fail.",Unknown ZIP and only Medium geocode confidence limit precise location and comp analysis; no verified development match or surrounding value signal; crime risk and surrounding value are both Unknown; bid cost of 6681.26 may or may not be justified without clearer neighborhood context.,"Exact ZIP code; clearer neighborhood and surrounding value context; crime risk indicators; any liens, structures, or condition details beyond R IMP classification; confirmation of precise geolocation and local market comparables.","Manually confirm the exact location and ZIP for 908 E FOREST DR N, Sand Springs, OK, then check local market values and neighborhood conditions to see if the 6681.26 bid aligns with typical improved residential parcels in that immediate area.",High
24525-94-07-04110,5.2,Mid Investment,True,Watch,False,nan,"For parcel 24525-94-07-04110 at 1622 S 108 AV E, Tulsa, the bid cost of 6830.15 and a rule-based score of 5.2 place it in the Mid Investment range. Property data quality is relatively strong (R HS IMP, address quality Complete, property clarity Strong) but development match status is No Clear Match with low development confidence, and overall data confidence is Medium with failed geocoding and unknown ZIP, so it warrants manual review rather than a clear buy or pass.","Unknown ZIP; failed geocoding and low geocode confidence; no verified development upside (No Clear Match, low development confidence); surrounding value and crime risk unknown; owner listed as Unknown.",Exact ZIP code; reliable geocode/parcel mapping; surrounding property value context; crime/safety indicators; occupancy/condition details; title and lien status beyond tax auction; any nearby development or zoning changes not yet verified.,"Manually confirm parcel location and ZIP with county GIS or assessor records, then pull nearby sales and assessed values to benchmark the 6830.15 bid, and check zoning, structures/condition, and any liens or code issues before deciding on bidding strategy.",Medium
46000-93-30-11430,5.7,Mid Investment,True,Watch,False,nan,"Parcel 46000-93-30-11430 at 1558 E 41 ST S in Tulsa shows a bid cost of 7025.18, strong property clarity, and complete address data with high extraction/data confidence, but the development match status is No Clear Match with low confidence and ZIP is unknown, resulting in a conservative Mid Investment score of 5.7 that warrants manual review.",Unknown ZIP code; no clear or verified development match; low development confidence; surrounding value and crime risk unknown.,Exact ZIP code; surrounding property value context; crime risk indicators; detailed property characteristics beyond R IMP classification; any confirmed nearby development projects.,"Manually confirm the precise ZIP and neighborhood context for 1558 E 41 ST S, verify current market values and condition for LOT 7 BLK 1, and check for any local development or zoning changes not captured in the current development match data.",High
46525-94-05-05250,5.2,Mid Investment,True,Watch,False,nan,"Parcel 46525-94-05-05250 at 293 S 118 AV E, Tulsa, OK has a bid cost of 7315.38 and is classified as R IMP with strong property clarity and complete address quality. The rule-based system assigns a Mid Investment score of 5.2 with medium data confidence. However, geocoding failed, ZIP is unknown, and development verification shows No Clear Match with low confidence, so potential upside is uncertain and warrants manual review rather than a firm investment stance.",Unknown ZIP; failed or weak geocoding support; no clear or verified development match; surrounding value and crime risk unknown; overall data confidence only Medium.,Exact ZIP code; reliable geocode/parcel mapping; surrounding property value context; crime risk indicators; any confirmed nearby development or infrastructure projects.,"Manually confirm parcel location and ZIP via county records or GIS, then check surrounding sales/assessed values and neighborhood conditions; verify any nearby development or zoning changes before refining bid strategy around the 7315.38 cost.",Medium
22350-93-31-06310,5.7,Mid Investment,True,Watch,False,nan,"The parcel at 1608 E 54 ST S, Tulsa (R IMP, LT 2 BLK 11) has high data confidence, complete address quality, and strong property clarity, supporting a mid investment score of 5.7 at a bid cost of 7464.70. However, the development match is No Clear Match with low confidence and distance not verified, so no development premium is justified. These mixed signals and remaining uncertainties warrant manual review rather than an automatic pass or fail.",Unknown ZIP; no verified development tie-in; only medium geocode confidence; surrounding value and crime risk are unknown.,Exact ZIP code; surrounding property value context; crime risk; detailed property condition; confirmation of any nearby development or neighborhood improvements.,"Manually confirm the precise ZIP and neighborhood context for 1608 E 54 ST S, Tulsa, then check local sales/value indicators and any nearby projects to validate whether the mid-range score and current bid cost of 7464.70 are justified.",High
85240-72-13-61990,5.7,Mid Investment,True,Watch,False,nan,"Parcel 85240-72-13-61990 at 14269 S QUINCE ST E shows a bid cost of 7677.90 and is classified as R IMP with strong property clarity and complete address, but the development match status is No Clear Match and development confidence is Low. Overall data and extraction confidence are High, supporting a Mid Investment score of 5.7 that warrants manual review but not a strong automated buy signal.","Unknown ZIP; no verified development upside (No Clear Match, low development confidence); only medium geocode confidence; surrounding value and crime risk unknown.",Exact ZIP code; surrounding property value context; crime/safety indicators; physical condition of improvements; local market comps; any nearby confirmed development projects.,"Manually confirm the precise location and ZIP, then pull local sales/assessed values and any city or planning documents to assess neighborhood quality and potential upside before bidding above the minimum.",Medium
43800-93-04-19590,5.7,Mid Investment,True,Watch,False,nan,"Parcel 43800-93-04-19590 at 512 S QUEBEC AV E in Tulsa shows a bid cost of 7753.89 and is classified as R IMP with strong property clarity and complete address data, supported by high extraction/data confidence. However, the development verification reports No Clear Match with low confidence, so development is not a positive factor, and the overall rule-based score of 5.7 places it in a Mid Investment range that merits further manual review.",ZIP is unknown; no clear or verified development match; surrounding value and crime risk are unknown; bid cost may or may not be attractive without better market context.,Exact ZIP code; surrounding property value context; crime risk; detailed property condition; lot size and improvements specifics; any liens or title complications beyond the tax issue.,"Manually confirm the full address including ZIP and pull local sales/value comps and neighborhood data for 512 S QUEBEC AV E, then verify property condition and title status to determine whether the 7753.89 bid cost is justified.",High
04375-92-12-00740,4.5,Strong Manual Review Candidate,True,Research First,False,nan,"The parcel at S BOSTON AV E in Tulsa (ID 04375-92-12-00740) has a bid cost of 5807.41 and a rule-based score of 4.5, which classifies it as a Strong Manual Review Candidate. Property clarity is Moderate and address quality is Partial, but geocoding confidence is Low and the ZIP is unknown. Development matching is Unknown with Low confidence and no distance verification, so it does not improve priority. Overall data confidence is Medium, supporting manual review but not a direct investment conclusion.","Unknown ZIP; unusable or partial address and weak geocoding support; development upside not verified and match strength Unknown with Low confidence; surrounding value and crime risk both Unknown; owner listed as Unknown, adding to title and contact uncertainty.",Exact site location (full address and ZIP); reliable geocode coordinates; confirmation of property type and current use beyond generic type C; any verified nearby development or area improvement; surrounding value indicators and crime risk; ownership and title clarity.,"Manually confirm the precise parcel location and boundaries using the legal description (LT 22 BLK 1) in Tulsa County records, obtain the full address and ZIP, and then check county GIS and recent sales or assessments around this parcel to determine actual land use, surrounding values, and whether any credible development or revitalization activity exists nearby.",Medium
10800-93-01-04840,5.2,Mid Investment,True,Watch,False,nan,"Parcel 10800-93-01-04840 at 49 S 85 AV E in Tulsa has a bid cost of 6504.01 and a Final Rule-Based Score of 5.2, placing it in the Mid Investment category. Property/address data quality is relatively strong (Property Type B IMP, address quality Complete, property clarity Strong) but the development match status is No Clear Match with Low development confidence and Low geocode confidence. Overall data confidence is Medium, so the combination of moderate price, unclear development upside, and incomplete location verification justifies manual review rather than a firm investment stance.",Unknown ZIP; failed geocoding and Low geocode confidence; development match rated No Clear Match with Low confidence; surrounding value and crime risk both Unknown.,Exact ZIP code; reliable geocode/coordinates; surrounding property value context; crime risk indicators; any confirmed nearby development or infrastructure projects.,"Manually verify the precise location and ZIP of 49 S 85 AV E, confirm parcel boundaries and improvements for Property Type B IMP with the county, and check local market and planning records for any nearby development or zoning changes.",Medium
45575-93-04-21370,5.7,Mid Investment,True,Watch,False,nan,"Parcel 45575-93-04-21370 at 234 S INDIANAPOLIS AV E in Tulsa shows a bid cost of 6542.71 and a Mid Investment rule-based score of 5.7. The development match status is No Clear Match with Low confidence, so it does not add positive weight. Property/address clarity is Strong and Complete, and overall data/extraction confidence is High, supporting manual review but not a Good Investment classification at this stage.","ZIP is unknown; no verified development upside (No Clear Match, Low confidence); surrounding value and crime risk are unknown; owner name is unknown.","Exact ZIP code; surrounding property value context; crime risk data; more detailed property characteristics (size, condition, improvements); confirmation of any nearby development activity.","Manually confirm full address including ZIP and basic property characteristics via county records, then check surrounding sales/values and crime data to validate whether the 6542.71 bid cost is justified without relying on development upside.",High
99301-93-01-11400,5.7,Mid Investment,True,Watch,False,nan,"Parcel 99301-93-01-11400 at 9201 E ADMIRAL CT N in Tulsa shows a rule-based score of 5.7 with a bid cost of 6555.34, supported by strong property clarity, complete address quality, and high extraction/data confidence. However, the development match status is No Clear Match with low verified development signal, and ZIP is unknown, so the asset is classified as a Mid Investment that warrants manual review rather than a clear good investment.",ZIP unknown; no clear or verified development match; surrounding value signal unknown; crime risk estimate unknown; development upside not verified.,Exact ZIP code; surrounding property value context; crime risk details; more specific land/building characteristics beyond the brief legal description; any confirmed nearby development projects.,"Manually confirm full location details (including ZIP) and local market context for 9201 E ADMIRAL CT N, then check county/city planning or economic development records for any nearby projects that could change the current No Clear Match development status.",High
20300-92-03-06160,5.2,Mid Investment,True,Watch,False,nan,"Parcel 20300-92-03-06160 at 1704 W RECONCILIATION has a bid cost of 6557.34 and is scored as Mid Investment (5.2) based on strong property clarity, complete address, and medium overall data confidence, but the development match status is No Clear Match with low confidence and geocoding support is weak, so it warrants manual review rather than a clear buy or pass.",ZIP unknown; geocode status failed with low confidence; development match is No Clear Match with low confidence; surrounding value and crime risk are unknown; owner name and broader market context not verified.,Exact ZIP code; reliable geocoded location; surrounding property values; crime and neighborhood risk; condition of improvements; title status and any additional liens; confirmation of owner and occupancy status.,"Manually locate the parcel using county GIS or deed records to confirm the exact site and ZIP, then pull nearby sales/assessed values and any code or lien history to determine whether the 6557.34 bid cost is supported by local market and property condition.",Medium
17925-92-04-03930,5.7,Mid Investment,True,Watch,False,nan,"Parcel 17925-92-04-03930 at 328 S 46 AV W in Tulsa has a bid cost of 6595.34 and is classified as R IMP with strong property clarity and complete address data, while extraction/data confidence is High. However, the development match status is No Clear Match with low confidence, and ZIP is unknown, so no verified development upside is included. These factors together support a Mid Investment score of 5.7 and justify manual review rather than an automatic buy or pass.",ZIP unknown; no clear or verified development match; development confidence low; geocode confidence only Medium.,"Exact ZIP code; surrounding value context; crime risk details; more specific property characteristics (lot size, structure condition, year built).","Manually confirm the full mailing/ZIP information and basic property characteristics for 328 S 46 AV W, then check local sales and neighborhood context to validate whether the 6595.34 bid aligns with area values in the absence of verified development upside.",High
78540-84-14-02370,5.7,Mid Investment,True,Watch,False,nan,"The property at 514 W QUINCY ST S (parcel 78540-84-14-02370) has a relatively low bid cost of 6614.67, complete address data (except ZIP), strong property clarity, and high overall data confidence, which supports a Mid Investment classification and warrants manual review. However, the development verification shows No Clear Match with low confidence and no distance-based confirmation, so development is not a positive factor. The rule-based system assigns a 5.7 score and Mid Investment category, reflecting potential but notable uncertainty.","ZIP unknown; no verified development match or distance-based upside; surrounding value and crime risk are unknown; owner listed as Unknown, which may complicate title or notification history.",Exact ZIP code; any verified nearby development or improvement plans; surrounding property value context; crime risk indicators; more detailed property characteristics beyond R IMP classification.,"Manually confirm the full mailing/ZIP for 514 W QUINCY ST S in Broken Arrow, then pull local assessor and recorder data for parcel 78540-84-14-02370 to verify improvements, prior sale or lien history, and neighborhood value context before deciding on a bid strategy at approximately 6614.67.",High
12425-92-04-02590,5.2,Mid Investment,True,Watch,False,nan,"Parcel 12425-92-04-02590 at 137 N 44 AV W in Tulsa has a bid cost of 6690.66 and is classified as R IMP with strong property clarity and complete address but unknown ZIP. Development match status is No Clear Match with low confidence, and overall data confidence is Medium based on high extraction confidence but failed geocoding, leading to a conservative Mid Investment score of 5.2 and a need for manual review.",Unknown ZIP; failed geocoding and low geocode confidence; no clear or verified development match; surrounding value and crime risk unknown.,Exact ZIP code; reliable geocode/coordinates; surrounding property value context; crime risk indicators; any confirmed nearby development or redevelopment plans.,"Manually confirm the full mailing address and ZIP, obtain a precise map location via county GIS, and review surrounding sales/values and neighborhood conditions to validate whether the 6690.66 bid cost is justified without relying on development upside.",Medium
08150-94-08-00330,5.7,Mid Investment,True,Watch,False,nan,"Parcel 08150-94-08-00330 at 11524 E 15 ST S in Tulsa has a bid cost of 6800.65 and is classified as R IMP with strong property clarity and complete address. The rule-based system assigns a 5.7 Mid Investment score, supported by high overall data confidence and medium geocode confidence. However, the development match is 'No Clear Match' with low confidence, and distance and surrounding value signals are unknown, so there is no confirmed development-driven upside. These factors justify manual review but not a strong investment classification.",ZIP unknown; no clear or verified development match; surrounding value signal unknown; crime risk estimate unknown.,Exact ZIP code; surrounding property value context; crime risk details; any verified nearby development or infrastructure projects; physical condition and occupancy status of the residential improvement.,"Manually confirm the full mailing/ZIP details and pull local assessor and sales data for 11524 E 15 ST S to evaluate surrounding values and property condition, then reassess whether the 6800.65 bid cost is justified without relying on development upside.",High
12210-94-16-41680,5.7,Mid Investment,True,Watch,False,nan,"Parcel 12210-94-16-41680 at 13322 E 28 ST S has a bid cost of 6862.64 and is scored as Mid Investment based on strong property clarity, complete address, and high extraction/data confidence, but the development match status is No Clear Match with low confidence and the ZIP is unknown, limiting verified upside.",ZIP unknown; no clear or verified development match; only medium geocode confidence; surrounding value and crime risk are unknown.,Exact ZIP code; surrounding property value context; crime risk details; physical condition of improvements; any liens or title complications beyond tax status.,"Manually confirm full address and ZIP, pull local sales/value comps for similar R IMP properties near 13322 E 28 ST S, and verify any nearby development or zoning changes that could improve upside.",High
45350-94-06-08780,5.7,Mid Investment,True,Watch,False,nan,"Parcel 45350-94-06-08780 at 10623 E 4 ST S in Tulsa shows a bid cost of 6949.58 and is classified as R IMP with strong property clarity and complete address, but the development match status is No Clear Match and the development confidence is Low, while overall data and extraction confidence are High, resulting in a conservative mid-range score of 5.7 that warrants manual review.","ZIP is unknown; no clear or verified development match; surrounding value and crime risk are unknown; geocode confidence only Medium, which may affect precise location and comparables.",Exact ZIP code; surrounding property value context; crime risk data; detailed condition of the residential improvement; confirmation of precise neighborhood characteristics.,"Manually confirm the exact ZIP and neighborhood context for 10623 E 4 ST S, verify current property condition and occupancy status, and obtain local sales/value benchmarks to determine whether the 6949.58 bid cost is attractive relative to risks.",Medium
80610-84-11-13910,5.7,Mid Investment,True,Watch,False,nan,"Parcel 80610-84-11-13910 at 806 N CEDAR AV W has a bid cost of 6953.43 and is tagged as R HS IMP with strong property clarity and complete address but unknown ZIP. The development match status is No Clear Match with Low confidence, so it does not add upside. Overall data and extraction confidence are High, supporting a Mid Investment score of 5.7 and a recommendation for manual review rather than an automatic pass or buy.",ZIP is unknown; no verified development match or distance-based upside; development confidence is Low; surrounding value and crime risk are Unknown.,Exact ZIP code; surrounding property value context; crime risk indicators; any confirmed nearby development or redevelopment plans.,"Manually confirm full address including ZIP and neighborhood context, then check local sales/rent comps and any municipal or planning documents for nearby projects that could change the development match from No Clear Match.",High
36540-94-02-16310,5.7,Mid Investment,True,Watch,False,nan,"Parcel 36540-94-02-16310 at 16312 E 4 PL S, Tulsa, OK shows a bid cost of 6968.63 and is classified as R IMP with strong property clarity and complete address data, while the development match status is No Clear Match and the overall data/extraction confidence is High. These factors produce a Mid Investment score of 5.7 and justify manual review despite unverified development upside.","ZIP is unknown; development upside is not verified (No Clear Match, low development confidence); geocode confidence is only Medium, which may affect precise location and comps.",Exact ZIP code; surrounding value and comps; crime risk; more precise location context beyond Medium geocode confidence.,"Manually confirm the exact ZIP and neighborhood context for 16312 E 4 PL S, verify current market values for similar R IMP properties nearby, and check for any local developments or zoning factors not captured in the current No Clear Match development status.",High
57490-90-30-41030,5.2,Mid Investment,True,Watch,False,nan,"The parcel at 5009 S ROBERT E LEE TE (Parcel ID 57490-90-30-41030) has a bid cost of 6993.39, complete address quality, and strong property clarity, yielding a rule-based score of 5.2 and a Mid Investment category. However, development match is 'No Clear Match' with low confidence, geocoding failed, and overall data confidence is only Medium, so the asset warrants manual review rather than a clear buy or pass.",Unknown ZIP; failed geocoding and low geocode confidence; no verified nearby development or upside; surrounding value and crime risk are unknown; owner name listed as Unknown.,Exact ZIP code; reliable geocode/location confirmation; surrounding property value context; crime risk; clearer ownership details; any verified nearby development or infrastructure projects.,"Manually confirm the precise location and ZIP of 5009 S ROBERT E LEE TE via county records or mapping tools, then pull comparable sales and neighborhood data to assess surrounding values and risk before bidding.",Medium
12145-94-09-44920,5.2,Mid Investment,True,Watch,False,nan,"Parcel 12145-94-09-44920 at 1733 S 141 AV E in Tulsa has a bid cost of 7033.29 and is classified as R IMP with strong property clarity and complete address, but ZIP is unknown and geocoding confidence is low. Development match status is No Clear Match with low development confidence, so no development-driven upside is verified. Overall data confidence is Medium, leading to a Mid Investment score of 5.2 and a recommendation for manual review rather than an automatic buy or pass.",ZIP unknown; geocode status failed with low confidence; no clear or verified development match; surrounding value and crime risk unknown; owner name unknown.,Exact ZIP code; reliable geocode/parcel mapping; surrounding property value context; crime risk; detailed property condition; ownership and title status beyond tax auction data.,"Manually confirm parcel location and ZIP via county GIS or assessor records, then pull nearby sales and rental comps and check for any local plans or developments not captured in the current development match data.",Medium
14175-03-33-03800,5.7,Mid Investment,True,Watch,False,nan,"The property at 131 N MARION AV E, Tulsa (parcel_id 14175-03-33-03800) has high data confidence, complete address quality, and strong property clarity, supporting a Mid Investment classification with a rule-based score of 5.7. The bid cost of 7064.62 is modest, which may offer potential value, but the development verification shows No Clear Match and low confidence, so development is not a positive factor. Unknown ZIP and only medium geocode confidence add location uncertainty, warranting manual review rather than a clear go/no-go decision.",Unknown ZIP and only medium geocode confidence create uncertainty about exact neighborhood and surrounding values; no clear or verified development match removes potential upside; crime risk and surrounding value signals are unknown; owner name listed as Unknown may indicate additional title or research complexity.,Exact ZIP code; more precise neighborhood and surrounding value data; crime risk context; any verified nearby development or infrastructure projects; property condition and occupancy status; title status and any liens beyond the tax issue.,"Manually confirm the exact location and ZIP via county GIS or mapping tools, then pull neighborhood sales and rent comps, check county records for title and lien status, and investigate any local development or zoning changes around 131 N MARION AV E to validate whether the modest bid cost aligns with area values.",High
16375-93-03-05080,5.7,Mid Investment,True,Watch,False,nan,"Subject is R IMP at 5939 E 7 ST S, Tulsa, with bid cost 7071.29 and high overall data confidence. Address quality is Complete and property clarity is Strong, supporting a Mid Investment classification. However, development verification shows No Clear Match with low confidence, and surrounding value and crime risk are Unknown, so the property warrants manual review rather than automatic elevation.",ZIP unknown; no verified development match; surrounding value signal Unknown; crime risk estimate Unknown.,Exact ZIP code; surrounding property value context; crime risk context; any confirmed nearby development or improvement projects.,"Manually confirm the precise ZIP and neighborhood context for 5939 E 7 ST S, Tulsa, then review local sales/assessed values and any known nearby projects to validate whether the 7071.29 bid cost is justified relative to area risk and upside.",High
30800-93-07-13130,5.7,Mid Investment,True,Watch,False,nan,"Parcel 30800-93-07-13130 at 1716 S ST LOUIS AV E in Tulsa shows a bid cost of 7119.92 and a rule-based score of 5.7 (Mid Investment). Development match status is No Clear Match with low verified development signal, so no positive adjustment for development. Property data and extraction confidence are High with complete address and strong property clarity, but ZIP is unknown, keeping this at a mid-priority manual review level.",ZIP unknown; no clear or verified development match; development upside not verified; only medium geocode confidence.,Exact ZIP code; more precise neighborhood and surrounding value data; crime risk and comparable property values.,"Manually confirm ZIP and neighborhood context, then check recent sales, rents, and local conditions around 1716 S ST LOUIS AV E to validate whether the 7119.92 bid aligns with area values and risk.",High
61500-91-27-00840,5.7,Mid Investment,True,Watch,False,nan,"Parcel 61500-91-27-00840 at 4817 S NASSAU AV W in Sand Springs is a residential improvement (R IMP) with a bid cost of 7162.16. Property data quality is strong (complete address, high extraction confidence, strong property clarity, medium geocode confidence, high overall data confidence). The rule-based system assigns a 5.7 Mid Investment score, indicating possible upside but notable uncertainty. However, development verification shows No Clear Match with low confidence, so no development-driven premium is justified. This combination of solid basic property data, moderate price level, and unverified upside makes it appropriate for deeper manual review rather than an automatic pass or buy.",ZIP is unknown; no verified development or surrounding value signal; crime risk and surrounding value are unknown; development match explicitly No Clear Match; bid cost of 7162.16 may not be supported by clear upside.,Exact ZIP code; surrounding value indicators; crime risk; any verified nearby development or infrastructure projects; property condition and occupancy; title status beyond tax auction context.,"Confirm full mailing/ZIP details and pull local market and comp data for 4817 S NASSAU AV W in Sand Springs, then check county records and mapping tools for nearby developments or infrastructure before assessing whether the 7162.16 bid cost is justified.",High
85375-72-14-01945,5.2,Mid Investment,True,Watch,False,nan,"The parcel at 42 W 142 ST S in the City of Glenpool, OK (Parcel ID 85375-72-14-01945) has a bid cost of 7175.68 and is classified as R IMP with strong property clarity and complete address data. The rule-based system assigns a 5.2 score and Mid Investment category, indicating potential but with notable uncertainty. Development verification shows no clear match and low confidence, and geocoding failed with low confidence, limiting location-based validation and upside assessment. Medium overall data confidence supports manual review rather than an automatic pass or rejection.",Unknown ZIP code; failed geocoding with low confidence; no verified nearby development or clear upside; surrounding value and crime risk are unknown; development signal explicitly low.,Exact ZIP code; reliable geocode/coordinates; surrounding property value context; crime risk indicators; any confirmed nearby development projects or area plans.,"Manually confirm the precise location and ZIP via county records or GIS, then review surrounding sales/assessed values and local conditions to validate whether the 7175.68 bid cost is justified given the R IMP classification and lack of verified development upside.",Medium
61940-91-27-37160,5.7,Mid Investment,True,Watch,False,nan,"Parcel 61940-91-27-37160 at 603 W 47 PL S in Sand Springs, OK has a bid cost of 7258.08 and is classified as R IMP with strong property clarity, complete address, and high overall data confidence. The rule-based system assigns a Mid Investment score of 5.7, indicating potential but with notable uncertainty. Development verification shows No Clear Match and Low confidence, so there is no confirmed development-driven upside. Given the moderate score, clear basic property data, and unverified development context, this parcel warrants manual review rather than an automatic pass or buy.","ZIP is unknown; no verified development proximity or upside (No Clear Match, Low confidence); only a Weak bid price signal relative to unknown surrounding values; crime risk and surrounding value signals are Unknown, increasing uncertainty.",Exact ZIP code; surrounding property value context; crime risk details; any confirmed nearby development projects; physical condition and access details for the R IMP improvement.,"Manually confirm the precise ZIP and neighborhood context for 603 W 47 PL S, then compare the 7258.08 bid cost to recent local sale and assessed values for similar R IMP parcels to determine whether the Mid Investment score is justified or if the property should be downgraded.",High
46875-93-03-13050,5.7,Mid Investment,True,Watch,False,nan,"Parcel 46875-93-03-13050 at 5101 E 11 ST S in Tulsa has a bid cost of 7273.93 and clear commercial improvement (C IMP) classification with strong property clarity and complete address data. Rule-based scoring places it in the Mid Investment range (5.7) with high overall data confidence but only medium geocode confidence. Development signals are unverified (No Clear Match), so upside is based solely on the property itself, not area projects. This combination of modest bid cost, clear property type, and unverified development context warrants manual review rather than an automatic pass or buy.",ZIP is unknown; no verified development or surrounding value signal; geocode confidence only medium; development match explicitly marked as No Clear Match with low confidence.,"Exact ZIP code; detailed property characteristics (size, condition, use); surrounding value indicators; crime risk details; any confirmed nearby development or redevelopment plans.","Manually confirm the precise parcel location and ZIP, then pull county records or mapping data to verify property size, current use, and surrounding land values before assessing whether the 7273.93 bid aligns with local commercial comparables.",High
20300-92-03-04570,5.7,Mid Investment,True,Watch,False,nan,"The parcel at 1707 W EASTON PL N (Parcel ID 20300-92-03-04570) has high data confidence, complete address quality, and strong property clarity, leading to a mid-level rule-based score of 5.7 at a bid cost of 7303.81. However, the development match is No Clear Match with low confidence and distance not verified, so no development-driven upside is confirmed. These mixed signals and moderate score justify manual review rather than an automatic pass or buy.",ZIP unknown; development upside not verified; geocode confidence only Medium; bid cost may not be justified without clearer surrounding value or development context.,Exact ZIP code; surrounding value indicators; crime risk; more precise geolocation context; any confirmed nearby development or project ties.,"Manually confirm the exact ZIP and neighborhood context for 1707 W EASTON PL N, then compare the 7303.81 bid cost against local property values and tax-auction comparables to determine if the mid-level score is supported by on-the-ground conditions.",High
17950-92-04-04930,5.2,Mid Investment,True,Watch,False,nan,"The parcel at 134 S 42 AV W, Tulsa (ID 17950-92-04-04930) has a bid cost of 7308.60 and is classified as R IMP with strong property clarity and complete address, yielding a rule-based score of 5.2 in the Mid Investment range. However, geocoding failed, ZIP is unknown, and development verification shows no clear match with low confidence, so upside from nearby projects cannot be assumed. Medium overall data confidence and the moderate bid cost justify manual review rather than automatic rejection or promotion.",Unknown ZIP; failed geocoding and low geocode confidence; no clear or verified development match; surrounding value and crime risk unknown; owner name listed as Unknown.,Exact ZIP code; reliable geocode/coordinates; surrounding property value context; crime risk indicators; clearer ownership details; any confirmed nearby development or redevelopment plans.,"Manually confirm the precise location and ZIP via county GIS or assessor records, then check surrounding sales/assessed values and any local planning or zoning activity to validate whether the 7308.60 bid cost is justified for this R IMP parcel.",Medium
23850-93-15-12810,5.7,Mid Investment,True,Watch,False,nan,"Parcel 23850-93-15-12810 at 4920 E 26 PL S in Tulsa is a residential improvement (R IMP) with strong property clarity, complete address, and high overall data confidence. The bid cost is 7334.48, which, combined with these signals and medium geocode confidence, produced a mid-level rule-based score of 5.7 categorized as Mid Investment. However, the development match is No Clear Match with low confidence, so no development-driven upside is validated, keeping this as a candidate for manual review rather than a clear good investment.",ZIP unknown; no clear or verified development match; surrounding value and crime risk are unknown; development confidence is low.,Exact ZIP code; surrounding property value context; crime risk details; any confirmed nearby development or redevelopment plans; physical condition and occupancy status of the improvement.,"Manually confirm the precise ZIP and neighborhood context, then review county records and mapping tools for surrounding values and any local development activity before assessing whether the 7334.48 bid aligns with comparable residential-improvement tax sales in this area.",High
61000-14-31-00520,5.7,Mid Investment,True,Watch,False,nan,"Parcel 61000-14-31-00520 at 404 S BIRCH ST E has a bid cost of 7416.81 and is classified as R HS IMP with strong property clarity and complete address data, but the development match status is No Clear Match and the development confidence is low. Overall data and extraction confidence are high, supporting a Mid Investment score of 5.7 and warranting manual review rather than an automatic buy.","ZIP is unknown; no verified development upside (No Clear Match, low development confidence); surrounding value and crime risk are unknown, increasing uncertainty around neighborhood context.",Exact ZIP code; surrounding property value context; crime risk details; physical condition of improvements; any liens or title complications beyond tax status.,"Manually confirm the precise ZIP and neighborhood context for 404 S BIRCH ST E, verify current property condition and occupancy, and check local sales/rent comps and title records to validate whether the 7416.81 bid cost is justified.",High
90308-03-08-08590,5.7,Mid Investment,True,Watch,False,nan,"Parcel 90308-03-08-08590 at 2661 E 54 ST N, Tulsa, shows a bid cost of 7542.57 and a rule-based score of 5.7 (Mid Investment). Property data and extraction confidence are High with a Complete address and Strong property clarity, but the development match status is No Clear Match with Low confidence, so no development premium is justified.",ZIP is unknown; no clear or verified development match; surrounding value and crime risk are unknown; geocode confidence only Medium.,Exact ZIP code; detailed surrounding value data; crime risk metrics; on-the-ground condition of improvements; confirmation of any nearby development activity.,"Manually confirm ZIP and neighborhood characteristics, verify physical condition and actual use of the A IMP property, and research any local development or zoning changes near 2661 E 54 ST N before bidding.",High
81210-84-15-63180,5.7,Mid Investment,True,Watch,False,nan,"The parcel at 1657 S PINE AV W (Parcel ID 81210-84-15-63180) has strong property clarity, complete address data, and high overall data confidence, supporting a Mid Investment classification at a bid cost of 7554.54. However, the development match is No Clear Match with low confidence, and surrounding value and crime risk are unknown, so upside is uncertain and warrants manual review.",Unknown ZIP; no clear or verified development match; surrounding value signal unknown; crime risk estimate unknown.,Exact ZIP code; surrounding property value context; crime risk data; any confirmed nearby development or infrastructure projects.,"Manually verify the precise location and ZIP, then check local comps and neighborhood conditions to assess value and risk in the absence of a verified development catalyst.",High
18950-93-33-02280,5.7,Mid Investment,True,Watch,False,nan,"Parcel 18950-93-33-02280 at 4370 E 57 PL S in Tulsa shows a bid cost of 7604.75 and a rule-based score of 5.7, placing it in the Mid Investment range. Property data and extraction confidence are High with a Strong property clarity signal and Complete address, but the development match status is No Clear Match with low confidence, so no development upside is verified. Given the mix of solid core data and unverified development potential, this parcel warrants manual review rather than an automatic buy or pass.","ZIP is unknown; development upside is not verified (No Clear Match, low confidence); surrounding value and crime risk are unknown; geocode confidence is only Medium.",Exact ZIP code; surrounding property value context; crime risk indicators; any confirmed nearby development or improvement projects; on-the-ground condition of the residential improvements.,"Manually confirm the exact ZIP and neighborhood context, verify current property condition and occupancy status, and research any local development or infrastructure plans near 4370 E 57 PL S to determine whether the Mid Investment score justifies bidding at or above the 7604.75 level.",High
12145-94-09-42810,5.2,Mid Investment,True,Watch,False,nan,"Parcel 12145-94-09-42810 at 1532 S 140 AV E, Tulsa, OK shows a bid cost of 7605.90 and a rule-based score of 5.2 (Mid Investment) with High extraction confidence but only Medium overall data confidence. Property clarity is Strong and address quality is Complete, yet the development match status is No Clear Match with low confidence and geocoding failed, so development-driven upside cannot be relied upon.",ZIP unknown; geocode status failed with low confidence; development match is No Clear Match with low confidence; surrounding value and crime risk are Unknown; owner name Unknown.,Exact ZIP code; reliable geocode/location verification; surrounding property value context; crime risk data; clearer ownership details.,"Manually verify the precise location and ZIP of 1532 S 140 AV E, Tulsa, OK via county GIS or assessor records, then check surrounding sales/assessed values and any local planning or development documents to confirm neighborhood quality and potential upside.",Medium
38125-92-27-17970,5.7,Mid Investment,True,Watch,False,nan,"The parcel at 4427 S ZENITH AV W (Parcel ID 38125-92-27-17970) has high data confidence, complete address quality, and strong property clarity, supporting a Mid Investment score of 5.7 at a bid cost of 7627.90. However, the development verification shows No Clear Match with Low confidence and distance not verified, so no development premium is justified. These mixed signals warrant manual review rather than automatic rejection or promotion.",ZIP is unknown; no clear or verified development match; surrounding value and crime risk are unknown; development confidence is Low despite geocode success only at Medium confidence.,Exact ZIP code; surrounding property value context; crime risk details; any confirmed nearby development or infrastructure projects; property condition and occupancy status.,"Manually confirm the precise ZIP and neighborhood context for 4427 S ZENITH AV W, then check local sales, rents, and any documented nearby development or zoning changes to validate whether the Mid Investment score of 5.7 at a 7627.90 bid is justified.",High
78260-84-12-00420,5.7,Mid Investment,True,Watch,False,nan,"Parcel 78260-84-12-00420 at 212 N 10 ST E in Broken Arrow has a bid cost of 7636.31, complete address data (except ZIP), and strong property clarity, yielding a rule-based score of 5.7 and Mid Investment category. Data confidence is High and geocode confidence is Medium, but development verification shows No Clear Match with low confidence, so there is no confirmed development-driven upside. These mixed signals justify manual review rather than an automatic pass or buy.",Unknown ZIP and incomplete location context; no clear or verified nearby development; only Medium geocode confidence; surrounding value and crime risk are both Unknown.,Exact ZIP code; more precise neighborhood and surrounding value data; crime risk context; any verified nearby development or infrastructure projects; property condition and occupancy status.,"Manually confirm the precise location and ZIP for 212 N 10 ST E in Broken Arrow, then check local sales/assessed values and any known development or zoning changes in the immediate area to validate whether the 7636.31 bid cost is justified.",High
42675-93-02-15780,5.7,Mid Investment,True,Watch,False,nan,"Parcel 42675-93-02-15780 at 7453 E 3 ST S in Tulsa shows a bid cost of 7843.21 and is tagged R IMP with strong property clarity and complete address, but the development match status is No Clear Match with Low confidence and overall data/extraction confidence is High, leading to a Mid Investment score that merits manual review rather than an automatic buy.","ZIP is unknown; no verified development upside (No Clear Match, Low confidence); surrounding value and crime risk are unknown, increasing uncertainty around long-term value.",Exact ZIP code; surrounding property value context; crime risk; detailed property condition and improvements; confirmation of any nearby development activity.,"Manually confirm the full address and ZIP, pull county records for property condition and improvement details, and check local planning or development maps to verify whether any meaningful projects are actually near this parcel.",High
74850-94-19-17270,5.7,Mid Investment,True,Watch,False,nan,"Parcel 74850-94-19-17270 at 10829 E 33 CT S in Tulsa has a bid cost of 7909.20, complete address quality, strong property clarity, and high overall data confidence, producing a mid-level rule-based score of 5.7. However, the development match is No Clear Match with low confidence and no distance verification, so no development premium is justified. These factors make it a mid-tier candidate that warrants manual review rather than an automatic pass or buy.",ZIP is unknown; no verified development or surrounding value signal; crime risk and surrounding value are unknown; development geocoding and distance are not confirmed.,Exact ZIP code; any verified nearby development or area improvement; surrounding value indicators; crime risk estimates; more detailed property characteristics beyond R IMP classification.,"Manually confirm the precise ZIP and neighborhood context for 10829 E 33 CT S, then investigate local comps, crime and surrounding value, and check for any unlinked development or infrastructure projects that could affect this parcel.",High
74955-94-20-02740,5.7,Mid Investment,True,Watch,False,nan,"The parcel at 12427 E 32 PL S (Parcel 74955-94-20-02740) has strong property clarity, complete address data, and high overall data confidence, supporting a Mid Investment score of 5.7. However, the development verification shows No Clear Match with Low confidence, so nearby development cannot be treated as a positive factor. The bid cost of 7945.87 is evaluated with only a Weak bid price signal, and the ZIP and surrounding value context are unknown, keeping this from Good Investment status but making it a reasonable candidate for deeper manual review.","Unknown ZIP and surrounding value context; no verified development upside (No Clear Match, Low confidence); Weak bid price signal at 7945.87; crime risk and surrounding value signals are unknown.",Exact ZIP code; surrounding property value context; crime risk details; any confirmed nearby development or improvement projects; more granular neighborhood and market data for this specific block and lot (LT 15 BLK 2).,"Manually confirm the precise ZIP and neighborhood context for 12427 E 32 PL S, then compare the 7945.87 bid cost against recent sales or assessed values for similar R IMP parcels on the same block and nearby blocks to determine whether the Weak bid price signal is acceptable in the absence of verified development upside.",High
07900-94-18-00140,5.2,Mid Investment,True,Watch,False,nan,"Parcel 07900-94-18-00140 at 2117 S 102 AV E, Tulsa, OK shows a bid cost of 7964.53 and a clear residential improvement (R IMP) designation with high extraction confidence but only medium overall data confidence. Development verification reports No Clear Match with low confidence, and geocoding failed, limiting location and upside assessment. These factors support a Mid Investment score of 5.2 and justify manual review rather than an automatic pass or rejection.",ZIP code unknown; geocode status failed with low confidence; development match is No Clear Match with low confidence; surrounding value and crime risk are unknown; overall data confidence only Medium.,Exact ZIP code; reliable geocode/location confirmation; surrounding property value context; crime risk indicators; any verified nearby development or infrastructure projects.,"Manually confirm the precise location and ZIP via county GIS or assessor records, then check surrounding sales/values and any local development plans or zoning details for this specific lot and block.",Medium
28725-92-34-02190,5.2,Mid Investment,True,Watch,False,nan,"Parcel 28725-92-34-02190 at 5609 S 30 AV W in Tulsa shows a bid cost of 7966.53 and is classified as R HS IMP with strong property clarity and complete address, but the development match status is No Clear Match and overall data confidence is only Medium despite high extraction confidence, so it fits a Mid Investment profile that warrants manual review rather than automatic exclusion or promotion.","ZIP is unknown; development upside is not verified (No Clear Match, low confidence); geocoding failed with low confidence; surrounding value and crime risk are unknown, increasing uncertainty around neighborhood context.",Exact ZIP code; reliable geocode/location verification; surrounding property value context; crime risk indicators; any confirmed nearby development or infrastructure projects.,"Manually verify the precise location and ZIP via county GIS or assessor records, then check neighborhood comps and local conditions to confirm whether the bid cost of 7966.53 is justified for a residential improvement at this address.",Medium
49900-93-21-18650,5.7,Mid Investment,True,Watch,False,nan,"The parcel at 3541 S NEW HAVEN AV E (Parcel ID 49900-93-21-18650) has clear residential-improvement property data (R HS IMP), complete address quality, strong property clarity, and high overall data confidence. The bid cost of 7966.97 aligns with a Mid Investment rule-based score of 5.7. However, the development verification shows No Clear Match with low confidence and no distance-based confirmation, so development cannot be treated as a positive factor. The unknown ZIP and lack of surrounding value or crime data keep risk and uncertainty elevated, making this a candidate for manual review rather than a clear good or bad investment.",Unknown ZIP code; no verified development match or distance-based upside; surrounding value and crime risk are both unknown; only medium geocode confidence.,Exact ZIP code; surrounding property value context; crime risk details; any confirmed nearby development or redevelopment plans; more precise geocode validation.,"Manually confirm the full address including ZIP and precise location, then check local market comparables and any documented nearby development or zoning changes to validate whether the 7966.97 bid cost is justified.",High
58000-73-25-00270,5.7,Mid Investment,True,Watch,False,nan,"The parcel at 8727 E 169 PL S (Parcel ID 58000-73-25-00270) has a bid cost of 7999.86, complete address quality, strong property clarity, and high overall data confidence, producing a rule-based score of 5.7 and Mid Investment category. However, the development match is No Clear Match with low confidence and distance not verified, so there is no confirmed development-driven upside. These mixed signals justify manual review rather than automatic rejection or promotion.",Unknown ZIP; no clear or verified development match; development geocoding/distance not established; only medium geocode confidence for the property location.,Exact ZIP code; detailed surrounding value context; crime risk data; any confirmed nearby development projects or named areas tied to this parcel.,"Manually confirm the precise location and ZIP of 8727 E 169 PL S, then check local market comps and any documented nearby development or zoning changes to validate whether the Mid Investment score of 5.7 is justified at the 7999.86 bid level.",High
98210-82-10-15720,3.5,Bad Investment,True,Avoid,False,nan,"Parcel 98210-82-10-15720 has a bid cost of 6599.34 and only an ADDRESS UNKNOWN in Tulsa, with missing ZIP and low geocode confidence, leading to weak location clarity. The development match status is No Clear Match with low development confidence, so no upside from nearby projects is verified. Overall data and extraction confidence are Medium, and the rule-based score of 3.5 categorizes this as a Bad Investment, though it may warrant limited manual review due to only moderate property clarity.","Unknown ZIP and unusable address; low geocode confidence; no clear or verified development match; only moderate property clarity; rule-based score flags it as Bad Investment; potential difficulty confirming exact location, access, and surrounding values.",Exact street address and ZIP; precise geolocation; surrounding property values and land use; access/road information; zoning and any restrictions; confirmation of parcel boundaries relative to the legal description.,"Obtain a precise location from county records or GIS using the legal description, then verify access, zoning, and surrounding land use before considering any bid.",Medium
19275-03-34-02810,6.1,Mid Investment,True,Watch,False,nan,"Parcel 19275-03-34-02810 at 4925 E OKLAHOMA ST N has a bid cost of 5644.76 and is scored as a Strong Manual Review Candidate based on strong property clarity and complete address data, with overall data/extraction confidence rated High. However, the development match status is No Clear Match with low confidence, and the ZIP is unknown, so there is no confirmed development-driven upside despite the conservative rule-based score of 6.1.",ZIP code unknown; no clear or verified development match; development confidence low; borderline bid price signal; only medium geocode confidence.,Exact ZIP code; surrounding value context; crime risk; detailed property condition; any confirmed nearby development or redevelopment plans.,"Manually confirm the full mailing/ZIP information and geolocation, then check local sales, rents, and neighborhood conditions around 4925 E OKLAHOMA ST N to determine whether the borderline bid cost of 5644.76 is justified without relying on development upside.",High
31125-92-27-17320,6.1,Strong Manual Review Candidate,True,Research First,False,nan,"Parcel 31125-92-27-17320 at 4107 S SOUTHWEST BV W in Tulsa has a bid cost of 5774.08, strong property clarity, and complete address data with high extraction/data confidence, but the development match status is No Clear Match with low development confidence, so it is best treated as a strong manual review candidate rather than a confirmed good investment.",ZIP unknown; no verified development upside; borderline bid price signal; owner name unknown.,Exact ZIP code; detailed property characteristics and condition; surrounding value context; crime risk; confirmation of any nearby development activity.,"Manually verify the precise location and ZIP, obtain property details (use type, structure condition, lot configuration), and check local comps and any nearby projects to determine if the borderline bid cost is justified.",High
11600-93-30-07650,6.1,Mid Investment,True,Watch,False,nan,"Parcel 11600-93-30-07650 at 1426 E 42 ST S in Tulsa shows a bid cost of 5893.97 with property type R IMP and strong property clarity, while the development match status is No Clear Match with low development confidence and overall data/extraction confidence reported as High; this combination yields a rule-based score of 6.1 and supports a Mid Investment classification that warrants manual review.","ZIP is unknown; no verified development upside (No Clear Match, low development confidence); surrounding value and crime risk are unknown; bid cost is borderline relative to unverified neighborhood quality.",Exact ZIP code; surrounding property value context; crime risk; detailed condition of the residential improvement; title status and any additional liens beyond the tax auction; zoning and any local code issues.,"Manually confirm the precise location and ZIP, pull nearby sales and assessed values for comparable residential parcels, check county records for additional liens or code violations, and verify neighborhood conditions and rental/resale potential before bidding above the current bid cost.",Medium
45350-94-06-07770,5.7,Mid Investment,True,Watch,False,nan,"Parcel 45350-94-06-07770 at 138 S 107 AV E, Tulsa, has a low bid cost (5972.06), complete address, and strong property clarity, which support consideration. However, ZIP is unknown, geocoding failed with low confidence, and development verification shows No Clear Match with low confidence. The rule-based system classifies it as a Strong Manual Review Candidate with a score of 5.7 and medium overall data confidence, suggesting potential but requiring deeper investigation before any investment decision.",Unknown ZIP; failed/low-confidence geocoding; no clear or verified development match; surrounding value and crime risk unknown; only medium overall data confidence.,Exact ZIP code; reliable geocoded location; surrounding property value context; crime risk indicators; any confirmed nearby development or infrastructure projects.,"Manually confirm the precise location and ZIP of 138 S 107 AV E via county records or mapping, then check local comparables and any documented nearby development or zoning changes before deciding on a bid.",Medium
38975-92-33-02620,6.1,Mid Investment,True,Watch,False,nan,"Parcel 38975-92-33-02620 at 3751 W 52 PL S has a bid cost of 6022.06, strong property clarity, and complete address data with high extraction/data confidence, but the development match status is No Clear Match with low confidence, so it is a Strong Manual Review Candidate rather than a confirmed good investment.","ZIP unknown; no verified development upside (No Clear Match, low development confidence); borderline bid price signal; surrounding value and crime risk unknown.","Exact ZIP code; surrounding property value context; crime risk details; physical condition of improvements; title issues, liens, and access/utility status.","Manually confirm ZIP and neighborhood comps, verify structure condition and access, check county records for liens or title complications, and independently assess any nearby development or zoning changes.",High
61400-14-30-07430,6.1,Strong Manual Review Candidate,True,Research First,False,nan,"The rule-based score of 6.1 and category Strong Manual Review Candidate reflect a relatively low bid cost (6083.84) for an R IMP property at 402 N CARLSBAD ST W (parcel_id 61400-14-30-07430), with complete address quality, strong property clarity, and high overall data confidence. However, development verification shows No Clear Match with low confidence, so no confirmed upside from nearby projects. The main uncertainties are the unknown ZIP and lack of surrounding value and crime data.",Unknown ZIP; no verified development match; surrounding value signal unknown; crime risk estimate unknown.,Exact ZIP code; surrounding property value context; crime and neighborhood risk indicators; physical condition and occupancy status of the improvement; any liens or title complications beyond tax status.,"Manually confirm the precise location and ZIP for 402 N CARLSBAD ST W, then pull local sales/value and neighborhood risk data for comparable R IMP parcels in Owasso to determine whether the 6083.84 bid cost is justified without relying on development upside.",High
36525-94-02-00450,5.7,Mid Investment,True,Watch,False,nan,"Parcel 36525-94-02-00450 at 142 S 169 AV E, Tulsa, OK shows a bid cost of 6294.01 and is classified as R HS IMP with strong property clarity and complete address, but the development match status is No Clear Match and overall data confidence is Medium, so it is a Mid Investment that warrants manual review rather than an automatic buy.",Unknown ZIP; failed geocoding and low geocode confidence; no clear or verified development match; surrounding value and crime risk unknown.,Exact ZIP code; reliable geocode/coordinates; surrounding property value context; crime risk indicators; any confirmed nearby development or improvement plans.,"Manually confirm the precise location and ZIP via county records or GIS, then check surrounding sales/assessed values and any local development or zoning information before considering a bid at approximately 6294.01.",Medium
61375-14-30-06240,6.1,Mid Investment,True,Watch,False,nan,"Parcel 61375-14-30-06240 at 901 N ELM ST E in Owasso has a bid cost of 6394.30, strong property clarity, and high extraction/data confidence, but the development match status is No Clear Match with low development confidence, so it is a Strong Manual Review Candidate rather than a clear good investment.","ZIP is unknown; no verified development upside (No Clear Match, low development signal); surrounding value and crime risk are unknown; borderline bid price signal may limit margin of safety.",Exact ZIP code; surrounding property value context; crime/safety profile; detailed property condition; title and lien status beyond the tax issue; any local zoning or code enforcement concerns.,"Manually confirm the precise location and ZIP, pull recent comparable sales or assessed values for similar R IMP lots on N Elm St in Owasso, and obtain a title report to check for additional liens or legal complications before bidding.",High
26275-93-09-07670,5.7,Mid Investment,True,Watch,False,nan,"Parcel 26275-93-09-07670 at 4004 E 11 ST S in Tulsa has a bid cost of 7361.93, complete address quality, and strong property clarity, producing a conservative mid-level score of 5.7 with high data confidence. However, the development match is No Clear Match with low confidence and distance not verified, so no development-driven upside is confirmed. These factors, plus the unknown ZIP, justify manual review rather than a clear buy or pass.",Unknown ZIP; no clear or verified development match; development confidence low; surrounding value and crime risk unknown.,Exact ZIP code; surrounding property value context; crime risk; detailed property condition and use specifics beyond type C IMP; any confirmed nearby development projects.,"Manually confirm the precise ZIP and neighborhood context for 4004 E 11 ST S, then review local value comps and any known nearby projects to validate whether the mid-level score of 5.7 and bid cost of 7361.93 are justified.",High
97328-73-28-61960,5.7,Strong Manual Review Candidate,True,Research First,False,nan,"Parcel 97328-73-28-61960 at 4621 E 171 ST S has a bid cost of 6008.44 and a Strong Manual Review Candidate rule-based score of 5.7, with high extraction confidence and overall medium data confidence. The development match status is No Clear Match with low confidence, so development is not treated as a positive signal despite the clear address and strong property clarity.","ZIP unknown; development upside not verified (No Clear Match, low confidence); geocoding failed with low confidence; surrounding value and crime risk unknown; borderline bid price signal.",Exact ZIP code; reliable geocode/coordinates; surrounding property value context; crime risk; any confirmed nearby development projects; current physical condition and occupancy.,"Manually confirm parcel location and boundaries via county GIS or plat maps, obtain the correct ZIP and geocode, and check local records or market data for surrounding land values and any nearby development activity before considering a bid at the current cost.",Medium
55980-74-05-47490,5.2,Mid Investment,True,Watch,False,nan,"The parcel at 12606 S 119 AV E (Parcel ID 55980-74-05-47490) has a bid cost of 6518.27 and received a rule-based score of 5.2, placing it in the Mid Investment category. Address quality is Complete and property clarity is Strong, supporting basic viability. However, geocoding failed with low confidence, ZIP is unknown, and the development match is No Clear Match with low confidence, so no development-driven upside is verified. Overall data confidence is Medium, warranting manual review rather than automatic rejection or promotion.",Unknown ZIP; failed or low-confidence geocoding; no clear or verified development match; development upside not verified; only Medium overall data confidence.,Exact ZIP code; reliable geocode/coordinates; surrounding value context; crime risk details; any confirmed nearby development or project ties; more detailed property characteristics beyond type R IMP.,"Manually confirm the precise location and ZIP of 12606 S 119 AV E via county records or mapping tools, then check surrounding property values and any local development plans to validate whether the Mid Investment score is justified at the 6518.27 bid level.",Medium
54425-02-02-04980,5.7,Mid Investment,True,Watch,False,nan,"Parcel 54425-02-02-04980 at 405 W 58 ST N has a bid cost of 6819.31, complete address and strong property clarity, and high overall data confidence, producing a rule-based score of 5.7 (Mid Investment). However, development verification shows No Clear Match with low confidence, so there is no confirmed development-driven upside. The combination of moderate score, low bid cost, and clear basic property data justifies manual review despite uncertainty around ZIP, surrounding values, and crime risk.",Unknown ZIP code; no verified development match; surrounding value signal unknown; crime risk estimate unknown.,Exact ZIP code; surrounding property value context; crime risk indicators; detailed property condition and occupancy; confirmation of any nearby development activity.,"Manually confirm the precise ZIP and neighborhood context for 405 W 58 ST N, then pull local sales/value and crime data to assess whether the 6819.31 bid aligns with area values in the absence of verified development upside.",High
57320-14-33-14860,5.7,Mid Investment,True,Watch,False,nan,"Parcel 57320-14-33-14860 at 7536 N 145 AV E has a bid cost of 5515.42 and is classified as R HS IMP with strong property clarity and complete address data, but the development match status is 'No Clear Match' and geocoding failed, leaving surrounding value and crime risk unknown; overall data confidence is Medium with high extraction confidence, supporting a Mid Investment classification that still warrants manual review.",ZIP and city are unknown; geocoding support is low/failed; no clear or verified development match; surrounding value and crime risk are unknown; development upside cannot be confirmed.,Exact ZIP and city; reliable geocode/parcel mapping; surrounding property value context; crime risk indicators; confirmation of any nearby development or infrastructure improvements; details on the existing residential improvements and mobile home exclusion.,"Manually map the parcel using county GIS or deed records to confirm exact location and neighborhood context, then pull recent comparable sales and rent data plus any local development or zoning information before deciding on a bid level.",Medium
54375-02-01-07910,5.7,Mid Investment,True,Watch,False,nan,"Parcel 54375-02-01-07910 at 1148 E 60 ST N shows a bid cost of 6907.12 and a Mid Investment rule-based score of 5.7. The development match status is No Clear Match with low confidence, so no verified upside is assumed. Data and extraction confidence are High with a Complete address and Strong property clarity, supporting manual review but not a definitive investment rating.",ZIP unknown; no verified development match; surrounding value and crime risk unknown; development confidence low.,Exact ZIP code; surrounding property value context; crime risk; detailed property condition; confirmation of commercial improvement specifics for C IMP.,"Manually confirm parcel details with county records (including ZIP and property type specifics), then research surrounding values and local conditions near 1148 E 60 ST N to validate whether the 6907.12 bid cost is justified.",High
55200-91-10-03090,5.2,Mid Investment,True,Watch,False,nan,"Parcel 55200-91-10-03090 at 501 N RIDGE DR W has a bid cost of 7556.80 and is a residential improved (R HS IMP) property with strong property clarity and complete address, but the development match status is No Clear Match and geocode confidence is Low, leading to a Mid Investment score of 5.2 based on medium overall data confidence and missing ZIP/location precision.",ZIP is unknown; geocoding failed with low confidence; development upside is not verified (No Clear Match); surrounding value and crime risk are unknown.,Exact ZIP code; reliable geocode/coordinates; surrounding property value context; crime risk indicators; confirmation of current occupancy/condition.,"Manually confirm the precise location and ZIP for 501 N RIDGE DR W, then pull local comps and tax/assessment records to validate value and condition before considering a bid near 7556.80.",Medium
57845-73-14-53600,5.7,Mid Investment,True,Watch,False,nan,"The rule-based score of 5.7 and category Strong Manual Review Candidate indicate this parcel merits deeper review. The bid cost of 6144.71 is borderline but potentially workable given the C IMP property type and strong property clarity. Address quality is complete for 14750 S GRANT ST W in City Of Bixby, but ZIP is unknown and geocoding failed, limiting location certainty. Development verification shows No Clear Match with low confidence, so there is no confirmed development-driven upside. Overall data confidence is Medium, supporting a Mid Investment classification that warrants manual investigation rather than an automatic pass or buy.",Unknown ZIP; failed geocoding and low geocode confidence; no clear or verified development match; surrounding value and crime risk are unknown; development upside not verified despite Medium overall data confidence.,Exact ZIP code; reliable geocoded coordinates or map placement; surrounding property value context; crime risk indicators; more detail on the C IMP improvements and any current use or condition.,"Manually locate 14750 S GRANT ST W in City Of Bixby using mapping tools or county GIS to confirm exact position, neighborhood context, and ZIP, then pull county records for parcel 57845-73-14-53600 to verify improvement details, current use, and any nearby development or zoning factors before deciding on a bid at 6144.71.",Medium
37425-04-21-00950,4.2,Mid Investment,True,Watch,False,nan,"The parcel at E APACHE ST N, Tulsa (Parcel 37425-04-21-00950) has a bid cost of 7347.26 and a rule-based score of 4.2, placing it in the Mid Investment category. Property clarity is Moderate and address quality is Partial, but ZIP is unknown and geocoding confidence is Low, limiting certainty about the exact location and surroundings. Development verification is Unknown with Low confidence and no distance-verified match, so no positive development signal is supported. Overall data confidence is Medium, suggesting the property merits manual review but not a strong automated endorsement.","Unknown ZIP; unusable address for reliable geocoding; weak or unavailable location verification; development upside not verified (Unknown match, Low confidence); surrounding value and crime risk both Unknown; commercial property type C with limited detail on use or improvements.",Exact situs address and ZIP; precise geocode/location; confirmation of current use and improvements for this C-type property; surrounding property values and market context; crime and neighborhood risk indicators; any verified nearby development or infrastructure projects.,"Manually confirm the exact parcel location and ZIP via county GIS or assessor records using Parcel ID 37425-04-21-00950 and legal description BLK 1, then check zoning, current use, and nearby sales or rents to validate whether the 7347.26 bid aligns with local commercial land values.",Medium
55200-91-10-01250,7.2,Mid Investment,True,Watch,True,"Development signal is a Possible Match to the Meta Tulsa Data Center at Fair Oaks Innovation Park with high development-match confidence but no verified proximity (failed geocoding and no distance), so it should be treated as a moderate, unconfirmed upside indicator rather than a primary investment driver.","Parcel 55200-91-10-01250 at 904 N INDUSTRIAL AV W has a low bid cost of 3714.51 and is classified as R IMP with strong property clarity and complete address, yielding a rule-based score of 7.2 and a Strong Manual Review Candidate flag. The development match status is only a Possible Match to the Meta Tulsa Data Center corridor (based on partial 'INDUSTRIAL' overlap) with high development-match confidence but no verified distance due to failed geocoding, so upside from development is unproven. Overall data confidence is Medium with high extraction confidence, supporting a Mid Investment classification that warrants deeper manual review rather than an automatic buy.","ZIP and city are unknown; geocoding failed, so actual location and proximity to the cited development cannot be verified; development linkage is only a Possible Match based on corridor naming, not confirmed adjacency; crime risk is unknown; reliance on rule-based scoring with only Medium overall data confidence.","Exact geocoded location and ZIP code; confirmation of surrounding land use and zoning; verification of actual distance and relationship to the Meta Tulsa Data Center at Fair Oaks Innovation Park; any title, lien, or occupancy details; on-the-ground condition of improvements.","Independently geocode and map 904 N INDUSTRIAL AV W, confirm the precise parcel boundaries and ZIP, then measure actual distance and access routes to the Meta Tulsa Data Center at Fair Oaks Innovation Park to validate whether the Possible Match development signal reflects real locational upside.",Medium
