prop_no,parcel_id,owner_name,legal_description,subdivision,address,city,zip_code,land_sqft,property_type,minimum_bid,resale_costs_fees,notes,page_number,source_notes
1,00575-93-06-00770,Unknown,LT 24 S3.4 LT 25 BLK 6,ABDO'S ADDN,405 S WHEELING AV E,CITY OF TULSA,,"3,920",R IMP,"1,468.51",567.50,,1,"PDF page 1, property #1"
2,00575-93-06-00950,Unknown,LTS 25 & 26 LESS ST BLK-7,ABDO'S ADDN,401 S VICTOR AV E,CITY OF TULSA,,"5,600",R IMP,"4,526.88",379.50,,1,"PDF page 1, property #2"
3,00575-93-06-01170,Unknown,LTS 43 & 44 BLK 8,ABDO'S ADDN,511 S VICTOR AV E,CITY OF TULSA,,"7,000",R IMP,"3,910.27",504.50,,1,"PDF page 1, property #3"
4,00700-03-33-00090,Unknown,S30 E66.23 LT 7 BLK 1,ACME ACRE ADD,ADDRESS UNKNOWN,CITY OF TULSA,,"1,987",R,14.66,318.00,,1,"PDF page 1, property #4"
5,00725-03-33-00530,Unknown,LT 2,ACME ACRE ADDN RESUB L41-42,1326 N KNOXVILLE AV E,CITY OF TULSA,,"9,435",R IMP,"6,743.65",442.50,,1,"PDF page 1, property #5"
6,00775-02-25-00490,Unknown,W1/2 LT 13 BLK 2,ACRE GARDENS,223 E ZION ST N,CITY OF TULSA,,"8,960",R IMP,"2,546.41",348.00,,1,"PDF page 1, property #6"
7,00775-02-25-00730,Unknown,E84 LT 8 BLK 4,ACRE GARDENS,325 E YOUNG PL N,CITY OF TULSA,,"11,760",R IMP,"3,819.61",332.25,,1,"PDF page 1, property #7"
8,00775-02-25-01100,Unknown,W1/2 LT 16 BLK 8,ACRE GARDENS,303 E WOODROW ST N,CITY OF TULSA,,"8,960",R IMP,"2,716.39",536.00,,2,"PDF page 2, property #8"
9,00875-02-35-00590,Unknown,LT 12 BLK 2 ADAMS RESUB L5-19 B1 & L1-17 B2 CLINESS CREST,ADDN,1313 N BOSTON PL E,CITY OF TULSA,,"5,382",R HS IMP,"2,584.89",332.25,,2,"PDF page 2, property #9"
10,00900-02-35-00210,Unknown,LT 21 BLK 1 ADAMS RESUB B1 THE POUDER AND POMEROY,SECOND ADDN AMD,1141 N BOSTON PL E,CITY OF TULSA,,"6,900",R IMP,"1,197.21",332.25,,2,"PDF page 2, property #10"
11,01350-93-21-00260,Unknown,W70 E140 W165 N120 LT 23,ALBERT PIKE SUB,3404 E 33 ST S,CITY OF TULSA,,"8,400",C IMP,"11,854.56",332.25,,2,"PDF page 2, property #11"
12,01500-03-32-00010,Unknown,N25 OF W137.88 OF LT 10 BLK 1,ALEX LEWIS ADDN,ADDRESS UNKNOWN,CITY OF TULSA,,"3,447",R,43.99,270.75,,2,"PDF page 2, property #12"
13,01675-03-20-00060,Unknown,LT 7 LESS TR BEG NWC S53 SE50.16 N57 W50 TO BEG FOR HWY BLK 1,AMOS T HALL ADDN,ADDRESS UNKNOWN,CITY OF TULSA,,"4,017",R,14.66,270.75,,2,"PDF page 2, property #13"
14,01675-03-20-00080,Unknown,LT 9 LESS TR BEG NWC S62.58 NE50.21 N57.79 W50 TO BEG FOR HWY BLK 1,AMOS T HALL ADDN,ADDRESS UNKNOWN,CITY OF TULSA,,"3,758",R,14.66,318.00,,2,"PDF page 2, property #14"
15,01675-03-20-00090,Unknown,LT 10 BLK 1 LESS BEG NW COR LT 10 TH S 67.37 NELY 50.21 N 62.58 W 50 TO BEG,AMOS T HALL ADDN,ADDRESS UNKNOWN,CITY OF TULSA,,"3,567",R,14.66,302.25,,3,"PDF page 3, property #15"
16,01675-03-20-00100,Unknown,LTS 11 & 12 LESS TR BEG NWC THEREOF S77 NE100.42 N67.37 W99.99 TO BEG FOR HWY BLK 1,AMOS T HALL ADDN,ADDRESS UNKNOWN,CITY OF TULSA,,"6,135",R,58.66,302.25,,3,"PDF page 3, property #16"
17,01675-03-20-00240,Unknown,PT LT 1 BLK 2 BEG SEC TH N44.17 SW51.34 S32.5 E50 TO BEG,AMOS T HALL ADDN,ADDRESS UNKNOWN,CITY OF TULSA,,"1,917",R,14.66,318.00,,3,"PDF page 3, property #17"
18,01675-03-20-00720,Unknown,LT 10 BLK 4,AMOS T HALL ADDN,ADDRESS UNKNOWN,CITY OF TULSA,,"6,750",R,58.66,443.00,,3,"PDF page 3, property #18"
19,01775-03-29-01680,Unknown,LT 9 BLK 2,ANELEN HGTS THIRD ADDN,1512 N COLUMBIA PL E,CITY OF TULSA,,"7,695",R HS IMP,"2,811.20",332.25,,3,"PDF page 3, property #19"
20,01800-03-35-01450,Unknown,LT 5 BLK 5,ANNAHLEE HGTS,7569 E OKLAHOMA PL N,CITY OF TULSA,,"7,200",R HS IMP,"3,546.22",316.50,,3,"PDF page 3, property #20"
21,01875-03-19-00200,Unknown,LT 10 BLK 2,APACHE PLACE ADDN,2612 N TRENTON AV E,CITY OF TULSA,,"7,000",R IMP,962.57,332.25,,3,"PDF page 3, property #21"
22,01900-03-19-00560,Unknown,LT 10 BLK 1,APACHE PLACE SECOND ADDN,2711 N TRENTON AV E,CITY OF TULSA,,"7,000",R HS IMP,"2,263.03",363.75,,4,"PDF page 4, property #22"
23,01900-03-19-00570,Unknown,LT 11 BLK 1,APACHE PLACE SECOND ADDN,2707 N TRENTON AV E,CITY OF TULSA,,"7,000",R,249.30,302.25,,4,"PDF page 4, property #23"
24,01900-03-19-01190,Unknown,S 25 LT 14 BLK 5,APACHE PLACE SECOND ADDN,ADDRESS UNKNOWN,CITY OF TULSA,,"3,500",R,14.66,286.50,,4,"PDF page 4, property #24"
25,02000-02-23-00060,Unknown,LT 4 BLK 2,ARCHER HGTS AMD,108 E 27 ST N,CITY OF TULSA,,"7,700",R IMP,"1,689.16",426.75,,4,"PDF page 4, property #25"
26,02000-02-23-00290,Unknown,LT 19 BLK 3,ARCHER HGTS AMD,ADDRESS UNKNOWN,CITY OF TULSA,,"6,750",R,36.66,270.75,,4,"PDF page 4, property #26"
27,02050-93-29-00080,Unknown,W/2 LT 3 LESS BEG NWC E152.5 S113 NW84.43 SW72.56 N100 POB,ARNALL HGTS,4647 S ATLANTA AV E,CITY OF TULSA,,"31,500",R HS IMP,"38,399.79",348.00,,4,"PDF page 4, property #27"
28,02275-03-31-00390,Unknown,LT 9 BLK 5,AUTO HGTS ADDN,911 N VICTOR AV E,CITY OF TULSA,,"7,000",R IMP,859.24,348.00,,4,"PDF page 4, property #28"
29,02350-03-35-02480,Unknown,E80 OF S140 LT 3 BLK 1 LESS E5 & S5 FOR ST,AVIATION VIEW SUB,6521 E LATIMER PL N,CITY OF TULSA,,"10,125",R HS IMP,"3,996.66",363.75,,5,"PDF page 5, property #29"
30,02400-03-32-00700,Unknown,E9.9 OF LTS 3 & 4 & ALL LTS 5 & 6 BLK 1 SUB OF N193.6 OF BLK 1 CHEROKEE HGTS 2ND,BAILES SUB PRT B1 CHEROKEE HGTS SECOND ADDN,516 N BIRMINGHAM AV E,CITY OF TULSA,,"15,000",R IMP,"4,376.22",332.25,,5,"PDF page 5, property #30"
31,02450-03-31-01980,Unknown,LTS 35 & 36 BLK 5,BAIRD ADDN AMD,E HASKELL ST N,CITY OF TULSA,,"5,953",C,329.96,302.25,,5,"PDF page 5, property #31"
32,02475-03-32-00810,Unknown,LT 9,BAKERS ADDN,839 N GARY AV E,CITY OF TULSA,,"7,400",R IMP,"2,122.45",332.25,,5,"PDF page 5, property #32"
33,02575-02-24-00510,Unknown,LT 6  BLK 1,BANFIELD ADDN,1027 E APACHE ST N,CITY OF TULSA,,"7,500",R IMP,"2,457.75",458.25,,5,"PDF page 5, property #33"
34,02850-02-25-01370,Unknown,LT 1 BEARDEN'S SUB RESUB L1-2 & 39-40 B7,MEADOWBROOK SECOND ADDN,346 E XYLER ST N,CITY OF TULSA,,"5,880",R IMP,"1,949.80",363.75,,5,"PDF page 5, property #34"
35,03125-93-30-03560,Unknown,LT 9 BLK 11,BELLAIRE ACRES SECOND EXT,1411 E 50 ST S,CITY OF TULSA,,"7,200",R HS IMP,"9,854.06",316.50,,5,"PDF page 5, property #35"
36,03150-93-16-00530,Unknown,LT 5 BLK 4,BELLAIRE HGTS ADDN,3532 E 29 ST S,CITY OF TULSA,,"6,750",R IMP,"11,760.54",363.75,,6,"PDF page 6, property #36"
37,03175-03-32-01540,Unknown,LT 19 BLK 3,BELLEVUE HGTS,1331 N LEWIS AV E,CITY OF TULSA,,"6,563",C IMP,799.25,332.25,,6,"PDF page 6, property #37"
38,03312-03-20-02010,Unknown,LT 7 -LESS BEG SECR LT 7 TH W 25 NE 52.82 S 46.67 TO BEG  BLK 2,THE BEN C FRANKLIN ADDN,ADDRESS UNKNOWN,CITY OF TULSA,,"6,462",R,58.66,286.50,,6,"PDF page 6, property #38"
39,03312-03-20-03130,Unknown,LT 5 -LESS BEG NEC TH S 65.94 SWLY 82.60 N 131.88 E 50 P.O.B.  BLK 7,THE BEN C FRANKLIN ADDN,ADDRESS UNKNOWN,CITY OF TULSA,,"2,055",R,14.66,302.25,,6,"PDF page 6, property #39"
40,03312-03-20-03180,Unknown,PT LT 10 BEG NWC LT 10 TH E 50 SW 67.23 N 45.16 TO BEG  BLK 7,THE BEN C FRANKLIN ADDN,ADDRESS UNKNOWN,CITY OF TULSA,,"1,129",R,14.66,302.25,,6,"PDF page 6, property #40"
41,03312-03-20-03190,Unknown,LT 11 LESS BEG SE COR LT 11 TH W 50 N 49.68 NE 67.23 S 94.84 POB BLK 7,THE BEN C FRANKLIN ADDN,ADDRESS UNKNOWN,CITY OF TULSA,,"3,387",R,14.66,286.50,,6,"PDF page 6, property #41"
42,03312-03-20-03250,Unknown,LT 17 LESS BEG SW COR TH N ALONG W.L. 140 TO NW COR TH E ALONG N.L 50 TO NE COR TH S ALONG E.L 123.86 TH SWLY 20.23 TO PT ON S.L TH W ALONG S.L 37.76 TO BEGBLK 7,THE BEN C FRANKLIN ADDN,ADDRESS UNKNOWN,CITY OF TULSA,,99,R,14.66,270.75,,7,"PDF page 7, property #42"
43,03312-03-20-03530,Unknown,LT 1 BLK 9,THE BEN C FRANKLIN ADDN,E 27 ST N,CITY OF TULSA,,"24,626",C,454.62,333.75,,7,"PDF page 7, property #43"
44,03312-03-20-03750,Unknown,LT 10 LESS BEG NWC LT 10 TH E 50 S 70 SW85.78 N 140 POB BLK 10,THE BEN C FRANKLIN ADDN,ADDRESS UNKNOWN,CITY OF TULSA,,"1,750",R,14.66,302.25,,7,"PDF page 7, property #44"
45,03312-03-20-04220,Unknown,LTS 10 & 11 BLK 12,THE BEN C FRANKLIN ADDN,2645 N LEWIS AV E,CITY OF TULSA,,"18,571",C IMP,"6,391.36",411.00,,7,"PDF page 7, property #45"
46,03312-03-20-04240,Unknown,LT 13 BLK 12,THE BEN C FRANKLIN ADDN,2645 N LEWIS AV E,CITY OF TULSA,,"9,190",C,674.59,381.00,,7,"PDF page 7, property #46"
47,03350-03-31-03220,Unknown,LT 1 BLK 5,BERRY-HART ADDN,1950 E MARSHALL ST N,CITY OF TULSA,,"6,300",R,95.32,286.50,,7,"PDF page 7, property #47"
48,03350-03-31-03600,Unknown,"LT-1-BLK-7 BERRY-HART ADDN 1140 N WHEELING AV E CITY OF TULSA 7,000 R STRUCTURE REMOVED 1,313.58 316.50 49 03350-03-31-03649 LT 6 BLK 7",BERRY-HART ADDN,1738 E LATIMER CT N,CITY OF TULSA,,"5,000",R,381.29,318.00,,8,"PDF page 8, property #48"
50,03350-03-31-03650,Unknown,LT 7 BLK 7,BERRY-HART ADDN,1734 E LATIMER CT N,CITY OF TULSA,,"6,250",R,395.96,318.00,,8,"PDF page 8, property #50"
51,03400-02-25-01680,Unknown,LTS 24 & 25 BLK 7,BERRY-HART'S RESUB B7-10 ROOSEVELT ADDN,763 E PINE PL N,CITY OF TULSA,,"13,070",R,476.61,412.50,,8,"PDF page 8, property #51"
52,03600-93-09-03240,Unknown,LT 15 & PRT LT 16 BEG SWC LT 16 TH N23 E35 S23 W35 POB BLK 4,BEVERLY HILL ADDN,1140 S TOLEDO AV E,CITY OF TULSA,,"7,805",R IMP,"8,767.78",332.25,,8,"PDF page 8, property #52"
53,04025-93-15-00140,Unknown,LT 3 BLK 1,BOMAN ACRES,2640 S SHERIDAN RD E,CITY OF TULSA,,"8,040",R HS IMP,"7,339.85",332.25,,8,"PDF page 8, property #53"
54,04025-93-15-00650,Unknown,LT 3 BLK 3,BOMAN ACRES,5790 E 26 ST S,CITY OF TULSA,,"10,362",R HS IMP,"6,416.85",379.50,,8,"PDF page 8, property #54"
55,04025-93-15-04470,Unknown,LT 30 BLK 15,BOMAN ACRES,5749 E 31 ST S,CITY OF TULSA,,"7,320",R IMP,"8,359.83",379.50,,9,"PDF page 9, property #55"
56,04075-93-14-00800,Unknown,LT 23 BLK 10,BOMAN ACRES 3RD ADDN,6509 E 27 ST S,CITY OF TULSA,,"7,040",R IMP,"8,927.77",332.25,,9,"PDF page 9, property #56"
57,04125-93-14-02930,Unknown,LT 10 BLK 5 & S 30 VAC ST ON N,BOMAN ACRES 3RD ADDN AMD B5&8 & N/2 B9,6747 E 26 PL S,CITY OF TULSA,,"9,940",R IMP,"5,785.69",316.50,,9,"PDF page 9, property #57"
58,04125-93-14-02940,Unknown,LT 11 BLK 5 & S 30 VAC ST ON N,BOMAN ACRES 3RD ADDN AMD B5&8 & N/2 B9,6743 E 26 PL S,CITY OF TULSA,,"9,800",R HS IMP,"5,717.55",332.25,,9,"PDF page 9, property #58"
59,04175-93-14-07050,Unknown,LT 14 BLK 34,BOMAN ACRES FOURTH ADDN,7721 E 30 PL S,CITY OF TULSA,,"9,750",R IMP,"7,152.78",316.50,,9,"PDF page 9, property #59"
60,04350-02-25-02620,Unknown,S 90 LTS 11 & 12 BLK 4,BOOKER WASHINGTON ADDN,1537 N NORFOLK AV E,CITY OF TULSA,,"9,000",B IMP,"4,993.50",332.25,,9,"PDF page 9, property #60"
61,04350-02-25-03100,Unknown,N 33 OF W 140 LT 6 BLK 6,BOOKER WASHINGTON ADDN,ADDRESS UNKNOWN,CITY OF TULSA,,"4,620",R,109.98,302.25,,9,"PDF page 9, property #61"
62,04350-02-25-03160,Unknown,E 50 W 1/2 LT 8 BLK 6,BOOKER WASHINGTON ADDN,ADDRESS UNKNOWN,CITY OF TULSA,,"3,630",R,95.32,270.75,,10,"PDF page 10, property #62"
63,04375-92-12-00710,Unknown,"LT 19 BLK 1 BOSTON ADDN 1914 S BOSTON AV E CITY OF TULSA 7,825 C STRUCTURE REMOVED 12,157.45 363.75 64 04375-92-12-00730 LT 21 BLK 1",BOSTON ADDN,1922 S BOSTON AV E,CITY OF TULSA,,"7,920",C IMP,"11,279.53",363.75,,10,"PDF page 10, property #63"
65,04375-92-12-00740,Unknown,LT 22 BLK 1,BOSTON ADDN,S BOSTON AV E,CITY OF TULSA,,"7,920",C,"5,807.41",302.25,,10,"PDF page 10, property #65"
66,04550-03-32-02430,Unknown,LT 4 BLK 1,BOYCE SUB W/2 L16 GARDEN ACRES SUB,813 N FLORENCE AV E,CITY OF TULSA,,"5,980",R IMP,"3,368.99",332.25,,10,"PDF page 10, property #66"
67,04925-03-35-02930,Unknown,LT 4 BLK 1,BREWER ADDN,7107 E NEWTON PL N,CITY OF TULSA,,"7,840",R IMP,"3,836.94",348.00,,10,"PDF page 10, property #67"
68,05025-93-24-04640,Unknown,LT 18 BLK 15,BRIARWOOD RES A L35-36 B7 & B11-17,9129 E 38 ST S,CITY OF TULSA,,"8,625",R IMP,"10,143.65",316.50,,10,"PDF page 10, property #68"
69,05075-93-24-05930,Unknown,LT 19 BLK 1,BRIARWOOD SECOND ADDN,9449 E 39 PL S,CITY OF TULSA,,"10,586",R IMP,"11,418.53",332.25,,11,"PDF page 11, property #69"
70,05075-93-24-08770,Unknown,LT 24 BLK 13,BRIARWOOD SECOND ADDN,3612 S 94 AV E,CITY OF TULSA,,"29,999",R IMP,"4,785.98",348.00,,11,"PDF page 11, property #70"
71,05225-93-07-02750,Unknown,LTS 7 8 BLK 1,BROADMOOR HGTS SECOND ADDN,1423 S PEORIA AV,CITY OF TULSA,,"11,970",C IMP,"14,063.99",348.00,,11,"PDF page 11, property #71"
72,05375-02-25-03355,Unknown,W62 LT 10 BLK 1,BROOKDALE ADDN,ADDRESS UNKNOWN,CITY OF TULSA,,"8,680",R,124.65,286.50,,11,"PDF page 11, property #72"
73,05375-02-25-03750,Unknown,S/2 LT 80 LESS E62.9 BLK 4,BROOKDALE ADDN,ADDRESS UNKNOWN,CITY OF TULSA,,140,R,14.66,302.25,,11,"PDF page 11, property #73"
74,05375-02-25-03760,Unknown,N/2 LT 80 LESS E62.9 BLK 4,BROOKDALE ADDN,ADDRESS UNKNOWN,CITY OF TULSA,,140,R,14.66,302.25,,11,"PDF page 11, property #74"
75,05400-02-25-04330,Unknown,LT 8 BLK 3 BROOKDALE INVESTMENT CO'S RESUB PT B1-4,BROOKDALE ADD,524 E YOUNG ST N,CITY OF TULSA,,"6,720",R IMP,"1,418.58",332.25,,11,"PDF page 11, property #75"
76,05400-02-25-04370,Unknown,LT 4 LESS W11.62 THEREOF BLK 4 BROOKDALE INVESTMENT CO'S RESUB PT B1-4,BROOKDALE ADD,ADDRESS UNKNOWN,CITY OF TULSA,,"5,040",R,234.64,318.00,,12,"PDF page 12, property #76"
77,05400-02-25-04375,Unknown,W11.62 LT 4 BLK 4 BROOKDALE INVESTMENT CO'S RESUB PT B1-4,BROOKDALE ADD,ADDRESS UNKNOWN,CITY OF TULSA,,"1,627",R,14.66,302.25,,12,"PDF page 12, property #77"
78,05425-02-25-04650,Unknown,LT 1 BLK 8 BROOKDALE RESUB PRT B3-4 & ALL B8 ELGINDALE,ADDN,618 E XYLER ST N,CITY OF TULSA,,"6,720",R IMP,"1,623.72",316.50,,12,"PDF page 12, property #78"
79,05450-02-25-27030,Unknown,LT 5 BLK 4 BROOKDALE RESUB B4 & PRT B5 HOMEBUILDERS,ADDN,610 E YOUNG PL N,CITY OF TULSA,,"6,860",R IMP,"3,089.69",316.50,,12,"PDF page 12, property #79"
80,05725-02-12-03450,Unknown,LT 5 BLK 1,BUENOS VISTA SUB,1111 E 50 ST N,CITY OF TULSA,,"17,050",R,329.96,286.50,,12,"PDF page 12, property #80"
81,05825-03-30-01260,Unknown,LT 1 LESS N 5 FOR ST BLK 2,BULLETTE HGTS ADDN,2039 N QUAKER AV E,CITY OF TULSA,,"11,620",R IMP,"3,268.33",348.00,,12,"PDF page 12, property #81"
82,05850-03-30-04070,Unknown,LT 22 & S25 VAC UTE ST ON N BLK 8,BULLETTE HGTS 2ND ADDN,1844 N TRENTON AV E,CITY OF TULSA,,"10,500",R HS IMP,"1,297.53",332.25,,12,"PDF page 12, property #82"
83,05850-03-30-04100,Unknown,LT 3 BLK 9,BULLETTE HGTS 2ND ADDN,1838 N ST LOUIS AV E,CITY OF TULSA,,"7,420",R IMP,"2,328.43",363.75,,13,"PDF page 13, property #83"
84,05925-92-03-00490,Unknown,LT 6  BLK 2,BUNKER HILL ADDN,7 N VANCOUVER AV W,CITY OF TULSA,,"7,500",R IMP,"2,502.41",316.50,,13,"PDF page 13, property #84"
85,06100-02-26-00080,Unknown,S20 LT 8 & ALL LTS 9 & 10 BLK 1,BURROUGHS VIEW ADDN,1806 N BOSTON AV E,CITY OF TULSA,,"18,620",R HS IMP,"5,016.55",363.75,,13,"PDF page 13, property #85"
86,06179-03-36-06010,Unknown,LT 1 BLK 1,BUTLER PARK,1208 N MINGO RD E,CITY OF TULSA,,"37,306",C IMP,"24,820.85",363.75,,13,"PDF page 13, property #86"
87,06525-03-31-04430,Unknown,LTS 31 & 32 BLK 12,CAPITOL HILL ADDN,721 N PEORIA AV E,CITY OF TULSA,,"7,000",R IMP,498.61,379.50,,13,"PDF page 13, property #87"
88,06575-03-31-05068,Unknown,W20 N50 E160 LT 3 BLK 4,CAPITOL HILL SECOND L3 B4,ADDRESS UNKNOWN,CITY OF TULSA,,"1,000",R,14.66,286.50,,13,"PDF page 13, property #88"
89,06625-92-27-02490,Unknown,LTS 14 15 BLK 8,CARBONDALE,4648 S 31 AV W,CITY OF TULSA,,"6,750",R IMP,"4,950.17",332.25,,13,"PDF page 13, property #89"
90,06625-92-27-02680,Unknown,LTS 19 20 BLK 9,CARBONDALE,4641 S 31 AV W,CITY OF TULSA,,"6,750",R HS IMP,"2,397.22",316.50,,14,"PDF page 14, property #90"
91,06625-92-27-04570,Unknown,LT 6 BLK 17,CARBONDALE,4621 S 29 AV W,CITY OF TULSA,,"6,345",R,"1,228.54",286.50,,14,"PDF page 14, property #91"
92,06950-03-31-06470,Unknown,LT-15-BLK-2,CARPENTER'S FIRST ADDN,1711 E OKLAHOMA ST N,CITY OF TULSA,,"6,400",R,395.96,318.00,,14,"PDF page 14, property #92"
93,06950-03-31-06480,Unknown,LT-16-BLK-2,CARPENTER'S FIRST ADDN,1719 E OKLAHOMA ST N,CITY OF TULSA,,"6,375",C IMP,535.27,332.25,,14,"PDF page 14, property #93"
94,06950-03-31-06490,Unknown,LT-17-BLK-2,CARPENTER'S FIRST ADDN,1719 E OKLAHOMA ST N,CITY OF TULSA,,"6,400",C IMP,"2,450.42",348.00,,14,"PDF page 14, property #94"
95,07225-02-13-00060,Unknown,LT 5 BLK 1 CAWILL ADDN RESUB PRT B8-10 CHANDLER FRATES,5TH ADDN,3936 N LANSING PL E,CITY OF TULSA,,"14,070",R IMP,"5,434.28",395.25,,14,"PDF page 14, property #95"
96,07225-02-13-00160,Unknown,LT 8 BLK 2 CAWILL ADDN RESUB PRT B8-10 CHANDLER FRATES,5TH ADDN,ADDRESS UNKNOWN,CITY OF TULSA,,"11,340",R,359.29,270.75,,14,"PDF page 14, property #96"
97,07410-94-07-22830,Unknown,LT 16 BLK 3,CENTURY 21 EAST,10829 E 15 PL S,CITY OF TULSA,,"2,373",R IMP,"2,475.08",395.25,,15,"PDF page 15, property #97"
98,07410-94-07-23780,Unknown,LT 9 BLK 6,CENTURY 21 EAST,1525 S 112 AV E,CITY OF TULSA,,"3,967",R IMP,"4,554.87",348.00,,15,"PDF page 15, property #98"
99,07415-94-07-29470,Unknown,LT 15 BLK 4,CENTURY 21 EAST EXT RESUB PRT PHEASANT RUN,1441 S 112 AV E,CITY OF TULSA,,"3,490",R IMP,"5,517.44",316.50,,15,"PDF page 15, property #99"
100,07450-93-16-02290,Unknown,LT 26 BLK 3,CHANDLER-FRATES ADDN,4065 E 25 ST S,CITY OF TULSA,,"8,100",R IMP,"10,711.59",379.50,,15,"PDF page 15, property #100"
101,07600-02-24-00740,Unknown,LT 10 BLK 1,CHANDLER FRATES SECOND ADDN,3353 N LANSING PL E,CITY OF TULSA,,"8,520",R IMP,"3,530.98",363.75,,15,"PDF page 15, property #101"
102,07600-02-24-00790,Unknown,LT 15 BLK 1,CHANDLER FRATES SECOND ADDN,3329 N LANSING PL E,CITY OF TULSA,,"7,320",R IMP,"2,218.44",348.00,,15,"PDF page 15, property #102"
103,07600-02-24-01200,Unknown,LTS 1 & 2 BLK 3,CHANDLER FRATES SECOND ADDN,820 E 36 ST N,CITY OF TULSA,,"15,600",C IMP,"3,152.35",348.00,,15,"PDF page 15, property #103"
104,07600-02-24-01240,Unknown,LT 6 BLK 3,CHANDLER FRATES SECOND ADDN,3514 N LANSING AV E,CITY OF TULSA,,"7,259",R IMP,"1,901.80",348.00,,16,"PDF page 16, property #104"
105,07600-02-24-02510,Unknown,LT 19 BLK 9,CHANDLER FRATES SECOND ADDN,723 E 33 ST N,CITY OF TULSA,,"7,200",R IMP,"2,758.39",395.25,,16,"PDF page 16, property #105"
106,07675-02-13-01140,Unknown,LT 1 BLK 5,CHANDLER FRATES FOURTH ADDN,4018 N GARRISON AV E,CITY OF TULSA,,"8,265",R HS IMP,"3,245.67",316.50,,16,"PDF page 16, property #106"
107,07675-02-13-01570,Unknown,LT 11 BLK 6,CHANDLER FRATES FOURTH ADDN,4021 N ELGIN AV E,CITY OF TULSA,,"6,530",R IMP,"3,624.97",348.00,,16,"PDF page 16, property #107"
108,07675-02-13-01590,Unknown,PT LT 12 BLK 6 BEG SWC LT 12 NE159.80 NW61.30 W136.85 S123.05 TO BEG,CHANDLER FRATES FOURTH ADDN,4013 N ELGIN AV E,CITY OF TULSA,,"14,504",R IMP,"3,368.32",316.50,,16,"PDF page 16, property #108"
109,07675-02-13-01610,Unknown,LT 14 BLK 6,CHANDLER FRATES FOURTH ADDN,421 E 40 ST N,CITY OF TULSA,,"7,749",R IMP,"3,505.64",316.50,,16,"PDF page 16, property #109"
110,07700-02-13-02200,Unknown,LT 10,CHANDLER-FRATES 4TH ADDN RESUB L1-20 B7,4026 N ELGIN AV E,CITY OF TULSA,,"8,700",R IMP,"5,279.47",363.75,,16,"PDF page 16, property #110"
111,07725-02-13-02870,Unknown,LT 34 BLK 10,CHANDLER-FRATES FIFTH ADDN,3917 N LANSING AV E,CITY OF TULSA,,"8,990",R IMP,"4,067.59",316.50,,17,"PDF page 17, property #111"
112,07725-02-13-02930,Unknown,LT 4 BLK 11,CHANDLER-FRATES FIFTH ADDN,918 E 37 ST N,CITY OF TULSA,,"10,707",R HS IMP,"3,234.47",363.75,,17,"PDF page 17, property #112"
113,07725-02-13-03030,Unknown,LT 3 BLK 12,CHANDLER-FRATES FIFTH ADDN,758 E 39 ST N,CITY OF TULSA,,"7,440",R IMP,"2,963.31",332.25,,17,"PDF page 17, property #113"
114,07725-02-13-03090,Unknown,LT 9 BLK 12,CHANDLER-FRATES FIFTH ADDN,730 E 39 ST N,CITY OF TULSA,,"7,440",R IMP,"2,588.38",363.75,,17,"PDF page 17, property #114"
115,07900-94-18-00140,Unknown,LT 14 BLK 1,CHARYL LYNN ACRES,2117 S 102 AV E,CITY OF TULSA,,"8,646",R IMP,"7,964.53",316.50,,17,"PDF page 17, property #115"
116,08050-03-31-07630,Unknown,LT 12 BLK 11,CHEROKEE HGTS ADDN,715 N XANTHUS AV E,CITY OF TULSA,,"9,500",R,476.61,318.00,,17,"PDF page 17, property #116"
117,08050-03-31-08790,Unknown,LT 4 BLK 18,CHEROKEE HGTS ADDN,114 N YORKTOWN AV E,CITY OF TULSA,,"7,500",R HS IMP,"2,978.35",442.50,,17,"PDF page 17, property #117"
118,08150-94-08-00330,Unknown,LT 2 BLK 2,CHEROKEE VILLAGE,11524 E 15 ST S,CITY OF TULSA,,"12,688",R IMP,"6,800.65",348.00,,18,"PDF page 18, property #118"
119,08300-93-04-02320,Unknown,LT 18 BLK 2,CHULA VISTA FIRST ADDN,3311 E 5 PL S,CITY OF TULSA,,"8,456",R IMP,"6,169.38",332.25,,18,"PDF page 18, property #119"
120,08375-03-29-01830,Unknown,LT 3 LESS E. 25' & LESS W.5' BLK 1,CITY VIEW ADDN,2257 N EVANSTON PL E,CITY OF TULSA,,"33,920",R,718.59,365.25,,18,"PDF page 18, property #120"
121,08375-03-29-02800,Unknown,S50 N106 W1/2 OF LT 1 BLK 10,CITY VIEW ADDN,2141 N DELAWARE AV E,CITY OF TULSA,,"7,400",R HS IMP,"5,074.15",426.75,,18,"PDF page 18, property #121"
122,08425-03-29-03180,Unknown,LT 11 BLK 1,CITY VIEW ADDN RESUB L1-2 & E/2 L3-4 B11,2204 N EVANSTON AV E,CITY OF TULSA,,"7,293",R IMP,"1,941.05",348.00,,18,"PDF page 18, property #122"
123,08450-03-29-03260,Unknown,LT 4 BLK 1,CITY VIEW ADDN RESUB B12,2901 E WOODROW ST N,CITY OF TULSA,,"6,384",R IMP,"3,456.98",411.00,,18,"PDF page 18, property #123"
124,08650-93-01-01310,Unknown,E1/2 N1/2 LT 1 BLK 15,CLARLAND ACRES,8548 E 5 PL S,CITY OF TULSA,,"23,409",R IMP,"8,903.10",332.25,,18,"PDF page 18, property #124"
125,08675-93-01-02070,Unknown,LT 7 BLK 22,CLARLAND ACRES B17-19 & PRT B21-22,529 S 90 AV E,CITY OF TULSA,,"17,670",R HS IMP,"7,105.95",442.50,,19,"PDF page 19, property #125"
126,08700-93-01-02380,Unknown,LT 27 BLK 22,CLARLAND ACRES B20-37,450 S 91 AV E,CITY OF TULSA,,"10,400",R HS IMP,"2,993.75",316.50,,19,"PDF page 19, property #126"
127,08875-03-19-03540,Unknown,LT 12 BLK 3,CLIFF VIEW ADDN,2624 N QUINCY AV E,CITY OF TULSA,,"7,000",R IMP,"2,177.11",316.50,,19,"PDF page 19, property #127"
128,09000-92-27-06570,Unknown,LT 10 BLK 1,CLINTON HOME ADDN,2111 W 41 PL S,CITY OF TULSA,,"7,000",R IMP,"4,666.86",348.00,,19,"PDF page 19, property #128"
129,09000-92-27-06930,Unknown,LT 11 BLK 6,CLINTON HOME ADDN,2111 W 42 CT S,CITY OF TULSA,,"6,750",R IMP,"2,645.73",363.75,,19,"PDF page 19, property #129"
130,09175-93-05-05710,Unknown,LT 8 BLK 9 & N61 W/2 LT 3 BLK 8 HIGHLANDS ADDN,COLLEGE VIEW ADDN AMD,2520 E 6 ST S,CITY OF TULSA,,"7,500",R HS IMP,"3,780.86",348.00,,19,"PDF page 19, property #130"
136,09525-93-21-04720,Unknown,LT 8 BLK 2,CONWAY PARK THIRD ADDN,3305 S TOLEDO AV E,CITY OF TULSA,,"8,296",R HS IMP,"11,586.17",348.00,,21,"PDF page 21, property #136"
137,09650-92-04-01285,Unknown,LTS 3 & 4 LYING S OF A L DESC AS BEG 12.5S OF NEC LT 1 TH SW306.5 TO A PT 243.5W OF SECR LT 4 ALL IN BLK 4,COOPER'S SUB,514 N 37 AV W,CITY OF TULSA,,"13,250",R,352.63,318.00,,21,"PDF page 21, property #137"
138,09700-03-30-07560,Unknown,LT 11  BLK 7,COOTS' ADDN,2104 N ST LOUIS AV E,CITY OF TULSA,,"7,700",R,439.95,302.25,,21,"PDF page 21, property #138"
139,09725-03-30-07610,Unknown,LT 5  BLK 1,COOTS 2ND ADDN AMD,2417 N YORKTOWN AV E,CITY OF TULSA,,"7,920",R IMP,"2,228.44",332.25,,21,"PDF page 21, property #139"
140,09725-03-30-07770,Unknown,LT 5  BLK 3,COOTS 2ND ADDN AMD,2052 E YOUNG PL N,CITY OF TULSA,,"6,441",R IMP,"2,227.77",332.25,,21,"PDF page 21, property #140"
141,09725-03-30-08040,Unknown,LT 15  BLK 4,COOTS 2ND ADDN AMD,2043 E XYLER ST N,CITY OF TULSA,,"6,105",R IMP,"3,183.01",348.00,,21,"PDF page 21, property #141"
142,09825-93-31-03860,Unknown,LT 14 BLK 7,CORONA HGTS SECOND ADDN,5741 S UTICA AV E,CITY OF TULSA,,"9,044",R IMP,"10,774.92",332.25,,22,"PDF page 22, property #142"
143,10125-94-07-01600,Unknown,LT 18 BLK 6,CRESCENT HGTS ADDN,1327 S 99 AV E,CITY OF TULSA,,"21,750",R IMP,"10,180.74",332.25,,22,"PDF page 22, property #143"
144,10175-93-02-00730,Unknown,"LTS 15, 16 & 17 BLK A",CREST VIEW ESTATES,41 S SHERIDAN RD E,CITY OF TULSA,,"18,750",C IMP,"8,557.14",316.50,,22,"PDF page 22, property #144"
145,10175-93-02-01530,Unknown,LT 11 BLK G,CREST VIEW ESTATES,444 S 66 AV E,CITY OF TULSA,,"7,000",R HS IMP,"5,366.03",316.50,,22,"PDF page 22, property #145"
146,10225-93-02-04460,Unknown,LT 19  BLK 8,3RD CRESTVIEW ESTATES,209 S 72 AV E,CITY OF TULSA,,"8,400",R IMP,"4,357.56",363.75,,22,"PDF page 22, property #146"
147,10275-92-02-00760,Unknown,LT 10  BLK 6,CROSBIE HGTS,317 S PHOENIX AV W,CITY OF TULSA,,"6,150",R IMP,"1,702.49",348.00,,22,"PDF page 22, property #147"
148,10450-03-19-50550,Unknown,LT 6 BLK 1,CUL-DE-SAC LANE ADDN,3128 N TROOST PL E,CITY OF TULSA,,"9,760",R HS IMP,"3,389.11",348.00,,22,"PDF page 22, property #148"
149,10475-92-08-00260,Unknown,LT 2 BLK 1,CUNNINGHAM ADDN,1107 S 53 AV W,CITY OF TULSA,,"7,440",R IMP,"2,558.41",363.75,,23,"PDF page 23, property #149"
150,10475-92-08-00580,Unknown,LT 7  BLK 3,CUNNINGHAM ADDN,5333 W 12 ST S,CITY OF TULSA,,"7,239",R IMP,"1,678.49",348.00,,23,"PDF page 23, property #150"
151,10475-92-08-00620,Unknown,LT 11 BLK 3,CUNNINGHAM ADDN,5353 W 12 ST S,CITY OF TULSA,,"9,576",R IMP,"2,411.09",363.75,,23,"PDF page 23, property #151"
152,10475-92-08-00680,Unknown,LT 17  BLK 3,CUNNINGHAM ADDN,1125 S 56 AV W,CITY OF TULSA,,"7,200",R IMP,"5,289.47",379.50,,23,"PDF page 23, property #152"
153,10525-03-30-08800,Unknown,S 10 LT3 CUPPS RESUB PRT L9-10 B5 CONSERVATION ACRES,SUB,ADDRESS UNKNOWN,CITY OF TULSA,,"1,400",R,14.66,302.25,,23,"PDF page 23, property #153"
154,10675-93-15-06360,Unknown,LT-3-BLK-4 LESS W 1,DARLINGTON HILLS ADDN,5358 E 22 ST S,CITY OF TULSA,,"9,126",R IMP,"12,020.56",348.00,,23,"PDF page 23, property #154"
155,10775-03-27-00780,Unknown,LT 1 N/2 LT 2 BLK 7,DAWSON AMD (ORIGINAL TOWNSITE),2024 N KINGSTON PL E,CITY OF TULSA,,"4,875",R,197.98,333.75,,23,"PDF page 23, property #155"
156,10800-93-01-04840,Unknown,S 99 LT 1 BLK 3,DAY SUBURBAN ACRES,49 S 85 AV E,CITY OF TULSA,,"15,345",B IMP,"6,504.01",332.25,,24,"PDF page 24, property #156"
157,10800-93-01-05020,Unknown,S60 OF N389.7 LT 1 BLK 5,DAY SUBURBAN ACRES,17 S 89 AV E,CITY OF TULSA,,"9,300",R,476.61,365.25,,24,"PDF page 24, property #157"
158,11000-83-06-00270,Unknown,E25 N130 LT 12 & N130 LT 13 BLK 2 DELL ROSE PLACE RESUB L1-3 B2 L1-4 B1 KEIM,GARDENS,1394 E 66 PL S,CITY OF TULSA,,"15,690",R HS IMP,"3,946.95",395.25,,24,"PDF page 24, property #158"
159,11225-02-24-03140,Unknown,LT 20 BLK 9,DEVONSHIRE PLACE RESUB B9-13,625 E APACHE ST N,CITY OF TULSA,,"6,698",C IMP,593.94,332.25,,24,"PDF page 24, property #159"
160,11225-02-24-03490,Unknown,LT 14 BLK 11,DEVONSHIRE PLACE RESUB B9-13,643 E MOHAWK BV N,CITY OF TULSA,,"10,125",R IMP,"4,481.55",348.00,,24,"PDF page 24, property #160"
161,11275-02-24-04460,Unknown,LT 10 BLK 2 DEVONSHIRE PLACE NO  THREE RESUB B1-3 PRT B4,& ALL B5,623 E 27 PL N,CITY OF TULSA,,"6,900",R IMP,"1,952.47",332.25,,24,"PDF page 24, property #161"
162,11300-02-24-04840,Unknown,E 50 LT 12 W 10 LT 13 BLK 1,DEVONSHIRE PLACE NO 3 RESUB B1,538 E 27 CT N,CITY OF TULSA,,"7,200",R IMP,"1,697.83",363.75,,24,"PDF page 24, property #162"
163,11325-02-24-04990,Unknown,LT 4 BLK 1 DEVONSHIRE PLACE FOURTH RESUB BOULEVARD,ACRES,418 E 28 ST N,CITY OF TULSA,,"6,480",R IMP,"1,655.16",379.50,,25,"PDF page 25, property #163"
164,11325-02-24-05340,Unknown,LT 39 BLK 1 DEVONSHIRE PLACE FOURTH RESUB BOULEVARD,ACRES,343 E 27 CT N,CITY OF TULSA,,"5,795",R IMP,"1,697.31",316.50,,25,"PDF page 25, property #164"
165,11325-02-24-05380,Unknown,LT 3 BLK 2 DEVONSHIRE PLACE FOURTH RESUB BOULEVARD,ACRES,336 E 27 CT N,CITY OF TULSA,,"8,460",R HS IMP,"2,766.95",363.75,,25,"PDF page 25, property #165"
166,11325-02-24-05740,Unknown,LT 39 BLK 2 DEVONSHIRE PLACE FOURTH RESUB BOULEVARD,ACRES,341 E 27 PL N,CITY OF TULSA,,"8,700",R IMP,"2,833.24",316.50,,25,"PDF page 25, property #166"
167,11500-92-33-00290,Unknown,LT 12 BLK 1,DOCTOR CARVER,4119 W 56 PL S,CITY OF TULSA,,"6,800",R,219.97,333.75,,25,"PDF page 25, property #167"
168,11500-92-33-00300,Unknown,LT 13 BLK 1,DOCTOR CARVER,4115 W 56 PL S,CITY OF TULSA,,"6,800",R,219.97,318.00,,25,"PDF page 25, property #168"
169,11575-03-35-03730,Unknown,LT 8  BLK 3,DOLLIE-MAC ADDN,7350 E NEWTON ST N,CITY OF TULSA,,"7,200",R IMP,"5,516.78",348.00,,25,"PDF page 25, property #169"
170,11575-03-35-04690,Unknown,LT 8  BLK 6,DOLLIE-MAC ADDN,7320 E LATIMER PL N,CITY OF TULSA,,"7,440",R HS IMP,"5,182.52",316.50,,26,"PDF page 26, property #170"
171,11600-93-30-07650,Unknown,LT 3  BLK 2,DON-LEE,1426 E 42 ST S,CITY OF TULSA,,"7,040",R IMP,"5,893.97",379.50,,26,"PDF page 26, property #171"
172,11775-02-36-04090,Unknown,LTS 1 & 2 & E10 LT 3 & N7.5 VAC ALLEY ADJ ON S BLK 3,DOUGLAS PLACE ADDN,1174 N FRANKFORT AV E,CITY OF TULSA,,"8,343",R HS IMP,"2,856.67",348.00,,26,"PDF page 26, property #172"
173,11825-02-25-06380,Unknown,N 50 LT 7 BLK 2 DUNBAR ADDN,1619 N GREENWOOD AV,E,CITY OF TULSA,,"7,000",R IMP,"2,353.10",316.50,,26,"PDF page 26, property #173"
174,12025-93-06-03590,Unknown,E70 LT 1 BLK 2,EAST LYNN ADDN,620 S QUINCY AV E,CITY OF TULSA,,"2,842",R IMP,"1,989.13",332.25,,26,"PDF page 26, property #174"
175,12025-93-06-03640,Unknown,LT 6  BLK 2,EAST LYNN ADDN,640 S QUINCY AV E,CITY OF TULSA,,"6,500",R HS IMP,"2,339.22",363.75,,26,"PDF page 26, property #175"
176,12060-94-08-20510,Unknown,LT 15 BLK 1,EAST PORT ADDN,12217 E 13 PL S,CITY OF TULSA,,"7,188",R HS IMP,"5,185.69",363.75,,26,"PDF page 26, property #176"
177,12135-94-16-28330,Unknown,LT 15 BLK 8,EASTLAND ACRES,2479 S 141 AV E,CITY OF TULSA,,"9,271",R IMP,"8,623.12",363.75,,27,"PDF page 27, property #177"
178,12135-94-16-28390,Unknown,LT 21 BLK 8,EASTLAND ACRES,14123 E 24 PL S,CITY OF TULSA,,"7,788",R IMP,"8,518.48",474.00,,27,"PDF page 27, property #178"
179,12142-94-16-48520,Unknown,LT 17 BLK 6 EASTLAND ACRES II RESUB L12-14 B1 EASTLAND,ACRES EXT,13847 E 29 PL S,CITY OF TULSA,,"10,403",R IMP,"12,059.12",175.75,,27,"PDF page 27, property #179"
180,12145-94-09-42810,Unknown,LT 9 BLK 5,EASTLAND PARK,1532 S 140 AV E,CITY OF TULSA,,"6,900",R IMP,"7,605.90",348.00,,27,"PDF page 27, property #180"
181,12145-94-09-44920,Unknown,LT 8 BLK 13,EASTLAND PARK,1733 S 141 AV E,CITY OF TULSA,,"6,900",R IMP,"7,033.29",332.25,,27,"PDF page 27, property #181"
182,12150-93-11-01280,Unknown,LT 11 BLK 7,EASTMOOR PARK,7519 E 13 ST S,CITY OF TULSA,,"6,650",R IMP,"5,222.14",316.50,,27,"PDF page 27, property #182"
183,12150-93-11-01290,Unknown,LT 12 BLK 7,EASTMOOR PARK,ADDRESS UNKNOWN,CITY OF TULSA,,"6,650",R,161.98,270.75,,27,"PDF page 27, property #183"
184,12150-93-11-02290,Unknown,LT 1 BLK 14,EASTMOOR PARK,ADDRESS UNKNOWN,CITY OF TULSA,,"6,783",R,161.31,270.75,,28,"PDF page 28, property #184"
185,12175-92-03-02290,Unknown,LT 1 BLK 11,EASTON HGTS ADDN,3034 W CAMERON ST N,CITY OF TULSA,,"9,125",R IMP,"3,366.33",316.50,,28,"PDF page 28, property #185"
186,12210-94-16-41680,Unknown,LT 19 BLK 2,EASTPARK,13322 E 28 ST S,CITY OF TULSA,,"6,820",R IMP,"6,862.64",316.50,,28,"PDF page 28, property #186"
187,12375-92-04-01560,Unknown,LT 2 BLK 1,EDISON ROAD 2ND ADDN,530 N 42 AV W,CITY OF TULSA,,"11,232",R IMP,"5,786.08",783.75,,28,"PDF page 28, property #187"
188,12425-92-04-02590,Unknown,LT 13 BLK 7,EDISON ROAD IV ADDN,137 N 44 AV W,CITY OF TULSA,,"11,745",R IMP,"6,690.66",348.00,,28,"PDF page 28, property #188"
189,12600-03-28-01150,Unknown,LT 9 BLK 4,EL BRAD,2434 N PITTSBURG AV E,CITY OF TULSA,,"7,380",R,740.59,333.75,,28,"PDF page 28, property #189"
190,12625-93-14-07980,Unknown,LT 12 BLK 2,ELDORADO MANOR ADDN AMD,7208 E 28 PL S,CITY OF TULSA,,"8,400",R HS IMP,"12,448.75",348.00,,28,"PDF page 28, property #190"
191,12800-03-33-01320,Unknown,LT 16 BLK 1,ELGIN HGTS,4725 E LATIMER PL N,CITY OF TULSA,,"7,700",R IMP,"2,953.70",316.50,,29,"PDF page 29, property #191"
192,12875-94-08-06230,Unknown,W1/2 LT 2 BLK 9 LESS S25 FOR ST,ELM HURST,11804 E 14 ST S,CITY OF TULSA,,"28,454",R IMP,"4,378.60",316.50,,29,"PDF page 29, property #192"
193,13100-02-26-00290,Unknown,LT 3 BLK 1,ELMWOOD ADDN,1522 N CHEYENNE AV W,CITY OF TULSA,,"7,901",R IMP,"1,671.83",332.25,,29,"PDF page 29, property #193"
194,13125-02-25-08280,Unknown,LT 11 BLK 1,EMERSON ADDN,2522 N OWASSO AV E,CITY OF TULSA,,"6,750",R IMP,"1,825.15",348.00,,29,"PDF page 29, property #194"
195,13125-02-25-08400,Unknown,LT 23 BLK 1,EMERSON ADDN,2557 N NORFOLK AV E,CITY OF TULSA,,"6,750",R,293.30,333.75,,29,"PDF page 29, property #195"
196,13150-02-25-08750,Unknown,LT 16 BLK 1,EMERSON 2ND ADDN,1027 E ZION CT N,CITY OF TULSA,,"6,800",R,439.95,302.25,,29,"PDF page 29, property #196"
197,13200-02-26-00860,Unknown,LT 9 BLK 2,ENGLEWOOD ADDN,1516 N MAIN ST W,CITY OF TULSA,,"6,950",R HS IMP,"3,541.13",348.00,,29,"PDF page 29, property #197"
198,13775-02-12-00560,Unknown,LT 31 BLK 1,FAIRHILL ADDN,784 E 48 ST N,CITY OF TULSA,,"18,862",R,337.29,333.75,,30,"PDF page 30, property #198"
199,13775-02-12-00780,Unknown,LT 5 BLK 2,FAIRHILL ADDN,4946 N JOHNSTOWN AV E,CITY OF TULSA,,"12,530",R IMP,"1,697.16",316.50,,30,"PDF page 30, property #199"
200,13775-02-12-01430,Unknown,LT 23  BLK 4,FAIRHILL ADDN,4615 N HARTFORD AV E,CITY OF TULSA,,"11,400",R IMP,"4,839.51",348.00,,30,"PDF page 30, property #200"
201,13775-02-12-01490,Unknown,LT 29 LESS BEG NEC W20 SELY ON STR LINE TO SECR N60 POB BLK 4,FAIRHILL ADDN,4641 N HARTFORD AV E,CITY OF TULSA,,"10,800",R IMP,"3,989.60",332.25,,30,"PDF page 30, property #201"
202,13800-02-12-02160,Unknown,LT 9 BLK 7,FAIRHILL 2ND ADDN,4726 N FRANKFORT AV E,CITY OF TULSA,,"11,475",R HS IMP,"3,086.51",332.25,,30,"PDF page 30, property #202"
203,13850-93-05-10530,Unknown,LT 14 BLK 1,FAIRMONT ADDN,2605 E ADMIRAL CT N,CITY OF TULSA,,"5,625",R HS IMP,"5,358.29",363.75,,30,"PDF page 30, property #203"
204,13850-93-05-10570,Unknown,LT 18 BLK 1,FAIRMONT ADDN,2621 E ADMIRAL CT N,CITY OF TULSA,,"6,250",R IMP,"1,759.82",348.00,,30,"PDF page 30, property #204"
205,13850-93-05-10690,Unknown,LT 6 BLK 2,FAIRMONT ADDN,2526 E ARCHER ST N,CITY OF TULSA,,"6,250",R IMP,"2,323.10",348.00,,31,"PDF page 31, property #205"
206,14175-03-33-02850,Unknown,LT 12 BLK 12,FEDERAL HGTS SECOND ADDN,ADDRESS UNKNOWN,CITY OF TULSA,,"7,000",R,70.34,270.75,,31,"PDF page 31, property #206"
207,14175-03-33-03080,Unknown,LT 12 BLK 14,FEDERAL HGTS SECOND ADDN,704 N OSWEGO AV E,CITY OF TULSA,,"7,000",R HS IMP,"2,939.89",379.50,,31,"PDF page 31, property #207"
208,14175-03-33-03800,Unknown,ALL OF LT 26 & S 25 OF LT 27 BLK 17,FEDERAL HGTS SECOND ADDN,131 N MARION AV E,CITY OF TULSA,,"10,500",R IMP,"7,064.62",348.00,,31,"PDF page 31, property #208"
209,14625-93-12-00820,Unknown,LT 14 BLK 3,FOREST ACRES,1228 S 83 AV E,CITY OF TULSA,,"47,005",R IMP,"5,972.06",379.50,,31,"PDF page 31, property #209"
210,14625-93-12-01220,Unknown,S/2 LT 4 BLK 5,FOREST ACRES,1240 S 89 AV E,CITY OF TULSA,,"50,643",R HS IMP,"13,422.53",332.25,,31,"PDF page 31, property #210"
211,14725-93-18-01710,Unknown,LT 6 BLK 6,FOREST HILLS,2138 E 27 ST S,CITY OF TULSA,,"12,702",R IMP,"48,138.41",363.75,,31,"PDF page 31, property #211"
212,14875-93-19-04520,Unknown,LT 3 BLK 6,FOREST RIDGE ADDN AMD SUB B5 & W/2 B6,3913 S ST LOUIS AV E,CITY OF TULSA,,"8,960",R,"8,799.12",412.50,,32,"PDF page 32, property #212"
213,14900-93-19-04650,Unknown,LT 16 BLK 6,FOREST RIDGE ADDN SUB E/2 B6,3912 S TRENTON AV E,CITY OF TULSA,,"10,434",R,"27,863.88",444.00,,32,"PDF page 32, property #213"
214,15125-03-33-05670,Unknown,LT 19 BLK 2,FRANCISCAN ADDN,1433 N TOLEDO AV E,CITY OF TULSA,,"7,261",R IMP,"4,159.58",332.25,,32,"PDF page 32, property #214"
215,15275-03-19-03690,Unknown,LT-3-BLK-1,FRED THOMPSON ADDN,2164 E 29 ST N,CITY OF TULSA,,"7,290",R IMP,"1,981.13",300.75,,32,"PDF page 32, property #215"
216,15275-03-19-03700,Unknown,LT 4 BLK 1,FRED THOMPSON ADDN,2160 E 29 ST N,CITY OF TULSA,,"7,290",R HS IMP,"2,502.36",316.50,,32,"PDF page 32, property #216"
217,15275-03-19-03980,Unknown,LT 10 BLK 2,FRED THOMPSON ADDN,2819 N YORKTOWN AV E,CITY OF TULSA,,"7,020",R IMP,"1,131.88",332.25,,32,"PDF page 32, property #217"
218,15275-03-19-03990,Unknown,LT 1 BLK 3,FRED THOMPSON ADDN,2720 N YORKTOWN PL E,CITY OF TULSA,,"7,020",R IMP,"2,400.42",332.25,,32,"PDF page 32, property #218"
219,15275-03-19-04060,Unknown,LT 8 BLK 3,FRED THOMPSON ADDN,2711 N YORKTOWN AV E,CITY OF TULSA,,"7,020",R IMP,887.07,332.25,,33,"PDF page 33, property #219"
220,15275-03-19-04110,Unknown,LT 3 BLK 4,FRED THOMPSON ADDN,2636 N YORKTOWN PL E,CITY OF TULSA,,"7,020",R HS IMP,"1,887.14",316.50,,33,"PDF page 33, property #220"
221,15500-03-32-04170,Unknown,LT 3 BLK 3,FRIENDLY HOMES ADDN,1434 N BIRMINGHAM PL E,CITY OF TULSA,,"7,200",R IMP,"2,438.58",316.50,,33,"PDF page 33, property #221"
222,15500-03-32-04550,Unknown,LT 9 BLK 5,FRIENDLY HOMES ADDN,2717 E OKLAHOMA ST N,CITY OF TULSA,,"7,416",R IMP,"2,970.36",316.50,,33,"PDF page 33, property #222"
223,15500-03-32-04800,Unknown,LT 4 BLK 7,FRIENDLY HOMES ADDN,1313 N DELAWARE AV E,CITY OF TULSA,,"7,200",R HS IMP,"3,267.45",332.25,,33,"PDF page 33, property #223"
224,15525-02-36-07930,Unknown,LT 36 BLK 1,FRISCO ADDN,ADDRESS UNKNOWN,CITY OF TULSA,,"3,250",R,109.98,270.75,,33,"PDF page 33, property #224"
225,15525-02-36-08330,Unknown,LTS 13 & 14 BLK 3,FRISCO ADDN,ADDRESS UNKNOWN,CITY OF TULSA,,"6,500",R,95.32,286.50,,33,"PDF page 33, property #225"
226,15525-02-36-08340,Unknown,LTS 15 & 16 BLK 3,FRISCO ADDN,ADDRESS UNKNOWN,CITY OF TULSA,,"6,500",R,95.32,286.50,,34,"PDF page 34, property #226"
227,15525-02-36-08630,Unknown,N 5 OF W 10 OF S 70 LT 24 & N 5 OF S 70 LTS 25 & 26 BLK 4,FRISCO ADDN,ADDRESS UNKNOWN,CITY OF TULSA,,300,R,14.66,302.25,,34,"PDF page 34, property #227"
228,15525-02-36-09090,Unknown,LTS 13 14 BLK 6,FRISCO ADDN,1018 E HASKELL ST N,CITY OF TULSA,,"6,500",R IMP,425.29,395.25,,34,"PDF page 34, property #228"
229,15809-03-30-31010,Unknown,"LT 2 LESS BEG 83.41N & 214.52E & 150N SWC LT 2 TH N137.55 W220.75 CRV RT137.64 E216 POB & LESS S75.78 BLK 1 GATEWAY PLAZA RSB PT HUNTER PT BROADVIEW PT T DICKSON 1601 N PEORIA AV E CITY OF TULSA 229,861 C STRUCTURE REMOVED 13,974.18 332.25 230 15875-02-25-09420 S 51.12 LT 4 BLK 1",GENTRY 2ND ADDN,2431 N LANSING AV E,CITY OF TULSA,,"10,816",R IMP,"5,709.25",348.00,,34,"PDF page 34, property #229"
231,15875-02-25-09630,Unknown,LT 6 BLK 2,GENTRY 2ND ADDN,2506 N LANSING AV E,CITY OF TULSA,,"18,450",R,513.28,302.25,,34,"PDF page 34, property #231"
232,15875-02-25-09650,Unknown,LT 8 BLK 2,GENTRY 2ND ADDN,2518 N LANSING AV E,CITY OF TULSA,,"17,280",R,146.65,349.50,,35,"PDF page 35, property #232"
233,16050-93-06-08040,Unknown,W.80' OF LT 19 BLK 12,GILLETTE-HALL ADDN,ADDRESS UNKNOWN,CITY OF TULSA,,"4,000",R,312.63,270.75,,35,"PDF page 35, property #233"
234,16050-93-06-08050,Unknown,E.60' OF LT 19 BLK 12,GILLETTE-HALL ADDN,1810 E 2 ST S,CITY OF TULSA,,"3,000",R IMP,"3,179.68",332.25,,35,"PDF page 35, property #234"
235,16250-92-05-00370,Unknown,S35 W1/2 LT 2 BLK 1,GLEN ACRES SUB-WEKIWA,409 S 54 AV W,CITY OF TULSA,,"5,250",R IMP,"1,782.48",316.50,,35,"PDF page 35, property #235"
236,16250-92-05-00560,Unknown,S 42 E 140 OF LT 1 BLK 2,GLEN ACRES SUB-WEKIWA,408 S 54 AV W,CITY OF TULSA,,"5,880",R IMP,"2,211.77",363.75,,35,"PDF page 35, property #236"
237,16250-92-05-00670,Unknown,S/2 W/2 OF LT 3 BLK 2,GLEN ACRES SUB-WEKIWA,417 S 55 AV W,CITY OF TULSA,,"9,450",R IMP,"1,417.19",332.25,,35,"PDF page 35, property #237"
238,16250-92-05-01100,Unknown,LT 6 BLK 5,GLEN ACRES SUB-WEKIWA,426 S 55 AV W,CITY OF TULSA,,"7,500",R IMP,"3,012.36",363.75,,35,"PDF page 35, property #238"
239,16275-92-05-01670,Unknown,LT 20,GLEN ACRES SUB REV B7-WEKIWA,501 S 57 AV W,CITY OF TULSA,,"6,500",R HS IMP,"4,022.90",316.50,,36,"PDF page 36, property #239"
240,16375-93-03-04910,Unknown,LT 3 BLK 2,GLENHAVEN & GLENHAVEN AMD RESUB,574 S MAPLEWOOD AV E,CITY OF TULSA,,"11,985",R IMP,"5,550.11",332.25,,36,"PDF page 36, property #240"
241,16375-93-03-05080,Unknown,LT 10 BLK 3,GLENHAVEN & GLENHAVEN AMD RESUB,5939 E 7 ST S,CITY OF TULSA,,"11,775",R IMP,"7,071.29",332.25,,36,"PDF page 36, property #241"
242,16425-92-25-04510,Unknown,LT 2 BLK 10,GRACE ELLEN HGTS PRT TR B ANNIE MAY GRANT,308 E 46 ST S,CITY OF TULSA,,"8,008",R IMP,"11,003.56",316.50,,36,"PDF page 36, property #242"
243,16650-93-15-09350,Unknown,LT 16 BLK 3,GRANDVIEW MANOR ADDN,5309 E 29 ST S,CITY OF TULSA,,"8,000",R HS IMP,"14,302.10",348.00,,36,"PDF page 36, property #243"
244,16975-93-03-05840,Unknown,LTS 10 & 11 LESS S30 THEREOF FOR STREET BLK 1,GREENLAWN,5931 E ADMIRAL PL N,CITY OF TULSA,,"54,000",C IMP,"29,265.07",332.25,,36,"PDF page 36, property #244"
245,16975-93-03-05860,Unknown,LT 12 LESS BEG NEC TH S300 W100 N30 E75 N270 E25 POB BLK 1,GREENLAWN,5935 E ADMIRAL PL N,CITY OF TULSA,,"20,250",C IMP,"18,463.48",332.25,,36,"PDF page 36, property #245"
246,17025-02-36-11950,Unknown,LT 16 & S7.5 VAC ALLEY ADJ TO NL LT 16 BLK 10,GREENWOOD ADDN,515 E MARSHALL ST N,CITY OF TULSA,,"6,900",R IMP,"2,377.09",348.00,,37,"PDF page 37, property #246"
247,17025-02-36-12170,Unknown,W 6 1/2 LT 11 ALL LT 12 BLK 11,GREENWOOD ADDN,1173 N FRANKFORT AV E,CITY OF TULSA,,"7,410",R IMP,"4,974.16",316.50,,37,"PDF page 37, property #247"
248,17600-93-17-04200,Unknown,LT 30 BLK 2 HARTER'S FOURTH RESUB L1-20 B1 HARTER'S THIRD,RESUB,2742 E 22 PL S,CITY OF TULSA,,"7,000",R IMP,"15,921.14",316.50,,37,"PDF page 37, property #248"
249,17675-02-24-06900,Unknown,LT 2 BLK 3,HARTFORD HILLS ADDN,818 E 32 PL N,CITY OF TULSA,,"8,880",R,586.60,381.00,,37,"PDF page 37, property #249"
250,17675-02-24-07550,Unknown,LT 34 BLK 4,HARTFORD HILLS ADDN,3179 N IROQUOIS AV E,CITY OF TULSA,,"7,200",R IMP,"4,023.59",316.50,,37,"PDF page 37, property #250"
251,17675-02-24-07570,Unknown,LT 36 BLK 4,HARTFORD HILLS ADDN,750 E 32 PL N,CITY OF TULSA,,"7,800",R IMP,"3,310.33",332.25,,37,"PDF page 37, property #251"
252,17675-02-24-08030,Unknown,LT 13 BLK 6,HARTFORD HILLS ADDN,3130 N HARTFORD PL E,CITY OF TULSA,,"7,140",R IMP,"3,311.00",332.25,,37,"PDF page 37, property #252"
253,17850-92-13-00343,Unknown,PRT LT 1 BEG 20.8E SWC LT 1 TH NW169.40 E287.29 S143.34 W197.01 POB BLK 1,HARWELDEN RESUB B4 RIVERSIDE DRIVE ADDN,W WOODWARD BV S,CITY OF TULSA,,"34,710",C,"13,794.63",286.50,,38,"PDF page 38, property #253"
254,17900-02-24-08320,Unknown,LOT 1 BLK 2,JACK HAWKINS ADDN,ADDRESS UNKNOWN,CITY OF TULSA,,"8,064",R,146.65,286.50,,38,"PDF page 38, property #254"
255,17925-92-04-03240,Unknown,LOT 17 BLK 2,HAYDEN-LEWIS ADDN,319 S 43 AV W,CITY OF TULSA,,"8,400",R IMP,"5,748.75",363.75,,38,"PDF page 38, property #255"
256,17925-92-04-03330,Unknown,LOT 6 BLK 3,HAYDEN-LEWIS ADDN,330 S 43 AV W,CITY OF TULSA,,"8,400",R HS IMP,"3,745.62",316.50,,38,"PDF page 38, property #256"
257,17925-92-04-03930,Unknown,LOT 6 BLK 6,HAYDEN-LEWIS ADDN,328 S 46 AV W,CITY OF TULSA,,"8,400",R IMP,"6,595.34",316.50,,38,"PDF page 38, property #257"
258,17925-92-04-04250,Unknown,LT 2 BLK 8,HAYDEN-LEWIS ADDN,316 S 48 AV W,CITY OF TULSA,,"9,660",R IMP,"4,902.17",332.25,,38,"PDF page 38, property #258"
259,17950-92-04-04930,Unknown,LT 7 BLK 3,HAYDEN-LEWIS SECOND ADDN,134 S 42 AV W,CITY OF TULSA,,"8,680",R IMP,"7,308.60",348.00,,38,"PDF page 38, property #259"
260,17950-92-04-05170,Unknown,LT 5 BLK 5,HAYDEN-LEWIS SECOND ADDN,4413 W 3 ST S,CITY OF TULSA,,"7,973",R IMP,"4,853.82",316.50,,39,"PDF page 39, property #260"
261,18375-02-23-01010,Unknown,LOT 8 BLK 2,HIGHLAND HILLS AMD,2716 N BOSTON PL E,CITY OF TULSA,,"6,875",R IMP,"2,382.44",316.50,,39,"PDF page 39, property #261"
262,18375-02-23-01340,Unknown,LT 18 BLK 3,HIGHLAND HILLS AMD,2729 N BOULDER AV W,CITY OF TULSA,,"6,875",R IMP,"2,720.39",332.25,,39,"PDF page 39, property #262"
263,18375-02-23-01370,Unknown,LT 21 BLK 3,HIGHLAND HILLS AMD,2741 N BOULDER AV W,CITY OF TULSA,,"6,875",R HS IMP,"2,102.48",316.50,,39,"PDF page 39, property #263"
264,18375-02-23-01420,Unknown,LT 4 BLK 4,HIGHLAND HILLS AMD,2734 N BOULDER AV W,CITY OF TULSA,,"6,875",R IMP,"2,720.39",300.75,,39,"PDF page 39, property #264"
265,18550-93-05-13060,Unknown,E 50' OF S 95' LT 12 BLK 7,HIGHLANDS ADDN,2505 E 8 ST S,CITY OF TULSA,,"4,750",R IMP,"4,766.19",363.75,,39,"PDF page 39, property #265"
266,18650-93-06-12970,Unknown,LT 12 BLK 13,HILLCREST ADDN,348 S ZUNIS AV E,CITY OF TULSA,,"6,750",R HS IMP,"3,418.25",379.50,,39,"PDF page 39, property #266"
267,18650-93-06-13240,Unknown,LT 7 BLK 16,HILLCREST ADDN,628 S YORKTOWN AV E,CITY OF TULSA,,"6,150",R IMP,"1,261.20",426.75,,40,"PDF page 40, property #267"
268,18725-92-27-11880,Unknown,LOT 22 BLK 3,HILLDALE ADDN,ADDRESS UNKNOWN,CITY OF TULSA,,"7,200",R,101.98,270.75,,40,"PDF page 40, property #268"
269,18725-92-27-12650,Unknown,LOT-8-BLK-7,HILLDALE ADDN,4532 S VANCOUVER AV W,CITY OF TULSA,,"7,200",R,"1,071.89",318.00,,40,"PDF page 40, property #269"
270,18725-92-27-12870,Unknown,LOT-12-BLK-8,HILLDALE ADDN,4527 S VANCOUVER AV W,CITY OF TULSA,,"7,200",R IMP,"1,902.47",332.25,,40,"PDF page 40, property #270"
271,18950-93-33-02280,Unknown,LT 3 BLK 13,HOLLIDAY HILLS ADDN,4370 E 57 PL S,CITY OF TULSA,,"9,660",R HS IMP,"7,604.75",316.50,,40,"PDF page 40, property #271"
272,19175-92-09-00480,Unknown,LT 1 & W 25' VAC 41ST W AVE ADJ BLK 2,HOME GARDENS ADDN,4100 W 8 ST S,CITY OF TULSA,,"33,060",R,439.95,318.00,,40,"PDF page 40, property #272"
273,19275-03-34-02480,Unknown,LOT 13 BLK 1,HOMESTEAD ADDN,1407 N BRADEN AV E,CITY OF TULSA,,"7,290",R IMP,"4,850.84",363.75,,40,"PDF page 40, property #273"
274,19275-03-34-02810,Unknown,LOT 11 BLK 3,HOMESTEAD ADDN,4925 E OKLAHOMA ST N,CITY OF TULSA,,"7,020",R IMP,"5,644.76",426.75,,41,"PDF page 41, property #274"
275,19300-02-26-01250,Unknown,LOT 6 BLK 1 HOMESTEAD VALLEY,1824 N MARTIN LUTHER,KING JR B,CITY OF TULSA,,"6,750",R,268.99,302.25,,41,"PDF page 41, property #275"
276,19500-03-27-06090,Unknown,LOT 20 BLK 3,HOUSTON ADDN,1925 N NORWOOD AV E,CITY OF TULSA,,"7,244",R,461.95,318.00,,41,"PDF page 41, property #276"
277,19650-03-35-06970,Unknown,LT 12 BLK 3,HUFFMAN HGTS,6943 E NEWTON PL N,CITY OF TULSA,,"9,600",R IMP,"4,312.23",332.25,,41,"PDF page 41, property #277"
278,19725-03-30-11560,Unknown,LT 9 BLK 1 HUNT'S SUB RESUB L18-33 B5 & L1-12 B6 ROBERTS,ADDN,1743 E YOUNG PL N,CITY OF TULSA,,"8,911",R IMP,"3,098.35",316.50,,41,"PDF page 41, property #278"
279,19725-03-30-11590,Unknown,LT-12-BLK-1 HUNT'S SUB RESUB L18-33 B5 & L1-12 B6 ROBERTS,ADDN,1729 E YOUNG PL N,CITY OF TULSA,,"8,540",R IMP,"3,471.65",348.00,,41,"PDF page 41, property #279"
280,19950-03-27-07410,Unknown,W 1/2 W1/2 LT 4 BLK 10,INDUSTRIAL ADDN-DAWSON,5409 E XYLER ST N,CITY OF TULSA,,"10,868",R IMP,"2,809.71",316.50,,41,"PDF page 41, property #280"
281,20075-03-31-12100,Unknown,W40 LT 2 & ALL LT 3 BLK 7 INGRAM-LEWIS ADDN,1545 E INDEPENDENCE,ST N,CITY OF TULSA,,"9,000",B IMP,"1,665.90",332.25,,42,"PDF page 42, property #281"
282,20075-03-31-12460,Unknown,LT-13-BLK-10,INGRAM-LEWIS ADDN,723 N ST LOUIS AV E,CITY OF TULSA,,"7,000",R IMP,"1,545.17",316.50,,42,"PDF page 42, property #282"
283,20200-92-23-04123,Unknown,LT 7 & N/2 VAC 36 PL ADJ ON S LESS BEG 70W NEC LT 6 TH S85.8 NW TO NL LT 7 TH E137 POB BLK 1,INTERURBAN ADDN,1519 W 36 PL S,CITY OF TULSA,,"29,294",C IMP,"27,870.38",411.00,,42,"PDF page 42, property #283"
284,20300-92-03-04570,Unknown,LT 11 BLK 8,IRVING PLACE,1707 W EASTON PL N,CITY OF TULSA,,"7,000",R HS IMP,"7,303.81",395.25,,42,"PDF page 42, property #284"
285,20300-92-03-05240,Unknown,LT 8 BLK 14,IRVING PLACE,1919 W CAMERON ST N,CITY OF TULSA,,"7,000",R HS IMP,"4,192.50",332.25,,42,"PDF page 42, property #285"
286,20300-92-03-05280,Unknown,LT 12 BLK 14,IRVING PLACE,1903 W CAMERON ST N,CITY OF TULSA,,"7,000",R IMP,"3,958.93",316.50,,42,"PDF page 42, property #286"
287,20300-92-03-06160,Unknown,E 50' LTS 1 2 BLK 24 IRVING PLACE,1704 W RECONCILIATION,WY N,CITY OF TULSA,,"5,000",R IMP,"6,557.34",316.50,,42,"PDF page 42, property #287"
288,20475-93-16-04710,Unknown,LT 2 BLK 10,JEFFERSON HILLS ADDN,2209 S LOUISVILLE AV E,CITY OF TULSA,,"8,190",R HS IMP,"11,610.21",316.50,,43,"PDF page 43, property #288"
289,20550-03-35-07300,Unknown,LT 16,JENNINGS ADDN,1417 N 71 AV E,CITY OF TULSA,,"8,680",R,579.27,302.25,,43,"PDF page 43, property #289"
290,20575-93-30-08990,Unknown,LT 4 BLK 1,JENNINGS-ROBARDS ADDN,4103 S PEORIA AV E,CITY OF TULSA,,"6,500",C IMP,"6,826.65",332.25,,43,"PDF page 43, property #290"
291,20625-92-04-05368,Unknown,N60 W70 S160 LT 2 BLK A,JOE SUB,ADDRESS UNKNOWN,CITY OF TULSA,,"4,200",R,14.66,791.50,,43,"PDF page 43, property #291"
292,20625-92-04-05790,Unknown,LT 1 BLK B,JOE SUB,402 S 33 AV W,CITY OF TULSA,,"7,000",R IMP,"1,483.85",348.00,,43,"PDF page 43, property #292"
293,20625-92-04-06745,Unknown,N.5 OF S25 OF E.50 OF LT.18 BLK E,JOE SUB,ADDRESS UNKNOWN,CITY OF TULSA,,250,R,7.33,270.75,,43,"PDF page 43, property #293"
294,20725-93-03-06410,Unknown,LT 5 BLK 1 JOHANSEN SUB TR1-2 GLENHAVEN & B3-4 GLEN,HAVEN AMD,6330 E 4 PL S,CITY OF TULSA,,"11,900",R IMP,"5,429.45",395.25,,43,"PDF page 43, property #294"
295,21350-03-30-12520,Unknown,N 80 S 85 W. 1/2 LT 14 BLK 2,KINLOCH PARK,2005 E PINE ST N,CITY OF TULSA,,"7,879",C IMP,"1,129.22",442.50,,44,"PDF page 44, property #295"
296,21350-03-30-12540,Unknown,E 1/2 LTS 14 15 B LK 2,KINLOCH PARK,2013 E PINE ST N,CITY OF TULSA,,"19,021",C IMP,"1,965.13",442.50,,44,"PDF page 44, property #296"
297,21350-03-30-12590,Unknown,S 1/2 LT 17 BLK 2,KINLOCH PARK,1527 N XANTHUS AV E,CITY OF TULSA,,"10,000",R IMP,"1,561.84",646.25,,44,"PDF page 44, property #297"
298,21375-83-11-00430,Unknown,LT 22 BLK 2,KIRKDALE,6937 E 73 ST S,CITY OF TULSA,,"8,763",R IMP,"10,594.27",316.50,,44,"PDF page 44, property #298"
299,21600-02-35-08590,Unknown,LT 28 BLK 1,KRAATZ-GERLACH ADDN,1348 N MAIN ST W,CITY OF TULSA,,"6,165",R HS IMP,"3,695.33",379.50,,44,"PDF page 44, property #299"
300,21825-03-17-02890,Unknown,LT  5 BLK 7,LAKE-VIEW HGTS AMD RESUB PRT B1-2 & B3-6,2868 E 43 ST N,CITY OF TULSA,,"7,316",R,293.30,302.25,,44,"PDF page 44, property #300"
301,21825-03-17-03110,Unknown,LT 27 BLK 7,LAKE-VIEW HGTS AMD RESUB PRT B1-2 & B3-6,2843 E 42 PL N,CITY OF TULSA,,"7,316",R IMP,"2,949.87",332.25,,44,"PDF page 44, property #301"
302,21825-03-17-03140,Unknown,LT 30 BLK 7,LAKE-VIEW HGTS AMD RESUB PRT B1-2 & B3-6,2857 E 42 PL N,CITY OF TULSA,,"7,316",R IMP,"1,727.25",332.25,,45,"PDF page 45, property #302"
303,21825-03-17-03540,Unknown,LT 7 BLK 9,LAKE-VIEW HGTS AMD RESUB PRT B1-2 & B3-6,2820 E 42 ST N,CITY OF TULSA,,"7,440",R IMP,"2,599.74",363.75,,45,"PDF page 45, property #303"
304,21825-03-17-03920,Unknown,LT 26 BLK 10,LAKE-VIEW HGTS AMD RESUB PRT B1-2 & B3-6,4241 N EVANSTON PL E,CITY OF TULSA,,"10,453",R IMP,"2,173.09",348.00,,45,"PDF page 45, property #304"
305,21825-03-17-04060,Unknown,LT 40 BLK 10,LAKE-VIEW HGTS AMD RESUB PRT B1-2 & B3-6,4427 N EVANSTON PL E,CITY OF TULSA,,"7,788",R IMP,"1,273.20",379.50,,45,"PDF page 45, property #305"
306,21850-03-17-04300,Unknown,LT 3 BLK 3,LAKE-VIEW HGTS AMD RESUB B2-3 & L46-47 B10,2840 E 45 PL N,CITY OF TULSA,,"7,728",R IMP,"1,757.15",332.25,,45,"PDF page 45, property #306"
307,21850-03-17-04430,Unknown,LT 16 BLK 3,LAKE-VIEW HGTS AMD RESUB B2-3 & L46-47 B10,2821 E 45 ST N,CITY OF TULSA,,"6,552",R,146.65,302.25,,45,"PDF page 45, property #307"
308,21850-03-17-04520,Unknown,LT 25 LESS W2 BLK 3,LAKE-VIEW HGTS AMD RESUB B2-3 & L46-47 B10,2863 E 45 ST N,CITY OF TULSA,,"6,300",R HS IMP,"1,580.87",332.25,,45,"PDF page 45, property #308"
309,21875-03-17-04770,Unknown,LT 4 BLK 2,LAKEVIEW HGTS SECOND ADDN,4004 N DELAWARE AV E,CITY OF TULSA,,"7,410",R HS IMP,"1,482.90",395.25,,46,"PDF page 46, property #309"
310,21875-03-17-04910,Unknown,LT 18 BLK 2,LAKEVIEW HGTS SECOND ADDN,3838 N DELAWARE AV E,CITY OF TULSA,,"7,410",R,183.31,318.00,,46,"PDF page 46, property #310"
311,21875-03-17-04950,Unknown,LT 2 BLK 3,LAKEVIEW HGTS SECOND ADDN,2830 E 40 PL N,CITY OF TULSA,,"7,800",R,146.65,302.25,,46,"PDF page 46, property #311"
312,21875-03-17-04960,Unknown,LT 3 BLK 3,LAKEVIEW HGTS SECOND ADDN,2826 E 40 PL N,CITY OF TULSA,,"7,800",R HS IMP,"2,289.58",332.25,,46,"PDF page 46, property #312"
313,21875-03-17-05000,Unknown,LT 7 BLK 3,LAKEVIEW HGTS SECOND ADDN,4009 N DELAWARE AV E,CITY OF TULSA,,"8,450",R IMP,"2,561.07",316.50,,46,"PDF page 46, property #313"
314,22025-03-35-07520,Unknown,LT 9 BLK 2,LANE ADDN OF L12 AVIATION VIEW SUB,1226 N 67 AV E,CITY OF TULSA,,"7,356",R IMP,"3,629.63",411.00,,46,"PDF page 46, property #314"
315,22084-02-36-39300,Unknown,LT 4 BLK 1,LANSING INDUSTRIAL PARK III,1414 N NORFOLK AV E,CITY OF TULSA,,"85,606",C IMP,"51,328.20",363.75,,46,"PDF page 46, property #315"
316,22100-92-28-02330,Unknown,LT-9-BLK-1,LAUREL HGTS ADDN,4109 S 41 AV W,CITY OF TULSA,,"8,525",R IMP,"4,589.54",316.50,,47,"PDF page 47, property #316"
317,22100-92-28-03130,Unknown,LT-10-BLK-7,LAUREL HGTS ADDN,3904 W 41 PL S,CITY OF TULSA,,"10,120",R HS IMP,"5,361.41",332.25,,47,"PDF page 47, property #317"
318,22175-92-08-02140,Unknown,LT 11 BLK 4,LAWNWOOD ADDN,6037 W 9 ST S,CITY OF TULSA,,"7,500",R IMP,"1,229.87",348.00,,47,"PDF page 47, property #318"
319,22200-03-36-00370,Unknown,LT 7 BLK 3,LAYMAN ACRES,8934 E MARSHALL PL N,CITY OF TULSA,,"7,320",R HS IMP,"5,094.88",316.50,,47,"PDF page 47, property #319"
320,22300-02-25-13780,Unknown,LT 1 BLK 3,LECLAIRE ADDN,2204 N MADISON AV E,CITY OF TULSA,,"7,314",R IMP,"2,419.09",316.50,,47,"PDF page 47, property #320"
321,22300-02-25-14130,Unknown,LT 12 BLK 4,LECLAIRE ADDN,2250 N LANSING AV E,CITY OF TULSA,,"7,208",R,439.95,286.50,,47,"PDF page 47, property #321"
322,22300-02-25-14280,Unknown,LTS 10 & 11 BLK 5,LECLAIRE ADDN,2143 N MIDLAND PL E,CITY OF TULSA,,"21,128",R IMP,615.99,332.25,,47,"PDF page 47, property #322"
323,22350-93-31-06310,Unknown,LT 2 BLK 11,LECRONE'S LAZY L ADDN B9-12,1608 E 54 ST S,CITY OF TULSA,,"7,620",R IMP,"7,464.70",332.25,,48,"PDF page 48, property #323"
324,22500-93-11-03590,Unknown,LT 28 BLK 3,LEISURE LANES,6943 E 17 ST S,CITY OF TULSA,,"7,686",R HS IMP,"8,641.73",411.00,,48,"PDF page 48, property #324"
325,22600-93-11-06975,Unknown,W15 LT 6 BLK 1,LEISURE LANES SECOND ADDN,ADDRESS UNKNOWN,CITY OF TULSA,,810,R,14.66,286.50,,48,"PDF page 48, property #325"
326,22600-93-11-06985,Unknown,W15 LT 7 BLK 1,LEISURE LANES SECOND ADDN,ADDRESS UNKNOWN,CITY OF TULSA,,810,R,14.66,286.50,,48,"PDF page 48, property #326"
327,22600-93-11-06995,Unknown,W15 LT 8 BLK 1,LEISURE LANES SECOND ADDN,ADDRESS UNKNOWN,CITY OF TULSA,,810,R,14.66,318.00,,48,"PDF page 48, property #327"
328,22600-93-11-07115,Unknown,W15 LT 3 BLK 2,LEISURE LANES SECOND ADDN,ADDRESS UNKNOWN,CITY OF TULSA,,825,R,14.66,333.75,,48,"PDF page 48, property #328"
329,22700-93-19-07460,Unknown,E 1/2 LT 3 BLK 2,LEOKI PLACE,1424 E 36 PL S,CITY OF TULSA,,"7,420",R IMP,"15,265.59",348.00,,48,"PDF page 48, property #329"
330,22775-94-17-02590,Unknown,LOT-5-BLK-9,LESLIE LEIGH SECOND ADDN,2325 S 119 AV E,CITY OF TULSA,,"8,494",R IMP,"7,281.27",363.75,,49,"PDF page 49, property #330"
331,23000-03-27-08140,Unknown,LTS 2 & 3 & N/2 LT 4 & E635.5 S/2 LT 4 & E635.5 LT 5 BLK 3,S R LEWIS ADDN,APACHE & N YALE AV E,CITY OF TULSA,,"297,810",C,"3,509.05",302.25,,49,"PDF page 49, property #331"
332,23125-02-25-14610,Unknown,LT 7 BLK 1,LIBERTY 2ND ADDN,2001 N OWASSO AV E,CITY OF TULSA,,"6,900",R HS IMP,"2,740.17",395.25,,49,"PDF page 49, property #332"
333,23125-02-25-14790,Unknown,LT 3 BLK 3,LIBERTY 2ND ADDN,2016 N NORFOLK AV E,CITY OF TULSA,,"6,900",R IMP,"4,116.25",332.25,,49,"PDF page 49, property #333"
334,23125-02-25-15020,Unknown,LT 1 BLK 5,LIBERTY 2ND ADDN,1880 N MADISON PL E,CITY OF TULSA,,"6,900",R,733.26,333.75,,49,"PDF page 49, property #334"
335,23125-02-25-15060,Unknown,LT 5 BLK 5,LIBERTY 2ND ADDN,1864 N MADISON PL E,CITY OF TULSA,,"6,900",R HS IMP,"1,974.36",332.25,,49,"PDF page 49, property #335"
336,23125-02-25-15260,Unknown,LT 10 BLK 6,LIBERTY 2ND ADDN,1863 N MADISON PL E,CITY OF TULSA,,"6,900",R IMP,"8,525.46",363.75,,49,"PDF page 49, property #336"
337,23125-02-25-15350,Unknown,LT 5 BLK 7,LIBERTY 2ND ADDN,1864 N OWASSO AV E,CITY OF TULSA,,"6,900",R IMP,"3,140.35",332.25,,50,"PDF page 50, property #337"
338,23175-03-30-13010,Unknown,LT 1 BLK 1,LINCOLN HGTS,2545 N ROCKFORD AV E,CITY OF TULSA,,"9,500",C IMP,986.56,363.75,,50,"PDF page 50, property #338"
339,23175-03-30-13240,Unknown,LT 13 BLK 2,LINCOLN HGTS,2507 N QUINCY AV E,CITY OF TULSA,,"7,700",R IMP,"1,612.50",316.50,,50,"PDF page 50, property #339"
340,23175-03-30-13500,Unknown,LT 17 BLK 3,LINCOLN HGTS,2525 N QUAKER AV E,CITY OF TULSA,,"6,720",R HS IMP,"1,856.04",348.00,,50,"PDF page 50, property #340"
341,23175-03-30-13510,Unknown,LT 18 BLK 3,LINCOLN HGTS,2529 N QUAKER AV E,CITY OF TULSA,,"7,280",R IMP,"1,358.53",442.50,,50,"PDF page 50, property #341"
342,23175-03-30-13610,Unknown,LT 6 BLK 4,LINCOLN HGTS,2526 N QUAKER AV E,CITY OF TULSA,,"7,000",R IMP,"3,115.02",316.50,,50,"PDF page 50, property #342"
343,23175-03-30-13620,Unknown,N/2 LT 7 BLK 4,LINCOLN HGTS,ADDRESS UNKNOWN,CITY OF TULSA,,"3,500",R,29.33,270.75,,50,"PDF page 50, property #343"
344,23175-03-30-13650,Unknown,LT 10 BLK 4,LINCOLN HGTS,2508 N QUAKER AV E,CITY OF TULSA,,"7,700",R IMP,"2,088.45",348.00,,51,"PDF page 51, property #344"
345,23175-03-30-13720,Unknown,LT 17 BLK 4,LINCOLN HGTS,2525 N PEORIA AV E,CITY OF TULSA,,"7,000",R IMP,"2,419.09",316.50,,51,"PDF page 51, property #345"
348,23325-92-11-33290,Unknown,"UNIT 200-0322-D & 0.0024038 INT IN COMMON ELEMENTS OF CENTRAL PARK CONDOMINIUM BEING PRT BLKS 1 & 2 & 7 & 8 LINDSEY 1ST ADDN 410 W 7 ST S CITY OF TULSA R       IMP 2,911.04 363.75 349 23410-83-04-37790 LT 15 BLK 4 LIVINGSTON PARK SOUTH RESUB PRT LIVINGSTON",PARK B1,6444 S SANDUSKY AV E,CITY OF TULSA,,"13,912",R HS IMP,"14,856.04",363.75,,51,"PDF page 51, property #348"
350,23410-83-04-38510,Unknown,LT 33 BLK 7 LIVINGSTON PARK SOUTH RESUB PRT LIVINGSTON,PARK B1,4128 E 63 ST S,CITY OF TULSA,,"15,127",R IMP,"27,481.17",332.25,,52,"PDF page 52, property #350"
351,23425-02-35-09670,Unknown,LT 3 BLK 4,LLOYD ADDN,1440 N MAIN ST W,CITY OF TULSA,,"6,850",R HS IMP,"8,225.20",379.50,,52,"PDF page 52, property #351"
352,23600-93-24-15470,Unknown,LOT-23-BLK-2,LONGVIEW ACRES 3RD ADDN,8149 E 31 CT S,CITY OF TULSA,,"8,470",R HS IMP,"6,496.28",348.00,,52,"PDF page 52, property #352"
353,23625-93-13-04820,Unknown,LT 9 BLK 1,LONGVIEW ACRES FOURTH,2911 S 94 AV E,CITY OF TULSA,,"9,450",R IMP,"10,330.96",316.50,,52,"PDF page 52, property #353"
354,23707-94-18-27720,Unknown,LT 19 LESS PRT BEG SECR TH NW9.40 NLY88.20 E3.46 S90 POB BLK 22,LONGVIEW LAKE ESTATES B17-22,2711 S 104 AV E,CITY OF TULSA,,"8,975",R HS IMP,"8,317.54",348.00,,52,"PDF page 52, property #354"
355,23708-94-18-20720,Unknown,LT 3 BLK 24,LONGVIEW LAKE ESTATES B23-29,10150 E 25 ST S,CITY OF TULSA,,"8,376",R IMP,"12,164.78",332.25,,52,"PDF page 52, property #355"
356,23708-94-18-21560,Unknown,LT 16 BLK 27,LONGVIEW LAKE ESTATES B23-29,10210 E 23 PL S,CITY OF TULSA,,"7,700",R IMP,"12,389.42",316.50,,52,"PDF page 52, property #356"
357,23850-93-15-11970,Unknown,LT 1 BLK 1,LORTONDALE ADDN,4999 E 26 ST S,CITY OF TULSA,,"9,594",R HS IMP,"5,479.42",316.50,,53,"PDF page 53, property #357"
358,23850-93-15-12810,Unknown,LT 17 BLK 4,LORTONDALE ADDN,4920 E 26 PL S,CITY OF TULSA,,"9,246",R IMP,"7,334.48",316.50,,53,"PDF page 53, property #358"
359,23900-03-27-09090,Unknown,LOT-13-BLK-5,LOSEY'S ADDN,1514 N KINGSTON AV E,CITY OF TULSA,,"8,400",R IMP,"2,886.37",316.50,,53,"PDF page 53, property #359"
360,23900-03-27-09230,Unknown,LT-27-BLK-5,LOSEY'S ADDN,1555 N JOPLIN AV E,CITY OF TULSA,,"8,400",R IMP,"4,269.57",316.50,,53,"PDF page 53, property #360"
361,23900-03-27-09360,Unknown,LOT-9-BLK-6,LOSEY'S ADDN,1532 N KINGSTON PL E,CITY OF TULSA,,"8,400",R IMP,"3,982.26",332.25,,53,"PDF page 53, property #361"
362,24175-03-28-02800,Unknown,LOT-16-BLK-5,LOUISVILLE HGTS ADDN B1-8,1727 N HARVARD AV E,CITY OF TULSA,,"7,200",R IMP,"2,996.36",395.25,,53,"PDF page 53, property #362"
363,24200-03-28-04080,Unknown,LT 13 BLK 12 LOUISVILLE HGTS ADDN B9-30,1803 N INDIANAPOLIS AV,E,CITY OF TULSA,,"7,850",R HS IMP,"3,365.01",348.00,,53,"PDF page 53, property #363"
364,24200-03-28-06670,Unknown,LOT 3 BLK 27,LOUISVILLE HGTS ADDN B9-30,1588 N OSWEGO AV E,CITY OF TULSA,,"7,200",R IMP,"3,607.63",332.25,,54,"PDF page 54, property #364"
365,24225-02-25-16180,Unknown,LT 7 BLK 1,LOVE ADDN SUB L1-3 & 8-10 B5 ACRE GARDENS ADDN,324 E YOUNG PL N,CITY OF TULSA,,"7,000",R IMP,"2,886.37",363.75,,54,"PDF page 54, property #365"
366,24225-02-25-16210,Unknown,LT 10 BLK 1,LOVE ADDN SUB L1-3 & 8-10 B5 ACRE GARDENS ADDN,331 E YOUNG ST N,CITY OF TULSA,,"7,000",R IMP,"2,512.41",316.50,,54,"PDF page 54, property #366"
367,24275-93-06-14960,Unknown,LT 8 BLK 6,LYNCH & FORSYTHE'S ADDN,ADDRESS UNKNOWN,CITY OF TULSA,,"6,500",R,429.29,286.50,,54,"PDF page 54, property #367"
368,24275-93-06-15050,Unknown,LT 14 BLK 6,LYNCH & FORSYTHE'S ADDN,1411 E ADMIRAL BV N,CITY OF TULSA,,"6,500",C,953.23,286.50,,54,"PDF page 54, property #368"
369,24275-93-06-15060,Unknown,LT 15 BLK 6,LYNCH & FORSYTHE'S ADDN,1415 E ADMIRAL BV N,CITY OF TULSA,,"6,500",C IMP,"1,319.86",332.25,,54,"PDF page 54, property #369"
370,24275-93-06-15090,Unknown,LT 18 BLK 6,LYNCH & FORSYTHE'S ADDN,1427 E ADMIRAL BV N,CITY OF TULSA,,"6,500",C,953.23,286.50,,54,"PDF page 54, property #370"
371,24275-93-06-15100,Unknown,LT 19 BLK 6,LYNCH & FORSYTHE'S ADDN,1431 E ADMIRAL BV N,CITY OF TULSA,,"6,500",C,76.65,302.25,,55,"PDF page 55, property #371"
372,24275-93-06-15110,Unknown,LT 20 BLK 6,LYNCH & FORSYTHE'S ADDN,1435 E ADMIRAL BV N,CITY OF TULSA,,"6,500",C IMP,"3,321.66",332.25,,55,"PDF page 55, property #372"
373,24275-93-06-15130,Unknown,LT 22 BLK 6,LYNCH & FORSYTHE'S ADDN,1441 E ADMIRAL BV N,CITY OF TULSA,,"6,500",C IMP,"2,587.07",332.25,,55,"PDF page 55, property #373"
374,24275-93-06-15250,Unknown,LT 12 BLK 7,LYNCH & FORSYTHE'S ADDN,ADDRESS UNKNOWN,CITY OF TULSA,,"6,500",R,429.29,333.75,,55,"PDF page 55, property #374"
375,24275-93-06-17060,Unknown,LT 8 & PRT LT 9 BEG NEC TH WLY.32 SLY TO PT ON SL ELY.14 NLY POB BLK 19,LYNCH & FORSYTHE'S ADDN,1414 E 4 ST S,CITY OF TULSA,,"7,786",C IMP,"9,539.71",316.50,,55,"PDF page 55, property #375"
376,24400-03-28-07930,Unknown,LT 15 BLK 3,LYNNWOOD ADDN,2402 N OSWEGO AV E,CITY OF TULSA,,"8,645",R IMP,"2,206.44",348.00,,55,"PDF page 55, property #376"
377,24400-03-28-08320,Unknown,LT 3 BLK 5,LYNNWOOD ADDN,3910 E YOUNG ST N,CITY OF TULSA,,"8,060",R IMP,"2,071.12",316.50,,55,"PDF page 55, property #377"
378,24475-92-04-07370,Unknown,LT 12,MADISIN ACRES ADDN,3820 W ADMIRAL BV S,CITY OF TULSA,,"14,600",R IMP,"1,042.31",348.00,,56,"PDF page 56, property #378"
379,24525-94-07-04110,Unknown,LT 25 BLK 13,MAGIC CIRCLE ADDN,1622 S 108 AV E,CITY OF TULSA,,"8,592",R HS IMP,"6,830.15",316.50,,56,"PDF page 56, property #379"
380,24675-03-31-13180,Unknown,LT-15-BLK-1,MAGIC CITY ADDN,1427 N ST LOUIS AV E,CITY OF TULSA,,"7,250",R HS IMP,"1,003.06",332.25,,56,"PDF page 56, property #380"
381,24675-03-31-13270,Unknown,LOT-8-BLK-2,MAGIC CITY ADDN,1404 N ST LOUIS AV E,CITY OF TULSA,,"7,000",R IMP,"1,697.83",316.50,,56,"PDF page 56, property #381"
382,24775-93-27-02508,Unknown,"UNIT 5352 BLDG 2 & 9.0155 INT IN COMMON ELEMENTS IN FULTON PARK TOWNEHOMES BEING A PRT OF LTS 1 THRU 3 MAGNOLIA MANOR 3RD ADDN RESUB LT 1 BLK 2 MAGNOLIA MANOR 2ND MAGNOLIA MANOR 3RD ADDN RESUB L1 B2 MAGNOLIA MANOR 2ND 5352 E 47 PL S CITY OF TULSA R       IMP 3,299.67 332.25 383 24925-02-36-17420 LT 1 BLK 3",MANN'S ADDN,1084 N NORFOLK AV E,CITY OF TULSA,,"5,000",R HS IMP,"1,199.79",395.25,,56,"PDF page 56, property #382"
384,24925-02-36-17440,Unknown,LT 3 BLK 3,MANN'S ADDN,1076 N NORFOLK AV E,CITY OF TULSA,,"5,000",R,197.98,333.75,,57,"PDF page 57, property #384"
385,24925-02-36-17470,Unknown,LT 6 BLK 3,MANN'S ADDN,1062 N NORFOLK AV E,CITY OF TULSA,,"5,000",R IMP,"1,497.18",348.00,,57,"PDF page 57, property #385"
386,24925-02-36-18110,Unknown,LT 4 LESS BEG SWC LT 4 TH N49 E54.81 S49 W54.25 POB BLK 6,MANN'S ADDN,1018 N MADISON AV E,CITY OF TULSA,,"3,430",R IMP,"1,862.48",316.50,,57,"PDF page 57, property #386"
387,25000-92-12-08076,Unknown,"UNIT 4 & 1/4 INT IN COMMON ELEMENTS IN 1617 SOUTH CINCINNATI BEING PRT LT 7 BLK 12 MAPLE PARK ADDN 1617 S CINCINNATI AV E CITY OF TULSA R    HS IMP 5,800.47 332.25 388 25025-92-12-08940 E.50 OF LT 8 & ALL LT 7 BLK 7",MAPLE RIDGE ADDN,1002 E 20 ST S,CITY OF TULSA,,"12,300",R HS IMP,"40,051.99",348.00,,57,"PDF page 57, property #387"
389,25050-03-34-03580,Unknown,LT 1 BLK 1,MAPLEWOOD ADDN,1455 N KINGSTON PL E,CITY OF TULSA,,"10,800",R IMP,"4,724.19",316.50,,57,"PDF page 57, property #389"
390,25050-03-34-06390,Unknown,LT 53 BLK 14,MAPLEWOOD ADDN,5929 E KING ST N,CITY OF TULSA,,"7,182",R IMP,"5,882.74",395.25,,57,"PDF page 57, property #390"
391,25150-03-34-10030,Unknown,LT 8 BLK 22,MAPLEWOOD EXTENDED ADDN,1059 N IRVINGTON AV E,CITY OF TULSA,,"7,080",R HS IMP,"4,655.65",316.50,,58,"PDF page 58, property #391"
392,25200-03-35-07780,Unknown,LT 1 BLK 2 MAPLEWOOD 2ND ALSO LT 1 BLK  22 W PART VAL CHARLES ALL ASSESSED IN   MAPLEWOOD 2ND MAPLEWOOD 2ND ADDN OF TR A POLSTON ACRES,6780 E INDEPENDENCE,ST N,CITY OF TULSA,,"8,260",R HS IMP,"4,404.05",332.25,,58,"PDF page 58, property #392"
393,25225-03-35-09460,Unknown,LT 9 BLK 1,MAPLEWOOD THIRD ADDN,7849 E KING PL N,CITY OF TULSA,,"7,366",R IMP,"4,414.22",348.00,,58,"PDF page 58, property #393"
394,25225-03-35-09930,Unknown,LT 29 BLK 3,MAPLEWOOD THIRD ADDN,7845 E KING ST N,CITY OF TULSA,,"7,714",R HS IMP,"1,713.76",316.50,,58,"PDF page 58, property #394"
395,25375-03-29-05230,Unknown,LT 9 BLK 1,MARION TERRACE ADDN,3209 E XYLER ST N,CITY OF TULSA,,"8,340",R IMP,"8,084.52",332.25,,58,"PDF page 58, property #395"
396,25375-03-29-05240,Unknown,LT 10 BLK 1,MARION TERRACE ADDN,3215 E XYLER ST N,CITY OF TULSA,,"8,340",R HS IMP,"3,313.80",348.00,,58,"PDF page 58, property #396"
397,25500-03-29-05850,Unknown,W.45 OF LT 3 BLK 1,MARTIN ADDN,2604 E TECUMSEH ST N,CITY OF TULSA,,"6,030",R IMP,"1,095.22",348.00,,59,"PDF page 59, property #397"
398,25500-03-29-06000,Unknown,N.1/2 OF LT 3 BLK 4,MARTIN ADDN,1831 N BIRMINGHAM PL E,CITY OF TULSA,,"9,648",R IMP,"3,123.68",348.00,,59,"PDF page 59, property #398"
399,25500-03-29-06060,Unknown,W.84 OF LT 1 BLK 5,MARTIN ADDN,2625 E TECUMSEH ST N,CITY OF TULSA,,"11,172",R IMP,"3,310.33",332.25,,59,"PDF page 59, property #399"
400,25525-03-29-06940,Unknown,LT 6 BLK 6,MARTIN ADDN RESUB PRT L1 & ALL L2-5 B6,2012 N COLUMBIA AV E,CITY OF TULSA,,"7,632",R HS IMP,"3,645.63",363.75,,59,"PDF page 59, property #400"
401,25550-03-29-07010,Unknown,N/2 LT 3  BLK 13,MARTIN SECOND ADDN,1829 N DELAWARE AV E,CITY OF TULSA,,"10,080",R IMP,"2,783.21",332.25,,59,"PDF page 59, property #401"
402,25575-03-19-05190,Unknown,LT 4 BLK 2,MARTIN ROLL ADDN,2735 N QUINCY AV E,CITY OF TULSA,,"7,000",R IMP,"1,147.21",316.50,,59,"PDF page 59, property #402"
403,25575-03-19-05410,Unknown,LT 24 BLK 2,MARTIN ROLL ADDN,ADDRESS UNKNOWN,CITY OF TULSA,,"7,000",R,124.65,270.75,,59,"PDF page 59, property #403"
404,25650-03-34-12590,Unknown,LT 8 BLK 4,MARY ELLEN SECOND,816 N HUDSON AV E,CITY OF TULSA,,"8,424",R IMP,"4,278.23",316.50,,60,"PDF page 60, property #404"
405,25675-93-15-17960,Unknown,LT 2 BLK 10,MARY FRANCES ADDN,2310 S HUDSON PL E,CITY OF TULSA,,"7,320",R IMP,"9,532.38",316.50,,60,"PDF page 60, property #405"
406,25775-03-33-09190,Unknown,S. 72' OF W. 150' LOT 9 BLK 1,MARYLAND GARDENS ADDN,813 N SANDUSKY AV E,CITY OF TULSA,,"10,800",R IMP,"2,725.06",332.25,,60,"PDF page 60, property #406"
407,25775-03-33-10030,Unknown,E 65 W 130 N 110 LT 10 BLK 4 MARYLAND GARDENS ADDN,4109 E INDEPENDENCE,ST N,CITY OF TULSA,,"7,150",R IMP,"2,715.72",316.50,,60,"PDF page 60, property #407"
408,25775-03-33-10290,Unknown,W.50 E.150 LT 1 BLK 6 MARYLAND GARDENS ADDN,4328 E INDEPENDENCE,ST N,CITY OF TULSA,,"5,000",R IMP,"1,833.15",332.25,,60,"PDF page 60, property #408"
409,25800-03-32-08990,Unknown,LT 9 BLK 1,MARYLAND HGTS ADDN,1423 N COLLEGE AV E,CITY OF TULSA,,"7,830",R IMP,"2,979.03",348.00,,60,"PDF page 60, property #409"
410,25800-03-32-09420,Unknown,LT 2 BLK 4,MARYLAND HGTS ADDN,1458 N EVANSTON AV E,CITY OF TULSA,,"7,830",R IMP,"2,469.01",316.50,,60,"PDF page 60, property #410"
411,25800-03-32-09470,Unknown,LT 7 BLK 4,MARYLAND HGTS ADDN,1434 N EVANSTON AV E,CITY OF TULSA,,"7,830",R IMP,"1,026.56",332.25,,61,"PDF page 61, property #411"
412,25975-93-30-09740,Unknown,LT 28 BLK 1,MAX CAMPBELL 3RD ADDN,1513 E 43 PL S,CITY OF TULSA,,"7,500",R IMP,"10,338.96",332.25,,61,"PDF page 61, property #412"
413,26250-92-05-02570,Unknown,LT-3-BLK-2,MAYFAIR ADDN,4914 W 1 ST S,CITY OF TULSA,,"8,400",R IMP,"3,382.32",348.00,,61,"PDF page 61, property #413"
414,26275-93-09-07670,Unknown,LT-5-BLK-1,MAYO ADDN,4004 E 11 ST S,CITY OF TULSA,,"5,000",C IMP,"7,361.93",316.50,,61,"PDF page 61, property #414"
415,26300-93-16-10560,Unknown,LT 6 BLK 8,MAYO MEADOW,4404 E 23 ST S,CITY OF TULSA,,"7,800",R HS IMP,"10,828.56",348.00,,61,"PDF page 61, property #415"
416,26390-94-16-15330,Unknown,LT 2 BLK 4,MAYO PLAZA EXTENDED ADDN,2716 S 130 AV E,CITY OF TULSA,,"8,223",R IMP,"6,353.46",363.75,,61,"PDF page 61, property #416"
417,26725-02-25-16640,Unknown,S.112' LOT 18-BLK-1,MEADOWBROOK ADDN,515 E UTE ST N,CITY OF TULSA,,"6,720",R HS IMP,"1,216.55",348.00,,61,"PDF page 61, property #417"
418,26725-02-25-17590,Unknown,N120 & W10 S120 LT 29 BLK 5,MEADOWBROOK ADDN,252 E UTE ST,CITY OF TULSA,,"7,200",R,199.98,318.00,,62,"PDF page 62, property #418"
419,26725-02-25-17680,Unknown,LOT-3-BLK-6,MEADOWBROOK ADDN,412 E UTE ST N,CITY OF TULSA,,"9,000",R IMP,"3,047.69",584.25,,62,"PDF page 62, property #419"
420,26725-02-25-17850,Unknown,LOT-9-BLK-7,MEADOWBROOK ADDN,ADDRESS UNKNOWN,CITY OF TULSA,,"9,000",R,843.24,302.25,,62,"PDF page 62, property #420"
421,26725-02-25-17880,Unknown,LOT-12-BLK-7,MEADOWBROOK ADDN,548 E UTE ST N,CITY OF TULSA,,"9,000",R IMP,"2,444.42",395.25,,62,"PDF page 62, property #421"
422,26725-02-25-17890,Unknown,LT-13-BLK-7,MEADOWBROOK ADDN,542 E UTE ST N,CITY OF TULSA,,"9,000",R,450.62,318.00,,62,"PDF page 62, property #422"
423,26725-02-25-19110,Unknown,E.40'LOT-3-BLK-11,MEADOWBROOK ADDN,252 E SEMINOLE PL N,CITY OF TULSA,,"6,900",R,263.97,302.25,,62,"PDF page 62, property #423"
424,26725-02-25-19570,Unknown,LOT-28-BLK-12,MEADOWBROOK ADDN,412 E SEMINOLE PL N,CITY OF TULSA,,"9,000",R HS IMP,"1,869.42",316.50,,62,"PDF page 62, property #424"
425,26725-02-25-30400,Unknown,N120 LT 30 BLK 5,MEADOWBROOK ADDN,254 E UTE ST,CITY OF TULSA,,"6,000",R,166.65,318.00,,63,"PDF page 63, property #425"
426,26735-02-25-19950,Unknown,LOT-35-BLK-6 MEADOWBROOK SECOND ADDN RESUB B6-7 ACRE,GARDENS ADDN,323 E XYLER ST N,CITY OF TULSA,,"8,960",R IMP,"2,274.43",363.75,,63,"PDF page 63, property #426"
427,26735-02-25-20380,Unknown,LOT-35-BLK-7 MEADOWBROOK SECOND ADDN RESUB B6-7 ACRE,GARDENS ADDN,323 E WOODROW PL N,CITY OF TULSA,,"8,960",R IMP,"2,062.46",332.25,,63,"PDF page 63, property #427"
428,26750-94-04-01940,Unknown,LT 1 BLK 11,MEADOWBROOK HGTS ADDN,ADDRESS UNKNOWN,CITY OF TULSA,,"10,313",R,87.99,333.75,,63,"PDF page 63, property #428"
429,26750-94-04-02040,Unknown,LT 11 BLK 11,MEADOWBROOK HGTS ADDN,ADDRESS UNKNOWN,CITY OF TULSA,,"10,313",R,92.65,333.75,,63,"PDF page 63, property #429"
430,26750-94-04-02190,Unknown,LT 15 BLK 12,MEADOWBROOK HGTS ADDN,ADDRESS UNKNOWN,CITY OF TULSA,,"10,313",R,92.65,333.75,,63,"PDF page 63, property #430"
431,26750-94-04-02310,Unknown,LT 11 BLK 13,MEADOWBROOK HGTS ADDN,ADDRESS UNKNOWN,CITY OF TULSA,,"10,313",R,92.65,318.00,,63,"PDF page 63, property #431"
432,26800-02-25-20440,Unknown,LT 1 BLK 1 MEADOWVALE ADDN RESUB L6&15 B8 & L6-15 B9,ACRE GARDENS,250 E WOODROW ST N,CITY OF TULSA,,"6,300",R,117.32,302.25,,64,"PDF page 64, property #432"
433,26800-02-25-20510,Unknown,LT 8 BLK 1 MEADOWVALE ADDN RESUB L6&15 B8 & L6-15 B9,ACRE GARDENS,224 E WOODROW ST N,CITY OF TULSA,,"7,000",R IMP,"1,659.83",348.00,,64,"PDF page 64, property #433"
434,26825-93-01-07370,Unknown,LT 20 BLK 7,MEADOWOOD ADDN,172 S 91 AV E,CITY OF TULSA,,"7,564",R HS IMP,"4,166.25",316.50,,64,"PDF page 64, property #434"
435,26825-93-01-08300,Unknown,LT 14 BLK 10,MEADOWOOD ADDN,9126 E 4 ST S,CITY OF TULSA,,"7,320",R HS IMP,"4,163.58",379.50,,64,"PDF page 64, property #435"
436,26925-02-26-02150,Unknown,LT 7 BLK 1 MELROSE 2ND ADDN,1624 N MARTIN LUTHER,KING JR B,CITY OF TULSA,,"6,750",R HS IMP,"1,635.06",316.50,,64,"PDF page 64, property #436"
437,27075-93-24-16280,Unknown,LOT 20 BLK 3,MEMORIAL ESTATES ADDN,3815 S 82 AV E,CITY OF TULSA,,"8,178",R HS IMP,"9,295.24",426.75,,64,"PDF page 64, property #437"
438,27075-93-24-17260,Unknown,LOT 8 BLK 7,MEMORIAL ESTATES ADDN,3843 S 88 PL E,CITY OF TULSA,,"9,380",R IMP,"12,024.13",348.00,,64,"PDF page 64, property #438"
439,27300-93-14-10790,Unknown,LT 6 BLK 1,MICHAEL HGTS ADDN,7610 E 21 ST S,CITY OF TULSA,,"7,200",R HS IMP,"5,444.74",316.50,,65,"PDF page 65, property #439"
440,27325-93-14-12410,Unknown,BEG 90' E OF NWC LOT 1 BLK 11 TH E ON N L  60' TO PT S 150.10' W 60' N 150.10'  TO BEG,MICHAEL HGTS EXT ADDN,7924 E 21 ST S,CITY OF TULSA,,"9,006",C IMP,"5,829.41",332.25,,65,"PDF page 65, property #440"
441,27375-93-14-13530,Unknown,LT 1 LESS N10 E80 THEREOF BLK 18,MICHAEL HGTS EXT ADDN RESUB PRT L1 B11,7944 E 21 ST S,CITY OF TULSA,,"25,931",C IMP,"21,627.17",332.25,,65,"PDF page 65, property #441"
442,27425-02-25-20750,Unknown,N48.33 OF W/2 LT 1 LESS N5 THEREOF BLK 1,MIDDLETON ADDN,ADDRESS UNKNOWN,CITY OF TULSA,,"6,599",R,124.65,381.00,,65,"PDF page 65, property #442"
443,27425-02-25-20840,Unknown,S 48 & TWO THIRDS E 1/2 LT 4 BLK 1,MIDDLETON ADDN,1834 N MADISON PL E,CITY OF TULSA,,"7,350",R,124.65,318.00,,65,"PDF page 65, property #443"
444,27425-02-25-21050,Unknown,S 1/2 W 1/2 LT 15 BLK 1,MIDDLETON ADDN,1833 N MADISON PL E,CITY OF TULSA,,"5,550",R,299.46,302.25,,65,"PDF page 65, property #444"
445,27425-02-25-21060,Unknown,N 1/2 W 1/2 LT 15 BLK 1,MIDDLETON ADDN,1835 N MADISON PL E,CITY OF TULSA,,"5,550",R,117.32,302.25,,65,"PDF page 65, property #445"
446,27425-02-25-21080,Unknown,N 23.33' W 140' LT 16 & S. 25 W. 140' LT 17 BLK 1,MIDDLETON ADDN,ADDRESS UNKNOWN,CITY OF TULSA,,"6,766",R,109.98,333.75,,66,"PDF page 66, property #446"
447,27550-93-08-18710,Unknown,LT 9 BLK 1 MILES ADDN RESUB L2 B1& L2 B2 & ALL B4 FAIR,ACRES ADDN,1239 S ATLANTA PL E,CITY OF TULSA,,"7,000",R HS IMP,"3,527.85",348.00,,66,"PDF page 66, property #447"
448,27775-03-36-02105,Unknown,S80 LT 2 BLK 6,MINGO VALLEY SUB NO 1,823 N 89 AV E,CITY OF TULSA,,"23,200",R HS IMP,"4,243.04",332.25,,66,"PDF page 66, property #448"
449,27775-03-36-02215,Unknown,LT 4 BLK 7,MINGO VALLEY SUB NO 1,501 N 89 AV E,CITY OF TULSA,,"39,150",R IMP,"4,728.19",363.75,,66,"PDF page 66, property #449"
450,27795-83-10-15210,Unknown,LT 9 BLK 2,MINSHALL PARK I,7419 S LAKEWOOD AV E,CITY OF TULSA,,"9,360",R HS IMP,"12,843.29",316.50,,66,"PDF page 66, property #450"
451,27795-83-10-16650,Unknown,LT 25 BLK 8,MINSHALL PARK I,6207 E 77 PL S,CITY OF TULSA,,"8,357",R HS IMP,"9,711.23",316.50,,66,"PDF page 66, property #451"
452,27875-92-11-03560,Unknown,LT 25 BLK 2,MITCHELL-CROSBIE ADDN,705 S PHOENIX AV W,CITY OF TULSA,,"7,000",R IMP,"13,345.33",332.25,,66,"PDF page 66, property #452"
453,27875-92-11-03570,Unknown,W 1/2 LT 26 BLK 2,MITCHELL-CROSBIE ADDN,701 S PHOENIX AV W,CITY OF TULSA,,"3,510",R IMP,"5,389.46",332.25,,67,"PDF page 67, property #453"
454,28000-03-33-12508,Unknown,W1.45 LT 11 BLK 10,MODERN HGTS,ADDRESS UNKNOWN,CITY OF TULSA,,60,R,7.33,270.75,,67,"PDF page 67, property #454"
455,28025-93-11-08980,Unknown,LT 7 BLK 8,MOELLER HGTS,1942 S 74 AV E,CITY OF TULSA,,"8,385",R HS IMP,"3,392.99",332.25,,67,"PDF page 67, property #455"
456,28150-03-21-02040,Unknown,LT 21 BLK 3,MOHAWK HARVARD,ADDRESS UNKNOWN,CITY OF TULSA,,"6,750",R,73.32,270.75,,67,"PDF page 67, property #456"
457,28150-03-21-02050,Unknown,LT 22 BLK 3,MOHAWK HARVARD,ADDRESS UNKNOWN,CITY OF TULSA,,"6,750",R,73.32,286.50,,67,"PDF page 67, property #457"
458,28150-03-21-03280,Unknown,PRT LT 13 BEG NWC TH S20.43 SE55.9 N45.34 W50 POB BLK 10,MOHAWK HARVARD,ADDRESS UNKNOWN,CITY OF TULSA,,"1,644",R,14.66,302.25,,67,"PDF page 67, property #458"
459,28175-03-21-04190,Unknown,LTS 1 THRU 3 & 10 THRU 12 BLK 5,MOHAWK HGTS,ADDRESS UNKNOWN,CITY OF TULSA,,"75,980",R,146.65,333.75,,67,"PDF page 67, property #459"
460,28200-03-21-05140,Unknown,LT 24 BLK 9,MOHAWK HGTS SECOND,ADDRESS UNKNOWN,CITY OF TULSA,,"6,800",R,73.32,270.75,,68,"PDF page 68, property #460"
461,28200-03-21-05660,Unknown,LTS 4 THRU 6 BLK 12,MOHAWK HGTS SECOND,ADDRESS UNKNOWN,CITY OF TULSA,,"20,250",R,139.31,333.75,,68,"PDF page 68, property #461"
462,28475-03-33-14240,Unknown,LT 22 BLK 6,MORGAN HOMES,1239 N URBANA AV E,CITY OF TULSA,,"6,850",R IMP,"2,882.97",348.00,,68,"PDF page 68, property #462"
463,28475-03-33-14410,Unknown,LT 15 BLK 7,MORGAN HOMES,1211 N VANDALIA AV E,CITY OF TULSA,,"6,850",R IMP,"3,437.28",348.00,,68,"PDF page 68, property #463"
464,28475-03-33-14660,Unknown,LT 16 BLK 8,MORGAN HOMES,1215 N WINSTON AV E,CITY OF TULSA,,"6,750",R IMP,"2,741.72",363.75,,68,"PDF page 68, property #464"
465,28575-02-26-03160,Unknown,LT 9 BLK 2,THE MORLEY ADDN,216 W QUEENS ST N,CITY OF TULSA,,"6,520",R,278.63,318.00,,68,"PDF page 68, property #465"
466,28575-02-26-03170,Unknown,LT 10 BLK 2,THE MORLEY ADDN,212 W QUEENS ST N,CITY OF TULSA,,"6,520",R,278.63,318.00,,68,"PDF page 68, property #466"
467,28725-92-34-02190,Unknown,LT 2 BLK 12,MOUNTAIN MANOR ADDN,5609 S 30 AV W,CITY OF TULSA,,"7,800",R HS IMP,"7,966.53",348.00,,69,"PDF page 69, property #467"
468,28850-03-19-06620,Unknown,LT-2-BLK-1,MURRAY SECOND ADDN,ADDRESS UNKNOWN,CITY OF TULSA,,"7,000",R,47.32,286.50,,69,"PDF page 69, property #468"
469,28975-03-28-08548,Unknown,W11 LT 8 BLK 3,NEW HAVEN ADDN,ADDRESS UNKNOWN,CITY OF TULSA,,660,R,7.33,302.25,,69,"PDF page 69, property #469"
470,28975-03-28-08549,Unknown,W11 LT 9 BLK 3,NEW HAVEN ADDN,ADDRESS UNKNOWN,CITY OF TULSA,,660,R,14.66,302.25,,69,"PDF page 69, property #470"
471,28975-03-28-08551,Unknown,W11 S36.52 LT 6 BLK 3,NEW HAVEN ADDN,ADDRESS UNKNOWN,CITY OF TULSA,,402,R,14.66,302.25,,69,"PDF page 69, property #471"
472,28975-03-28-08552,Unknown,W11 LT 7 BLK 3,NEW HAVEN ADDN,ADDRESS UNKNOWN,CITY OF TULSA,,660,R,14.66,302.25,,69,"PDF page 69, property #472"
473,28975-03-28-08553,Unknown,W11 LT 10 BLK 3,NEW HAVEN ADDN,ADDRESS UNKNOWN,CITY OF TULSA,,660,R,14.66,302.25,,69,"PDF page 69, property #473"
474,28975-03-28-08554,Unknown,W11 LT 11 BLK 3,NEW HAVEN ADDN,ADDRESS UNKNOWN,CITY OF TULSA,,660,R,14.66,270.75,,70,"PDF page 70, property #474"
475,28975-03-28-08555,Unknown,W11 LT 12 BLK 3,NEW HAVEN ADDN,ADDRESS UNKNOWN,CITY OF TULSA,,660,R,7.33,270.75,,70,"PDF page 70, property #475"
476,28975-03-28-09640,Unknown,LOT 3 BLK 9,NEW HAVEN ADDN,3756 E VIRGIN PL N,CITY OF TULSA,,"7,200",R IMP,"3,624.30",332.25,,70,"PDF page 70, property #476"
477,29225-92-03-07750,Unknown,LT 12 A LESS BEG SWC TH N 67.35 SE 69.93S 41.67 W 65 TO BEG HGWY BLK 1 NIX AMD'D PLAT LTS 12 13 BLK 1,NIX AMD PLAT L12-13 NEW IRVING PLACE ADDN,ADDRESS UNKNOWN,CITY OF TULSA,,"3,357",R,13.99,270.75,,70,"PDF page 70, property #477"
478,29260-83-10-10894,Unknown,PRT LT 5 BEG SECR TH W188.33 TH ON CRV RT 36.48 E189.85 S36.44 POB BLK 2,NOB HILL,7157 S BRADEN AV E,CITY OF TULSA,,"6,657",C IMP,"11,956.80",348.00,,70,"PDF page 70, property #478"
479,29350-03-07-02400,Unknown,LT-9-BLK-1,NORTH HIGHLAND ACRES ADDN,2131 E 46 ST N,CITY OF TULSA,,"101,265",R IMP,"4,235.57",348.00,,70,"PDF page 70, property #479"
480,29350-03-07-02770,Unknown,S.345'LOT-5-BLK-2,NORTH HIGHLAND ACRES ADDN,1861 E 46 ST N,CITY OF TULSA,,"54,165",R IMP,"2,512.41",332.25,,71,"PDF page 71, property #480"
481,29475-03-20-04920,Unknown,PT EACH LTS 1 THRU 15 BG SE COR LT 1 TH N 93.75' SW 391.55' TO SW COR LT 15 E   375' TO BEG BLK 1,NORTH TULSA VIEW SUB,ADDRESS UNKNOWN,CITY OF TULSA,,"17,541",R,14.66,318.00,,71,"PDF page 71, property #481"
482,29475-03-20-04960,Unknown,LTS 26 THRU 50 LESS PRT LTS 26 THRU 33 BEG NWC LT 26 TH S30 NE202.2 W200 POB FOR HWY BLK 1,NORTH TULSA VIEW SUB,ADDRESS UNKNOWN,CITY OF TULSA,,"81,375",R,29.33,318.00,,71,"PDF page 71, property #482"
483,29475-03-20-05180,Unknown,PT EACH LTS 40 THRU 50 BG SW COR LT 40  TH E 275' N 90' SW 290.48' TO BEG BLK 2,NORTH TULSA VIEW SUB,ADDRESS UNKNOWN,CITY OF TULSA,,"12,375",R,14.66,318.00,,71,"PDF page 71, property #483"
484,29475-03-20-05190,Unknown,LTS 1 THRU 11 BLK 3,NORTH TULSA VIEW SUB,ADDRESS UNKNOWN,CITY OF TULSA,,"37,125",R,14.66,318.00,,71,"PDF page 71, property #484"
485,29475-03-20-05320,Unknown,ALL LTS 14 THRU 16 & PRT LTS 17 THRU 22 BEG NEC LT 17 TH S135 W150 NE ON HWY APPX 207 TO POB BLK 3,NORTH TULSA VIEW SUB,ADDRESS UNKNOWN,CITY OF TULSA,,"20,250",R,14.66,318.00,,71,"PDF page 71, property #485"
486,29475-03-20-05370,Unknown,PRT LTS 26 THRU 28 BEG SWC LT 26 TH N84.35 NE ON HWY TO NL LT 28 E APPX 15 S135 W75 POB & ALL LTS 29 THRU 43 BLK 3,NORTH TULSA VIEW SUB,ADDRESS UNKNOWN,CITY OF TULSA,,"59,231",R,21.99,318.00,,72,"PDF page 72, property #486"
487,29475-03-20-05550,Unknown,LT 45 BLK 3,NORTH TULSA VIEW SUB,ADDRESS UNKNOWN,CITY OF TULSA,,"3,375",R,7.33,318.00,,72,"PDF page 72, property #487"
488,29475-03-20-05570,Unknown,LTS 47 THRU 50 BLK 3,NORTH TULSA VIEW SUB,ADDRESS UNKNOWN,CITY OF TULSA,,"13,500",R,14.66,318.00,,72,"PDF page 72, property #488"
489,29475-03-20-05610,Unknown,LTS 1 THRU 20 BLK 4,NORTH TULSA VIEW SUB,ADDRESS UNKNOWN,CITY OF TULSA,,"67,775",R,21.99,318.00,,72,"PDF page 72, property #489"
490,29475-03-20-05820,Unknown,LT 22 BLK 4,NORTH TULSA VIEW SUB,ADDRESS UNKNOWN,CITY OF TULSA,,"3,375",R,7.33,318.00,,72,"PDF page 72, property #490"
491,29475-03-20-05830,Unknown,LT 23 BLK 4,NORTH TULSA VIEW SUB,ADDRESS UNKNOWN,CITY OF TULSA,,"3,375",R,7.33,318.00,,72,"PDF page 72, property #491"
492,29475-03-20-05850,Unknown,LTS 25 THRU 35 BLK 4,NORTH TULSA VIEW SUB,ADDRESS UNKNOWN,CITY OF TULSA,,"44,550",R,21.99,318.00,,73,"PDF page 73, property #492"
493,29475-03-20-06000,Unknown,LTS 9 THRU 13 BLK 5,NORTH TULSA VIEW SUB,ADDRESS UNKNOWN,CITY OF TULSA,,"19,238",R,14.66,318.00,,73,"PDF page 73, property #493"
494,29475-03-20-06080,Unknown,LT 17 BLK 5,NORTH TULSA VIEW SUB,ADDRESS UNKNOWN,CITY OF TULSA,,"3,375",R,7.33,286.50,,73,"PDF page 73, property #494"
495,29475-03-20-06090,Unknown,LTS 18 THRU 20 BLK 5,NORTH TULSA VIEW SUB,ADDRESS UNKNOWN,CITY OF TULSA,,"16,875",R,14.66,318.00,,73,"PDF page 73, property #495"
496,29475-03-20-06130,Unknown,LTS 1 THRU 25 BLK 6,NORTH TULSA VIEW SUB,ADDRESS UNKNOWN,CITY OF TULSA,,"84,375",R,29.33,318.00,,73,"PDF page 73, property #496"
497,29475-03-20-06380,Unknown,LTS 26 THRU 50 BLK 6,NORTH TULSA VIEW SUB,ADDRESS UNKNOWN,CITY OF TULSA,,"84,375",R,29.33,318.00,,73,"PDF page 73, property #497"
498,29475-03-20-06700,Unknown,LT 8 BLK 7,NORTH TULSA VIEW SUB,ADDRESS UNKNOWN,CITY OF TULSA,,"3,375",R,7.33,318.00,,73,"PDF page 73, property #498"
499,29475-03-20-06710,Unknown,LT 9 BLK 7,NORTH TULSA VIEW SUB,ADDRESS UNKNOWN,CITY OF TULSA,,"3,375",R,7.33,318.00,,74,"PDF page 74, property #499"
500,29475-03-20-06720,Unknown,LT 10 BLK 7,NORTH TULSA VIEW SUB,ADDRESS UNKNOWN,CITY OF TULSA,,"3,375",R,7.33,318.00,,74,"PDF page 74, property #500"
501,29475-03-20-06730,Unknown,LT 11 BLK 7,NORTH TULSA VIEW SUB,ADDRESS UNKNOWN,CITY OF TULSA,,"3,375",R,7.33,318.00,,74,"PDF page 74, property #501"
502,29475-03-20-06740,Unknown,LT 12 BLK 7,NORTH TULSA VIEW SUB,ADDRESS UNKNOWN,CITY OF TULSA,,"3,375",R,7.33,318.00,,74,"PDF page 74, property #502"
503,29475-03-20-07020,Unknown,LT 40 BLK 7,NORTH TULSA VIEW SUB,ADDRESS UNKNOWN,CITY OF TULSA,,"3,375",R,7.33,318.00,,74,"PDF page 74, property #503"
504,29600-02-13-03770,Unknown,LT 3 BLK 2,NORTHLAND SECOND ADDN,ADDRESS UNKNOWN,CITY OF TULSA,,"14,250",R,153.98,270.75,,74,"PDF page 74, property #504"
505,29600-02-13-03780,Unknown,LT 4 BLK 2,NORTHLAND SECOND ADDN,ADDRESS UNKNOWN,CITY OF TULSA,,"14,925",R,153.98,270.75,,74,"PDF page 74, property #505"
506,29600-02-13-03790,Unknown,LT 5 BLK 2,NORTHLAND SECOND ADDN,ADDRESS UNKNOWN,CITY OF TULSA,,"14,420",R,153.98,270.75,,75,"PDF page 75, property #506"
507,29600-02-13-03800,Unknown,LT 6 BLK 2,NORTHLAND SECOND ADDN,E,CITY OF TULSA,,"14,630",R,153.98,270.75,,75,"PDF page 75, property #507"
508,29600-02-13-03810,Unknown,LT 7 BLK 2,NORTHLAND SECOND ADDN,ADDRESS UNKNOWN,CITY OF TULSA,,"14,910",R,153.98,270.75,,75,"PDF page 75, property #508"
509,29600-02-13-03820,Unknown,LT 8 BLK 2,NORTHLAND SECOND ADDN,ADDRESS UNKNOWN,CITY OF TULSA,,"14,688",R,153.98,270.75,,75,"PDF page 75, property #509"
510,29600-02-13-03830,Unknown,LT 9 BLK 2,NORTHLAND SECOND ADDN,ADDRESS UNKNOWN,CITY OF TULSA,,"15,265",R,153.98,270.75,,75,"PDF page 75, property #510"
511,29600-02-13-03840,Unknown,LT 10 BLK 2,NORTHLAND SECOND ADDN,ADDRESS UNKNOWN,CITY OF TULSA,,"28,251",R,183.31,270.75,,75,"PDF page 75, property #511"
512,29625-02-36-21010,Unknown,E25 LT 16 & ALL LT 17 & S5 VAC ALLEY ADJ TO NL THEREOF BLK 5,NORTHMORELAND ADDN,419 E NEWTON PL N,CITY OF TULSA,,"11,625",R IMP,"3,388.99",379.50,,75,"PDF page 75, property #512"
513,29650-03-07-03310,Unknown,LT 34 BLK 1,NORTHRIDGE ADDN,1577 E 53 ST N,CITY OF TULSA,,"7,200",R IMP,"5,347.46",332.25,,76,"PDF page 76, property #513"
514,29650-03-07-03370,Unknown,LT 4 BLK 2,NORTHRIDGE ADDN,1380 E 54 ST N,CITY OF TULSA,,"7,200",R IMP,"5,339.46",300.75,,76,"PDF page 76, property #514"
515,29650-03-07-03460,Unknown,LT 13 BLK 2,NORTHRIDGE ADDN,1338 E 54 ST N,CITY OF TULSA,,"7,200",R IMP,"3,327.66",332.25,,76,"PDF page 76, property #515"
516,29650-03-07-03530,Unknown,LT 20 BLK 2,NORTHRIDGE ADDN,1304 E 54 ST N,CITY OF TULSA,,"7,320",R IMP,"2,971.03",348.00,,76,"PDF page 76, property #516"
517,29650-03-07-03650,Unknown,LT 32 BLK 2,NORTHRIDGE ADDN,1355 E 53 ST N,CITY OF TULSA,,"7,200",R IMP,"1,001.89",458.25,,76,"PDF page 76, property #517"
518,29650-03-07-03910,Unknown,LT 18 BLK 3,NORTHRIDGE ADDN,1314 E 53 ST N,CITY OF TULSA,,"7,200",R IMP,"2,250.84",332.25,,76,"PDF page 76, property #518"
519,29650-03-07-03960,Unknown,LT 23 BLK 3,NORTHRIDGE ADDN,1313 E 52 ST N,CITY OF TULSA,,"7,200",R,395.96,302.25,,76,"PDF page 76, property #519"
520,29650-03-07-04690,Unknown,LT 20 BLK 5,NORTHRIDGE ADDN,1509 E 51 PL N,CITY OF TULSA,,"7,200",R,791.92,318.00,,77,"PDF page 77, property #520"
521,29650-03-07-05170,Unknown,LT 32 BLK 6,NORTHRIDGE ADDN,1357 E 51 PL N,CITY OF TULSA,,"7,200",R HS IMP,"2,516.52",348.00,,77,"PDF page 77, property #521"
522,29650-03-07-05300,Unknown,LT 5 BLK 7,NORTHRIDGE ADDN,1376 E 51 PL N,CITY OF TULSA,,"7,200",R IMP,"1,807.15",348.00,,77,"PDF page 77, property #522"
523,29650-03-07-05860,Unknown,LT 21 BLK 8,NORTHRIDGE ADDN,1513 E 51 ST N,CITY OF TULSA,,"7,200",R IMP,"3,904.27",363.75,,77,"PDF page 77, property #523"
524,29650-03-07-05920,Unknown,LT 27 BLK 8,NORTHRIDGE ADDN,1543 E 51 ST N,CITY OF TULSA,,"7,200",R IMP,"2,582.40",316.50,,77,"PDF page 77, property #524"
525,29650-03-07-06110,Unknown,LT 10 BLK 9,NORTHRIDGE ADDN,1354 E 51 ST N,CITY OF TULSA,,"7,620",R HS IMP,"3,567.99",316.50,,77,"PDF page 77, property #525"
526,29650-03-07-06380,Unknown,LT 17 BLK 10,NORTHRIDGE ADDN,4936 N ST LOUIS AV E,CITY OF TULSA,,"8,662",R HS IMP,"1,257.12",316.50,,77,"PDF page 77, property #526"
527,29650-03-07-06480,Unknown,LT 4 BLK 11,NORTHRIDGE ADDN,1558 E 51 ST N,CITY OF TULSA,,"7,500",R IMP,"2,037.59",316.50,,78,"PDF page 78, property #527"
528,29650-03-07-06490,Unknown,LT 5 BLK 11,NORTHRIDGE ADDN,4967 N ST LOUIS AV E,CITY OF TULSA,,"7,200",R,737.37,286.50,,78,"PDF page 78, property #528"
529,29650-03-07-06910,Unknown,LT 12 BLK 12,NORTHRIDGE ADDN,4939 N TRENTON AV E,CITY OF TULSA,,"9,052",R IMP,"2,207.11",332.25,,78,"PDF page 78, property #529"
530,29650-03-07-07270,Unknown,LT 4 BLK 15,NORTHRIDGE ADDN,1537 E 48 ST N,CITY OF TULSA,,"7,626",R IMP,"2,817.71",332.25,,78,"PDF page 78, property #530"
531,29650-03-07-08930,Unknown,LT 32 BLK 20,NORTHRIDGE ADDN,1638 E 48 PL N,CITY OF TULSA,,"8,241",R IMP,822.93,348.00,,78,"PDF page 78, property #531"
532,29675-03-07-09230,Unknown,LT 25 BLK 22,NORTHRIDGE SECOND ADDN AMD,1901 E 50 PL N,CITY OF TULSA,,"7,560",R IMP,"3,437.65",332.25,,78,"PDF page 78, property #532"
533,29675-03-07-09890,Unknown,LT 11 BLK 25,NORTHRIDGE SECOND ADDN AMD,2017 E 49 ST N,CITY OF TULSA,,"7,020",R IMP,"3,010.10",411.00,,78,"PDF page 78, property #533"
534,29675-03-07-10040,Unknown,LT 11 BLK 26,NORTHRIDGE SECOND ADDN AMD,4823 N XANTHUS AV E,CITY OF TULSA,,"7,252",R IMP,"4,393.48",332.25,,79,"PDF page 79, property #534"
535,29775-02-26-04820,Unknown,LT 12 BLK 8,OAK CLIFF ADDN,ADDRESS UNKNOWN,CITY OF TULSA,,"9,462",R,73.32,318.00,,79,"PDF page 79, property #535"
536,29775-02-26-04900,Unknown,LT 20 BLK 8,OAK CLIFF ADDN,ADDRESS UNKNOWN,CITY OF TULSA,,"8,910",R,359.29,302.25,,79,"PDF page 79, property #536"
537,29775-02-26-04910,Unknown,LT 21 BLK 8,OAK CLIFF ADDN,2220 N DENVER BV W,CITY OF TULSA,,"9,180",R IMP,"3,047.69",348.00,,79,"PDF page 79, property #537"
538,29775-02-26-05090,Unknown,LT 2 BLK 10,OAK CLIFF ADDN,ADDRESS UNKNOWN,CITY OF TULSA,,"6,500",R,271.30,286.50,,79,"PDF page 79, property #538"
539,29775-02-26-05310,Unknown,LT 11 BLK 11,OAK CLIFF ADDN,2215 N DENVER BV W,CITY OF TULSA,,"7,585",R IMP,"2,588.38",332.25,,79,"PDF page 79, property #539"
540,29775-02-26-05550,Unknown,LT 1 BLK 13 OAK CLIFF ADDN,2120 N MARTIN LUTHER,KING JR B,CITY OF TULSA,,"7,150",R IMP,"3,174.97",348.00,,79,"PDF page 79, property #540"
541,29775-02-26-05660,Unknown,LT 2 BLK 14 OAK CLIFF ADDN,1962 N MARTIN LUTHER,KING JR B,CITY OF TULSA,,"6,500",R HS IMP,666.44,332.25,,80,"PDF page 80, property #541"
542,29775-02-26-05800,Unknown,ALL LT 8 N.12.5 LT 9 BLK 16,OAK CLIFF ADDN,1923 N MAIN ST E,CITY OF TULSA,,"8,820",R IMP,"4,778.85",332.25,,80,"PDF page 80, property #542"
543,30125-03-28-10320,Unknown,LT 8 BLK 1,OAK RIDGE ADDN - TULSA,4137 E XYLER ST N,CITY OF TULSA,,"7,500",R,740.59,302.25,,80,"PDF page 80, property #543"
544,30125-03-28-10360,Unknown,LT 12 BLK 1,OAK RIDGE ADDN - TULSA,4117 E XYLER ST N,CITY OF TULSA,,"7,000",R IMP,"3,536.03",316.50,,80,"PDF page 80, property #544"
545,30150-03-28-10630,Unknown,LT 5 BLK 5,OAK RIDGE ADDN B5-9,4411 E WOODROW PL N,CITY OF TULSA,,"7,500",R HS IMP,"2,751.17",348.00,,80,"PDF page 80, property #545"
546,30200-02-26-07080,Unknown,S 2' LT 9 & ALL LT 10 & N 12' LT 11 BLK 2,OAK TERRACE ADDN,1916 N ELWOOD AV W,CITY OF TULSA,,"9,792",R IMP,"4,269.57",363.75,,80,"PDF page 80, property #546"
547,30200-02-26-07150,Unknown,LT 7 BLK 3,OAK TERRACE ADDN,1902 N DENVER AV W,CITY OF TULSA,,"9,100",R HS IMP,"3,688.29",395.25,,80,"PDF page 80, property #547"
548,30425-93-12-64735,Unknown,"UNIT P & .0377 INT IN COMMON ELEMENTS IN SNOWCREST CONDOMINIUMS BEING PRT BLK 8 O'CONNOR PARK 8148 E 17 ST S CITY OF TULSA R       IMP 2,267.86 379.50 549 30550-03-32-12550 W 93.5 OF LT 25 & W 93.5 S 10' LT 26  BLK 1 OHIO PLACE ADDN",2516 E INDEPENDENCE,ST N,CITY OF TULSA,,"5,640",R,623.27,318.00,,81,"PDF page 81, property #548"
550,30750-92-33-01860,Unknown,LT 7 BK 14,OPPORTUNITY HGTS,ADDRESS UNKNOWN,CITY OF TULSA,,"3,500",R,109.98,270.75,,81,"PDF page 81, property #550"
551,30750-92-33-01940,Unknown,LT 19 BLK 14,OPPORTUNITY HGTS,ADDRESS UNKNOWN,CITY OF TULSA,,"3,294",R,14.66,318.00,,81,"PDF page 81, property #551"
552,30750-92-33-01950,Unknown,LT 20 BLK 14,OPPORTUNITY HGTS,ADDRESS UNKNOWN,CITY OF TULSA,,"2,835",R,7.33,318.00,,81,"PDF page 81, property #552"
553,30750-92-33-01960,Unknown,LT 21 BLK 14,OPPORTUNITY HGTS,ADDRESS UNKNOWN,CITY OF TULSA,,"5,581",R,190.64,318.00,,81,"PDF page 81, property #553"
554,30800-93-07-13090,Unknown,LT 12 BLK 20,ORCUTT ADDN,1701 S ST LOUIS AV,CITY OF TULSA,,"7,000",C IMP,"13,965.98",379.50,,81,"PDF page 81, property #554"
555,30800-93-07-13120,Unknown,LT 3 BLK 21,ORCUTT ADDN,1712 S ST LOUIS AV,CITY OF TULSA,,"7,000",C IMP,"14,255.24",379.50,,82,"PDF page 82, property #555"
556,30800-93-07-13130,Unknown,LT 4 BLK 21,ORCUTT ADDN,1716 S ST LOUIS AV E,CITY OF TULSA,,"7,000",R IMP,"7,119.92",379.50,,82,"PDF page 82, property #556"
557,30850-92-02-02940,Unknown,LTS 3 4 BLK 7,OVERLOOK PARK ADDN AMD,25 N ROSEDALE AV W,CITY OF TULSA,,"7,250",R,219.97,302.25,,82,"PDF page 82, property #557"
558,30850-92-02-04230,Unknown,TRACT 16X20 IN NWCR LT 16 TRACT 4X20 IN SWCR LT 17 BLK 17,OVERLOOK PARK ADDN AMD,ADDRESS UNKNOWN,CITY OF TULSA,,400,R,14.66,270.75,,82,"PDF page 82, property #558"
559,30875-92-02-04900,Unknown,N.9 LT 7 ALL LT 8 BLK 12,OWEN ADDN AMD,131 N OLYMPIA AV W,CITY OF TULSA,,"5,535",R,241.97,349.50,,82,"PDF page 82, property #559"
560,30925-92-05-03680,Unknown,LT 6 BLK 3,OWNWELL ADDN,330 S 49 AV W,CITY OF TULSA,,"8,100",R IMP,"1,863.14",332.25,,82,"PDF page 82, property #560"
561,30950-03-33-14960,Unknown,E 55 W 165 S 144.85 LT 7,OZARK GARDEN FARMS,3337 E KING PL N,CITY OF TULSA,,"7,975",R IMP,"5,203.47",332.25,,82,"PDF page 82, property #561"
562,31100-93-02-05790,Unknown,LOT-18-BLK-3,PAMELA ACRES,538 S 79 AV E,CITY OF TULSA,,"7,380",R IMP,"6,328.03",379.50,,83,"PDF page 83, property #562"
563,31125-92-27-16750,Unknown,LT 16 BLK 1 & W5 VAC ALLEY ADJ ON E,PARK ADDN - RED FORK,4235 S 26 AV W,CITY OF TULSA,,"7,000",R IMP,"5,302.80",332.25,,83,"PDF page 83, property #563"
564,31125-92-27-16860,Unknown,LT 3 BLK 2 & E5 VAC ALLEY ADJ ON W,PARK ADDN - RED FORK,4212 S 26 AV W,CITY OF TULSA,,"7,000",R IMP,"1,097.08",363.75,,83,"PDF page 83, property #564"
565,31125-92-27-17320,Unknown,PRT LT 4 & ALL LT 5 & PRT LT 6 BEG SWC LT 4 TH ON CRV LF 53.48 NW115.07 TH ON CRV RT 112.19 SE115.08 TH ON CRV LF 15 POB BLK 6,PARK ADDN - RED FORK,4107 S SOUTHWEST BV W,CITY OF TULSA,,"10,302",C IMP,"5,774.08",348.00,,83,"PDF page 83, property #565"
566,31175-93-06-19415,Unknown,E/2 LTS 5 & 6 BLK 4,PARK DALE AMD,710 S ST LOUIS AV E,CITY OF TULSA,,"3,500",R IMP,"1,750.49",316.50,,83,"PDF page 83, property #566"
567,31175-93-06-19520,Unknown,W. 56 LTS 1 & 2 & W. 56 OF N 9 LT 3 BLK 5,PARK DALE AMD,1520 E 8 ST S,CITY OF TULSA,,"3,304",R IMP,"1,627.17",316.50,,83,"PDF page 83, property #567"
568,31175-93-06-19780,Unknown,LTS 29 & 30 BLK 6,PARK DALE AMD,807 S ST LOUIS AV E,CITY OF TULSA,,"7,000",R IMP,"2,640.40",316.50,,84,"PDF page 84, property #568"
569,31275-92-02-10050,Unknown,W 100 LT 17 & W 100 S 20 LT 18 BLK 15,PARK HILL ADDN AMD,201 N SANTA FE AV W,CITY OF TULSA,,"4,500",R,"2,398.65",349.50,,84,"PDF page 84, property #569"
570,31350-93-34-03640,Unknown,LOT 20 BLK 14,PARK PLAZA,6021 S HUDSON PL E,CITY OF TULSA,,"12,928",R HS IMP,"11,896.44",332.25,,84,"PDF page 84, property #570"
571,31475-93-27-07280,Unknown,LT 12 BLK 2,PARK PLAZA FIFTH ADDN,4677 S OXFORD AV E,CITY OF TULSA,,"11,700",R HS IMP,"16,890.23",348.00,,84,"PDF page 84, property #571"
572,31530-93-26-08430,Unknown,LT 24 BLK 3,PARK PLAZA SEVENTH AMD,7031 E 47 ST S,CITY OF TULSA,,"14,770",R IMP,"12,443.49",332.25,,84,"PDF page 84, property #572"
573,31700-83-02-02650,Unknown,LT 5 LESS BEG NEC TH W40 SW110.04 EL LT 5 NLY130.52 POB & PRT LT 6 BEG MOST WLY COR THEREOF TH N9.54 SW10.44 CRV LF 3 POB BLK 4,PARK PLAZA SOUTH II,7017 E 66 PL S,CITY OF TULSA,,"10,283",R HS IMP,"14,442.90",363.75,,84,"PDF page 84, property #573"
574,31705-83-02-37570,Unknown,LOT 1 BLK 8,PARK PLAZA SOUTH III,7444 E 68 ST S,CITY OF TULSA,,"13,310",R IMP,"22,279.56",316.50,,85,"PDF page 85, property #574"
575,31750-92-04-08650,Unknown,LT-3-BLK-12,PARK VIEW PLACE,415 S 37 AV W,CITY OF TULSA,,"6,700",R,366.63,318.00,,85,"PDF page 85, property #575"
576,32200-83-06-00540,Unknown,PRT LT 2 BEG SECR TH W140 NLY202 E120 S200 POB,PECAN ACRES,6132 S ZUNIS AV E,CITY OF TULSA,,"26,733",R IMP,"10,608.61",363.75,,85,"PDF page 85, property #576"
577,32275-92-04-08950,Unknown,E/2 LT 3 BLK 1,PECAN GROVE ADDN,3314 W ARCHER ST N,CITY OF TULSA,,"13,706",R,410.62,365.25,,85,"PDF page 85, property #577"
578,32325-92-24-04910,Unknown,E1/2 OF LT 6 BK 2,PEEBLES ADDN,1114 E 33 PL S,CITY OF TULSA,,"9,240",R HS IMP,"3,277.02",316.50,,85,"PDF page 85, property #578"
579,32800-93-31-07950,Unknown,LT 5 BLK 2,PERRY'S SUB W435 B2 PERRY'S SUB,5131 S WHEELING AV E,CITY OF TULSA,,"43,500",C IMP,"79,411.07",363.75,,85,"PDF page 85, property #579"
580,32800-93-31-07990,Unknown,W230 LT 11 BLK 2,PERRY'S SUB W435 B2 PERRY'S SUB,5215 S WHEELING AV E,CITY OF TULSA,,"23,000",R HS IMP,"13,851.01",348.00,,85,"PDF page 85, property #580"
581,32850-02-25-21330,Unknown,S 1/2 LT 2 BLK 1,PERSHING ADDN,1937 N IROQUOIS AV E,CITY OF TULSA,,"21,684",R,"1,844.42",318.00,,86,"PDF page 86, property #581"
587,32890-94-07-28410,Unknown,"UNIT 6-B-6 & 2.75509 INT IN COMMON ELEMENTS IN PHEASANT RUN PATIO HOMES CONDOMINIUM BEING PRT LT 1 BLK 2 & PRT VAC ST PHEASANT RUN RESUB CITGO ADDN 11112 E 13 PL S CITY OF TULSA R       IMP 2,309.76 363.75 588 33425-93-05-19540 PRT LT 18 BEG 63.975W SECR LT 18 TH N152.25 W41.92 S152.25 E41.92 POB BLK 1",POMEROY HGTS ADDN,3111 E ADMIRAL PL N,CITY OF TULSA,,"6,382",R,585.94,302.25,,87,"PDF page 87, property #587"
589,33600-02-35-11090,Unknown,LT 5 BLK 3,THE POUDER AND POMEROY SECOND ADDN AMD,1160 N BOSTON AV E,CITY OF TULSA,,"5,720",R IMP,"1,645.95",348.00,,87,"PDF page 87, property #589"
590,34014-82-01-14425,Unknown,LT 2 BLK 1,RAINTREE II AMD RESUB PRT L1B1 RAINTREE II,6632 S PEORIA AV E,CITY OF TULSA,,"40,304",C,448.18,302.25,,87,"PDF page 87, property #590"
591,34014-82-01-14479,Unknown,LT 3 BLK 1,RAINTREE II AMD RESUB PRT L1B1 RAINTREE II,6632 S PEORIA AV E,CITY OF TULSA,,"23,168",C,291.53,302.25,,87,"PDF page 87, property #591"
592,34300-03-32-14720,Unknown,LT 3 BLK 3,REDDIN ADDN,152 N DELAWARE AV E,CITY OF TULSA,,"7,000",R IMP,"4,028.93",348.00,,88,"PDF page 88, property #592"
593,34300-03-32-14790,Unknown,LT 10 BLK 3,REDDIN ADDN,124 N DELAWARE AV E,CITY OF TULSA,,"7,000",R HS IMP,"3,029.62",426.75,,88,"PDF page 88, property #593"
594,34300-03-32-15180,Unknown,LT 19 BLK 4,REDDIN ADDN,115 N COLUMBIA AV E,CITY OF TULSA,,"7,000",R IMP,"2,126.30",316.50,,88,"PDF page 88, property #594"
595,34300-03-32-15230,Unknown,LT 24 BLK 4,REDDIN ADDN,135 N COLUMBIA AV E,CITY OF TULSA,,"7,000",R IMP,"3,005.69",363.75,,88,"PDF page 88, property #595"
596,34300-03-32-15710,Unknown,LT 18 BLK 6,REDDIN ADDN,121 N BIRMINGHAM AV E,CITY OF TULSA,,"7,000",R IMP,"4,307.27",316.50,,88,"PDF page 88, property #596"
597,34325-03-32-16040,Unknown,LT 15 BLK 2 REDDINS SECOND ADDN RESUB PRT B1-2 REDDINS,ADDN,721 N COLUMBIA AV E,CITY OF TULSA,,"7,000",R IMP,"1,697.16",316.50,,88,"PDF page 88, property #597"
598,34375-92-22-05090,Unknown,LT 4 & E10 VAC ALLEY ADJ ON W BLK 34,RED FORK,3822 S 31 AV W,CITY OF TULSA,,"15,000",R IMP,"5,891.41",348.00,,88,"PDF page 88, property #598"
599,34375-92-22-05940,Unknown,E 60' LT 1 BLK 47,RED FORK,2904 W 40 ST S,CITY OF TULSA,,"8,700",R HS IMP,"2,163.11",348.00,,89,"PDF page 89, property #599"
600,34425-02-25-22000,Unknown,LOT-11-BLK-3,REEDLAWN ADDN,2120 N FRANKFORT PL E,CITY OF TULSA,,"6,325",R IMP,"1,429.85",395.25,,89,"PDF page 89, property #600"
601,34600-93-25-02050,Unknown,LT 56 BK 2,REGENCY PARK WEST,4732 S 85 AV E,CITY OF TULSA,,"7,740",R HS IMP,"4,491.48",474.00,,89,"PDF page 89, property #601"
602,34600-93-25-02750,Unknown,LT 20 BK 3,REGENCY PARK WEST,4926 S 86 AV E,CITY OF TULSA,,"8,122",R HS IMP,"6,246.97",363.75,,89,"PDF page 89, property #602"
603,34750-02-26-07380,Unknown,LT-3-BLK-1 RESERVOIR HILL ADDN,2516 N MARTIN LUTHER,KING JR B,CITY OF TULSA,,"6,500",R IMP,"5,271.47",332.25,,89,"PDF page 89, property #603"
604,34750-02-26-08160,Unknown,PRT LTS 9 & 10 BEG SWC LT 9 TH NLY65 ELY TO SECR LT 10 S41 WLY TO POB BLK 5,RESERVOIR HILL ADDN,2507 N MAIN ST E,CITY OF TULSA,,"7,535",R IMP,"3,097.02",332.25,,89,"PDF page 89, property #604"
605,34750-02-26-08560,Unknown,LOT-13-BLK-8,RESERVOIR HILL ADDN,15 W ZION ST N,CITY OF TULSA,,"8,540",R HS IMP,"3,651.63",997.25,,89,"PDF page 89, property #605"
606,34775-02-26-09290,Unknown,N.72.4'LESS E. 10' LOT-4-A-BLK-8,RESERVOIR HILL ADDN RESUB L1-5 & 14-17 B8,2527 N CHEYENNE AV W,CITY OF TULSA,,"8,946",R,505.94,349.50,,90,"PDF page 90, property #606"
607,34800-02-25-22280,Unknown,LOT-22-BLK-1 RESERVOIR VIEW ADDN SUB B3 ACRE GARDENS,ADDN,237 E YOUNG PL N,CITY OF TULSA,,"7,000",R,373.96,318.00,,90,"PDF page 90, property #607"
608,34800-02-25-22520,Unknown,LOT-24-BLK-2 RESERVOIR VIEW ADDN SUB B3 ACRE GARDENS,ADDN,245 E YOUNG ST N,CITY OF TULSA,,"7,000",R HS IMP,"1,550.20",348.00,,90,"PDF page 90, property #608"
609,35225-93-16-13890,Unknown,LT 3 BLK 17,RIDGE VIEW ADDN EXT B13-17,4649 E 24 ST S,CITY OF TULSA,,"8,710",R IMP,"12,206.77",316.50,,90,"PDF page 90, property #609"
610,35525-92-13-02040,Unknown,E/2 LT 3 & ALL LT 4 BLK 16,RIVERSIDE DRIVE ADDN THIRD AMD,32 E 26 PL S,CITY OF TULSA,,"27,750",R IMP,"60,244.35",332.25,,90,"PDF page 90, property #610"
611,35725-93-31-08440,Unknown,LOT-11-BLK-2,RIVERVIEW ACRES ADDN,5737 S QUINCY AV E,CITY OF TULSA,,"14,310",R IMP,"5,526.11",316.50,,90,"PDF page 90, property #611"
612,35875-03-30-14960,Unknown,LT 6 BLK 10,ROBERTS ADDN,2225 N XANTHUS AV E,CITY OF TULSA,,"8,142",R IMP,"2,486.41",316.50,,90,"PDF page 90, property #612"
613,35875-03-30-15030,Unknown,LT 13 BLK 10,ROBERTS ADDN,2023 E WOODROW ST N,CITY OF TULSA,,"8,944",R,515.94,302.25,,91,"PDF page 91, property #613"
614,35900-03-30-15590,Unknown,LT 7 BLK 3,ROBERTS ADDN B1-3 PRT B4 & B5-6,2012 E ZION ST N,CITY OF TULSA,,"7,169",R IMP,"4,244.24",332.25,,91,"PDF page 91, property #614"
615,35900-03-30-15660,Unknown,LT 14 BLK 3,ROBERTS ADDN B1-3 PRT B4 & B5-6,2019 E YOUNG PL N,CITY OF TULSA,,"5,830",R IMP,"2,971.03",348.00,,91,"PDF page 91, property #615"
616,35900-03-30-15790,Unknown,LT 5BLK 5,ROBERTS ADDN B1-3 PRT B4 & B5-6,2504 N XANTHUS AV E,CITY OF TULSA,,"7,425",R IMP,"4,236.24",332.25,,91,"PDF page 91, property #616"
617,35900-03-30-16000,Unknown,LT 19 BLK 6,ROBERTS ADDN B1-3 PRT B4 & B5-6,1817 E YOUNG ST N,CITY OF TULSA,,"8,220",R HS IMP,"2,477.80",442.50,,91,"PDF page 91, property #617"
618,35925-03-30-16220,Unknown,LT 10 BLK 13,ROBERTS ADDN B7 & B13-17,2309 N VICTOR AV E,CITY OF TULSA,,"7,502",R HS IMP,"2,284.19",332.25,,91,"PDF page 91, property #618"
619,35925-03-30-16670,Unknown,LT 18 BLK 15,ROBERTS ADDN B7 & B13-17,1745 E WOODROW ST N,CITY OF TULSA,,"8,320",R IMP,"3,700.96","1,099.75",,91,"PDF page 91, property #619"
620,36000-03-22-02500,Unknown,LT 13 BLK 2,ROBIN DELL,2629 N MAPLEWOOD AV E,CITY OF TULSA,,"6,968",R HS IMP,"1,944.31",316.50,,92,"PDF page 92, property #620"
621,36075-03-08-00420,Unknown,LT 7 BK 4,ROBINWOOD,2548 E 48 ST N,CITY OF TULSA,,"8,520",R HS IMP,"3,840.44",316.50,,92,"PDF page 92, property #621"
622,36090-03-08-00970,Unknown,LT 4 BK 5,ROBINWOOD ADDN RESUB B1&5,4721 N BIRMINGHAM PL E,CITY OF TULSA,,"10,664",R IMP,"3,087.69",316.50,,92,"PDF page 92, property #622"
623,36150-93-04-11410,Unknown,LT 93 LESS HWY BEG NWC TH E39.3 S175.77 TO SL W23 N175 POB BLK 1,RODGERS HGTS SUB,ADDRESS UNKNOWN,CITY OF TULSA,,"3,500",R,14.66,333.75,,92,"PDF page 92, property #623"
624,36150-93-04-13930,Unknown,LT 153 BK 2,RODGERS HGTS SUB,220 S URBANA AV E,CITY OF TULSA,,"7,150",R IMP,"4,698.86",316.50,,92,"PDF page 92, property #624"
625,36450-02-25-22765,Unknown,E41.8 S/2 LT 10 BLK 2,ROOSEVELT ADDN,747 E READING ST N,CITY OF TULSA,,"2,698",R,168.64,333.75,,92,"PDF page 92, property #625"
626,36450-02-25-22960,Unknown,E 1/2 OF LT 12 BLK 3,ROOSEVELT ADDN,749 E QUEEN ST N,CITY OF TULSA,,"4,550",R IMP,"9,426.15",363.75,,92,"PDF page 92, property #626"
627,36450-02-25-22970,Unknown,W 1/2 OF LT 12 BLK 3,ROOSEVELT ADDN,ADDRESS UNKNOWN,CITY OF TULSA,,"4,550",R,219.97,302.25,,93,"PDF page 93, property #627"
628,36450-02-25-23570,Unknown,E 1/2 OF LT 10 BLK 6,ROOSEVELT ADDN,748 E QUEEN PL N,CITY OF TULSA,,"4,550",R,219.97,318.00,,93,"PDF page 93, property #628"
629,36450-02-25-23600,Unknown,LT 12 BLK 6,ROOSEVELT ADDN,743 E QUEEN ST N,CITY OF TULSA,,"8,990",R,447.28,459.75,,93,"PDF page 93, property #629"
630,36525-94-02-00450,Unknown,LT 15 BLK 2,ROSE DEW ADDN,142 S 169 AV E,CITY OF TULSA,,"7,445",R HS IMP,"6,294.01",411.00,,93,"PDF page 93, property #630"
631,36525-94-02-01380,Unknown,LT 5 BLK 7,ROSE DEW ADDN,135 S 166 AV E,CITY OF TULSA,,"7,872",R HS IMP,"4,189.58",316.50,,93,"PDF page 93, property #631"
632,36540-94-02-15330,Unknown,LT 30 BLK 20,ROSE DEW THIRD ADDN,218 S 164 PL E,CITY OF TULSA,,"7,326",R HS IMP,"10,549.61",395.25,,93,"PDF page 93, property #632"
633,36540-94-02-16310,Unknown,LT 28 BLK 24,ROSE DEW THIRD ADDN,16312 E 4 PL S,CITY OF TULSA,,"7,440",R IMP,"6,968.63",426.75,,93,"PDF page 93, property #633"
634,37050-03-35-12510,Unknown,LT 15 BLK 6,SAINT PETER AND PAUL SUB,6615 E NEWTON PL N,CITY OF TULSA,,"12,000",R IMP,"4,306.72",316.50,,94,"PDF page 94, property #634"
635,37135-83-06-47820,Unknown,"UNIT A207 & 1.41780712 INT IN COMMON ELEMENTS IN BRANDY CHASE CONDOMINIUMS PHASE I BEING A PRT OF LT 50 BLK 1 BEG NWC TH E295.02 S66.28 W34.13 N15 W33.13 S152.41 SW168.39 N66.10 W30 N67.25 W31 N91.02 POB BLK 1 SANS SOUCI RESUB RIVERGLENN AMD 6737 S PEORIA AV E CITY OF TULSA R    HS IMP 3,398.99 348.00 636 37175-92-04-09160 LT 2 BLK 4",SANTA CRUZ ADDN RESURVEY B4,ADDRESS UNKNOWN,CITY OF TULSA,,"8,820",R,806.58,286.50,,94,"PDF page 94, property #635"
637,37225-93-16-14530,Unknown,LOT 1 BLK 2 SANTA MONICA ADDN RESUB PRT B2-3 EXPOSITION,GARDENS ADDN,4021 E 28 ST S,CITY OF TULSA,,"9,289",R,"1,437.18",318.00,,94,"PDF page 94, property #637"
638,37375-03-32-16320,Unknown,LT 20 BLK 1,SEQUOYAH PLACE SUB OF CHEROKEE ACRES,2601 E MARSHALL ST N,CITY OF TULSA,,"9,577",R IMP,"3,183.01",332.25,,94,"PDF page 94, property #638"
639,37425-04-21-00950,Unknown,BLK 1,SEWELL INDUSTRIAL DISTRICT,E APACHE ST N,CITY OF TULSA,,"422,083",C,"7,347.26",270.75,,94,"PDF page 94, property #639"
642,37433-83-02-16140,Unknown,"BLDG 4 UNIT A & .011084 INT IN COMMON ELEMENTS IN SHADOW MOUNTAIN CONDOMINIUMS II BEING A PART OF LT 1 BLK 1 SHADOW MOUNTAIN CONDOMINIUMS SHADOW MOUNTAIN CONDOMINIUMS 6359 S 80 AV E CITY OF TULSA R       IMP 5,389.46 348.00 643 37450-93-21-12640 S 50 OF LT 1 & S 50 OF W 60' OF LT 2 SHAFER HGTS ADDN SUB TR 13-14 ALBERT PIKE",SECOND SUB,3247 S HARVARD AV E,CITY OF TULSA,,"6,500",C IMP,"8,985.10",316.50,,95,"PDF page 95, property #642"
644,37650-02-12-03790,Unknown,LOT-22-BLK-2,SHARON HGTS ADDN,5204 N KENOSHA AV E,CITY OF TULSA,,"8,990",R IMP,"2,137.19",316.50,,95,"PDF page 95, property #644"
645,37650-02-12-04010,Unknown,LOT-17-BLK-3,SHARON HGTS ADDN,811 E 53 ST N,CITY OF TULSA,,"7,812",R IMP,"2,256.82",316.50,,96,"PDF page 96, property #645"
646,37650-02-12-04020,Unknown,LOT-18-BLK -3,SHARON HGTS ADDN,817 E 53 ST N,CITY OF TULSA,,"7,812",R IMP,"2,987.70",348.00,,96,"PDF page 96, property #646"
647,37650-02-12-04250,Unknown,LOT-10-BLK-4,SHARON HGTS ADDN,834 E 53 ST N,CITY OF TULSA,,"7,560",R IMP,"3,394.99",348.00,,96,"PDF page 96, property #647"
648,37650-02-12-04530,Unknown,LOT-5-BLK-5,SHARON HGTS ADDN,868 E 52 PL N,CITY OF TULSA,,"7,200",R IMP,"3,271.21",332.25,,96,"PDF page 96, property #648"
649,37650-02-12-04930,Unknown,LOT-8-BLK-6,SHARON HGTS ADDN,824 E 52 ST N,CITY OF TULSA,,"7,200",R IMP,"2,546.41",332.25,,96,"PDF page 96, property #649"
650,37650-02-12-05550,Unknown,LOT-25-BLK-8,SHARON HGTS ADDN,806 E 51 PL N,CITY OF TULSA,,"7,259",R IMP,"2,037.12",332.25,,96,"PDF page 96, property #650"
651,37690-02-12-05880,Unknown,LOT 7 BLK 10 SHARON HGTS ADDN B10 SUB PRT RES A SHARON,HGTS,5235 N NORFOLK AV E,CITY OF TULSA,,"8,316",R,322.63,349.50,,96,"PDF page 96, property #651"
652,37740-92-04-09290,Unknown,LOT 11 & N 13' LOT 10 BLK 2,SHELL PLACE,504 S 37 AV W,CITY OF TULSA,,"11,455",R HS IMP,"2,137.78",332.25,,97,"PDF page 97, property #652"
653,37775-93-03-07050,Unknown,LOT 5 BLK 2,SHERIDAN HGTS ADDN,6126 E 3 ST S,CITY OF TULSA,,"9,112",R IMP,"4,503.56",130.00,,97,"PDF page 97, property #653"
654,37800-93-02-09000,Unknown,LT 20 BLK 4,SHERIDAN HILLS,6535 E 5 ST S,CITY OF TULSA,,"6,700",R HS IMP,"5,443.44",348.00,,97,"PDF page 97, property #654"
655,37800-93-02-09080,Unknown,LT 6 BLK 5,SHERIDAN HILLS,6526 E 5 ST S,CITY OF TULSA,,"6,700",R IMP,"4,146.25",363.75,,97,"PDF page 97, property #655"
656,37800-93-02-09760,Unknown,LT 15 W 12 1/2 LT 16 BLK 8,SHERIDAN HILLS,7111 E 5 PL S,CITY OF TULSA,,"8,431",R HS IMP,"4,333.70",316.50,,97,"PDF page 97, property #656"
657,37800-93-02-09990,Unknown,LT 14 BLK 9,SHERIDAN HILLS,7107 E 6 ST S,CITY OF TULSA,,"6,700",R IMP,"4,406.22",348.00,,97,"PDF page 97, property #657"
658,37800-93-02-10710,Unknown,LT 6 BLK 13,SHERIDAN HILLS,6526 E 6 ST S,CITY OF TULSA,,"6,700",R HS IMP,"2,762.79",332.25,,97,"PDF page 97, property #658"
659,37800-93-02-11150,Unknown,LT 5 BLK 16,SHERIDAN HILLS,7132 E 6 ST S,CITY OF TULSA,,"6,700",R IMP,"8,892.44",316.50,,98,"PDF page 98, property #659"
660,37825-93-02-13740,Unknown,LT 6 BLK 3 SHERIDAN HILLS 2ND ADDN RESUB PRT B23-25 & ALL,B26,6924 E 9 ST S,CITY OF TULSA,,"7,656",R HS IMP,"2,416.05",348.00,,98,"PDF page 98, property #660"
661,38125-92-27-17970,Unknown,LT 7 BK 2,SHERWOOD FOREST,4427 S ZENITH AV W,CITY OF TULSA,,"10,033",R IMP,"7,627.90",348.00,,98,"PDF page 98, property #661"
662,38200-92-26-00840,Unknown,LT 2 BLK 1,SHROFF SUB,4629 S UNION AV W,CITY OF TULSA,,"9,750",R IMP,"5,454.78",332.25,,98,"PDF page 98, property #662"
663,38575-03-28-11870,Unknown,LOT 8 BLK 5,SMITHDALE,4261 E YOUNG PL N,CITY OF TULSA,,"7,480",R HS IMP,"2,808.37",348.00,,98,"PDF page 98, property #663"
664,38575-03-28-12400,Unknown,LOT 21 BLK 8,SMITHDALE,2428 N VANDALIA AV E,CITY OF TULSA,,"8,340",R HS IMP,"2,931.67",379.50,,98,"PDF page 98, property #664"
665,38575-03-28-12560,Unknown,LOT 7 BLK 9,SMITHDALE,2443 N VANDALIA AV E,CITY OF TULSA,,"7,380",R IMP,"3,480.31",348.00,,98,"PDF page 98, property #665"
666,38605-92-05-03875,Unknown,W10 OF E156.5 OF LT 3 BLK 1,SMITH'S SUB,ADDRESS UNKNOWN,CITY OF TULSA,,"1,320",R,14.66,270.75,,99,"PDF page 99, property #666"
667,38605-92-05-04540,Unknown,W.110 S 1/2  LOT 7 BLK 2,SMITH'S SUB,5145 W 6 ST S,CITY OF TULSA,,"7,260",R IMP,"3,582.97",348.00,,99,"PDF page 99, property #667"
668,38675-93-10-06110,Unknown,LT 16 BLK 3,SMITHVILLE ADDN,1321 S DARLINGTON AV E,CITY OF TULSA,,"8,460",R HS IMP,"1,603.63",316.50,,99,"PDF page 99, property #668"
669,38950-03-27-10040,Unknown,LT 10 BLK 2,SOUTH DAWSON ADDN,1715 N MAPLEWOOD AV E,CITY OF TULSA,,"10,640",R,"1,065.22",349.50,,99,"PDF page 99, property #669"
670,38950-03-27-10050,Unknown,LT 1 & N 2'LT 2 BLK 3,SOUTH DAWSON ADDN,1712 N MAPLEWOOD AV E,CITY OF TULSA,,"9,262",R IMP,"2,045.79",379.50,,99,"PDF page 99, property #670"
671,38975-92-33-02580,Unknown,LTS 18 & 19 BLK 4,SOUTH HAVEN AMD,ADDRESS UNKNOWN,CITY OF TULSA,,"6,500",R,239.30,286.50,,99,"PDF page 99, property #671"
672,38975-92-33-02600,Unknown,LTS 20 & 21 BLK 4,SOUTH HAVEN AMD,ADDRESS UNKNOWN,CITY OF TULSA,,"6,500",R,239.30,286.50,,99,"PDF page 99, property #672"
673,38975-92-33-02620,Unknown,LOTS 22 23 BLK 4,SOUTH HAVEN AMD,3751 W 52 PL S,CITY OF TULSA,,"6,500",R IMP,"6,022.06",316.50,,100,"PDF page 100, property #673"
674,38975-92-33-02630,Unknown,LOTS 24 25 BLK 4,SOUTH HAVEN AMD,ADDRESS UNKNOWN,CITY OF TULSA,,"6,500",R,239.30,286.50,,100,"PDF page 100, property #674"
675,38975-92-33-02640,Unknown,LOTS 26 & 27 BLK 4,SOUTH HAVEN AMD,3715 W 52 PL S,CITY OF TULSA,,"6,500",R,239.30,286.50,,100,"PDF page 100, property #675"
676,38975-92-33-02840,Unknown,LOT 18 BLK 5,SOUTH HAVEN AMD,3735 W 53 PL S,CITY OF TULSA,,"3,375",R,288.63,302.25,,100,"PDF page 100, property #676"
677,38975-92-33-02850,Unknown,LOT 19 BLK 5,SOUTH HAVEN AMD,3733 W 53 PL S,CITY OF TULSA,,"3,375",R,288.63,302.25,,100,"PDF page 100, property #677"
678,38975-92-33-03420,Unknown,LOT 1 2 BLK 8,SOUTH HAVEN AMD,3704 W 55 ST S,CITY OF TULSA,,"6,750",R,219.97,302.25,,100,"PDF page 100, property #678"
679,38975-92-33-04780,Unknown,LOT 22 BLK 23,SOUTH HAVEN AMD,ADDRESS UNKNOWN,CITY OF TULSA,,"3,375",R,146.65,302.25,,100,"PDF page 100, property #679"
680,38975-92-33-05400,Unknown,LOT 32 BLK 26,SOUTH HAVEN AMD,ADDRESS UNKNOWN,CITY OF TULSA,,"3,375",R,165.98,270.75,,101,"PDF page 101, property #680"
681,38975-92-33-05410,Unknown,N 1/2 LT 33 34 BLK 26,SOUTH HAVEN AMD,ADDRESS UNKNOWN,CITY OF TULSA,,"3,400",R,164.65,286.50,,101,"PDF page 101, property #681"
682,39115-93-32-05010,Unknown,LT 9 BLK 1,SOUTH LEWIS TERRACE AMD,5623 S BIRMINGHAM AV E,CITY OF TULSA,,"14,496",R HS IMP,"10,044.99",676.75,,101,"PDF page 101, property #682"
683,39445-83-06-29552,Unknown,"UNIT 3 BLDG 13 & .3732 INT IN COMMON ELEMENTS IN ROYAL OAKS TOWNHOMES CONDOMINIUM BEING A PRT OF LT 2 BEG NEC LT 2 TH W745.56 SW357.61 SE250.44 NE240.43 NELY ON CRV 141.37 TH E460.01 N200 POB BLK 2 & ALL LT 2 BLK 3 SOUTHERN CROSS ADDN B2-3 2219 E 67 ST S CITY OF TULSA R       IMP 3,518.98 363.75 684 39625-93-32-07250 LT 7 BLK 10",SOUTHERN HILLS MANOR ADDN AMD,6022 S BIRMINGHAM PL E,CITY OF TULSA,,"14,690",R HS IMP,"28,719.91",332.25,,101,"PDF page 101, property #683"
685,39975-83-03-02200,Unknown,LT 1 BLK 9,SOUTHMONT ESTATES EXT,5810 E 62 PL S,CITY OF TULSA,,"12,285",R HS IMP,"12,107.63",316.50,,101,"PDF page 101, property #685"
686,40100-03-26-09070,Unknown,LT 20 BLK 4,SPARTAN COURT SECOND ADDN,6719 E QUEEN ST N,CITY OF TULSA,,"8,550",R HS IMP,"2,336.85",332.25,,102,"PDF page 102, property #686"
687,40250-03-31-14169,Unknown,S12.5 W48.33 N/2 LT 21,SPRINGDALE ACRE LOT ADDN,ADDRESS UNKNOWN,CITY OF TULSA,,604,R,14.66,302.25,,102,"PDF page 102, property #687"
688,40250-03-31-14179,Unknown,S12.5 N/2 E48.34 W96.67 LT 21,SPRINGDALE ACRE LOT ADDN,ADDRESS UNKNOWN,CITY OF TULSA,,604,R,14.66,270.75,,102,"PDF page 102, property #688"
689,40250-03-31-14189,Unknown,S12.5 N/2 E48.33 LT 21,SPRINGDALE ACRE LOT ADDN,ADDRESS UNKNOWN,CITY OF TULSA,,604,R,14.66,302.25,,102,"PDF page 102, property #689"
690,40250-03-31-14269,Unknown,S15 N175 W45 LT 23,SPRINGDALE ACRE LOT ADDN,ADDRESS UNKNOWN,CITY OF TULSA,,675,R,14.66,302.25,,102,"PDF page 102, property #690"
691,40250-03-31-14910,Unknown,W50 E124 S127.5 LT 42,SPRINGDALE ACRE LOT ADDN,1945 E NEWTON ST N,CITY OF TULSA,,"6,375",R IMP,"1,613.17",332.25,,102,"PDF page 102, property #691"
692,40250-03-31-15060,Unknown,W 50' OF S 127.5 OF N 147.5 OF LT 44,SPRINGDALE ACRE LOT ADDN,2116 E NEWTON PL N,CITY OF TULSA,,"6,400",R IMP,"2,266.44",332.25,,102,"PDF page 102, property #692"
693,40250-03-31-15190,Unknown,W 50 S 127.5 LT 46,SPRINGDALE ACRE LOT ADDN,2143 E NEWTON ST N,CITY OF TULSA,,"6,400",R IMP,"1,778.61",316.50,,103,"PDF page 103, property #693"
694,40275-03-20-09190,Unknown,A TRI LT 3 BEG SEC TH W 50 NE 97.89 S 84.46 TO BEG BLK 4,SQUARE DEAL,ADDRESS UNKNOWN,CITY OF TULSA,,"2,112",R,7.33,270.75,,103,"PDF page 103, property #694"
695,40275-03-20-09250,Unknown,A TRI IN LT 19 BLK 4 BEG SEC TH N 27.18' SW 36.73' E 25' TO BEG,SQUARE DEAL,ADDRESS UNKNOWN,CITY OF TULSA,,340,R,7.33,302.25,,103,"PDF page 103, property #695"
696,40275-03-20-09640,Unknown,LT 16 BLK 6,SQUARE DEAL,2611 E 29 ST N,CITY OF TULSA,,"6,800",R IMP,848.58,348.00,,103,"PDF page 103, property #696"
697,40325-94-17-06480,Unknown,LT 25 BLK 3,STACEY LYNN ADDN,2479 S 127 AV E,CITY OF TULSA,,"7,322",R IMP,"5,632.77",332.25,,103,"PDF page 103, property #697"
698,40325-94-17-06900,Unknown,LT 29 BLK 4,STACEY LYNN ADDN,2519 S 126 AV E,CITY OF TULSA,,"7,320",R IMP,"3,988.93",316.50,,103,"PDF page 103, property #698"
699,40375-94-08-07940,Unknown,LOT 34 BLK 4,STACEY LYNN THIRD AMD,1640 S 128 AV E,CITY OF TULSA,,"7,082",R IMP,"6,791.32",348.00,,103,"PDF page 103, property #699"
700,40375-94-08-08140,Unknown,LOT 15 BLK 5,STACEY LYNN THIRD AMD,12604 E 17 ST S,CITY OF TULSA,,"7,200",R HS IMP,"2,643.42",332.25,,104,"PDF page 104, property #700"
701,40525-02-24-08720,Unknown,LT 7 LESS BEG NEC TH S30 NW81.87 E76.24 POB BLK 2,STANDARD HGTS AMD,ADDRESS UNKNOWN,CITY OF TULSA,,"7,000",R,36.66,286.50,,104,"PDF page 104, property #701"
702,40525-02-24-08740,Unknown,LOT-9-BLK-2,STANDARD HGTS AMD,ADDRESS UNKNOWN,CITY OF TULSA,,"7,000",R,36.66,302.25,,104,"PDF page 104, property #702"
703,40525-02-24-08940,Unknown,LT 13 BLK 3,STANDARD HGTS AMD,3002 N GARRISON AV E,CITY OF TULSA,,"7,000",R,579.27,302.25,,104,"PDF page 104, property #703"
704,40525-02-24-09360,Unknown,LOT-12-BLK-5,STANDARD HGTS AMD,2803 N FRANKFORT AV E,CITY OF TULSA,,"10,080",R IMP,"1,841.81",348.00,,104,"PDF page 104, property #704"
705,40525-02-24-09480,Unknown,LOT-1-BLK-6,STANDARD HGTS AMD,ADDRESS UNKNOWN,CITY OF TULSA,,"7,000",R,36.66,302.25,,104,"PDF page 104, property #705"
706,40525-02-24-09490,Unknown,LOT-2-BLK-6,STANDARD HGTS AMD,ADDRESS UNKNOWN,CITY OF TULSA,,"7,000",R,36.66,302.25,,104,"PDF page 104, property #706"
707,40525-02-24-09500,Unknown,LOT-3-BLK-6,STANDARD HGTS AMD,ADDRESS UNKNOWN,CITY OF TULSA,,"7,000",R,36.66,302.25,,105,"PDF page 105, property #707"
708,40525-02-24-09660,Unknown,S. 1/2 LT-19-BLK-6,STANDARD HGTS AMD,ADDRESS UNKNOWN,CITY OF TULSA,,"3,500",C,36.66,286.50,,105,"PDF page 105, property #708"
709,40525-02-24-09740,Unknown,LT-3-BLK-7,STANDARD HGTS AMD,2839 N GARRISON AV E,CITY OF TULSA,,"7,000",R,36.66,318.00,,105,"PDF page 105, property #709"
710,40525-02-24-09880,Unknown,LT-16-BLK-7,STANDARD HGTS AMD,ADDRESS UNKNOWN,CITY OF TULSA,,"7,000",R,241.97,302.25,,105,"PDF page 105, property #710"
711,40525-02-24-09960,Unknown,LOT-24-BLK-7,STANDARD HGTS AMD,620 E 30 ST N,CITY OF TULSA,,"7,000",R,183.31,302.25,,105,"PDF page 105, property #711"
712,40525-02-24-09980,Unknown,LT-2-BLK-8,STANDARD HGTS AMD,ADDRESS UNKNOWN,CITY OF TULSA,,"7,000",R,36.66,318.00,,105,"PDF page 105, property #712"
713,40525-02-24-11490,Unknown,W-51' LOT-13-BLK-16,STANDARD HGTS AMD,ADDRESS UNKNOWN,CITY OF TULSA,,"3,519",R,29.33,349.50,,105,"PDF page 105, property #713"
714,40525-02-24-11510,Unknown,W1/2 LOT-14-BLK-16,STANDARD HGTS AMD,ADDRESS UNKNOWN,CITY OF TULSA,,"3,326",R,21.99,286.50,,106,"PDF page 106, property #714"
715,40800-02-13-04700,Unknown,LT 22 BK 1,SUBURBAN ACRES AMD,4309 N KENOSHA AV E,CITY OF TULSA,,"9,802",R IMP,"3,142.35",316.50,,106,"PDF page 106, property #715"
716,40800-02-13-05180,Unknown,LT 2 BK 3,SUBURBAN ACRES AMD,4546 N JOHNSTOWN AV E,CITY OF TULSA,,"7,866",R IMP,"2,546.41",332.25,,106,"PDF page 106, property #716"
717,40800-02-13-06020,Unknown,LT 40 BK 4,SUBURBAN ACRES AMD,4523 N HARTFORD AV E,CITY OF TULSA,,"7,809",R IMP,"2,804.38",332.25,,106,"PDF page 106, property #717"
718,40800-02-13-06100,Unknown,LT 2 BK 5,SUBURBAN ACRES AMD,4246 N IROQUOIS AV E,CITY OF TULSA,,"8,905",R IMP,"2,614.40",348.00,,106,"PDF page 106, property #718"
719,40800-02-13-06600,Unknown,LT 17 BK 7,SUBURBAN ACRES AMD,706 E 42 ST N,CITY OF TULSA,,"10,000",R IMP,"2,555.07",348.00,,106,"PDF page 106, property #719"
720,40800-02-13-06680,Unknown,LT 25 BK 7,SUBURBAN ACRES AMD,4213 N IROQUOIS AV E,CITY OF TULSA,,"9,100",R IMP,"1,416.75",316.50,,106,"PDF page 106, property #720"
721,40800-02-13-06720,Unknown,PT. LTS 1 2 & BLK 8 S. 3' LT 1 & N.54' LT 2,SUBURBAN ACRES AMD,4251 N KENOSHA AV E,CITY OF TULSA,,"9,690",R IMP,"2,920.37",316.50,,107,"PDF page 107, property #721"
722,40800-02-13-06735,Unknown,LT 3 LESS N55 THEREOF BLK 8,SUBURBAN ACRES AMD,ADDRESS UNKNOWN,CITY OF TULSA,,169,R,7.33,318.00,,107,"PDF page 107, property #722"
723,40825-02-13-07800,Unknown,LT 8 BLK 5,SUBURBAN ACRES SECOND,4348 N GARRISON AV E,CITY OF TULSA,,"8,160",R IMP,"2,597.74",332.25,,107,"PDF page 107, property #723"
724,40825-02-13-08250,Unknown,LT 19 BLK 6,SUBURBAN ACRES SECOND,4309 N GARRISON AV E,CITY OF TULSA,,"8,160",R IMP,"2,623.07",316.50,,107,"PDF page 107, property #724"
725,40825-02-13-08310,Unknown,LT 25 BLK 6,SUBURBAN ACRES SECOND,4337 N GARRISON AV E,CITY OF TULSA,,"8,160",R IMP,"1,697.16",332.25,,107,"PDF page 107, property #725"
726,40825-02-13-08350,Unknown,LT 29 BLK 6,SUBURBAN ACRES SECOND,4355 N GARRISON AV E,CITY OF TULSA,,"8,160",R IMP,"3,109.68",332.25,,107,"PDF page 107, property #726"
727,40825-02-13-08440,Unknown,LT 4 BLK 7,SUBURBAN ACRES SECOND,4508 N HARTFORD AV E,CITY OF TULSA,,"8,220",R IMP,"2,122.45",316.50,,107,"PDF page 107, property #727"
728,40825-02-13-08480,Unknown,LT 8 BLK 7,SUBURBAN ACRES SECOND,4346 N HARTFORD AV E,CITY OF TULSA,,"8,160",R IMP,"3,394.99",316.50,,108,"PDF page 108, property #728"
729,40825-02-13-08670,Unknown,LT 27 BLK 7,SUBURBAN ACRES SECOND,4347 N GARRISON PL E,CITY OF TULSA,,"8,280",R HS IMP,"2,004.57",348.00,,108,"PDF page 108, property #729"
730,40825-02-13-09170,Unknown,LT 1 BLK 9,SUBURBAN ACRES SECOND,4220 N HARTFORD AV E,CITY OF TULSA,,"7,800",R IMP,"2,277.26",316.50,,108,"PDF page 108, property #730"
731,40825-02-13-09510,Unknown,LT 35 BLK 9,SUBURBAN ACRES SECOND,4137 N FRANKFORT AV E,CITY OF TULSA,,"7,380",R IMP,"4,244.24",332.25,,108,"PDF page 108, property #731"
732,40825-02-13-09890,Unknown,LT 2 BLK 11,SUBURBAN ACRES SECOND,4104 N HARTFORD AV E,CITY OF TULSA,,"7,680",R,476.61,318.00,,108,"PDF page 108, property #732"
733,40850-02-12-05970,Unknown,LT 3 BLK 1,SUBURBAN ACRES THIRD ADDN,4966 N HARTFORD AV E,CITY OF TULSA,,"7,200",R IMP,768.17,332.25,,108,"PDF page 108, property #733"
734,40850-02-12-06130,Unknown,LT 4 BLK 2,SUBURBAN ACRES THIRD ADDN,641 E 50 ST N,CITY OF TULSA,,"13,160",R IMP,"3,005.03",332.25,,108,"PDF page 108, property #734"
735,40850-02-12-06790,Unknown,LT 8 BLK 3,SUBURBAN ACRES THIRD ADDN,4939 N FRANKFORT AV E,CITY OF TULSA,,"9,000",R,652.60,349.50,,109,"PDF page 109, property #735"
736,40850-02-12-06830,Unknown,LT 12 BLK 3,SUBURBAN ACRES THIRD ADDN,519 E 49 PL N,CITY OF TULSA,,"7,200",R IMP,"2,609.12",395.25,,109,"PDF page 109, property #736"
737,40850-02-12-06950,Unknown,LT 9 BLK 4,SUBURBAN ACRES THIRD ADDN,524 E 49 PL N,CITY OF TULSA,,"7,200",R IMP,"3,578.85",363.75,,109,"PDF page 109, property #737"
738,40850-02-12-07350,Unknown,LT 25 BLK 5,SUBURBAN ACRES THIRD ADDN,543 E 48 PL N,CITY OF TULSA,,"7,680",R IMP,"2,699.73",316.50,,109,"PDF page 109, property #738"
739,40850-02-12-07500,Unknown,LT 9 BLK 6,SUBURBAN ACRES THIRD ADDN,534 E 48 PL N,CITY OF TULSA,,"7,620",R IMP,"4,985.56",379.50,,109,"PDF page 109, property #739"
740,40850-02-12-07510,Unknown,LT 10 BLK 6,SUBURBAN ACRES THIRD ADDN,528 E 48 PL N,CITY OF TULSA,,"7,200",R IMP,"2,775.72",316.50,,109,"PDF page 109, property #740"
741,40850-02-12-07520,Unknown,LT 11 BLK 6,SUBURBAN ACRES THIRD ADDN,524 E 48 PL N,CITY OF TULSA,,"7,200",R HS IMP,"2,372.42",348.00,,109,"PDF page 109, property #741"
742,40850-02-12-07650,Unknown,LT 24 BLK 6,SUBURBAN ACRES THIRD ADDN,543 E 48 ST N,CITY OF TULSA,,"7,680",R IMP,"2,911.70",332.25,,110,"PDF page 110, property #742"
743,40850-02-12-07890,Unknown,LT 18 BLK 7,SUBURBAN ACRES THIRD ADDN,513 E 47 PL N,CITY OF TULSA,,"7,200",R IMP,"1,954.71",316.50,,110,"PDF page 110, property #743"
744,40850-02-12-07900,Unknown,LT 19 BLK 7,SUBURBAN ACRES THIRD ADDN,517 E 47 PL N,CITY OF TULSA,,"7,680",R IMP,"1,771.82",332.25,,110,"PDF page 110, property #744"
745,40850-02-12-08470,Unknown,LT 12 BLK 10,SUBURBAN ACRES THIRD ADDN,4642 N HARTFORD AV E,CITY OF TULSA,,"7,440",R HS IMP,"2,234.70",316.50,,110,"PDF page 110, property #745"
746,40875-02-13-10650,Unknown,LOT 14 BLK 2,SUBURBAN ACRES FOURTH ADDN,4330 N ELGIN AV E,CITY OF TULSA,,"7,296",R IMP,"2,369.09",395.25,,110,"PDF page 110, property #746"
747,40875-02-13-10960,Unknown,LOT 5 BLK 3,SUBURBAN ACRES FOURTH ADDN,4454 N DETROIT PL E,CITY OF TULSA,,"9,348",R HS IMP,"2,316.47",316.50,,110,"PDF page 110, property #747"
748,40875-02-13-11080,Unknown,LT 17 BLK 3,SUBURBAN ACRES FOURTH ADDN,4413 N DETROIT AV E,CITY OF TULSA,,"7,068",R,403.29,318.00,,110,"PDF page 110, property #748"
749,40875-02-13-11310,Unknown,LOT 15 BLK 4,SUBURBAN ACRES FOURTH ADDN,4423 N CINCINNATI PL E,CITY OF TULSA,,"9,216",R,293.30,302.25,,111,"PDF page 111, property #749"
750,40875-02-13-11410,Unknown,LOT 6 BLK 6,SUBURBAN ACRES FOURTH ADDN,257 E 43 ST N,CITY OF TULSA,,"8,775",R IMP,"1,445.45",332.25,,111,"PDF page 111, property #750"
751,40875-02-13-11530,Unknown,LOT 18 BLK 6,SUBURBAN ACRES FOURTH ADDN,210 E 44 ST N,CITY OF TULSA,,"7,200",R HS IMP,"1,184.93",316.50,,111,"PDF page 111, property #751"
752,40925-92-26-01220,Unknown,LOT 7 BLK 3,SUBURBAN HIGHLANDS,4744 S TACOMA AV W,CITY OF TULSA,,"17,600",R HS IMP,"1,458.03",332.25,,111,"PDF page 111, property #752"
753,41025-02-01-00030,Unknown,LT-3-BLK-10,SUBURBAN HILLS ADDN,588 E 58 ST N,CITY OF TULSA,,"7,200",R IMP,"2,597.74",316.50,,111,"PDF page 111, property #753"
754,41025-02-01-00430,Unknown,LT-5-BLK-11,SUBURBAN HILLS ADDN,566 E 57 PL N,CITY OF TULSA,,"7,200",R IMP,"2,665.73",348.00,,111,"PDF page 111, property #754"
755,41025-02-01-00530,Unknown,LOT-15-BLK-11,SUBURBAN HILLS ADDN,518 E 57 PL N,CITY OF TULSA,,"6,720",R IMP,"5,432.12",332.25,,111,"PDF page 111, property #755"
756,41025-02-01-00560,Unknown,LOT-18-BLK-11,SUBURBAN HILLS ADDN,5707 N FRANKFORT AV E,CITY OF TULSA,,"7,704",R IMP,"2,979.03",332.25,,112,"PDF page 112, property #756"
757,41025-02-01-00960,Unknown,LOT-24-BLK-12,SUBURBAN HILLS ADDN,5623 N GARRISON AV E,CITY OF TULSA,,"7,200",R IMP,"1,995.13",316.50,,112,"PDF page 112, property #757"
758,41025-02-01-01230,Unknown,LT-24-BLK-13,SUBURBAN HILLS ADDN,5607 N FRANKFORT AV E,CITY OF TULSA,,"10,010",R IMP,"3,021.69",348.00,,112,"PDF page 112, property #758"
759,41025-02-01-04360,Unknown,LT 23 BLK 3,SUBURBAN HILLS ADDN,5937 N GARRISON AV E,CITY OF TULSA,,"7,860",R,623.27,286.50,,112,"PDF page 112, property #759"
760,41025-02-01-04490,Unknown,LT 10 BLK 4,SUBURBAN HILLS ADDN,543 E 59 PL N,CITY OF TULSA,,"7,680",R IMP,"3,123.68",316.50,,112,"PDF page 112, property #760"
761,41025-02-01-04500,Unknown,LT 11 BLK 4,SUBURBAN HILLS ADDN,537 E 59 PL N,CITY OF TULSA,,"7,680",R IMP,"3,047.69",316.50,,112,"PDF page 112, property #761"
762,41025-02-01-04710,Unknown,LT 9 BLK 6,SUBURBAN HILLS ADDN,5901 N GARRISON PL E,CITY OF TULSA,,"7,200",R IMP,"1,273.20",316.50,,112,"PDF page 112, property #762"
763,41025-02-01-04720,Unknown,LT 10 BLK 6,SUBURBAN HILLS ADDN,5807 N GARRISON PL E,CITY OF TULSA,,"7,200",R IMP,"1,943.13",316.50,,113,"PDF page 113, property #763"
764,41025-02-01-04730,Unknown,LT 11 BLK 6,SUBURBAN HILLS ADDN,5803 N GARRISON PL E,CITY OF TULSA,,"7,800",R,630.60,318.00,,113,"PDF page 113, property #764"
765,41025-02-01-05090,Unknown,LT 17 BLK 8,SUBURBAN HILLS ADDN,5913 N FRANKFORT AV E,CITY OF TULSA,,"7,200",R IMP,"2,622.90",316.50,,113,"PDF page 113, property #765"
766,41025-02-01-05110,Unknown,LT 19 BLK 8,SUBURBAN HILLS ADDN,5903 N FRANKFORT AV E,CITY OF TULSA,,"8,058",R HS IMP,"2,876.21",348.00,,113,"PDF page 113, property #766"
767,41025-02-01-05170,Unknown,LT 25 BLK 8,SUBURBAN HILLS ADDN,543 E 59 ST N,CITY OF TULSA,,"7,200",R IMP,"2,869.04",348.00,,113,"PDF page 113, property #767"
768,41025-02-01-05190,Unknown,LT 27 BLK 8,SUBURBAN HILLS ADDN,553 E 59 ST N,CITY OF TULSA,,"7,200",R IMP,"2,547.07",348.00,,113,"PDF page 113, property #768"
769,41025-02-01-05430,Unknown,LT 16 BLK 9,SUBURBAN HILLS ADDN,522 E 59 ST N,CITY OF TULSA,,"7,200",R IMP,"1,273.20",363.75,,113,"PDF page 113, property #769"
770,41025-02-01-05480,Unknown,LT 21 BLK 9,SUBURBAN HILLS ADDN,5817 N FRANKFORT AV E,CITY OF TULSA,,"8,166",R IMP,"2,547.07",363.75,,114,"PDF page 114, property #770"
771,41025-02-01-06220,Unknown,LT 2 BLK 16,SUBURBAN HILLS ADDN,5914 N ELGIN AV E,CITY OF TULSA,,"7,140",R IMP,"3,015.03",332.25,,114,"PDF page 114, property #771"
772,41025-02-01-06260,Unknown,LT 2 BLK 17,SUBURBAN HILLS ADDN,5816 N ELGIN AV E,CITY OF TULSA,,"7,336",R IMP,"1,675.57",348.00,,114,"PDF page 114, property #772"
773,41025-02-01-06510,Unknown,LT 13 BLK 18,SUBURBAN HILLS ADDN,5744 N FRANKFORT AV E,CITY OF TULSA,,"8,253",R IMP,"3,259.67",332.25,,114,"PDF page 114, property #773"
774,41025-02-01-06760,Unknown,LT 38 BLK 18,SUBURBAN HILLS ADDN,331 E 57 PL N,CITY OF TULSA,,"7,200",R IMP,"2,597.09",332.25,,114,"PDF page 114, property #774"
775,41025-02-01-06790,Unknown,LT 41 BLK 18,SUBURBAN HILLS ADDN,317 E 57 PL N,CITY OF TULSA,,"7,200",R IMP,704.00,395.25,,114,"PDF page 114, property #775"
776,41025-02-01-06930,Unknown,LT 11 BLK 19,SUBURBAN HILLS ADDN,214 E 57 PL N,CITY OF TULSA,,"8,400",R HS IMP,"2,485.04",316.50,,114,"PDF page 114, property #776"
777,41100-92-34-03610,Unknown,N 50' LT 23 & S 50' LT 24 BLK 2,SUMMIT PARKS,5902 S 31 AV W,CITY OF TULSA,,"15,000",R IMP,"5,074.82",348.00,,115,"PDF page 115, property #777"
778,41100-92-34-03960,Unknown,S 50' LT 5 ALL LTS 6 7 BLK 4,SUMMIT PARKS,5817 S 30 AV W,CITY OF TULSA,,"38,600",R HS IMP,"18,126.18",332.25,,115,"PDF page 115, property #778"
779,41300-02-25-24430,Unknown,W 43' LT 2 BLK 1,SUNNY SLOPE ADDN,1133 E ZION ST N,CITY OF TULSA,,"6,450",R IMP,"1,900.47",363.75,,115,"PDF page 115, property #779"
780,41300-02-25-24790,Unknown,W 51' OF LT 11 BLK 2,SUNNY SLOPE ADDN,ADDRESS UNKNOWN,CITY OF TULSA,,"7,650",R,131.98,302.25,,115,"PDF page 115, property #780"
781,41300-02-25-25020,Unknown,S 1/2 E 50' LT 3 BLK 3,SUNNY SLOPE ADDN,1201 E YOUNG ST N,CITY OF TULSA,,"3,750",R IMP,602.60,332.25,,115,"PDF page 115, property #781"
782,41300-02-25-25140,Unknown,W 1/2 OF LT 9 BLK 3,SUNNY SLOPE ADDN,1015 E YOUNG ST E,CITY OF TULSA,,"9,675",R IMP,"14,046.69",363.75,,115,"PDF page 115, property #782"
783,41575-92-13-07130,Unknown,LT 9 BLK 16,SUNSET TERRACE,1207 E 27 PL S,CITY OF TULSA,,"6,900",R IMP,"13,852.48",316.50,,115,"PDF page 115, property #783"
784,41625-03-07-10210,Unknown,S/2 LT 1 LESS W26.14 BLK 2,SUNSHINE ACRES ADDN,1327 E 47 ST N,CITY OF TULSA,,"20,055",R,579.27,349.50,,116,"PDF page 116, property #784"
785,41650-03-35-13120,Unknown,LT 17 BLK 2,SUN VALLEY ADDN,6923 E MARSHALL PL N,CITY OF TULSA,,"7,560",R IMP,"4,414.22",348.00,,116,"PDF page 116, property #785"
786,41675-03-35-13900,Unknown,LT 7 BLK 7,SUN VALLEY SECOND ADDN,7122 E MARSHALL ST N,CITY OF TULSA,,"7,560",R HS IMP,"4,326.35",395.25,,116,"PDF page 116, property #786"
787,41750-93-07-17440,Unknown,LT 15 BLK 1,SWAN PARK,1624 E 17 PL S,CITY OF TULSA,,"8,550",R IMP,"20,630.65",348.00,,116,"PDF page 116, property #787"
788,41950-02-24-12580,Unknown,LT 12 BLK 2,TEEL TERRACE,3209 N GARRISON AV E,CITY OF TULSA,,"8,704",R IMP,"3,819.61",316.50,,116,"PDF page 116, property #788"
789,41950-02-24-12680,Unknown,LT 2 BLK 3,TEEL TERRACE,3244 N GARRISON AV E,CITY OF TULSA,,"7,750",R IMP,"2,746.72",363.75,,116,"PDF page 116, property #789"
790,41950-02-24-12850,Unknown,LT 9 BLK 4,TEEL TERRACE,3149 N HARTFORD AV E,CITY OF TULSA,,"8,100",R IMP,"2,436.42",395.25,,116,"PDF page 116, property #790"
791,42025-93-07-18720,Unknown,LT 15 BLK 14,TERRACE DRIVE ADDN RESUB B6 & L1-3 B4,1711 E 13 PL S,CITY OF TULSA,,"6,750",R HS IMP,"7,230.61",411.00,,117,"PDF page 117, property #791"
792,42675-93-02-14170,Unknown,LT 11 BLK 4,TOMMY-LEE ADDN,7447 E 1 ST S,CITY OF TULSA,,"7,440",R HS IMP,"4,426.92",348.00,,117,"PDF page 117, property #792"
793,42675-93-02-15780,Unknown,LT 30  BLK 11,TOMMY-LEE ADDN,7453 E 3 ST S,CITY OF TULSA,,"8,580",R IMP,"7,843.21",332.25,,117,"PDF page 117, property #793"
794,42850-92-03-08130,Unknown,LT 17 BLK 1,TOWER VIEW SUB,34 N 32 AV W,CITY OF TULSA,,"10,241",R,197.98,333.75,,117,"PDF page 117, property #794"
795,42850-92-03-08240,Unknown,LT 12 BLK 2,TOWER VIEW SUB,26 N 31 AV W,CITY OF TULSA,,"6,500",R,168.64,286.50,,117,"PDF page 117, property #795"
796,42900-82-01-00680,Unknown,LOT 10 BLK 7,TOWNE PARK ADDN,1044 E 64 ST S,CITY OF TULSA,,"7,897",R IMP,"10,357.63",379.50,,117,"PDF page 117, property #796"
797,43150-92-08-03770,Unknown,LT 21 BLK 1,TRIMBLE SUB,805 S 64 AV W,CITY OF TULSA,,"7,000",R HS IMP,"2,128.10",332.25,,117,"PDF page 117, property #797"
798,43150-92-08-03800,Unknown,LT 24 BLK 1,TRIMBLE SUB,817 S 64 AV W,CITY OF TULSA,,"7,000",R IMP,"1,916.47",316.50,,118,"PDF page 118, property #798"
799,43150-92-08-03870,Unknown,LT 31 BLK 1,TRIMBLE SUB,843 S 64 AV W,CITY OF TULSA,,"7,000",R,513.28,396.75,,118,"PDF page 118, property #799"
800,43150-92-08-03880,Unknown,LT 32 BLK 1,TRIMBLE SUB,847 S 64 AV W,CITY OF TULSA,,"7,000",R,513.28,333.75,,118,"PDF page 118, property #800"
801,43275-03-32-18230,Unknown,LT 11,TULSA GARDEN ACRES SUB TR 11,3120 E LATIMER PL N,CITY OF TULSA,,"6,750",R,659.93,302.25,,118,"PDF page 118, property #801"
802,43300-03-29-09940,Unknown,LT 29 BK 4,TULSA HGTS,2311 N ATLANTA AV E,CITY OF TULSA,,"5,000",R IMP,"1,179.88",332.25,,118,"PDF page 118, property #802"
803,43300-03-29-10280,Unknown,LT 65 LESS N.5'BK 6,TULSA HGTS,ADDRESS UNKNOWN,CITY OF TULSA,,"4,500",R,29.33,552.25,,118,"PDF page 118, property #803"
804,43300-03-29-10720,Unknown,LT 108 BK 11,TULSA HGTS,2232 N ATLANTA PL E,CITY OF TULSA,,"5,000",R IMP,"1,850.48",363.75,,118,"PDF page 118, property #804"
805,43300-03-29-10960,Unknown,LT 133 BK 12,TULSA HGTS,2207 N LEWIS PL E,CITY OF TULSA,,"5,000",R,782.09,318.00,,119,"PDF page 119, property #805"
806,43300-03-29-11740,Unknown,LT 213 BK 17,TULSA HGTS,2116 N ATLANTA CT E,CITY OF TULSA,,"5,000",R,329.96,318.00,,119,"PDF page 119, property #806"
807,43300-03-29-12660,Unknown,"LT 304 BK 25 TULSA HGTS 2022 N LEWIS PL E CITY OF TULSA 5,000 R STRUCTURE REMOVED 1,289.87 363.75 808 43300-03-29-13230 LT 365 BK 28",TULSA HGTS,1932 N ATLANTA PL E,CITY OF TULSA,,"5,000",R,329.96,318.00,,119,"PDF page 119, property #807"
809,43300-03-29-13480,Unknown,LT 391   BK 30,TULSA HGTS,1908 N BIRMINGHAM AV E,CITY OF TULSA,,"5,000",R,329.96,302.25,,119,"PDF page 119, property #809"
810,43300-03-29-13580,Unknown,N. 134 LT 400 BK 32,TULSA HGTS,ADDRESS UNKNOWN,CITY OF TULSA,,"3,350",R,219.97,270.75,,119,"PDF page 119, property #810"
811,43300-03-29-14980,Unknown,LT 544 BK 41,TULSA HGTS,1728 N ATLANTA CT E,CITY OF TULSA,,"5,000",R IMP,"1,094.55",348.00,,119,"PDF page 119, property #811"
812,43300-03-29-15680,Unknown,LT 619 BK 48,TULSA HGTS,1612 N ATLANTA AV E,CITY OF TULSA,,"5,000",R,329.96,333.75,,120,"PDF page 120, property #812"
813,43775-93-05-22230,Unknown,E 15 LT 6 ALL LT 7 BLK 10,UNIVERSITY PARK,3154 E 1 ST S,CITY OF TULSA,,"9,600",R IMP,"9,067.09",348.00,,120,"PDF page 120, property #813"
814,43775-93-05-22530,Unknown,LT 5 BLK 11,UNIVERSITY PARK,208 S HARVARD AV E,CITY OF TULSA,,"5,889",R IMP,"5,098.15",363.75,,120,"PDF page 120, property #814"
815,43800-93-04-19370,Unknown,LT 5 BLK 2,UNIVERSITY PLACE,420 S QUEBEC AV E,CITY OF TULSA,,"6,600",R IMP,"4,670.86",348.00,,120,"PDF page 120, property #815"
816,43800-93-04-19590,Unknown,LT 3 BLK 3,UNIVERSITY PLACE,512 S QUEBEC AV E,CITY OF TULSA,,"6,600",R IMP,"7,753.89",316.50,,120,"PDF page 120, property #816"
817,43900-93-08-24730,Unknown,LT 8 BLK 1,VALA OUIDA DRIVE PRT TR 8 GLEN ACRES SUB,1727 S COLUMBIA AV E,CITY OF TULSA,,"6,720",R IMP,"13,031.76",316.50,,120,"PDF page 120, property #817"
818,43925-03-35-15210,Unknown,LT 16 BLK 8,VAL-CHARLES ADDN,7311 E KING ST N,CITY OF TULSA,,"7,728",R IMP,"4,227.57",332.25,,120,"PDF page 120, property #818"
819,43950-83-06-02960,Unknown,LT 7,VALLEY CENTER ADDN,1541 E 62 ST S,CITY OF TULSA,,"51,810",R,"2,726.39",381.00,,121,"PDF page 121, property #819"
820,44200-02-11-00050,Unknown,LT 5 BLK 1,VALLEY VIEW ACRES,5031 N BOSTON PL E,CITY OF TULSA,,"7,068",R IMP,"2,425.56",332.25,,121,"PDF page 121, property #820"
821,44200-02-11-00110,Unknown,LT 11 BLK 1,VALLEY VIEW ACRES,5001 N BOSTON PL E,CITY OF TULSA,,"6,900",R,623.27,302.25,,121,"PDF page 121, property #821"
822,44200-02-11-00330,Unknown,LT 1 BLK 3,VALLEY VIEW ACRES,44 E 50 CT N,CITY OF TULSA,,"8,307",R IMP,"1,851.92",348.00,,121,"PDF page 121, property #822"
823,44200-02-11-00760,Unknown,LT 18 BLK 4,VALLEY VIEW ACRES,27 W 50 ST N,CITY OF TULSA,,"7,020",R IMP,"2,578.78",363.75,,121,"PDF page 121, property #823"
824,44200-02-11-01060,Unknown,LT 16 BLK 5,VALLEY VIEW ACRES,34 W 50 ST N,CITY OF TULSA,,"8,307",R IMP,"3,286.33",316.50,,121,"PDF page 121, property #824"
825,44200-02-11-01080,Unknown,LT 18 BLK 5,VALLEY VIEW ACRES,103 W 49 PL N,CITY OF TULSA,,"7,020",R IMP,"3,715.62",379.50,,121,"PDF page 121, property #825"
826,44200-02-11-01470,Unknown,LT 25 BLK 6,VALLEY VIEW ACRES,113 E 49 ST N,CITY OF TULSA,,"7,020",R IMP,"3,160.35",332.25,,122,"PDF page 122, property #826"
827,44200-02-11-01560,Unknown,LTS 7 & 8 BLK 7,VALLEY VIEW ACRES,141 W 50 CT N,CITY OF TULSA,,"14,208",R IMP,"4,239.57",316.50,,122,"PDF page 122, property #827"
828,44200-02-11-01790,Unknown,LT 17 BLK 8,VALLEY VIEW ACRES,137 W 50 PL N,CITY OF TULSA,,"7,020",R IMP,"3,153.01",332.25,,122,"PDF page 122, property #828"
829,44200-02-11-01900,Unknown,LT 4 BLK 9,VALLEY VIEW ACRES,136 W 50 PL N,CITY OF TULSA,,"7,020",R HS IMP,"2,809.99",316.50,,122,"PDF page 122, property #829"
830,44200-02-11-02050,Unknown,LT 1 BLK 10,VALLEY VIEW ACRES,106 W 50 ST N,CITY OF TULSA,,"8,190",R IMP,"3,538.05",348.00,,122,"PDF page 122, property #830"
831,44200-02-11-02340,Unknown,LT 2 BLK 11,VALLEY VIEW ACRES,110 W 49 PL N,CITY OF TULSA,,"7,020",R IMP,"3,520.98",332.25,,122,"PDF page 122, property #831"
832,44200-02-11-02620,Unknown,LT 30 BLK 11,VALLEY VIEW ACRES,201 W 49 ST N,CITY OF TULSA,,"7,020",R,146.65,459.75,,122,"PDF page 122, property #832"
833,44200-02-11-02710,Unknown,LT 5 BLK 12,VALLEY VIEW ACRES,5020 N DENVER PL W,CITY OF TULSA,,"7,254",R HS IMP,"2,579.92",316.50,,123,"PDF page 123, property #833"
834,44200-02-11-03360,Unknown,LT 25 BLK 15,VALLEY VIEW ACRES,4617 N BOSTON AV E,CITY OF TULSA,,"7,020",R HS IMP,"2,345.91",332.25,,123,"PDF page 123, property #834"
835,44200-02-11-03380,Unknown,LT 27 BLK 15,VALLEY VIEW ACRES,4627 N BOSTON AV E,CITY OF TULSA,,"7,020",R IMP,"3,311.00",332.25,,123,"PDF page 123, property #835"
836,44200-02-11-03530,Unknown,LT 42 BLK 15,VALLEY VIEW ACRES,4697 N BOSTON AV E,CITY OF TULSA,,"7,020",R IMP,"3,193.01",332.25,,123,"PDF page 123, property #836"
837,44200-02-11-03560,Unknown,LT 3 BLK 16,VALLEY VIEW ACRES,4690 N BOSTON AV E,CITY OF TULSA,,"7,020",R IMP,"3,117.68",363.75,,123,"PDF page 123, property #837"
838,44200-02-11-03600,Unknown,LT 7 BLK 16,VALLEY VIEW ACRES,4672 N BOSTON AV E,CITY OF TULSA,,"7,020",R IMP,"3,450.32",332.25,,123,"PDF page 123, property #838"
839,44200-02-11-04390,Unknown,LT 2 BLK 18,VALLEY VIEW ACRES,4696 N BOULDER AV W,CITY OF TULSA,,"7,020",R IMP,"3,075.02",348.00,,123,"PDF page 123, property #839"
840,44200-02-11-04710,Unknown,LT 34 BLK 18,VALLEY VIEW ACRES,4661 N CHEYENNE AV W,CITY OF TULSA,,"7,020",R IMP,"2,253.10",316.50,,124,"PDF page 124, property #840"
841,44200-02-11-05320,Unknown,LT 11 BLK 20,VALLEY VIEW ACRES,327 W 48 ST N,CITY OF TULSA,,"7,020",R IMP,"2,807.05",332.25,,124,"PDF page 124, property #841"
842,44200-02-11-05670,Unknown,LT 14 BLK 22,VALLEY VIEW ACRES,313 W 47 ST N,CITY OF TULSA,,"7,020",R IMP,"3,081.02",332.25,,124,"PDF page 124, property #842"
843,44200-02-14-06180,Unknown,LOT-7-BLK-26,VALLEY VIEW ACRES,102 E 46 ST N,CITY OF TULSA,,"7,020",R,249.30,286.50,,124,"PDF page 124, property #843"
844,44200-02-14-06630,Unknown,LOT-2-BLK-29,VALLEY VIEW ACRES,18 E 44 PL N,CITY OF TULSA,,"10,908",R IMP,"3,183.01",332.25,,124,"PDF page 124, property #844"
845,44225-02-12-09330,Unknown,LT 12 BLK 34,VALLEY VIEW ACRES SECOND ADDN,711 E 51 PL N,CITY OF TULSA,,"7,980",R IMP,"3,199.68",332.25,,124,"PDF page 124, property #845"
846,44225-02-12-09740,Unknown,LT 27 BLK 36,VALLEY VIEW ACRES SECOND ADDN,623 E 53 ST N,CITY OF TULSA,,"7,616",R,637.93,318.00,,124,"PDF page 124, property #846"
847,44225-02-12-10280,Unknown,LT 15 BLK 38,VALLEY VIEW ACRES SECOND ADDN,538 E 52 PL N,CITY OF TULSA,,"7,200",R,637.93,302.25,,125,"PDF page 125, property #847"
848,44225-02-12-10920,Unknown,LT 3 BLK 41,VALLEY VIEW ACRES SECOND ADDN,5308 N FRANKFORT PL E,CITY OF TULSA,,"7,860",R IMP,"3,386.99",332.25,,125,"PDF page 125, property #848"
849,44225-02-12-11180,Unknown,E41 LT 29 LESS E26 THEREOF BLK 41,VALLEY VIEW ACRES SECOND ADDN,ADDRESS UNKNOWN,CITY OF TULSA,,900,R,7.33,318.00,,125,"PDF page 125, property #849"
850,44225-02-12-11460,Unknown,LT 16 BLK 42,VALLEY VIEW ACRES SECOND ADDN,220 E 54 ST N,CITY OF TULSA,,"7,080",R IMP,"2,122.45",332.25,,125,"PDF page 125, property #850"
851,44225-02-12-11500,Unknown,LT 20 BLK 42,VALLEY VIEW ACRES SECOND ADDN,205 E 53 ST N,CITY OF TULSA,,"8,092",R IMP,"1,824.48",348.00,,125,"PDF page 125, property #851"
852,44225-02-12-11530,Unknown,LT 23 BLK 42,VALLEY VIEW ACRES SECOND ADDN,219 E 53 ST N,CITY OF TULSA,,"7,137",R IMP,"2,911.04",316.50,,125,"PDF page 125, property #852"
853,44225-02-12-11750,Unknown,LT 8 BLK 43,VALLEY VIEW ACRES SECOND ADDN,254 E 53 ST N,CITY OF TULSA,,"7,316",R IMP,"2,433.45",332.25,,125,"PDF page 125, property #853"
854,44225-02-12-11990,Unknown,LT 32 BLK 43,VALLEY VIEW ACRES SECOND ADDN,269 E 52 PL N,CITY OF TULSA,,"7,316",R IMP,"2,079.79",332.25,,126,"PDF page 126, property #854"
855,44250-02-12-13080,Unknown,LT 7 BLK 47,VALLEY VIEW ACRES THIRD ADDN,5507 N JOHNSTOWN AV E,CITY OF TULSA,,"7,800",R IMP,"2,529.08",332.25,,126,"PDF page 126, property #855"
856,44250-02-12-13720,Unknown,LT 19 BLK 49,VALLEY VIEW ACRES THIRD ADDN,ADDRESS UNKNOWN,CITY OF TULSA,,"7,410",R,43.99,396.75,,126,"PDF page 126, property #856"
857,44250-02-12-14150,Unknown,LT 9 BLK 51,VALLEY VIEW ACRES THIRD ADDN,710 E 54 PL N,CITY OF TULSA,,"7,200",R IMP,"4,235.57",332.25,,126,"PDF page 126, property #857"
858,44250-02-12-14160,Unknown,LT 10 BLK 51,VALLEY VIEW ACRES THIRD ADDN,5419 N HARTFORD AV E,CITY OF TULSA,,"7,800",R IMP,"1,697.83",332.25,,126,"PDF page 126, property #858"
859,44250-02-12-14340,Unknown,LT 10 BLK 52,VALLEY VIEW ACRES THIRD ADDN,5452 N HARTFORD AV E,CITY OF TULSA,,"7,200",R IMP,"2,546.41",348.00,,126,"PDF page 126, property #859"
860,44250-02-12-14410,Unknown,LT 17 BLK 52,VALLEY VIEW ACRES THIRD ADDN,5418 N HARTFORD AV E,CITY OF TULSA,,"7,260",R IMP,"2,063.12",316.50,,126,"PDF page 126, property #860"
861,44250-02-12-14920,Unknown,LT 15 BLK 53,VALLEY VIEW ACRES THIRD ADDN,5531 N FRANKFORT PL E,CITY OF TULSA,,"11,210",R IMP,"3,183.64",332.25,,127,"PDF page 127, property #861"
862,44250-02-12-14930,Unknown,LT 16 BLK 53,VALLEY VIEW ACRES THIRD ADDN,5527 N FRANKFORT PL E,CITY OF TULSA,,"7,800",R IMP,"2,537.74",348.00,,127,"PDF page 127, property #862"
863,44250-02-12-15060,Unknown,LT 4 BLK 54,VALLEY VIEW ACRES THIRD ADDN,618 E 55 ST N,CITY OF TULSA,,"7,200",R IMP,"1,443.18",332.25,,127,"PDF page 127, property #863"
864,44250-02-12-15160,Unknown,LT 14 BLK 54,VALLEY VIEW ACRES THIRD ADDN,535 E 54 PL N,CITY OF TULSA,,"7,200",R IMP,"2,716.39",332.25,,127,"PDF page 127, property #864"
865,44250-02-12-15190,Unknown,LT 17 BLK 54,VALLEY VIEW ACRES THIRD ADDN,549 E 54 PL N,CITY OF TULSA,,"7,200",R IMP,"3,327.00",332.25,,127,"PDF page 127, property #865"
866,44250-02-12-15260,Unknown,LT 7 BLK 55,VALLEY VIEW ACRES THIRD ADDN,604 E 54 PL N,CITY OF TULSA,,"7,440",R IMP,"2,962.37",332.25,,127,"PDF page 127, property #866"
867,44250-02-12-15720,Unknown,LT 2 BLK 57,VALLEY VIEW ACRES THIRD ADDN,520 E 55 PL N,CITY OF TULSA,,"11,592",R,674.59,302.25,,127,"PDF page 127, property #867"
868,44250-02-12-15760,Unknown,LT 6 BLK 57,VALLEY VIEW ACRES THIRD ADDN,5510 N FRANKFORT PL E,CITY OF TULSA,,"7,800",R IMP,848.58,363.75,,128,"PDF page 128, property #868"
869,44250-02-12-15950,Unknown,LT 25 BLK 57,VALLEY VIEW ACRES THIRD ADDN,5443 N FRANKFORT AV E,CITY OF TULSA,,"8,580",R HS IMP,801.25,332.25,,128,"PDF page 128, property #869"
870,44250-02-12-16300,Unknown,LT 6 BLK 59,VALLEY VIEW ACRES THIRD ADDN,253 E 55 ST N,CITY OF TULSA,,"7,200",R IMP,"1,697.83",348.00,,128,"PDF page 128, property #870"
871,44325-03-36-03990,Unknown,LOT 25 BLK 5,VAN ACRES ADDN AMD,9415 E NEWTON ST N,CITY OF TULSA,,"8,100",R HS IMP,"4,649.22",411.00,,128,"PDF page 128, property #871"
872,44325-03-36-04310,Unknown,LOT 15 BLK 6,VAN ACRES ADDN AMD,9541 E NEWTON PL N,CITY OF TULSA,,"8,400",R IMP,"5,659.43",363.75,,128,"PDF page 128, property #872"
873,44325-03-36-04550,Unknown,LOT 23 BLK 7,VAN ACRES ADDN AMD,9165 E NEWTON PL N,CITY OF TULSA,,"10,320",R HS IMP,"3,854.94",332.25,,128,"PDF page 128, property #873"
874,44625-92-04-09470,Unknown,W 1/2 LT 6 BLK 1,VERNDALE,423 S 42 AV W,CITY OF TULSA,,"6,150",R,395.96,318.00,,128,"PDF page 128, property #874"
875,44625-92-04-10040,Unknown,S 10 LT 4 & N 34 LT 5 BLK 4,VERNDALE,416 S 44 AV W,CITY OF TULSA,,"5,852",R,36.66,318.00,,129,"PDF page 129, property #875"
876,44625-92-04-10100,Unknown,LT 11 BLK 4,VERNDALE,444 S 44 AV W,CITY OF TULSA,,"6,650",R HS IMP,"2,030.46",332.25,,129,"PDF page 129, property #876"
877,44625-92-04-10350,Unknown,LT 18 BLK 5,VERNDALE,427 S 46 AV W,CITY OF TULSA,,"6,650",R IMP,"2,523.74",363.75,,129,"PDF page 129, property #877"
878,44650-92-04-12520,Unknown,LT 29 BLK C,VERN HGTS SUB,ADDRESS UNKNOWN,CITY OF TULSA,,"10,000",R,14.66,333.75,,129,"PDF page 129, property #878"
879,44650-92-04-12640,Unknown,E102 LTS 39 & 40 & ALL LTS 43 THRU 45 BLK D VERN HGTS SUB,4631 W RECONCILIATION,WY N,CITY OF TULSA,,"61,830",C IMP,"36,790.19",348.00,,129,"PDF page 129, property #879"
880,44650-92-04-12680,Unknown,LT 41 BLK D,VERN HGTS SUB,224 N 46 AV W,CITY OF TULSA,,"15,000",C,"1,378.52",302.25,,129,"PDF page 129, property #880"
881,44650-92-04-12730,Unknown,LT 46 BLK E,VERN HGTS SUB,136 N 46 AV W,CITY OF TULSA,,"13,000",R HS IMP,"2,096.45",332.25,,129,"PDF page 129, property #881"
889,44675-92-08-05940,Unknown,N 100' S 1/2 LT 6 BLK 7,VERN SUB AMD,1023 S 51 AV W,CITY OF TULSA,,"11,300",R IMP,"2,654.40",332.25,,130,"PDF page 130, property #889"
890,44675-92-08-06110,Unknown,W54 N/2 LT 6 LESS N5 THEREOF BLK 8,VERN SUB AMD,ADDRESS UNKNOWN,CITY OF TULSA,,"9,855",R,329.96,270.75,,130,"PDF page 130, property #890"
891,44675-92-08-06285,Unknown,N195' OF LOT 3 BLK-9,VERN SUB AMD,ADDRESS UNKNOWN,CITY OF TULSA,,"22,035",R,344.63,286.50,,130,"PDF page 130, property #891"
892,44700-92-08-06800,Unknown,LT 8 BLK 3,VERN SUB NUMBER 2,ADDRESS UNKNOWN,CITY OF TULSA,,"44,465",R,373.96,286.50,,130,"PDF page 130, property #892"
893,44700-92-08-06970,Unknown,S50 N475 EA LTS 8 & 9 BLK 4,VERN SUB NUMBER 2,1233 S 51 AV W,CITY OF TULSA,,"7,500",R,513.28,302.25,,130,"PDF page 130, property #893"
894,44775-03-19-07170,Unknown,LT 15 BLK 1,VICTORY ADDN,1911 E 28 ST N,CITY OF TULSA,,"6,750",R,307.96,333.75,,130,"PDF page 130, property #894"
895,44775-03-19-07350,Unknown,LT 9 BLK 2,VICTORY ADDN,1918 E 28 ST N,CITY OF TULSA,,"6,750",R,307.96,318.00,,130,"PDF page 130, property #895"
896,45350-94-06-06870,Unknown,LT 7 BK 1,WAGON WHEEL ADDN,10620 E ADMIRAL PL N,CITY OF TULSA,,"7,421",R IMP,"6,267.37",316.50,,131,"PDF page 131, property #896"
897,45350-94-06-07290,Unknown,LT 11 BK 3,WAGON WHEEL ADDN,310 S 105 PL E,CITY OF TULSA,,"7,200",R IMP,"5,390.12",348.00,,131,"PDF page 131, property #897"
898,45350-94-06-07770,Unknown,LT 15 BK 5,WAGON WHEEL ADDN,138 S 107 AV E,CITY OF TULSA,,"6,785",R IMP,"5,972.06",363.75,,131,"PDF page 131, property #898"
899,45350-94-06-08780,Unknown,LT 32 BK 8,WAGON WHEEL ADDN,10623 E 4 ST S,CITY OF TULSA,,"7,200",R IMP,"6,949.58",348.00,,131,"PDF page 131, property #899"
900,45450-94-06-10580,Unknown,LT 3 BK 19,WAGON WHEEL ADDN B19-25,436 S 109 AV E,CITY OF TULSA,,"8,050",R IMP,"4,952.17",332.25,,131,"PDF page 131, property #900"
901,45525-93-06-21270,Unknown,N.74-LT-1-BLK-3,WAKEFIELD,102 S ZUNIS AV E,CITY OF TULSA,,"4,440",R IMP,"8,799.12",363.75,,131,"PDF page 131, property #901"
902,45525-93-06-21280,Unknown,LOT-2-BLK-3,WAKEFIELD,2120 E 1 ST S,CITY OF TULSA,,"7,000",R,"2,566.41",318.00,,131,"PDF page 131, property #902"
903,45525-93-06-21440,Unknown,LOT-5-BLK-4,WAKEFIELD,2017 E 2 ST S,CITY OF TULSA,,"7,000",R IMP,"2,037.38",316.50,,132,"PDF page 132, property #903"
904,45575-93-04-21370,Unknown,LT 8 BLK 12,WALNUT PARK ADDN,234 S INDIANAPOLIS AV E,CITY OF TULSA,,"8,694",R IMP,"6,542.71",348.00,,132,"PDF page 132, property #904"
905,45600-94-16-00400,Unknown,LT 23 BLK 1,WALNUT RIDGE RESUB L8-11 & 14-18 SMITTLE ADDN,2216 S 131 AV E,CITY OF TULSA,,"8,400",R IMP,"3,844.67",316.50,,132,"PDF page 132, property #905"
906,45625-93-21-16710,Unknown,ALL LT 26 PT LT 27 BLK 7 BEG SELY COR LT27 TH SWLY LONG SLY L 110 TO SWLY COR THNWLY LONG WLY L 5.35 TH ELY 111.64 TO   BEG,WALTER FOSTER ADDN,3518 S SANDUSKY AV E,CITY OF TULSA,,"7,839",R HS IMP,"6,474.68",363.75,,132,"PDF page 132, property #906"
907,45850-02-24-13240,Unknown,LT 11 LESS W50 THEREOF BLK 1,WAREHOUSING ADDN,ADDRESS UNKNOWN,CITY OF TULSA,,"2,164",R,51.32,302.25,,132,"PDF page 132, property #907"
908,45850-02-24-13350,Unknown,LOT 11 BLK 2,WAREHOUSING ADDN,1041 E 26 PL N,CITY OF TULSA,,"7,062",R,124.65,318.00,,132,"PDF page 132, property #908"
909,45850-02-24-13470,Unknown,LOT 11 BLK 3,WAREHOUSING ADDN,2625 N MADISON AV E,CITY OF TULSA,,"7,700",R IMP,897.24,332.25,,133,"PDF page 133, property #909"
910,46000-93-30-11430,Unknown,LOT 7 BLK 1,WARREN HGTS L1-17 B1 L1&23 B2 L1&25 B3 L1-11 B4,1558 E 41 ST S,CITY OF TULSA,,"8,316",R IMP,"7,025.18",363.75,,133,"PDF page 133, property #910"
911,46465-92-11-31880,Unknown,LT 30 BLK 1,WEST TULSA TOWNHOUSE ADDN,2034 S PHOENIX AV W,CITY OF TULSA,,"6,844",R IMP,"3,329.00",363.75,,133,"PDF page 133, property #911"
912,46525-94-05-05250,Unknown,LT 17 BLK 13,WESTERN VILLAGE SECOND ADDN,293 S 118 AV E,CITY OF TULSA,,"9,501",R IMP,"7,315.38",316.50,,133,"PDF page 133, property #912"
913,46675-93-16-17250,Unknown,LT 2 BLK 7,WESTFUL VISTA ADDN AMD B7-8,2607 S SANDUSKY AV E,CITY OF TULSA,,"7,680",R HS IMP,"10,563.61",363.75,,133,"PDF page 133, property #913"
914,46750-03-33-16899,Unknown,E1 W186 LT 11 BLK 1,WESTROPE ACRES,ADDRESS UNKNOWN,CITY OF TULSA,,112,R,7.33,302.25,,133,"PDF page 133, property #914"
915,46825-03-33-18040,Unknown,LT 10 BLK 1,WESTROPE THIRD,1312 N SANDUSKY AV E,CITY OF TULSA,,"7,000",R IMP,"4,668.86",348.00,,133,"PDF page 133, property #915"
916,46875-93-03-13050,Unknown,LOT 7 BLK 29,WHITE CITY ADDN,5101 E 11 ST S,CITY OF TULSA,,"14,830",C IMP,"7,273.93",316.50,,134,"PDF page 134, property #916"
917,46875-93-03-13730,Unknown,TRI IN LOT 2 BEG SE COR TH N 15.56' SW  52.52' TO S L E 50' TO BEG BLK 37,WHITE CITY ADDN,ADDRESS UNKNOWN,CITY OF TULSA,,389,R,14.66,302.25,,134,"PDF page 134, property #917"
918,47075-93-30-12810,Unknown,LT 9 BLK 2,WILDER ADDN,1356 E 44 ST S,CITY OF TULSA,,"7,800",R HS IMP,"7,827.99",316.50,,134,"PDF page 134, property #918"
919,47100-03-31-17080,Unknown,LT-13-BLK-1,WILDMAN'S ADDN,1229 N ROCKFORD AV E,CITY OF TULSA,,"6,075",R IMP,"1,222.54",332.25,,134,"PDF page 134, property #919"
920,47175-03-29-18120,Unknown,LT-8-BLK-2,WILKERSON HGTS,1928 N FLORENCE PL E,CITY OF TULSA,,"7,440",R IMP,"2,174.44",316.50,,134,"PDF page 134, property #920"
921,47175-03-29-18430,Unknown,LT-13-BLK-3,WILKERSON HGTS,1903 N FLORENCE PL E,CITY OF TULSA,,"7,995",R HS IMP,"1,549.17",316.50,,134,"PDF page 134, property #921"
922,47650-03-19-08360,Unknown,LT-1-BLK-1,WINSTEAD ADDN,ADDRESS UNKNOWN,CITY OF TULSA,,"8,450",R,"1,099.89",302.25,,134,"PDF page 134, property #922"
923,47650-03-19-08370,Unknown,LT-2-BLK-1,WINSTEAD ADDN,ADDRESS UNKNOWN,CITY OF TULSA,,"6,500",R,"1,099.89",302.25,,135,"PDF page 135, property #923"
924,47650-03-19-08580,Unknown,LT-23-BLK-1,WINSTEAD ADDN,ADDRESS UNKNOWN,CITY OF TULSA,,"6,500",R,"1,099.89",302.25,,135,"PDF page 135, property #924"
925,47650-03-19-08590,Unknown,LT-24-BLK-1,WINSTEAD ADDN,ADDRESS UNKNOWN,CITY OF TULSA,,"8,450",R,"1,099.89",302.25,,135,"PDF page 135, property #925"
926,47650-03-19-08630,Unknown,LT-4-BLK-2,WINSTEAD ADDN,2689 N QUAKER AV E,CITY OF TULSA,,"7,000",R IMP,"1,609.17",363.75,,135,"PDF page 135, property #926"
927,47700-02-26-09610,Unknown,LT-9-BLK-3,WINTER VIEW HGTS,2525 N MAIN ST E,CITY OF TULSA,,"6,144",R HS IMP,"3,082.54",363.75,,135,"PDF page 135, property #927"
929,47800-93-19-14620,Unknown,LOT 3 A BLK 8,WOODLAND HGTS,1618 E 36 ST S,CITY OF TULSA,,"10,564",R IMP,"19,176.46",332.25,,136,"PDF page 136, property #929"
930,48900-93-35-09520,Unknown,LT 4 BLK 3,WOODLAND VIEW FIRST ADDN,5720 S 66 AV E,CITY OF TULSA,,"11,520",R HS IMP,"11,630.17",316.50,,136,"PDF page 136, property #930"
931,49100-93-35-15189,Unknown,PRT LT 2 BEG NEC LT 2 TH CRV LF 13 SW TO PT ON SL LT 2 TH E4 NE117.93 POB BLK 4,WOODLAND VIEW SIXTH ADDN,ADDRESS UNKNOWN,CITY OF TULSA,,"1,002",R,14.66,318.00,,136,"PDF page 136, property #931"
932,49600-03-17-06000,Unknown,LT 12 BLK 1,YAHOLA HGTS ADDN,2738 E 45 ST N,CITY OF TULSA,,"7,440",R IMP,"3,766.83",348.00,,136,"PDF page 136, property #932"
933,49650-03-34-13420,Unknown,LT 4 BLK 3,YALE CREST ADDN,4932 E HASKELL ST N,CITY OF TULSA,,"7,280",R IMP,"3,249.00",363.75,,136,"PDF page 136, property #933"
934,49700-03-34-14030,Unknown,LT 10 BLK 1,YALE CREST THIRD ADDN,5107 E HASKELL PL N,CITY OF TULSA,,"7,560",R IMP,"3,272.62",316.50,,136,"PDF page 136, property #934"
935,49725-03-34-14590,Unknown,LT 11 BLK 2,YALE CREST EXT,4902 E EASTON ST N,CITY OF TULSA,,"8,680",R IMP,"4,040.26",332.25,,136,"PDF page 136, property #935"
936,49800-03-34-14990,Unknown,LT 11 BLK 2,YALE TERRACE ADDN,1241 N ALLEGHENY AV E,CITY OF TULSA,,"7,830",R IMP,"4,540.87",316.50,,137,"PDF page 137, property #936"
937,49800-03-34-15300,Unknown,LT 12 BLK 4,YALE TERRACE ADDN,1145 N CANTON AV E,CITY OF TULSA,,"7,700",R IMP,"3,978.26",332.25,,137,"PDF page 137, property #937"
938,49850-92-28-05460,Unknown,LTS 20 21 BK 13,YARGEE ADDN,4109 S 34 AV W,CITY OF TULSA,,"7,000",R IMP,"5,750.75",316.50,,137,"PDF page 137, property #938"
939,49850-92-28-09780,Unknown,BLK 29 LESS PRT FOR HWY 66,YARGEE ADDN,S SOUTHWEST BV W,CITY OF TULSA,,168,C,14.66,302.25,,137,"PDF page 137, property #939"
940,49900-93-21-18650,Unknown,LT 9 BLK 1,YATES ADDN RESUB B34&47 ALBERT PIKE SUB,3541 S NEW HAVEN AV E,CITY OF TULSA,,"7,375",R HS IMP,"7,966.97",316.50,,137,"PDF page 137, property #940"
941,50164-94-22-55990,Unknown,LT 35 BLK 6,SUNWOOD HILLS SECOND,3504 S 150 AV E,CITY OF TULSA,,"7,551",R IMP,"9,727.69",332.25,,137,"PDF page 137, property #941"
946,52625-92-28-06480,Unknown,"PRT BLK 8 BEG NWC TH E123.5 SWLY100 W TO PT S206.2 W100 N306.2 POB BRIDGES PARK 4311 W 43 ST S TULSA COUNTY 32,027 R       IMP 1,294.53 332.25 947 53075-92-04-13750 PT LT 4 BEG SE COR TH W 42' NW 114.58'  TO NWC E 145' S 50' TO BEG BLK 3",EAGLE CREST ADDN,ADDRESS UNKNOWN,CITY OF TULSA,,"4,675",R,7.33,286.50,,138,"PDF page 138, property #946"
948,53075-92-04-13770,Unknown,LT 5 BLK 3,EAGLE CREST ADDN,ADDRESS UNKNOWN,CITY OF TULSA,,"7,250",R,7.33,286.50,,138,"PDF page 138, property #948"
949,53075-92-04-13780,Unknown,LT 6 BLK 3,EAGLE CREST ADDN,3504 W EASTON ST N,CITY OF TULSA,,"7,250",R,571.94,302.25,,138,"PDF page 138, property #949"
1056,57490-90-30-41030,Unknown,"PRT LT 8 BEG SWC TH E165 N165 NW212.25 W33 S330.75 POB BLK 2 ROUND MOUNTAIN ESTATES 5009 S ROBERT E LEE TE W TULSA COUNTY 43,635 R    HS IMP 6,993.39 316.50 1057 57615-73-23-00550 LT 9 LESS N85 THEREOF BLK 1",BIXBY INDUSTRIAL PARK,15302 S 76 AV E,CITY OF BIXBY,,"29,900",C IMP,"24,930.84",363.75,,141,"PDF page 141, property #1056"
1058,57622-73-12-28510,Unknown,LT 7 BLK 2,BLUE RIDGE-II,13409 S 86 AV E,CITY OF BIXBY,,"15,053",R HS IMP,"9,459.72",488.75,,141,"PDF page 141, property #1058"
1059,57622-73-12-28650,Unknown,LT 21 BLK 2,BLUE RIDGE-II,13411 S 87 AV E,CITY OF BIXBY,,"12,388",R IMP,"10,736.92",363.75,,141,"PDF page 141, property #1059"
1060,57628-73-15-20120,Unknown,LT 1 BLK 1,CELEBRITY COUNTRY RESUB B2 SITRIN CENTER,14901 S YALE AV E,CITY OF BIXBY,,"116,670",C,"6,855.98",333.75,,141,"PDF page 141, property #1060"
1061,57755-74-06-32420,Unknown,LT 15 BLK 1,HERITAGE PARK ESTATES,12215 S 99 AV E,CITY OF BIXBY,,"7,915",R IMP,"22,919.04",348.00,,141,"PDF page 141, property #1061"
1062,57825-73-24-04250,Unknown,LTS 20 & 21 BLK 18,MIDLAND ADDN,123 E DAWES AV N,CITY OF BIXBY,,"6,500",R IMP,"9,202.70",316.50,,142,"PDF page 142, property #1062"
1063,57845-73-14-53590,Unknown,LT 9 BLK 1,MORRIS BRIGHT INDUSTRIAL PARK ADDN,14750 S GRANT ST W,CITY OF BIXBY,,"12,000",C,"1,194.46",381.00,,142,"PDF page 142, property #1063"
1064,57845-73-14-53600,Unknown,LT 10 BLK 1,MORRIS BRIGHT INDUSTRIAL PARK ADDN,14750 S GRANT ST W,CITY OF BIXBY,,"12,000",C IMP,"6,144.71",411.00,,142,"PDF page 142, property #1064"
1065,57850-83-35-00430,Unknown,LT 18 BLK 3,NORTH HGTS ADDN,11635 S 73 AV E,CITY OF BIXBY,,"23,688",R HS IMP,"9,205.07",379.50,,142,"PDF page 142, property #1065"
1066,57878-84-31-26440,Unknown,LT 16 BLK 2,"PARK AT SOUTHWOOD 3RD, THE",10223 E 112 ST S,CITY OF BIXBY,,"7,020",R IMP,"15,151.81",316.50,,142,"PDF page 142, property #1066"
1067,57925-73-13-00280,Unknown,LTS 5 & 6 BLK 6,PRIVETT ADDN,120 E JEFFERSON ST N,CITY OF BIXBY,,"6,500",R HS IMP,"1,611.13",395.25,,142,"PDF page 142, property #1067"
1068,58000-73-25-00270,Unknown,LT 11 BLK 1,SAKER ADDN,8727 E 169 PL S,CITY OF BIXBY,,"15,000",R IMP,"7,999.86",332.25,,142,"PDF page 142, property #1068"
1076,59825-24-29-03750,Unknown,LT 4 BLK 66,COLLINSVILLE-ORIGINAL TOWN,814 W SPRING ST S,CITY OF COLLINSVILLE,,"13,860",R,868.32,286.50,,143,"PDF page 143, property #1076"
1077,59825-24-29-05390,Unknown,LT 7 BLK 88,COLLINSVILLE-ORIGINAL TOWN,ADDRESS UNKNOWN,CITY OF COLLINSVILLE,,"7,000",R,293.30,333.75,,143,"PDF page 143, property #1077"
1078,59900-24-20-00058,Unknown,LT 10 & S/2 LT 11 BLK 6,EVANS' ADDN,1115 N 15 ST W,CITY OF COLLINSVILLE,,"10,500",R HS IMP,"3,771.34",332.25,,143,"PDF page 143, property #1078"
1079,60075-24-29-00990,Unknown,"BLK 30 LESS RR TRIANGLE & VAC ST BEG NEC TH E APROX 91.25 NE APROX 32.43 W APROX 133.81 S APROX 230.10 NE APROX 78.84 N117.18 POB HIGHLAND PARK ADDN ADDRESS UNKNOWN TULSA COUNTY 11,264 R 113.98 333.75 1080 60250-24-29-07530 LT 7 BLK 10",SETTLES ADDN,1814 W SPRING ST S,CITY OF COLLINSVILLE,,"7,000",R HS IMP,756.72,348.00,,143,"PDF page 143, property #1079"
1081,60420-73-09-41090,Unknown,LT 15 BLK 2,DUTCHERS CROSSING I,2511 E 138 CT S,CITY OF JENKS,,"7,249",R IMP,"27,478.37",363.75,,143,"PDF page 143, property #1081"
1082,60513-73-08-70260,Unknown,LOT 62 BLOCK 3,TORREY LAKES,13610 S 21 CT E,CITY OF JENKS,,"8,235",R,"4,548.16",318.00,,144,"PDF page 144, property #1082"
1083,60525-83-19-01180,Unknown,LTS 1 2 3 BLK 9,JENKS-ORIGINAL TOWN,424 E B ST N,CITY OF JENKS,,"10,500",R HS IMP,"10,637.96",348.00,,144,"PDF page 144, property #1083"
1084,60893-82-27-30710,Unknown,LOT 2 BLOCK 1,SOUTHERN RESERVE III,4019 W 104 CT S,CITY OF JENKS,,"6,420",R HS IMP,"13,837.79",316.50,,144,"PDF page 144, property #1084"
1085,61000-14-31-00520,Unknown,ALL LT 1 & N10.8 LT 2 BLK 33,OWASSO-ORIGINAL TOWN,404 S BIRCH ST E,CITY OF OWASSO,,"15,400",R HS IMP,"7,416.81",332.25,,144,"PDF page 144, property #1085"
1086,61033-14-06-10230,Unknown,DETENTION AREA,COUNTRY ESTATES V,ADDRESS UNKNOWN,CITY OF OWASSO,,"79,199",R,14.66,302.25,,144,"PDF page 144, property #1086"
1087,61060-14-29-44330,Unknown,LT 13 BLK 17,ELM CREEK ESTATES FIRST ADDN,11705 E 78 ST N,CITY OF OWASSO,,"7,475",R IMP,"8,585.02",348.00,,144,"PDF page 144, property #1087"
1088,61076-14-19-05940,Unknown,LT 51 BLK 1,FAIRWAYS V AT BAILEY RANCH,9107 N 100 AV E,CITY OF OWASSO,,"11,351",R HS IMP,"21,555.42",379.50,,144,"PDF page 144, property #1088"
1096,61475-91-11-02110,Unknown,LT 1 BLK 15,SAND SPRINGS-ORIGINAL TOWN,526 N WASHINGTON AV E,CITY OF SAND SPRINGS,,"7,000",R HS IMP,"3,548.97",379.50,,145,"PDF page 145, property #1096"
1097,61475-91-11-03680,Unknown,LTS 19 20 BLK 26,SAND SPRINGS-ORIGINAL TOWN,309 N CLEVELAND AV W,CITY OF SAND SPRINGS,,"7,000",R IMP,"2,665.06",332.25,,145,"PDF page 145, property #1097"
1098,61475-91-11-04260,Unknown,W71 OF LTS 13 14 & 15 BLK 32,SAND SPRINGS-ORIGINAL TOWN,301 N WASHINGTON AV E,CITY OF SAND SPRINGS,,"4,615",C IMP,"11,878.81",348.00,,145,"PDF page 145, property #1098"
1099,61500-91-27-00840,Unknown,LT 27 BLK 3,ANGUS VALLEY ACRES,4817 S NASSAU AV W,CITY OF SAND SPRINGS,,"7,800",R IMP,"7,162.16",316.50,,145,"PDF page 145, property #1099"
1100,61505-91-27-26590,Unknown,LT 1 BLK 3,ANGUS VALLEY ACRES 2ND,4801 S BAHAMA AV W,CITY OF SAND SPRINGS,,"9,000",R IMP,"8,579.80",363.70,,145,"PDF page 145, property #1100"
1101,61520-91-27-32050,Unknown,LT 54 BLK 4 ANGUS VALLEY ACRES 5TH RESUB ANGUS VALLEY,ACS 2ND B4-8,ADDRESS UNKNOWN,CITY OF SAND SPRINGS,,"7,952",R,"1,686.49",552.25,,145,"PDF page 145, property #1101"
1102,61931-91-12-11670,Unknown,LT 22 BLK 3,LAKESIDE PARK,1649 E FIR DR N,CITY OF SAND SPRINGS,,"12,607",R HS IMP,"15,960.73",348.00,,145,"PDF page 145, property #1102"
1103,61932-91-01-16970,Unknown,LT 23 BLK 1 LAKESIDE RIDGE AMD,1528 N LAKESIDE RIDGE,DR E,CITY OF SAND SPRINGS,,"30,208",R HS IMP,"20,589.08",379.50,,146,"PDF page 146, property #1103"
1104,61940-91-27-37160,Unknown,LT 10 BLK 2,LIMESTONE ESTATES,603 W 47 PL S,CITY OF SAND SPRINGS,,"9,136",R IMP,"7,258.08",316.50,,146,"PDF page 146, property #1104"
1105,61975-91-12-02710,Unknown,LT 7 BLK 5,OAK PARK ADDN,808 N BIRCH AV E,CITY OF SAND SPRINGS,,"7,392",R IMP,"8,623.35",348.00,,146,"PDF page 146, property #1105"
1106,61975-91-12-03150,Unknown,LT 11 BLK 7,OAK PARK ADDN,908 E FOREST DR N,CITY OF SAND SPRINGS,,"7,320",R IMP,"6,681.26",316.50,,146,"PDF page 146, property #1106"
1107,62000-91-01-00870,Unknown,LT 7 BLK 2,OAK PARK EXT ADDN,1028 N DOUGLAS AV E,CITY OF SAND SPRINGS,,"7,920",R IMP,"9,574.99",332.25,,146,"PDF page 146, property #1107"
1108,62075-91-11-09360,Unknown,S/2 LT 6 & ALL LT 7 BLK 17,OAK RIDGE ADDN - SAND SPRINGS,800 N MCKINLEY AV E,CITY OF SAND SPRINGS,,"11,250",R IMP,"4,857.51",332.25,,146,"PDF page 146, property #1108"
1109,62225-91-22-01600,Unknown,LT 7 BLK 4 PARK HILLS ESTATES AMD RESUB B13 ROCK HILL,ADDN,112 W 31 PL S,CITY OF SAND SPRINGS,,"7,800",R IMP,"6,068.41",332.25,,146,"PDF page 146, property #1109"
1138,63725-12-13-01130,Unknown,LT 18 BLK 3,LOLLAR ADDN,215 N ELGIN AV E,CITY OF SPERRY,,"7,800",R HS IMP,"4,742.42",348.00,,147,"PDF page 147, property #1138"
1139,63725-12-13-01470,Unknown,LT 1 BLK 6,LOLLAR ADDN,117 N FRANKFORT AV E,CITY OF SPERRY,,"8,960",R,29.33,286.50,,147,"PDF page 147, property #1139"
1140,63725-12-13-01480,Unknown,LT 2 BLK 6,LOLLAR ADDN,115 N FRANKFORT AV E,CITY OF SPERRY,,"8,960",R IMP,"1,303.24",316.50,,147,"PDF page 147, property #1140"
1141,63800-12-14-02100,Unknown,LTS 4 5 6,H A PHILLIPS' SUB,11 W ASH PL S,CITY OF SPERRY,,"10,230",R IMP,"1,991.86",379.50,,147,"PDF page 147, property #1141"
1142,63800-12-14-02180,Unknown,LT 18 LESS E6,H A PHILLIPS' SUB,47 W ASH PL S,CITY OF SPERRY,,"6,380",R IMP,"2,857.04",566.50,,147,"PDF page 147, property #1142"
1143,70086-83-22-06210,Unknown,LT 11 BLK 5,BRADEN PARK,5126 E 92 ST S,CITY OF TULSA,,"7,200",R IMP,"27,723.89",332.25,,147,"PDF page 147, property #1143"
1144,70140-83-16-13310,Unknown,LT 10 BLK 2,BROOKLINE SQUARE,8617 S PITTSBURG AV E,CITY OF TULSA,,"7,265",R IMP,"18,331.40",332.25,,147,"PDF page 147, property #1144"
1145,70180-83-27-38840,Unknown,LT 18 BLK 2,CAMELOT PARK,10211 S FULTON AV E,CITY OF TULSA,,"13,262",R HS IMP,"13,100.59",332.25,,148,"PDF page 148, property #1145"
1146,70493-83-22-41720,Unknown,LT 19 BLK 9,DARLINGTON SOUTH,5607 E 94 ST S,CITY OF TULSA,,"7,008",R IMP,"16,428.35",363.75,,148,"PDF page 148, property #1146"
1147,70645-83-16-57490,Unknown,LT 23 BLK 4,FOREST CREEK II AMD,3723 E 82 CT S,CITY OF TULSA,,"9,350",R IMP,"12,514.72",411.00,,148,"PDF page 148, property #1147"
1148,70700-83-26-54750,Unknown,LT 8 BLK 7,FOREST TRAILS,10744 S 66 AV E,CITY OF TULSA,,"54,465",R HS IMP,"38,499.48",332.25,,148,"PDF page 148, property #1148"
1149,70836-82-03-23195,Unknown,LT 5 BLK 4,GOLF ESTATES II AMD,2816 W 64 PL S,CITY OF TULSA,,"8,347",R IMP,"12,004.79",332.25,,148,"PDF page 148, property #1149"
1150,71275-83-22-14810,Unknown,LT 1 BLK 3,LEISURE ESTATES,5210 E 99 ST S,CITY OF TULSA,,"27,456",R HS IMP,"18,228.84",332.25,,148,"PDF page 148, property #1150"
1151,71365-83-22-23120,Unknown,W5 LT 2 & ALL LT 9 BLK 7,MILL CREEK POND,6321 E 98 PL S,CITY OF TULSA,,"39,724",R IMP,"25,574.77",395.25,,148,"PDF page 148, property #1151"
1158,74209-83-34-20800,Unknown,LT 9 BLK 11,WOODFIELD BLKS 8 THRU 13,6207 E 115 ST S,CITY OF TULSA,,"11,116",R HS IMP,"19,113.42",363.75,,149,"PDF page 149, property #1158"
1159,74735-84-06-61950,Unknown,LT 26 BLK 2,"BEDFORD, THE",6623 S 107 AV E,CITY OF TULSA,,"14,292",R HS IMP,"5,491.99",348.00,,149,"PDF page 149, property #1159"
1160,74850-94-19-17270,Unknown,LT 27 BLK 3,BRIARDALE,10829 E 33 CT S,CITY OF TULSA,,"7,004",R IMP,"7,909.20",316.50,,149,"PDF page 149, property #1160"
1161,74850-94-19-17590,Unknown,LT 17 BLK 4,BRIARDALE,10826 E 33 CT S,CITY OF TULSA,,"8,737",R HS IMP,"5,896.33",348.00,,149,"PDF page 149, property #1161"
1162,74955-94-20-02490,Unknown,LT 10 BLK 1,BRIARGLEN EAST PRT RES A BRIARGLEN EXT,3150 S 124 AV E,CITY OF TULSA,,"7,440",R IMP,"8,559.17",316.50,,149,"PDF page 149, property #1162"
1163,74955-94-20-02740,Unknown,LT 15 BLK 2,BRIARGLEN EAST PRT RES A BRIARGLEN EXT,12427 E 32 PL S,CITY OF TULSA,,"8,540",R IMP,"7,945.87",363.75,,149,"PDF page 149, property #1163"
1164,74965-94-20-07530,Unknown,LT 14 BLK 7,BRIARGLEN EXT PRT RES A BRIARGLEN,3123 S 121 AV E,CITY OF TULSA,,"8,400",R IMP,"6,234.04",411.00,,149,"PDF page 149, property #1164"
1165,74985-94-20-10040,Unknown,LT 2 BLK 2,BRIARGLEN MEADOWS,12608 E 31 PL S,CITY OF TULSA,,"6,030",R HS IMP,"5,104.84",316.50,,150,"PDF page 150, property #1165"
1166,75265-84-19-57600,Unknown,LT 5 BLK 3,CEDAR RIDGE HEIGHTS,9918 S 108 AV E,CITY OF TULSA,,"8,400",R HS IMP,"17,883.81",316.50,,150,"PDF page 150, property #1166"
1167,76210-83-01-28620,Unknown,LT 1 BLK 1,LAGNIAPPE INN,8338 E 61 ST,CITY OF TULSA,,"70,200",C IMP,"72,608.84",458.25,,150,"PDF page 150, property #1167"
1168,76325-94-19-53020,Unknown,LT 8 BLK 4,MILLWOOD ESTATES,3855 S 99 AV E,CITY OF TULSA,,"9,600",R IMP,"11,912.14",332.25,,150,"PDF page 150, property #1168"
1169,76345-84-19-06510,Unknown,RESERVE A,MINGO MEDICAL CENTER,ADDRESS UNKNOWN,CITY OF TULSA,,"30,205",C,14.66,270.75,,150,"PDF page 150, property #1169"
1171,76400-83-10-45250,Unknown,LT 48 BLK 9,MINSHALL PARK IV,5619 E 78 PL S,CITY OF TULSA,,"9,194",R IMP,"21,391.19",316.50,,151,"PDF page 151, property #1171"
1172,76540-94-21-52110,Unknown,LT 10 BLK 10,PARK PLAZA EAST IV,13312 E 39 ST S,CITY OF TULSA,,"8,032",R IMP,"12,586.07",332.25,,151,"PDF page 151, property #1172"
1173,76640-94-28-25720,Unknown,LT 17 BLK 4,QUAIL RIDGE,4519 S 132 PL E,CITY OF TULSA,,"9,799",R HS IMP,"8,843.11",379.50,,151,"PDF page 151, property #1173"
1174,76925-94-19-48280,Unknown,LT 20 BLK 9,SHANNON PARK SIXTH,3712 S 109 AV E,CITY OF TULSA,,"8,060",R IMP,"5,467.19",379.50,,151,"PDF page 151, property #1174"
1175,77200-94-21-16190,Unknown,LT 9 BLK 1,SUMMERFIELD,3217 S 140 AV E,CITY OF TULSA,,"8,157",R IMP,"7,393.92",332.25,,151,"PDF page 151, property #1175"
1176,77220-94-21-44310,Unknown,LT 8 BLK 6,SUMMERFIELD SOUTH,3734 S 142 AV E,CITY OF TULSA,,"8,904",R IMP,"10,940.14",316.50,,151,"PDF page 151, property #1176"
1177,77260-83-11-50320,Unknown,LT 5 BLK 10,SWEETBRIAR B1-12,7915 S 71 AV E,CITY OF TULSA,,"9,684",R IMP,"16,959.88",316.50,,151,"PDF page 151, property #1177"
1185,78120-84-35-37460,Unknown,LT 3 BLK 1,ARKANSAS VALLEY SOUTH,16219 E 121 ST S,CITY OF BROKEN ARROW,,"62,962",C IMP,"72,602.85",379.50,,152,"PDF page 152, property #1185"
1186,78125-84-23-00340,Unknown,LT 1 LESS N150 W111 THEREOF BLK 3A,ARROW ACRES EXTENDED,101 W BOSTON ST S,CITY OF BROKEN ARROW,,"42,150",R IMP,"8,726.20",395.25,,152,"PDF page 152, property #1186"
1187,78260-84-12-00420,Unknown,LOT 14 BLK 4,ARROW VILLAGE ADDN B4-7,212 N 10 ST E,CITY OF BROKEN ARROW,,"9,709",R HS IMP,"7,636.31",332.25,,152,"PDF page 152, property #1187"
1188,78333-84-28-56320,Unknown,LT 11 BLK 1,ASPEN PARK,2312 W VICKSBURG ST S,CITY OF BROKEN ARROW,,"8,147",R IMP,"18,828.11",316.50,,152,"PDF page 152, property #1188"
1189,78367-74-09-46140,Unknown,LT 6 BLK 3,BENTLEY VILLAGE II,2317 W QUINTON ST S,CITY OF BROKEN ARROW,,"14,999",R IMP,"19,081.85",332.25,,152,"PDF page 152, property #1189"
1190,78540-84-14-02370,Unknown,LT 1 BLK 3 BROKEN ARROW HGTS 3RD ADDN RESUB TR1-5 B6,BA HGTS 2ND ADDN,514 W QUINCY ST S,CITY OF BROKEN ARROW,,"8,750",R IMP,"6,614.67",395.25,,152,"PDF page 152, property #1190"
1191,78679-94-36-52190,Unknown,LT 11 BLK 1,CARRIAGE CROSSING V,1208 E FARGO ST N,CITY OF BROKEN ARROW,,"12,452",R IMP,"23,292.81",363.75,,152,"PDF page 152, property #1191"
1192,78810-84-11-07915,Unknown,PRT BLK 1 BEG 261W & 140N SECR THEREOF TH N15.4 E20 S15.4 W20 POB,COLLEGE ADDN,ADDRESS UNKNOWN,CITY OF BROKEN ARROW,,308,R,7.33,302.25,,153,"PDF page 153, property #1192"
1193,78810-84-11-09060,Unknown,ALL LT 10 & W35 LT 11 BLK 15,COLLEGE ADDN,416 E COLLEGE ST N,CITY OF BROKEN ARROW,,"11,900",R HS IMP,"4,710.03",316.50,,153,"PDF page 153, property #1193"
1194,78810-84-11-09070,Unknown,ALL LT 12 BLK 15 & E15 OF LT 11,COLLEGE ADDN,424 E COLLEGE ST N,CITY OF BROKEN ARROW,,"9,100",R IMP,"5,428.12",316.50,,153,"PDF page 153, property #1194"
1195,78810-84-11-09860,Unknown,LTS 10 & 11 BLK 25,COLLEGE ADDN,514 E DALLAS ST S,CITY OF BROKEN ARROW,,"14,000",R HS IMP,"3,103.20",316.50,,153,"PDF page 153, property #1195"
1196,79200-84-14-04020,Unknown,LT 10 & W40 LT 11 BLK 5,FEARS ADDN,118 E JACKSON ST S,CITY OF BROKEN ARROW,,"12,600",R IMP,"9,048.14",316.50,,153,"PDF page 153, property #1196"
1197,79200-84-14-04250,Unknown,LT 5 BLK 12,FEARS ADDN,215 W JACKSON ST S,CITY OF BROKEN ARROW,,"7,140",R HS IMP,"3,244.88",363.75,,153,"PDF page 153, property #1197"
1198,79600-84-11-12350,Unknown,LTS 18 & 19 BLK 12,HOMESTEAD ADDN,412 W GALVESTON ST S,CITY OF BROKEN ARROW,,"7,000",R IMP,"4,382.22",316.50,,153,"PDF page 153, property #1198"
1206,80610-84-11-13910,Unknown,LTS 15 16 BLK 8,NORTH SIDE ADDN,806 N CEDAR AV W,CITY OF BROKEN ARROW,,"7,000",R HS IMP,"6,953.43",332.25,,154,"PDF page 154, property #1206"
1207,80784-84-27-41490,Unknown,RESERVE B,"PARK ON FLORENCE, THE",ADDRESS UNKNOWN,CITY OF BROKEN ARROW,,306,R,14.66,302.25,,154,"PDF page 154, property #1207"
1208,80784-84-27-41500,Unknown,RESERVE C,"PARK ON FLORENCE, THE",ADDRESS UNKNOWN,CITY OF BROKEN ARROW,,306,R,14.66,302.25,,154,"PDF page 154, property #1208"
1209,81145-84-35-42360,Unknown,RESERVE A,SOUTH RIDGE PARK,ADDRESS UNKNOWN,CITY OF BROKEN ARROW,,"1,706",R,14.66,286.50,,154,"PDF page 154, property #1209"
1210,81210-84-15-62170,Unknown,LT 4 BLK 14,STACEY LYNN FIFTH,1612 S PINE AV W,CITY OF BROKEN ARROW,,"7,015",R HS IMP,"8,094.15",363.75,,154,"PDF page 154, property #1210"
1211,81210-84-15-63180,Unknown,LT 24 BLK 17,STACEY LYNN FIFTH,1657 S PINE AV W,CITY OF BROKEN ARROW,,"7,656",R HS IMP,"7,554.54",474.00,,154,"PDF page 154, property #1211"
1212,81580-84-22-08250,Unknown,LT 10 BLK 2,VANDEVER ACRES 3RD,1217 W VANDEVER BV S,CITY OF BROKEN ARROW,,"11,750",R IMP,"12,482.94",348.00,,154,"PDF page 154, property #1212"
1213,81730-84-23-33980,Unknown,LT 14 BLK 3 VANDEVER EAST FOURTH AMD OF VANDEVER EAST,EXT,123 W KENT ST S,CITY OF BROKEN ARROW,,"8,060",R IMP,"9,053.09",332.25,,155,"PDF page 155, property #1213"
1214,81745-84-23-28300,Unknown,LT 3 BLK 3,VANDEVER EAST 5TH,3317 S ASH CT W,CITY OF BROKEN ARROW,,"7,560",R IMP,"12,161.89",363.75,,155,"PDF page 155, property #1214"
1215,82170-84-21-72600,Unknown,LT 11 BLK 3,WOLF CREEK ESTATES VI,2812 S DOGWOOD AV W,CITY OF BROKEN ARROW,,"10,391",R HS IMP,"6,384.77",316.50,,155,"PDF page 155, property #1215"
1216,83410-84-16-09380,Unknown,LT 7 BLK 3,COPPER CREEK,1827 S FIR PL W,CITY OF BROKEN ARROW,,"9,473",R HS IMP,"9,600.18",363.75,,155,"PDF page 155, property #1216"
1217,83450-84-09-14640,Unknown,LT 10 BLK 1,COUNTRY AIRE ESTATES,2520 W IOLA ST N,CITY OF BROKEN ARROW,,"11,583",R HS IMP,"10,541.61",332.25,,155,"PDF page 155, property #1217"
1218,83450-84-09-16220,Unknown,LT 12 BLK 8,COUNTRY AIRE ESTATES,420 N ELDER AV W,CITY OF BROKEN ARROW,,"11,375",R IMP,"9,443.05",505.50,,155,"PDF page 155, property #1218"
1219,83560-84-17-38670,Unknown,LT 8 BLK 1,FAIRFAX,4010 W PITTSBURG CR S,CITY OF BROKEN ARROW,,"9,192",R IMP,"13,820.65",316.50,,155,"PDF page 155, property #1219"
1220,83663-84-08-18730,Unknown,LT 16 BLK 6,LANCASTER PARK,309 N WILLOW AV W,CITY OF BROKEN ARROW,,"8,524",R HS IMP,"18,958.93",379.50,,156,"PDF page 156, property #1220"
1221,83850-84-16-15050,Unknown,LT 24 BLK 9,TURTLE CREEK,1224 S CHESTNUT AV W,CITY OF BROKEN ARROW,,"8,540",R HS IMP,"12,685.65",332.25,,156,"PDF page 156, property #1221"
1222,84700-72-14-00960,Unknown,ALL BLK E,GLENPOOL-ORIGINAL TOWN,121 W 147 ST S,CITY OF GLENPOOL,,"4,550",R IMP,"2,970.69",316.50,,156,"PDF page 156, property #1222"
1223,84815-72-11-50150,Unknown,LT 3 BLK 9,APPALOOSA ACRES EXT,183 E GLENPOOL BV S,CITY OF GLENPOOL,,"14,800",R IMP,"2,529.99",332.25,,156,"PDF page 156, property #1223"
1224,84830-72-11-53420,Unknown,LT 24 BLK 4,APPALOOSA ACRES SECOND,248 E 137 ST S,CITY OF GLENPOOL,,"9,000",R HS IMP,"6,927.56",348.00,,156,"PDF page 156, property #1224"
1225,84987-72-14-49550,Unknown,LT 9 BLK 6,"CROSSING AT GLENPOOL PHASE I, THE",14922 S GLENN ST E,CITY OF GLENPOOL,,"9,349",R IMP,"9,198.83",395.25,,156,"PDF page 156, property #1225"
1226,85021-72-12-62520,Unknown,LT 10 BLK 4,GLENN ABBEY B1-6,13609 S MADISON AV E,CITY OF GLENPOOL,,"7,800",R IMP,"14,885.61",363.75,,156,"PDF page 156, property #1226"
1234,86722-92-19-46230,Unknown,RESERVE A,ROLLING OAKS SOUTH IV,ADDRESS UNKNOWN,CITY OF SAND SPRINGS,,"161,893",R,84.65,270.75,,157,"PDF page 157, property #1234"
1235,86725-92-19-48750,Unknown,ALL THOSE PARTS RES C LYING IN S 75TH W AVE,ROLLING OAKS WEST,ADDRESS UNKNOWN,CITY OF SAND SPRINGS,,"4,447",R,7.33,302.25,,157,"PDF page 157, property #1235"
1236,87675-94-25-29860,Unknown,Lot 5 Block 4,CYPRESS CREEK ESTATES,18710 E 45 PL,CITY OF TULSA,,"9,002",R HS IMP,"24,886.30",316.50,,157,"PDF page 157, property #1236"
1237,87721-94-26-62790,Unknown,LT 30 BLK 9,TRINITY CREEK II,4702 S 167 AV E,CITY OF TULSA,,"8,400",R IMP,"37,183.61",332.25,,157,"PDF page 157, property #1237"
1238,90201-02-01-25920,Unknown,E/2 W/2 NW NE SW & E/2 NW NE SW LESS N170 E140 THEREOF SEC 1 20 12 7.050ACS,UNPLATTED,502 E 61 ST N,CITY OF TULSA,,"307,100",R IMP,"3,446.32",316.50,,157,"PDF page 157, property #1238"
1239,90201-02-01-42970,Unknown,"TR BEG 390W & 260S NEC SE SE TH S240 SW328.88 N373.33 E300 POB SEC 1 20 12  2.112ACS UNPLATTED 5723 N NORFOLK AV E TULSA COUNTY 91,997 R 850.58 318.00 1240 90212-02-12-25800 TR 25 W140 E1180 S305 N/2 N/2 SE SEC 12 20 12 .980AC",UNPLATTED,1130 E 50 PL N,CITY OF TULSA,,"42,689",R IMP,"4,580.87",332.25,,157,"PDF page 157, property #1239"
1241,90212-02-12-26700,Unknown,TR 24 W140 E1320 S305 N/2 N/2 SE SEC 12 20 12 .980AC,UNPLATTED,1118 E 50 PL N,CITY OF TULSA,,"42,689",R HS IMP,"1,317.38",316.50,,158,"PDF page 158, property #1241"
1242,90212-02-12-27100,Unknown,W100 E1740 N306.5 N/2 N/2 SE SEC 12 20 12 .70AC,UNPLATTED,923 E 50 PL N,CITY OF TULSA,,"30,492",R,432.62,286.50,,158,"PDF page 158, property #1242"
1243,90213-02-13-19020,Unknown,E20 W200 S130 N180 NW NW SEC 13 20 12   .05 AC,UNPLATTED,E 46 ST N,CITY OF TULSA,,"2,600",C,146.65,286.50,,158,"PDF page 158, property #1243"
1244,90213-02-13-38521,Unknown,W15 E65 SE SE LESS N200 & S450 THEREOF SEC 13 20 13  .231AC,UNPLATTED,N PEORIA AV E,CITY OF TULSA,,"10,050",C,7.33,302.25,,158,"PDF page 158, property #1244"
1245,90223-02-23-07220,Unknown,S/2 S/2 SE NE NE LESS BEG 1317.63S & 273.50W NEC NE TH W386.79 N164.60 E316.08 SE179.11 POB & LESS E50 FOR RD SEC 23 20 12 .978AC UNPLATTED,3302 N MARTIN LUTHER,KING JR BV,CITY OF TULSA,,"7,841",C IMP,"9,187.74",363.75,,158,"PDF page 158, property #1245"
1246,90224-02-24-34260,Unknown,N33 N/2 N/2 SW NW LESS W50 THEREOF SEC 24 20 12 .97AC UNPLATTED,3411 N MARTIN LUTHER,KING JR BV,CITY OF TULSA,,"41,910",R,14.66,318.00,,158,"PDF page 158, property #1246"
1253,90308-03-08-16890,Unknown,"N/2 NW SW NW & SE NW SW NW LESS .73AC TO COUNTY & W30 S280 N/2 NW SW NW FOR RD SEC 8 20 13  6.58ACS UNPLATTED 2410 E 54 ST N CITY OF TULSA 286,625 A       IMP STRUCTURE REMOVED 627.93 363.75 1254 90317-03-17-22020 E/2 SW NW & W/2 W/2 SE NW LESS E170 THEREOF & LESS S30 THEREOF FOR RD SEC 17 20 13 24.284ACS",UNPLATTED,ADDRESS UNKNOWN,CITY OF TULSA,,"1,057,637",R,314.63,333.75,,159,"PDF page 159, property #1253"
1255,90317-03-17-23520,Unknown,PRT W/2 W/2 SE NW BEG 1481.12E SWC NW TH N1320 E170 S1320 W170 POB LESS S30 THEREOF FOR RD SEC 17 20 13 5.034ACS,UNPLATTED,ADDRESS UNKNOWN,CITY OF TULSA,,"219,107",R,51.32,333.75,,159,"PDF page 159, property #1255"
1256,90318-03-18-02670,Unknown,S198 N/2 S/2 NE NE LESS N66 E300 & LESS E30 S132 THEREOF FOR RD SEC 18 20 13  5.454ACS,UNPLATTED,4406 N LEWIS AV E,CITY OF TULSA,,"237,402",A IMP,"1,485.18",363.75,,159,"PDF page 159, property #1256"
1257,90322-03-22-05170,Unknown,BEG 608.89S NEC NE TH W685.11 S208.89 E685.11 N208.89 POB LESS E50 THEREOF SEC 22 20 13 3.046ACS,UNPLATTED,3504 N SHERIDAN RD E,CITY OF TULSA,,"132,668",R IMP,"14,408.55",316.50,,159,"PDF page 159, property #1257"
1258,90326-03-26-20930,Unknown,E145 OF S264 OF SW SE SW SEC 26 20 13 LESS S50,UNPLATTED,6945 E PINE ST N,CITY OF TULSA,,"31,030",C IMP,"3,812.95",316.50,,159,"PDF page 159, property #1258"
1265,90429-04-29-08390,Unknown,BEG PT 146.64S NEC NE SE TH W313 S139.17 E313 N139.17 POB SEC 29 20 14,UNPLATTED,ADDRESS UNKNOWN,CITY OF TULSA,,"43,560",R,887.24,286.50,,160,"PDF page 160, property #1265"
1294,92226-22-26-06470,Unknown,ALL N/2 SE NE NE LYING N & E OF CREEK LESS .38AC FOR RD SEC 26 22 12  2.17AC,UNPLATTED,14338 N CINCINNATI AV E,CITY OF SKIATOOK,,"94,525",R IMP,"2,947.70",316.50,,162,"PDF page 162, property #1294"
1364,99301-93-01-11400,Unknown,PRT GOV LT 2 BEG 1545.15W NEC NE TH W108.35 S224.61 E108.35 N224.61 POB SEC 1 19 13  .56AC,UNPLATTED,9201 E ADMIRAL CT N,CITY OF TULSA,,"24,336",C IMP,"6,555.34",316.50,,163,"PDF page 163, property #1364"
1365,99302-93-02-21390,Unknown,PRT NW NW BEG SECR W640.4 GOV LT 4 TH W100 N260 W150 N126.33 E250 S386.33 POB LESS S60 FOR RD SEC 2 19 13 1.19AC,UNPLATTED,ADDRESS UNKNOWN,CITY OF TULSA,,"51,836",C,"2,845.55",302.25,,164,"PDF page 164, property #1365"
1366,99323-93-23-19440,Unknown,BEG 349S & 50E NWC SW TH E105 N68.12 E126.03 TO WLY R/W MK&T RR NW195.71 S93.01 W105 S127 POB LESS BEG 222S & 155E NWC SW TH E50 N34.69 TO RR R/W TH NW76.86 S93.01 POB SEC 23 19 13 .457ACS,UNPLATTED,3635 S SHERIDAN RD E,CITY OF TULSA,,"19,907",C IMP,"23,346.99",363.75,,164,"PDF page 164, property #1366"
1367,99327-93-27-15310,Unknown,BEG 50S & 50E NWC NW TH E1270 S190 W7.99S 126.74W213.66S442.04W66.43S43.77SW260.0 7SE102.01NW386.91W165.25S44.25 W286.50S4 3.73W46.20S344.49W163.60N155W190N990.04 POB LESS BEG850.19S & 285.74E NWC NW TH N211.44 NE62.07 E118.44 S212.08 E1.08 S43.25 W163.42 POB SEC 271913 22.051ACS,UNPLATTED,4107 S YALE AV E,CITY OF TULSA,,"960,506",C IMP,"700,094.65",521.25,,164,"PDF page 164, property #1367"
1368,99405-94-05-09810,Unknown,BEG 40N & 466.67E SWC GOV LT 2 TH N466.67 W151 S466.67 E151 POB LESS BEG 40N SECR W466.67 GOV LT 2 TH W151 N10 E120.86 CRV LF 47.26 TO EL W466.67 GOV LT 2 S40.14 POB SEC 5 19 14 1.579AC,UNPLATTED,12119 E ADMIRAL PL N,CITY OF TULSA,,"68,761",C IMP,"13,470.45",348.00,,164,"PDF page 164, property #1368"
1369,99405-94-05-24310,Unknown,COMM SWC LT 27 BLK 15 WESTERN VILLAGE SECOND TH SW ALG N R/W I-44 491.82 TO POB TH W576.35 W161.01 SE65.05 SE361.17 SE33.01 NE62.04 SE25.07 NE390 POB SEC 5 19 14 2.61ACS,UNPLATTED,E SKELLY DR S,CITY OF TULSA,,"113,769",C,"8,337.16",381.00,,165,"PDF page 165, property #1369"
1370,99410-94-10-23740,Unknown,W/2 W/2 SE SW LESS S609 W180 THEREOF & LESS S50 THEREOF FOR ST SEC 10 19 14  7.31ACS,UNPLATTED,ADDRESS UNKNOWN,CITY OF TULSA,,"318,424",A,46.66,270.75,,165,"PDF page 165, property #1370"
1371,99416-94-16-06270,Unknown,W4.75 N220 S260 E149.75 W615 SW NW SEC 16 19 14 .023AC,UNPLATTED,ADDRESS UNKNOWN,CITY OF TULSA,,"1,045",R,14.66,302.25,,165,"PDF page 165, property #1371"
1353,99203-92-03-14350,Unknown,BEG 25S & 1230W NEC SE NW TH W53.3 S140 E54.06 N140 POB SEC 3 19 12  .17AC,UNPLATTED,2822 W EASTON ST N,CITY OF TULSA,,"7,405",R IMP,"4,081.97",348.00,,166,"PDF page 166, property #1353"
1354,99204-92-04-17030,Unknown,E75 S170 SW SE SW NE LESS E25 SEC 4 19 12   .19AC,UNPLATTED,14 N 38 AV W,CITY OF TULSA,,"8,276",R HS IMP,"2,979.55",316.50,,166,"PDF page 166, property #1354"
1336,98412-84-12-02640,Unknown,PRTNWBG824.97S&250ENWCNWE160NE766.29E23 OS278.77SWLY892.75W31ON354.3POBLESSBEG9 60.07E&290SNWCNWE230S278.77SWLY543.83NW 288.46SW149.8NW12.47NE710.4POB&LESSBEG8 25.07S&250ENWCNWE160NE55.6SE22.17NE140. 9SE229.43SW40SE51.34SW235SW64W31ON354.3 POBSEC121814.18AC,UNPLATTED,ADDRESS UNKNOWN,CITY OF BROKEN ARROW,,"7,690",C,14.66,333.75,,169,"PDF page 169, property #1336"
1337,98412-84-12-02870,Unknown,BEG 1320N & 576W SECR SE NW TH E245 S110 W245 N110 TO BEG SEC 12 18 14,UNPLATTED,315 N 14 ST E,CITY OF BROKEN ARROW,,"26,571",R IMP,"6,982.63",332.25,,169,"PDF page 169, property #1337"
1338,98421-84-21-49610,Unknown,PRT SE BEG 1305W SECR SE TH W5 N495 E5 S495 POB SEC 21 18 14 .057AC,UNPLATTED,ADDRESS UNKNOWN,CITY OF BROKEN ARROW,,"2,475",R,14.66,302.25,,169,"PDF page 169, property #1338"
1339,98424-84-24-14080,Unknown,"PRT NE BEG 604.59S NEC NE TH W317.5 S150 E317.5 N150 POB LESS E50 THEREOF SEC 24 18 14  .92AC UNPLATTED 9210 S 193 AV E TULSA COUNTY 40,125 R    HS IMP 13,850.83 411.00 1340 98434-84-34-00350 PRT NE NE BEG 434E & 50S NEC THEREOF TH S295.52 SE80.07 SW71.80 S66.99 SE156.83 S15 W357.53 N385.07 E127.44 N52.63 CRV RT 104.96 N76.80 E61.02 POB SEC 34 18 14 2.619ACS",UNPLATTED,ADDRESS UNKNOWN,CITY OF BROKEN ARROW,,"114,085",A,"5,186.14",286.50,,169,"PDF page 169, property #1339"
1330,98401-84-01-67500,Unknown,S33 W120 GOV LT 2  SEC 1 18 14   .091AC,UNPLATTED,ADDRESS UNKNOWN,CITY OF BROKEN ARROW,,"3,960",R,14.66,270.75,,170,"PDF page 170, property #1330"
1331,98402-84-02-01780,Unknown,PRT SW SW BEG 790N & 220E SWC SW TH E100 N140 W100 S140 POB SEC 2 18 14  .32AC,UNPLATTED,600 W LANSING ST N,CITY OF BROKEN ARROW,,"14,000",R IMP,"8,897.09",332.25,,170,"PDF page 170, property #1331"
1332,98402-84-02-01880,Unknown,BEG 600N & 200E SWC SW TH E130 N140 W130 S140 POB SEC 2 18 14 .42AC,UNPLATTED,605 W LANSING ST,CITY OF BROKEN ARROW,,"18,200",B HS IMP,"5,854.25",332.25,,170,"PDF page 170, property #1332"
1333,98402-84-02-52970,Unknown,BEG 600N & 330E SWC SW TH E60 N140 W60 S140 TO POB SEC 2 18 14 .193ACS,UNPLATTED,521 W LANSING ST N,CITY OF BROKEN ARROW,,"8,400",R IMP,"2,757.72",332.25,,170,"PDF page 170, property #1333"
1334,98404-84-04-04739,Unknown,PRT SW SW BEG APR 775.79E & 24.75N SWC SW TH N APR 35.25 E APR 505.54 S APR 35.25 W APR 505.54 POB SEC 4 18 14 .422AC,UNPLATTED,ADDRESS UNKNOWN,CITY OF BROKEN ARROW,,"18,382",C,7.33,302.25,,170,"PDF page 170, property #1334"
1335,98411-84-11-15300,Unknown,BEG 264W & 1079.7N OF SECR NE NW TH E150 N240.3 W150 S240.3 TO BEG LESS N50 FOR RD SEC 11 18 14 .655AC,UNPLATTED,835 N 1 ST,CITY OF BROKEN ARROW,,"28,545",C IMP,"28,676.42",316.50,,170,"PDF page 170, property #1335"
1324,98301-83-01-35700,Unknown,PRT SE NW BEG 1860.78S NEC NW TH S TO PT 505N SECR NW TH NW TO PT NE140.88 POB SEC 1 18 13 .37AC,UNPLATTED,ADDRESS UNKNOWN,CITY OF TULSA,,"16,117",R,14.66,286.50,,171,"PDF page 171, property #1324"
1325,98301-83-01-38320,Unknown,PRT NW BEG SECR NW TH N505 NW TO PT ON CRV EL BURNING TREE SLY TO SL NW E55.95 POB SEC 1 18 13   .23AC,UNPLATTED,ADDRESS UNKNOWN,CITY OF TULSA,,"10,018",R,14.66,302.25,,171,"PDF page 171, property #1325"
1326,98309-83-09-21358,Unknown,PRT NE SE BEG 974W & 517.02N & 169.73NE SECR NE SE TH NE90.25 SE10 SW90.25 NW10 POB SEC 9 18 13 .0207AC,UNPLATTED,ADDRESS UNKNOWN,CITY OF TULSA,,903,R,14.66,286.50,,171,"PDF page 171, property #1326"
1327,98325-83-25-27510,Unknown,PRT NW SE BEG 417.36S NWC NW SE TH SE98.17 W APR 73.96 N APR 65.01 POB SEC 25 18 13 .055AC,UNPLATTED,ADDRESS UNKNOWN,CITY OF BIXBY,,"2,614",R,14.66,286.50,,171,"PDF page 171, property #1327"
1328,98325-83-25-67380,Unknown,PRT SE BEG SECR LT 3 BLK 6 SOUTH COUNTRY ESTATES TH N83 E8.90 S83 W8.77 TO POB SEC 25 18 13 .017AC,UNPLATTED,ADDRESS UNKNOWN,CITY OF BIXBY,,733,R,7.33,302.25,,171,"PDF page 171, property #1328"
1329,98401-84-01-28010,Unknown,S33 GOV LT 3 LESS W123.14 THEREOF SEC 1 18 14 .908AC,UNPLATTED,ADDRESS UNKNOWN,CITY OF BROKEN ARROW,,"39,536",R,14.66,286.50,,171,"PDF page 171, property #1329"
1319,98210-82-10-52950,Unknown,BEG SWC S/2 NW TH N50 E638.83 NE441.17 SE204.41 NE135.70 SELY CRV LF 160.38 SELY CRV LF 101.02 SW329.61 W1185.25 POB SEC 10 18 12 6.003ACS,UNPLATTED,7377 S 26 AV W,CITY OF TULSA,,"261,491",R IMP,"97,156.95",348.00,,172,"PDF page 172, property #1319"
1320,98224-82-24-37060,Unknown,PRT NW SE BEG 197W NEC NW SE TH W234 SELY242 NLY124.87 LESS BEG 1519.61W & 105.21S NEC SE TH SW14.21 NW220.58 N4.49 E19.60 SE201.20 TO POB SEC 24 18 12  .278AC,UNPLATTED,919 W MAIN ST N,CITY OF JENKS,,"12,114",R HS IMP,"3,727.80",316.50,,172,"PDF page 172, property #1320"
1321,98225-82-25-36030,Unknown,PRT NW SW BEG 800S & 50E NWC SW TH E842 S528.59 W817.03 N181 NW103.08 N240.6 POB SEC 25 18 12 10.02ACS,UNPLATTED,10607 S ELWOOD AV W,CITY OF JENKS,,"436,471",R IMP,"5,782.95",332.25,,172,"PDF page 172, property #1321"
1322,98227-82-27-41510,Unknown,PRT SW BEG 789.56W SECR SW TH W APR 22.50 N APR 1649.71 E APR 352.06 S APR 19.86 W329.56 S1629.84 POB SEC 27 18 12 1.001ACS,UNPLATTED,ADDRESS UNKNOWN,CITY OF JENKS,,"43,560",R,14.66,286.50,,172,"PDF page 172, property #1322"
1323,98236-82-36-25605,Unknown,PRT NW NW BEG 450W & 420S NEC NW NW TH W210 N5.14 E210 S5.14 POB SEC 36 18 12  .025AC,UNPLATTED,ADDRESS UNKNOWN,CITY OF JENKS,,"1,033",R,14.66,270.75,,172,"PDF page 172, property #1323"
1316,97434-74-34-37010,Unknown,"PRT E/2 SW BEG 331.03W SECR SW TH W330.52 N1316.43 E330.93 S1317 TO POB SEC 34 17 14 10.001ACS UNPLATTED 15165 E 181 ST S TULSA COUNTY 435,600 R    HS IMP 12,383.17 442.50 1317 98210-82-10-15720 NW SE SE SW LESS E25 & LESS N174 THEREOF SEC 10 18 12 1.092ACS",UNPLATTED,ADDRESS UNKNOWN,CITY OF TULSA,,"47,553",R,"6,599.34",302.25,,173,"PDF page 173, property #1316"
1318,98210-82-10-44200,Unknown,PRT NE NE BEG NEC NE TH S932.86 W50 NW449.9 NW656.46 N173 E857 POB LESS BEG NEC NE TH W192.6 SE180.5 S TO PT W288.18 SE449.9 E50 N932.86 POB SEC 10 18 12  8.66AC,UNPLATTED,S UNION AV W,CITY OF TULSA,,"377,281",C,"8,322.50",270.75,,173,"PDF page 173, property #1318"
1306,97305-73-05-28610,Unknown,W/2 SE LESS S35 FOR RD SEC 5 17 13 77.810 AC,UNPLATTED,ADDRESS UNKNOWN,CITY OF JENKS,,"3,389,387",R,"2,813.05",318.00,,174,"PDF page 174, property #1306"
1307,97305-73-05-44010,Unknown,S330 E660 S1568 E1322 SE LESS S35 FOR RD SEC 5 17 13  4.470ACS,UNPLATTED,ADDRESS UNKNOWN,CITY OF JENKS,,"194,700",R,"2,141.11",318.00,,174,"PDF page 174, property #1307"
1308,97309-73-09-31010,Unknown,BEG 330S NWC SEC S330 E660 N330 W660 POB SEC 9 17 13,UNPLATTED,ADDRESS UNKNOWN,CITY OF JENKS,,"217,800",R,106.65,333.75,,174,"PDF page 174, property #1308"
1309,97311-73-11-16660,Unknown,N144.5 W175 S264 W/2 NW NE LESS N25 & W25 THEREOF FOR RD SEC 11 17 13  .41AC,UNPLATTED,13315 S 73 AV E,CITY OF BIXBY,,"17,860",R HS IMP,"2,011.32",363.75,,174,"PDF page 174, property #1309"
1310,97325-73-25-41990,Unknown,BEG 247.50W OF NEC SW SW TH W5.5 SWLY805.95 SELY285.21 NELY834.83 POB SEC 25 17 13 3.23AC,UNPLATTED,16855 S MEMORIAL DR E,CITY OF BIXBY,,"111,078",R IMP,"10,337.63",348.00,,174,"PDF page 174, property #1310"
1304,96409-64-09-52210,Unknown,"W/2 SW SE SW SEC 9 16 14  5AC UNPLATTED 13323 E 201 ST S TULSA COUNTY 217,800 R MH 841.91 349.50 1305 97301-73-01-47270 BEG SWC NE SE TH E397.18 N330 W397.18 S330 TO POB SEC 1 17 13 3.008ACS",UNPLATTED,ADDRESS UNKNOWN,CITY OF BIXBY,,"131,116",R,"2,375.76",396.75,,175,"PDF page 175, property #1304"
1290,91408-14-08-13380,Unknown,"N/2 NW NE NW & N/2 NE NW NW LESS W570.4 & LESS E360 N/2 NW NE NW & LESS E60 FOR RD  & LESS N60 THEREOF FOR RD SEC 8 21 14  2.033ACS UNPLATTED 11702 E 116 ST N TULSA COUNTY 88,539 R    HS IMP 8,892.81 316.50 1291 91420-14-20-20530 BEG 1844.96N SWC SE TH E6.5 N TO NWC LT1 BLK1 LAKERIDGE FIRST ADD W TO W LN SE S TO POB SEC 20 21 14  .028ACS",UNPLATTED,ADDRESS UNKNOWN,CITY OF OWASSO,,"1,312",R,14.66,270.75,,176,"PDF page 176, property #1290"
1292,92224-22-24-13020,Unknown,"BEG 292N SECR NE TH W605 N430 E313 SE127 E255 S310 POB LESS E16.5 FOR RD SEC 24 22 12 5.102ACS UNPLATTED 15100 N PEORIA AV TULSA COUNTY 222,156 A    HS IMP 3,059.81 316.50 1293 92225-22-25-27460 S/2 S/2 SW NW LESS W50 THEREOF & LESS N25 E610 W660 THEREOF SEC 25 22 12 9.271ACS",UNPLATTED,14245 N CINCINNATI AV,CITY OF SKIATOOK,,"403,850",B MH IMP,"11,406.12",332.25,,176,"PDF page 176, property #1292"
1282,91316-13-16-07110,Unknown,"N 438 E 647 E/2 NE LESS BG NE COR S 45 SW 362.2 SW 287.3 N 83 E 647 BG SEC  16-21-13  5.91 AC UNPLATTED 10526 N YALE AV E TULSA COUNTY 257,440 A MH    IMP 2,096.61 348.00 1283 91324-13-24-00150 TR BEG 2632.81S NEC NE TH W659.98 S7 E TO PT ON SECR NE N POB SEC 24 21 13 .079AC",UNPLATTED,ADDRESS UNKNOWN,CITY OF OWASSO,,"3,462",R,14.66,286.50,,177,"PDF page 177, property #1282"
1259,90327-03-27-26880,Unknown,BG 46.95N SWC NW NW SW TH E111.25 NELY205.31 NWLY218.53 S245.05 POB SEC 27 20 13  .815AC,UNPLATTED,2011 N YALE AV E,CITY OF TULSA,,"35,483",C IMP,"3,120.35",411.00,,179,"PDF page 179, property #1259"
1260,90329-03-29-41780,Unknown,TR IN SE BEG 160.5W & 50N SECR SE TH N105.5 E110.5 S TO PT OF CRV RT SWLY ALG CRV TO PT W POB SEC 29 20 13 .251ACS,UNPLATTED,1504 N HARVARD AV E,CITY OF TULSA,,"10,954",C IMP,"6,614.00",316.50,,179,"PDF page 179, property #1260"
1261,90330-03-30-22140,Unknown,W 60 N 150 S 340 W/2 W/2 NW NE NE  SEC 30 20 13,UNPLATTED,2049 E ZION ST N,CITY OF TULSA,,"9,000",R IMP,"3,437.65",348.00,,179,"PDF page 179, property #1261"
1262,90334-03-34-20510,Unknown,BEG 50W & 300S NEC NW TH S300 E22.43 TO PT ON WL RR ROW NWLY APPROX 300.19 W POB SEC 34 20 13 .117AC,UNPLATTED,ADDRESS UNKNOWN,CITY OF TULSA,,"5,106",C,7.33,318.00,,179,"PDF page 179, property #1262"
1263,90404-04-04-64010,Unknown,"BEG 656 N & 1323.32 W SEC SE TH N 660 W 330.83 S 660 E 330.83 TO BEG  SEC 4 20 14 UNPLATTED 14025 E 58 ST N TULSA COUNTY 218,236 R 3,715.23 348.00 1264 90409-04-09-36590 E20 NW NE NE SEC 9 20 14  .3AC",UNPLATTED,ADDRESS UNKNOWN,CITY OF TULSA,,"13,200",R,14.66,286.50,,179,"PDF page 179, property #1263"
1247,90226-02-26-11050,Unknown,BEG 133S NWC SW NE SE TH S30 E166.9 N163 W74.9 S133 W92 TO BEG LESS STS SEC 26 20 12,UNPLATTED,ADDRESS UNKNOWN,CITY OF TULSA,,"14,969",R,586.60,381.00,,180,"PDF page 180, property #1247"
1250,90306-03-06-46920,Unknown,"PRT N/2 SW SE BEG NWC TH E700 S330 W700 N330 LESS W30 FOR RD THEREOF SEC 6 20 13  5.07ACS UNPLATTED ADDRESS UNKNOWN TULSA COUNTY 217,589 C 3,954.21 286.50 1251 90308-03-08-08590 E/2 W/2 NE NW LESS E165 N264 THEREOF & LESS N50 THEREOF & LESS S25 THEREOF FOR RD SEC 8 20 13 8.620ACS",UNPLATTED,2661 E 54 ST N,CITY OF TULSA,,"375,489",A IMP,"7,542.57",316.50,,180,"PDF page 180, property #1250"
1252,90308-03-08-15090,Unknown,N132 S330 E/2 E/2 SE NW NW LESS E25 & W25 THEREOF FOR ST SEC 8 20 13  .348ACS,UNPLATTED,E 54 ST N,CITY OF TULSA,,"15,180",R,359.29,302.25,,180,"PDF page 180, property #1252"
1227,85110-72-13-13920,Unknown,LT 3 BLK 1,GLENVILLAGE,1023 E 146 ST S,CITY OF GLENPOOL,,"10,345",R IMP,"9,846.69",363.75,,181,"PDF page 181, property #1227"
1228,85175-72-12-57030,Unknown,LT 6 BLK 2,KENDALWOOD III AMD,1277 E 139 ST S,CITY OF GLENPOOL,,"7,260",R HS IMP,"7,004.96",379.50,,181,"PDF page 181, property #1228"
1229,85175-72-12-57920,Unknown,LT 1 BLK 7,KENDALWOOD III AMD,1311 E 139 ST S,CITY OF GLENPOOL,,"8,055",R IMP,"9,482.38",348.00,,181,"PDF page 181, property #1229"
1230,85178-72-12-33260,Unknown,LT 3 BLK 5,KENDALWOOD IV,1042 E 138 ST S,CITY OF GLENPOOL,,"7,792",R IMP,"9,509.28",395.25,,181,"PDF page 181, property #1230"
1231,85240-72-13-61990,Unknown,LT 7 BLK 1,PARK LANE PLACE,14269 S QUINCE ST E,CITY OF GLENPOOL,,"6,921",R IMP,"7,677.90",332.25,,181,"PDF page 181, property #1231"
1232,85315-72-15-46520,Unknown,LT 2 BLK 8 ROLLING MEADOWS II,14623 S VANCOUVER AV,W,CITY OF GLENPOOL,,"7,150",R HS IMP,"5,178.06",316.50,,181,"PDF page 181, property #1232"
1233,85375-72-14-01945,Unknown,W65 LTS 18 19 & 20 BLK 6,STEWART'S PLAT,42 W 142 ST S,CITY OF GLENPOOL,,"4,875",R IMP,"7,175.68",316.50,,181,"PDF page 181, property #1233"
1199,79720-74-11-08250,Unknown,LT 62 BLK 5,INDIAN SPRINGS EST 3RD ADDN,8606 MEADOWOOD CR W,CITY OF BROKEN ARROW,,"18,224",R IMP,"16,659.72",348.00,,182,"PDF page 182, property #1199"
1200,79735-74-10-23100,Unknown,LT 3 BLK 4,INDIAN SPRINGS EST 4TH ADDN,1209 W OCALA ST S,CITY OF BROKEN ARROW,,"11,592",R HS IMP,"9,349.20",348.00,,182,"PDF page 182, property #1200"
1201,79735-74-10-23389,Unknown,PRT LT 32 BEG NEC TH SW168.40 TH ON CRV LF 4.54 NE POB BLK 4,INDIAN SPRINGS EST 4TH ADDN,ADDRESS UNKNOWN,CITY OF BROKEN ARROW,,374,R,14.66,302.25,,182,"PDF page 182, property #1201"
1202,79800-74-11-48870,Unknown,LT 2 BLK 7,INDIAN SPRINGS MANOR EXT,705 E OCALA ST S,CITY OF BROKEN ARROW,,"12,978",R HS IMP,"26,237.94",348.00,,182,"PDF page 182, property #1202"
1203,79810-74-03-50280,Unknown,LT 20 BLK 1,INDIAN SPRINGS PARK ADDN,7702 S GLENWOOD CT W,CITY OF BROKEN ARROW,,"14,608",R HS IMP,"10,861.39",316.50,,182,"PDF page 182, property #1203"
1204,80425-94-35-59940,Unknown,T C M,LYNN LANE VILLAGE,ADDRESS UNKNOWN,CITY OF BROKEN ARROW,,254,R,14.66,286.50,,182,"PDF page 182, property #1204"
1205,80610-84-11-13900,Unknown,LTS 13 14 BLK 8,NORTH SIDE ADDN,802 N CEDAR AV W,CITY OF BROKEN ARROW,,"7,000",R IMP,"1,083.22",332.25,,182,"PDF page 182, property #1205"
1178,77293-83-11-67885,Unknown,RESERVE A SWEETBRIAR SOUTH RESUB B5 6 & 7 RUSTIC,MEADOWS AMD,ADDRESS UNKNOWN,CITY OF TULSA,,"2,564",R,13.99,270.75,,183,"PDF page 183, property #1178"
1179,77670-83-11-52180,Unknown,LT 1 BLK 1,WOOD NICHE,7960 S 78 AV E,CITY OF TULSA,,"130,284",R,13.99,318.00,,183,"PDF page 183, property #1179"
1180,77745-83-12-38720,Unknown,LT 10 BLK 9,WOODLAND HILLS SOUTH,8949 E 74 ST S,CITY OF TULSA,,"9,348",R HS IMP,"13,247.01",379.50,,183,"PDF page 183, property #1180"
1181,77820-93-36-01360,Unknown,LOT-7-BLK-3,WOODLAND VIEW PARK I,5627 S 83 AV E,CITY OF TULSA,,"10,200",R HS IMP,"9,664.36",348.00,,183,"PDF page 183, property #1181"
1182,77835-93-36-35360,Unknown,PRT LT 10 BEG SWC THEREOF TH NE169.82 SE97.93 SW95.59 W126.87 POB BLK 3,WOODLAND VIEW PARK SOUTH,ADDRESS UNKNOWN,CITY OF TULSA,,"13,490",R,"1,869.81",333.75,,183,"PDF page 183, property #1182"
1183,77880-93-36-44170,Unknown,LT 15 BLK 3,WOODLAND VIEW PARK 3RD,5620 S 90 AV E,CITY OF TULSA,,"8,211",R IMP,"10,455.79",316.50,,183,"PDF page 183, property #1183"
1184,77880-93-36-45140,Unknown,LT 3 BLK 6,WOODLAND VIEW PARK 3RD,8942 E 58 ST S,CITY OF TULSA,,"8,840",R HS IMP,"9,694.36",316.50,,183,"PDF page 183, property #1184"
1152,72000-83-28-23620,Unknown,LT 10 BLK 6,SHADY OAKS ESTATES,4248 E 107 ST S,CITY OF TULSA,,"20,437",R IMP,"17,312.93",348.00,,184,"PDF page 184, property #1152"
1153,73050-83-09-23745,Unknown,"UNIT 102 BLDG 100 & 2.039 INT OF COMMON ELEMENTS IN RAINTREE ESTATES I A CONDOMINIUM OF LT 1 BLK 3 & E25 VAC ST BLK 3 SILVER OAKS B1-5 7507 S WINSTON PL E CITY OF TULSA R    HS IMP 3,799.35 332.25 1154 73880-83-17-03880 LT 5 BLK 6",WALNUT CREEK III,8235 S COLLEGE AV E,CITY OF TULSA,,"10,234",R HS IMP,"13,222.01",363.75,,184,"PDF page 184, property #1153"
1155,74005-82-03-37460,Unknown,LT 3 BLK 1,WEST HIGHLANDS II,6619 S 32 AV W,CITY OF TULSA,,"8,750",R IMP,"9,321.60",363.75,,184,"PDF page 184, property #1155"
1156,74035-82-03-02410,Unknown,PRT LT 5 BLK 4 BEG NEC LT5 BLK 4 TH S143.79 W4.89 N TO NL LT 5 BLK 4 ELY5.12 POB WEST HIGHLANDS IV RESUB L20 B1 WEST,HIGHLANDS I,ADDRESS UNKNOWN,CITY OF TULSA,,720,R,14.66,302.25,,184,"PDF page 184, property #1156"
1131,63175-22-23-03800,Unknown,LT 20 BLK 34,SKIATOOK-ORIGINAL TOWN,715 E 5 ST S,CITY OF SKIATOOK,,"1,975",R,7.33,349.50,,185,"PDF page 185, property #1131"
1132,63175-22-23-03950,Unknown,LT 17 BLK 35,SKIATOOK-ORIGINAL TOWN,ADDRESS UNKNOWN,CITY OF SKIATOOK,,"2,375",R,7.33,333.75,,185,"PDF page 185, property #1132"
1133,63325-22-26-02460,Unknown,LT 13 BLK 10,SOUTHSIDE ADDN,ADDRESS UNKNOWN,CITY OF SKIATOOK,,"3,200",R,7.33,270.75,,185,"PDF page 185, property #1133"
1134,63325-22-26-02480,Unknown,LT 16 BLK 10,SOUTHSIDE ADDN,ADDRESS UNKNOWN,CITY OF SKIATOOK,,"3,200",R,7.33,270.75,,185,"PDF page 185, property #1134"
1135,63325-22-26-02490,Unknown,LT 17 BLK 10,SOUTHSIDE ADDN,ADDRESS UNKNOWN,CITY OF SKIATOOK,,"3,200",R,7.33,270.75,,185,"PDF page 185, property #1135"
1136,63550-12-14-01000,Unknown,W/2 E 260 LT 13 LESS S 10 FOR ALY BLK 1,BAILEY ADDN,413 W ADA ST N,CITY OF SPERRY,,"11,700",R IMP,"2,100.38",316.50,,185,"PDF page 185, property #1136"
1137,63700-12-13-00540,Unknown,S/2 LT 3 BLK 2,LAKESIDE ADDN,118 S BRYAN ST E,CITY OF SPERRY,,"7,007",R IMP,"3,711.82",332.25,,185,"PDF page 185, property #1137"
1124,63175-22-23-01680,Unknown,LTS 22 THRU 24  BLK 19,SKIATOOK-ORIGINAL TOWN,620 E 3 ST S,CITY OF SKIATOOK,,"10,500",R IMP,570.60,363.75,,186,"PDF page 186, property #1124"
1125,63175-22-23-01850,Unknown,LTS 5 6  BLK 21,SKIATOOK-ORIGINAL TOWN,412 E ROGERS BV S,CITY OF SKIATOOK,,"7,000",R IMP,"1,891.46",332.25,,186,"PDF page 186, property #1125"
1126,63175-22-23-03020,Unknown,"LTS 8 9 BLK 30 SKIATOOK-ORIGINAL TOWN 610 E 3 ST S CITY OF SKIATOOK 7,000 R IMP 813.91 363.75 1127 63175-22-23-03510 LT 12 BLK 33",SKIATOOK-ORIGINAL TOWN,ADDRESS UNKNOWN,CITY OF SKIATOOK,,"3,500",R,7.33,333.75,,186,"PDF page 186, property #1126"
1128,63175-22-23-03520,Unknown,LT 13 BLK 33,SKIATOOK-ORIGINAL TOWN,ADDRESS UNKNOWN,CITY OF SKIATOOK,,"3,500",R,12.66,270.75,,186,"PDF page 186, property #1128"
1129,63175-22-23-03530,Unknown,LT 14 BLK 33,SKIATOOK-ORIGINAL TOWN,ADDRESS UNKNOWN,CITY OF SKIATOOK,,"3,500",R,12.66,270.75,,186,"PDF page 186, property #1129"
1130,63175-22-23-03620,Unknown,LT 1 BLK 34,SKIATOOK-ORIGINAL TOWN,ADDRESS UNKNOWN,CITY OF SKIATOOK,,"3,500",R,109.98,286.50,,186,"PDF page 186, property #1130"
1117,62975-91-02-05610,Unknown,LT 5 BLK 1,TWIN OAK ESTATES 2ND ADDN,ADDRESS UNKNOWN,CITY OF SAND SPRINGS,,"17,544",R,681.93,286.50,,187,"PDF page 187, property #1117"
1118,63120-91-10-27860,Unknown,LT 8 BLK 1 WELLSTON PARK,200 S WELLSTONPARK,RD W,CITY OF SAND SPRINGS,,"30,000",C IMP,"22,827.25",332.25,,187,"PDF page 187, property #1118"
1119,63120-91-10-27880,Unknown,LT 9 BLK 1,WELLSTON PARK,ADDRESS UNKNOWN,CITY OF SAND SPRINGS,,"30,000",C,"2,933.04",286.50,,187,"PDF page 187, property #1119"
1120,63125-91-11-15420,Unknown,LT 11 BLK 8,WEST-SIDE ADDN,607 N WILSON AV W,CITY OF SAND SPRINGS,,"6,500",R IMP,"4,068.06",316.50,,187,"PDF page 187, property #1120"
1121,63175-22-23-00380,Unknown,LT 9  BLK 7,SKIATOOK-ORIGINAL TOWN,ADDRESS UNKNOWN,CITY OF SKIATOOK,,"3,500",R,12.66,302.25,,187,"PDF page 187, property #1121"
1122,63175-22-23-00390,Unknown,LT 10  BLK 7,SKIATOOK-ORIGINAL TOWN,406 E 1 ST N,CITY OF SKIATOOK,,"3,500",R,174.64,318.00,,187,"PDF page 187, property #1122"
1123,63175-22-23-00430,Unknown,LTS 15 16  BLK 7,SKIATOOK-ORIGINAL TOWN,405 E 2 ST N,CITY OF SKIATOOK,,"7,000",R IMP,721.92,348.00,,187,"PDF page 187, property #1123"
1110,62250-91-22-02240,Unknown,LT 8 BLK 1,RIVER VIEW GARDENS ADDN,313 W 40 PL S,CITY OF SAND SPRINGS,,"11,040",R HS IMP,"5,795.03",332.25,,188,"PDF page 188, property #1110"
1111,62255-91-22-36260,Unknown,RESERVE A,PRATTWOOD ESTATES IV L1-12 B7,ADDRESS UNKNOWN,CITY OF SAND SPRINGS,,804,R,14.66,302.25,,188,"PDF page 188, property #1111"
1112,62256-91-22-66990,Unknown,RESERVE A,PRATTWOOD ESTATES IV L1-25 B8 & L1-4 B9,ADDRESS UNKNOWN,CITY OF SAND SPRINGS,,804,R,7.33,302.25,,188,"PDF page 188, property #1112"
1113,62755-91-27-20520,Unknown,LT 1 BLK 2,STONEY RIDGE,4901 S REDBUD DR W,CITY OF SAND SPRINGS,,"9,000",R IMP,"8,187.24",395.25,,188,"PDF page 188, property #1113"
1114,62800-91-11-13540,Unknown,W75 LTS 15 & 16 & ALL LTS 17 & 18 BLK 5,SUNRISE ADDN,201 N FRANKLIN AV W,CITY OF SAND SPRINGS,,"11,750",C,977.38,286.50,,188,"PDF page 188, property #1114"
1115,62825-91-11-14380,Unknown,LTS 31 32 BLK 15,SUNRISE SECOND ADDN,613 N FRANKLIN AV W,CITY OF SAND SPRINGS,,"6,500",R IMP,"1,960.47",316.50,,188,"PDF page 188, property #1115"
1116,62905-91-22-67550,Unknown,LTS 10 & 11 BLK 2,TIMBERLING HOLLOW,701 W 39 ST S,CITY OF SAND SPRINGS,,"20,342",R HS IMP,"23,360.42",395.25,,188,"PDF page 188, property #1116"
1089,61140-14-20-30360,Unknown,LT 4 BLK 7,LAKERIDGE FIRST ADDN,12306 E 87 ST N,CITY OF OWASSO,,"7,266",R HS IMP,"8,157.51",348.00,,189,"PDF page 189, property #1089"
1090,61262-14-17-17940,Unknown,LOT 1 BLOCK 3,BURBERRY PLACE,10547 N 120 AV E,CITY OF OWASSO,,"9,404",R IMP,"17,265.55",348.00,,189,"PDF page 189, property #1090"
1091,61280-14-05-68940,Unknown,LT 35 BLK 2,BROOKFIELD CROSSING,11526 E 117 ST N,CITY OF OWASSO,,"7,926",R HS IMP,"8,914.22",426.75,,189,"PDF page 189, property #1091"
1092,61285-14-06-63000,Unknown,DET & RESERVE,COUNTRY ESTATES VI,ADDRESS UNKNOWN,CITY OF OWASSO,,"13,430",R,14.66,302.25,,189,"PDF page 189, property #1092"
1093,61320-14-16-12310,Unknown,LT 1 BLK 1,"LANES AT COFFEE CREEK, THE",10301 N OWASSO EXPY,CITY OF OWASSO,,"142,469",C IMP,"186,508.75",363.75,,189,"PDF page 189, property #1093"
1094,61375-14-30-06240,Unknown,LT 11 BLK 1,SMITHVIEW,901 N ELM ST E,CITY OF OWASSO,,"10,008",R IMP,"6,394.30",332.25,,189,"PDF page 189, property #1094"
1095,61400-14-30-07430,Unknown,LT 2 BLK 2,STARLANE,402 N CARLSBAD ST W,CITY OF OWASSO,,"7,320",R IMP,"6,083.84",332.25,,189,"PDF page 189, property #1095"
1069,58034-83-25-44650,Unknown,LT 1 BLK 4,SILVERWOOD,8602 E 110 CT S,CITY OF BIXBY,,"11,632",R IMP,"20,372.62",426.75,,190,"PDF page 190, property #1069"
1070,58035-83-25-34160,Unknown,LT 13 BLK 9,SOUTH COUNTRY ESTATES,10711 S 86 CR E,CITY OF BIXBY,,"14,196",R HS IMP,"17,826.21",363.75,,190,"PDF page 190, property #1070"
1071,58100-73-01-01980,Unknown,W2 LT 12 BLK 7,SOUTHERN MEMORIAL ACRES NO 2 CORR,ADDRESS UNKNOWN,CITY OF BIXBY,,369,R,14.66,302.25,,190,"PDF page 190, property #1071"
1072,58125-73-36-00540,Unknown,LT 19 BLK 3,SOUTHTOWN ESTATES,17464 S 89 AV E,CITY OF BIXBY,,"14,000",R,925.84,302.25,,190,"PDF page 190, property #1072"
1073,58400-74-33-48450,Unknown,LT 3 BLK 1,HICKORY CREEK ESTATES,12957 E 181 ST S,CITY OF BIXBY,,"22,500",R IMP,"27,211.27",332.25,,190,"PDF page 190, property #1073"
1074,59825-24-20-02720,Unknown,S/2 OF EA LTS 9 & 10 BLK 39,COLLINSVILLE-ORIGINAL TOWN,902 W BROADWAY ST N,CITY OF COLLINSVILLE,,"7,000",C IMP,"10,241.72",363.75,,190,"PDF page 190, property #1074"
1075,59825-24-20-42939,Unknown,N/2 W17.5 LT 5 BLK 20,COLLINSVILLE-ORIGINAL TOWN,ADDRESS UNKNOWN,CITY OF COLLINSVILLE,,"1,225",R,87.99,318.00,,190,"PDF page 190, property #1075"
1048,57100-92-17-02330,Unknown,LT 3 BLK 3,SECOND WEST TULSA VIEW ACRES SUB,2330 S 57 AV W,CITY OF TULSA,,"37,023",R MH HS IMP,"4,954.17",348.00,,191,"PDF page 191, property #1048"
1049,57160-13-12-12710,Unknown,"LT 7 BLK 1 COUNTRYSIDE ESTATES 8419 E 112 ST N TULSA COUNTY 213,880 R    HS IMP 8,447.55 379.50 1050 57165-14-18-60110 LT 14 BLK 3",EL RIO VISTA,11002 E 97 ST N,CITY OF OWASSO,,"13,102",R HS IMP,"8,714.98",316.50,,191,"PDF page 191, property #1049"
1053,57353-72-25-48130,Unknown,"LT 14 LESS N25 THEREOF BLK 1 COUNTRY ACRES ADDRESS UNKNOWN TULSA COUNTY 122,265 R 696.59 302.25 1054 57370-72-13-63370 LT 1 BLK 3",KENDALWOOD ESTATES ADDN I,1018 E 144 PL S,CITY OF GLENPOOL,,"8,100",R IMP,"4,845.40",332.25,,191,"PDF page 191, property #1053"
1037,55980-74-05-49630,Unknown,"LT 10 BLK 5 WILLOW SPRINGS WEST ADDN 11463 E 128 PL S TULSA COUNTY 40,619 R    HS IMP 10,403.59 348.00 1038 56015-82-35-25430 LT 20 BLK 6",GLENNWOOD SOUTH,11452 S FRANKLIN AV W,CITY OF JENKS,,"9,556",R IMP,"12,360.12",426.75,,192,"PDF page 192, property #1037"
1039,56015-82-35-25880,Unknown,LT 5 BLK 9,GLENNWOOD SOUTH,11525 S FRANKLIN AV W,CITY OF JENKS,,"10,140",R HS IMP,"9,077.60",332.25,,192,"PDF page 192, property #1039"
971,53825-02-02-01690,Unknown,LT 38 BK 5,NORTHGATE SECOND ADDN,6369 N BOULDER AV W,CITY OF TULSA,,"7,080",R IMP,"1,693.83",332.25,,200,"PDF page 200, property #971"
972,53825-02-02-02090,Unknown,LT 33 BK 6,NORTHGATE SECOND ADDN,6345 N CHEYENNE AV W,CITY OF TULSA,,"7,080",R,329.96,302.25,,200,"PDF page 200, property #972"
973,53825-02-02-02210,Unknown,LT 45 BK 6,NORTHGATE SECOND ADDN,ADDRESS UNKNOWN,CITY OF TULSA,,"9,020",R,373.96,270.75,,200,"PDF page 200, property #973"
974,53850-02-02-02760,Unknown,LT 28 BK 2,NORTHGATE THIRD ADDN,6307 N DENVER AV W,CITY OF TULSA,,"7,080",R HS IMP,827.78,316.50,,200,"PDF page 200, property #974"
975,53850-02-02-04160,Unknown,LT 28 BK 7,NORTHGATE THIRD ADDN,6229 N DENVER AV W,CITY OF TULSA,,"7,200",R IMP,"1,609.65",332.25,,200,"PDF page 200, property #975"
976,53850-02-02-04340,Unknown,LT 16 BK 8,NORTHGATE THIRD ADDN,330 W 62 PL N,CITY OF TULSA,,"7,820",R IMP,"2,122.45",332.25,,200,"PDF page 200, property #976"
977,53850-02-02-04710,Unknown,LT 53 BK 8,NORTHGATE THIRD ADDN,240 W 61 PL N,CITY OF TULSA,,"7,680",R IMP,"2,275.56",316.50,,200,"PDF page 200, property #977"
966,53725-02-01-03440,Unknown,"W/2 LT 8 & ALL LTS 9 & 10 BLK 9 NORTH TURLEY ADDN 737 E 63 ST N TULSA COUNTY 211,920 R    HS IMP 1,646.05 348.00 967 53775-02-02-00220 LT 22 BK 1",NORTHGATE ADDN,6105 N MAIN ST E,CITY OF TULSA,,"8,024",R HS IMP,"3,140.32",363.75,,201,"PDF page 201, property #966"
968,53825-02-02-01310,Unknown,LT 16 BK 4,NORTHGATE SECOND ADDN,7 E 63 ST N,CITY OF TULSA,,"7,860",R IMP,"3,327.66",316.50,,201,"PDF page 201, property #968"
969,53825-02-02-01320,Unknown,LT 1 BK 5,NORTHGATE SECOND ADDN,6 W 65 PL N,CITY OF TULSA,,"9,020",R IMP,"2,333.76",395.25,,201,"PDF page 201, property #969"
970,53825-02-02-01430,Unknown,LT 12 BK 5,NORTHGATE SECOND ADDN,6356 N MAIN ST W,CITY OF TULSA,,"7,080",R IMP,"1,939.10",348.00,,201,"PDF page 201, property #970"
882,44650-92-04-12740,Unknown,LT 47 BLK E,VERN HGTS SUB,132 N 46 AV W,CITY OF TULSA,,"10,000",R,29.33,286.50,,203,"PDF page 203, property #882"
883,44650-92-04-13070,Unknown,LTS 80 & 81 BLK G,VERN HGTS SUB,4805 W ARCHER ST N,CITY OF TULSA,,"14,000",R HS IMP,"3,183.01",316.50,,203,"PDF page 203, property #883"
884,44675-92-08-04450,Unknown,LT 5 BLK 2 VERN SUB AMD,5128 W CHARLES PAGE,BV S,CITY OF TULSA,,"15,000",R IMP,"1,783.15",379.50,,203,"PDF page 203, property #884"
885,44675-92-08-04460,Unknown,E46.5 LT 6 BLK 2 VERN SUB AMD,5134 W CHARLES PAGE,BV S,CITY OF TULSA,,"9,400",R IMP,907.78,379.50,,203,"PDF page 203, property #885"
886,44675-92-08-05320,Unknown,E 10' NO 150' OF LOT 8 BLK 5,VERN SUB AMD,ADDRESS UNKNOWN,CITY OF TULSA,,"1,500",R,14.66,302.25,,203,"PDF page 203, property #886"
887,44675-92-08-05690,Unknown,N175 OF LT 6 LESS S25 THEREOF BLK 6,VERN SUB AMD,4936 W 8 ST S,CITY OF TULSA,,"13,125",R IMP,"2,334.43",332.25,,203,"PDF page 203, property #887"
888,44675-92-08-05920,Unknown,N 87 1/2' LT 6 BLK 7,VERN SUB AMD,1005 S 51 AV W,CITY OF TULSA,,"9,944",R,"1,019.23",318.00,,203,"PDF page 203, property #888"
