parcel_id,ai_review_score,investment_category,manual_review_flag,recommendation,development_opportunity_flag,development_opportunity_reason,reasoning_summary,key_risks,missing_information,next_due_diligence_step,confidence_level
40850-02-12-06130,7.2,Strong Manual Review Candidate,True,Research First,False,nan,"The parcel at 641 E 50 ST N in Tulsa is classified as residential improved (R IMP) with a bid cost of 3005.03 and a clear legal description (LT 4 BLK 2, SUBURBAN ACRES THIRD ADDN, CITY OF TULSA). Rule-based scoring flags it as a strong manual review candidate due to strong bid price signal, complete address, and strong property clarity, while data confidence is high. However, strict development matching finds no clear nearby public or private investment activity, so any development upside is unsubstantiated. Overall, the combination of low entry cost and improved residential status justifies manual review, but not a positive development thesis.","ZIP code is unknown; no confirmed surrounding value or crime risk data; no clear development or revitalization projects identified nearby; ownership details are unclear (owner name unknown), which may signal potential title or notification complexities.",Exact ZIP code; current market value and condition of the improvement; neighborhood crime and rental/owner-occupancy context; any code violations or liens beyond taxes; confirmation of utilities and access; verification of current occupancy status.,"Pull county assessor and recorder records for this parcel to confirm structure details, market value, liens, and ownership history, then pair with a basic street-level or satellite review to assess physical condition and neighborhood context before setting a maximum bid threshold.",High
34300-03-32-15230,7.2,Strong Manual Review Candidate,True,Research First,False,nan,"The property at 135 N COLUMBIA AV E in Tulsa is a residential improvement (R IMP) with a bid cost of 3005.69 against a listed 7,000 value, generating a strong rule-based score (6.7) and classification as a Strong Manual Review Candidate. Address and parcel data quality are high, and the legal description is clear (LT 24 BLK 4, REDDIN ADDN, CITY OF TULSA). However, there is no verified development overlap, ZIP is unknown, and surrounding value and crime risk are not provided, so the asset appears potentially attractive on pricing and clarity alone but requires human verification.",Unknown ZIP code; no confirmed development or corridor match; surrounding value and crime risk are unknown; actual condition of the residential improvement is not provided; ownership details are unclear (owner name unknown).,Exact ZIP code; current physical condition of the structure; detailed neighborhood and surrounding value data; crime and nuisance profile; title status and any additional liens beyond the tax auction; confirmation of utilities and access.,"Manually verify parcel location and ZIP, inspect recent imagery or perform a drive-by to assess structure condition, and pull local sales and rent comparables for the REDDIN ADDN area to validate whether the low bid cost versus stated value reflects real discount or hidden issues.",Medium
29675-03-07-09890,7.2,Strong Manual Review Candidate,True,Research First,False,nan,"The parcel at 2017 E 49 ST N in Tulsa is a residential improvement (R IMP) with a relatively low bid cost of 3010.10 and high extraction/data confidence. Address and property clarity are strong, and rule-based scoring categorizes it as a strong manual review candidate. However, there is no verified nearby public or private development activity tied to this specific area, so any development-driven upside is uncertain. Overall, the combination of low entry cost and clear residential use justifies manual review, but not classification as a strong investment without further checks.","ZIP code is unknown, limiting precise neighborhood and value context; no clear strict development overlap or documented investment activity to support appreciation assumptions; surrounding value and crime risk are unknown; owner listed as Unknown may indicate potential title or notification complexities.","Exact ZIP code and neighborhood context; current physical condition of the improvement; occupancy status; market rent and sales comparables; title status and any additional liens beyond tax; local crime and nuisance factors; code enforcement or demolition history, if any.","Confirm exact ZIP and neighborhood, pull recent sales and rent comps for similar residential properties nearby, and obtain a title report to identify any non-tax liens or legal complications before bidding.",Medium
16250-92-05-01100,6.7,Strong Manual Review Candidate,True,Research First,False,nan,"The parcel at 426 S 55 AV W in Tulsa is a residential improvement (R IMP) with a relatively low bid cost of 3012.36 and high data confidence, making it a strong manual review candidate. Address and property details are clear, but there is no confirmed development match or documented surrounding value signal, and the ZIP is unknown. Overall, it merits closer review on asset condition and local market context, but not on the basis of proven development momentum.","No clear development overlap or verified surrounding value signal; ZIP code is unknown, limiting precise location and comp analysis; development signal is low; potential that the low bid reflects condition, neighborhood, or marketability issues that are not visible in the provided data.",Exact ZIP code; detailed neighborhood context; property condition and occupancy status; any code violations or liens beyond tax; rental and sales comparables; confirmation of any nearby infrastructure or private projects not captured in the strict development matching.,"Manually confirm exact location and ZIP, then pull local sales/rent comps and property condition data (inspection or recent photos) to determine whether the low bid cost for this residential improvement aligns with typical values in the immediate area.",High
41025-02-01-06220,7.2,Strong Manual Review Candidate,True,Research First,False,nan,"The parcel at 5914 N ELGIN AV E in the City of Tulsa (SUBURBAN HILLS ADDN, LT 2 BLK 16) is a residential improvement (R IMP) with a relatively low bid cost of 3015.03 and high extraction/data confidence. Address and property clarity are strong, and the rule-based system flags it as a Strong Manual Review Candidate with a score of 6.7. However, there is no clear strict development overlap and development match quality is low, so no development-driven upside can be assumed. Overall, the combination of low entry cost and clear residential status justifies manual review, but not a positive development classification.","ZIP code is unknown; no verified surrounding development or investment activity; development signal is low; surrounding value and crime risk are unknown; owner name is unknown, which may complicate title or redemption research.","Exact ZIP code; detailed property condition; structure details (unit count, square footage, year built); current occupancy status; liens or other encumbrances; neighborhood crime and value trends; any nearby public or private projects not captured in the strict development matching.","Confirm parcel details with county records (including ZIP and structure characteristics), pull title and lien history, and obtain on-the-ground or recent imagery-based condition and neighborhood assessment before bidding.",High
41025-02-01-01230,6.7,Strong Manual Review Candidate,True,Research First,False,nan,"The parcel at 5607 N FRANKFORT AV E in the Suburban Hills Addition is a residential improvement (R IMP) with a relatively low bid cost of 3021.69 and high extraction confidence, making it a strong manual review candidate. Address and property details are clear, but there is no confirmed surrounding value signal, crime estimate, or credible development match, and the ZIP is unknown. The rule-based system still scores it 6.7 and flags it as a strong manual review candidate, driven mainly by price and data clarity rather than proven area growth.",Unknown ZIP code; no clear strict development overlap or documented investment activity; surrounding value and crime risk are unknown; owner listed as unknown may indicate title or contact complexity.,Exact ZIP code; any recent sales or value indicators for Suburban Hills Addition; condition of the residential improvement; occupancy status; title status and liens beyond tax; neighborhood crime and rental/owner-occupant mix.,"Manually confirm parcel location and ZIP, pull county records for structure details and liens, and obtain on-the-ground or street-level condition assessment for the improvement in Suburban Hills Addition.",Medium
34300-03-32-14790,7.2,Strong Manual Review Candidate,True,Research First,False,nan,"The property at 124 N DELAWARE AV E (Parcel 34300-03-32-14790) is an improved residential parcel (R HS IMP) within the City of Tulsa, with a relatively low bid cost of 3029.62 and high data confidence. Address and legal description (LT 10 BLK 3, REDDIN ADDN, CITY OF TULSA) are clear, supporting basic investability and ease of locating the asset. Rule-based scoring (6.7) already flags it as a strong manual review candidate. However, strict development matching finds no clear overlap with known projects, development signal is low, ZIP and surrounding value context are unknown, and crime risk is not estimated. These gaps prevent classifying it as a clearly strong or development-driven investment, but the combination of low entry cost and improved residential status justifies human follow-up.","ZIP code and neighborhood context are unknown; no confirmed nearby development or investment activity; surrounding value signal is unknown; crime risk is unknown; owner name is listed as Unknown, which may indicate title or contact complexity; development match quality is low with no clear match, limiting confidence in appreciation driven by external projects.",Exact ZIP code and neighborhood context; recent comparable values or assessed value trends; condition of the residential improvements; occupancy status; title status and any liens beyond tax delinquency; local crime and nuisance conditions; zoning specifics and any code enforcement issues.,Confirm parcel location and neighborhood by obtaining the ZIP and mapping 124 N DELAWARE AV E; pull county assessor records for structure details and valuation; check title for additional liens or encumbrances; and review local code enforcement or nuisance records to assess condition and risk before bidding.,Medium
26725-02-25-17680,7.2,Strong Manual Review Candidate,True,Research First,False,nan,"The parcel at 412 E UTE ST N (LOT-3-BLK-6, MEADOWBROOK ADDN, City of Tulsa) is an improved residential property with a relatively low bid cost of 3,047.69 and high extraction confidence. Rule-based scoring categorizes it as a Strong Manual Review Candidate, driven by strong bid price and property clarity signals. However, strict development matching found no clear nearby public or private investment activity, and the development signal is low, so any upside must be evaluated on property-specific merits rather than area-wide projects.","ZIP code is unknown, limiting precise location and comp analysis; no clear development or revitalization projects are matched to this parcel or its immediate area; surrounding value and crime risk are unknown; owner information is listed as Unknown, which may indicate title or notification complexities.",Exact ZIP code; detailed neighborhood context; structure details and condition for this R IMP parcel; surrounding property values and market demand; crime and nuisance indicators; any liens or encumbrances beyond tax delinquency.,"Manually confirm the exact location and ZIP for 412 E UTE ST N, then pull parcel card and assessor data to verify structure type, condition, and assessed value, followed by a check of title, liens, and neighborhood sales to determine whether the low bid cost offers sufficient margin.",Medium
29775-02-26-04910,7.2,Strong Manual Review Candidate,True,Research First,False,nan,"The property at 2220 N DENVER BV W (LT 21 BLK 8, OAK CLIFF ADDN, City of Tulsa) is a residential improvement parcel with a relatively low bid cost of 3047.69 and high extraction confidence. Rule-based scoring is 6.7 and categorizes it as a Strong Manual Review Candidate, supported by complete address data and strong property clarity. However, strict development matching found no clear overlapping project or corridor, and development signal is explicitly low, so any development upside is unsubstantiated at this stage.","ZIP code is unknown, limiting precise neighborhood and value benchmarking; no clear strict development overlap or documented investment activity nearby; development signal is low; surrounding value and crime risk are unknown; owner name is unknown, which may indicate potential title or notification complexities.","Exact ZIP code; detailed neighborhood and market comps; structure condition and occupancy status; lot size and building square footage beyond the 9,180 figure in the raw text; title status and any liens beyond taxes; zoning confirmation for current and potential uses; utilities and access details; code enforcement or nuisance history.","Confirm parcel details with Tulsa County records (including ZIP, zoning, lot dimensions, and any structures), then obtain recent sales and rent comps for the Oak Cliff Addition area to test whether the low bid cost of 3047.69 offers sufficient margin after estimated rehab or demolition costs.",High
41025-02-01-04500,7.2,Strong Manual Review Candidate,True,Research First,False,nan,"The parcel at 537 E 59 PL N in Tulsa is a residential improvement (R IMP) lot in the SUBURBAN HILLS ADDN with a relatively low bid cost of 3,047.69 and high extraction/data confidence. Address and property clarity are strong, and rule-based scoring (6.7) already flags it as a strong manual review candidate. However, there is no clear strict development overlap, no ZIP code, and surrounding value and crime risk are unknown, so any development upside cannot be assumed.",No ZIP code provided; no confirmed development or corridor match; surrounding value and crime risk are unknown; ownership listed as Unknown may indicate title or notification complexities.,"ZIP code, detailed neighborhood context, condition of the residential improvement, current occupancy status, liens or other encumbrances beyond tax delinquency, and any recent sales or value indicators for nearby parcels.","Manually verify parcel location and ZIP, pull county records for structure details and any additional liens, and review recent nearby sales or assessed values to gauge realistic resale or rental potential.",High
92224-22-24-13020,8.7,Good Investment,True,Research First,True,"Strong, high-quality match to the Tulsa Market District / NOMA residential hub along the Peoria corridor, where a 256-unit residential hub and broader walkability and commercial revitalization efforts indicate elevated investment activity.","The parcel at 15100 N PEORIA AV (Parcel 92224-22-24-13020) has a low bid cost of 3059.81 and is classified as A HS IMP, indicating an improved homesite rather than raw land. Address and property clarity are strong, and rule-based scoring (8.7) places it in the Good Investment category. A high-confidence, strong development match ties the property to the Tulsa Market District / NOMA residential hub along Peoria, where a 256-unit residential project and corridor revitalization efforts suggest improving surrounding value and potential upside. Despite some missing location details (city/ZIP), the combination of low entry cost, improvement status, and credible nearby development activity justifies prioritizing this parcel for manual review.","City and ZIP are unknown, which obscures precise neighborhood context and may affect resale or rental assumptions; tax auction status may imply title complications or property condition issues that are not visible in the data; legal description references road right-of-way adjustments (LESS E16.5 FOR RD) that require survey/title review to confirm usable acreage and access.","Exact city and ZIP code; current structure details (size, age, condition, occupancy); zoning specifics and permitted uses; utility availability and status; confirmation of exact acreage and boundaries relative to road right-of-way; any code violations or liens beyond the tax issue.","Verify precise location (city, ZIP, mapping of legal description) and confirm zoning and permitted uses, then obtain on-the-ground or recent imagery-based condition assessment of any improvements and a title report focused on tax foreclosure status, easements, and road right-of-way impacts on the 5.102-acre site.",High
44200-02-11-04390,7.2,Strong Manual Review Candidate,True,Research First,False,nan,"The parcel at 4696 N BOULDER AV W (LT 2 BLK 18, CITY OF TULSA, VALLEY VIEW ACRES) has high data confidence, a complete address, and is classified as R IMP, suggesting an improved residential property. The bid cost of 3075.02 is relatively low for an improved parcel, which supports preliminary interest. Rule-based scoring labels it a Strong Manual Review Candidate. However, strict development matching finds no clear overlap with known projects and the development signal is low, so no external upside can be assumed. The unknown ZIP and lack of surrounding value or crime data add uncertainty, warranting manual verification rather than automatic prioritization as a top-tier investment.",ZIP and precise neighborhood context are unknown; no verified nearby development or investment activity; surrounding value and crime risk are unknown; owner listed as Unknown may indicate title or notification complexities; actual condition of the improvement is completely unverified.,Exact ZIP code and neighborhood context; current physical condition of the improvements; occupancy status; detailed title history and any liens beyond tax delinquency; recent comparable sales or assessed values in VALLEY VIEW ACRES; local crime and rental/owner-occupancy patterns.,"Confirm parcel location and ZIP in county GIS, then pull assessor records and imagery to verify structure type, condition, and surrounding land use; follow with a title check for liens or encumbrances and basic market checks (recent sales, rents) within VALLEY VIEW ACRES before bidding.",Medium
44200-02-11-05670,6.7,Strong Manual Review Candidate,True,Research First,False,nan,"The parcel at 313 W 47 ST N in Tulsa is a residential improvement (R IMP) with a low bid cost of 3081.02 and high data confidence. Address and property clarity are strong, and rule-based scoring (6.7) flags it as a strong manual review candidate. However, there is no verified nearby public or private development activity, so any development-driven upside is uncertain.","ZIP code is unknown; no confirmed surrounding value or crime data; no clear strict development overlap to support appreciation; ownership details are unclear; potential condition, title, and access issues are unknown.","Exact ZIP code, neighborhood context, property condition, structure details, utilities and access, title status, and any code or lien issues are not provided.","Confirm exact location and ZIP, pull county records for structure details and title status, and review recent sales and rental data in the immediate area to validate whether the low bid cost aligns with local values.",High
47700-02-26-09610,7.2,Strong Manual Review Candidate,True,Research First,False,nan,"The parcel at 2525 N MAIN ST E in Tulsa is a residential improved property (R HS IMP) with a relatively low bid cost of 3,082.54 and high extraction/data confidence. Address and property details are clear, and rule-based scoring classifies it as a strong manual review candidate. However, strict development matching finds no clear nearby public or private investment activity, so any development upside is unsubstantiated. Overall, the combination of low entry cost and clear residential improvement justifies manual review, but without treating development as a positive factor.","Unknown ZIP code and surrounding value context; no verified development or corridor investment nearby; crime and neighborhood risk unknown; property condition, occupancy, and title status not provided; potential hidden liens or rehab costs cannot be assessed from current data.",ZIP code; neighborhood and surrounding property values; interior and exterior condition; occupancy status; title report and any additional liens; code violations; utilities status; rental or resale comparables.,"Obtain full title and lien search, confirm exact ZIP and neighborhood context, and review recent sales or rental comps near 2525 N MAIN ST E to validate value relative to the 3,082.54 bid; then verify physical condition and any code or nuisance issues with local records or a drive-by inspection.",Medium
13800-02-12-02160,7.7,Strong Manual Review Candidate,True,Research First,False,nan,"The parcel at 4726 N FRANKFORT AV E (LT 9 BLK 7, FAIRHILL 2ND ADDN, City of Tulsa) is classified as R HS IMP, indicating an improved residential property. The bid cost of 3086.51 is low relative to typical improved residential assets, which aligns with the strong bid price signal and the rule-based score of 6.7, categorized as a Strong Manual Review Candidate. Address and property clarity are strong, and extraction confidence is high, reducing basic data risk. However, strict development matching finds no clear overlap with known projects or targeted investment areas, and the development signal is low, so this should not be treated as a development-driven appreciation play. Overall, the combination of low entry cost and improved residential status justifies manual review, but with tempered expectations on external growth drivers.","ZIP code is unknown, limiting precise neighborhood and comp alignment; no clear strict development overlap or documented nearby public/private investment to support outsized appreciation; surrounding value and crime risk are unknown; owner name is unknown, which may signal additional title or notification complexity; development match quality is low, so relying on area growth assumptions would be speculative.","Exact ZIP code; detailed property condition; structure details (square footage, year built, bed/bath count); occupancy status; title report and any additional liens or encumbrances beyond the tax issue; neighborhood-level indicators such as rents, vacancy, and crime; any local code enforcement or demolition orders.","Confirm physical condition and occupancy via drive-by or recent imagery, obtain a title search for additional liens or legal complications, and verify local code or nuisance issues; then estimate conservative as-is value and rent potential to determine whether the low bid cost provides sufficient margin without relying on speculative development upside.",High
36090-03-08-00970,7.2,Strong Manual Review Candidate,True,Research First,False,nan,"The property at 4721 N BIRMINGHAM PL E in Tulsa is a residential improvement (R IMP) with a relatively low bid cost of 3087.69 and high extraction/data confidence. Address and parcel details are clear, and rule-based scoring marks it as a strong manual review candidate. However, there is no confirmed nearby public or private development activity (development_match_strength is No Clear Match with low quality), so any development-driven upside is unsubstantiated. Overall, the combination of low entry cost and clear residential status justifies manual review, but not classification as a strong or development-driven investment.",ZIP code is unknown; no verified surrounding value or crime risk data; no clear strict development overlap or documented investment activity; development signal is low; upside case relies mainly on low acquisition cost rather than confirmed area improvements.,Exact ZIP code; current property condition; occupancy status; detailed neighborhood characteristics; surrounding property values and market demand; crime and code enforcement history; any pending liens or legal issues beyond tax status.,"Manually confirm the exact location and ZIP, then obtain recent imagery or on-the-ground photos to assess structure condition and occupancy; follow with a title and lien check to identify any non-tax encumbrances.",Medium
05450-02-25-27030,6.7,Strong Manual Review Candidate,True,Research First,False,nan,"The parcel at 610 E YOUNG PL N in Tulsa is a residential improvement property with a complete address and high data confidence. The bid cost of 3089.69 is flagged as a strong positive pricing signal, and the rule-based system classifies it as a strong manual review candidate. However, strict development matching found no clear overlapping project or corridor, and the development signal is low, so any appreciation from nearby investment cannot be assumed.","Unknown ZIP code; absence of verified surrounding value or development activity; no clear strict development overlap; potential neighborhood, condition, or title issues not visible in the auction data.",Exact ZIP code; details on structure condition and occupancy; neighborhood crime and value trends; confirmation of utilities and access; any liens or encumbrances beyond tax status.,"Manually verify the exact location and ZIP, inspect or obtain recent imagery of the improvement, and pull local sales and rent comps for the immediate area around 610 E YOUNG PL N to assess neighborhood quality and realistic exit value.",High
34750-02-26-08160,7.2,Strong Manual Review Candidate,True,Research First,False,nan,"The parcel at 2507 N MAIN ST E in Tulsa is a residential improvement (R IMP) with a relatively low bid cost of 3097.02 and high extraction/data confidence. Address and property clarity are strong, and rule-based scoring flags it as a strong manual review candidate. However, strict development matching finds no clear nearby public or private investment projects, and development signal is low, so any upside must be evaluated on property-level and neighborhood fundamentals rather than confirmed development catalysts.",Unknown ZIP and neighborhood context; no clear overlapping development projects to support appreciation; partial lot description may indicate irregular or non-standard lot configuration; owner listed as unknown may signal title or notification complexities; surrounding value and crime risk are unknown.,"Exact ZIP code; neighborhood and block-level context; structure details (unit count, condition, year built, square footage); occupancy status; title status and any additional liens; zoning specifics; recent comparable sales or assessed values; local crime and code enforcement history.","Manually confirm parcel boundaries and improvements via county GIS and street imagery, then pull title, zoning, and any lien/code records to verify that the low bid cost is not offset by structural, legal, or neighborhood risks.",High
19725-03-30-11560,7.2,Strong Manual Review Candidate,True,Research First,False,nan,"The parcel at 1743 E YOUNG PL N in Tulsa is a residential improvement (R IMP) with a relatively low bid cost of 3098.35 and high extraction/data confidence. Address and property clarity are strong, and rule-based scoring categorizes it as a Strong Manual Review Candidate. However, there is no clear strict development match and development signal is low, so any value-add from nearby public or private investment cannot be substantiated from the provided data.",Unknown ZIP code; no verified surrounding value or crime risk data; no clear development or corridor overlap; development signal is low; ownership details limited to 'Unknown' in the provided data.,Exact ZIP code; detailed neighborhood context; condition and specifics of the residential improvement; surrounding property values and market demand; crime and school data; any liens or title complications beyond tax status.,"Manually confirm the exact location and ZIP, inspect the physical condition of the improvement, pull comparable sales/rents in the immediate area, and run a title and lien check to validate that the low bid cost is not offset by hidden encumbrances.",Medium
78810-84-11-09860,7.2,Strong Manual Review Candidate,True,Research First,False,nan,"The parcel at 514 E DALLAS ST S in Broken Arrow is a residential improved property (R HS IMP) with a bid cost of 3103.20 against an indicated value of 14,000. Address and parcel data are clear and extraction confidence is high. Rule-based scoring (6.7) already flags it as a strong manual review candidate, driven mainly by low entry cost and strong property clarity rather than any verified development activity. The absence of a ZIP and any credible development match limits confidence in broader upside, but the basic numbers and data quality justify closer human review.","Unknown ZIP and surrounding value context; no confirmed public or private development activity nearby; ownership details unclear; actual physical condition, occupancy, and title status are unknown; crime and neighborhood risk are not provided.","ZIP code; detailed property characteristics (square footage, year built, condition, occupancy); neighborhood and comp values; title status and liens beyond tax; any zoning or code enforcement issues; crime and school context.","Pull county assessor and recorder records for this parcel to confirm structure details, ownership chain, liens, and any code or zoning issues, then verify neighborhood values and physical condition via maps or drive-by before bidding.",Medium
40825-02-13-08350,6.7,Strong Manual Review Candidate,True,Research First,False,nan,"The parcel at 4355 N GARRISON AV E in Tulsa is a residential improvement (R IMP) with a relatively low bid cost of 3109.68 and high extraction confidence, and the address and property details are clear. Rule-based scoring flags it as a strong manual review candidate. However, strict development matching finds no clear nearby public or private investment activity, and the development signal is low, so any appreciation from area projects is not supported by the provided data.",Unknown ZIP code and surrounding value; no clear strict development overlap or documented investment activity; development signal is low; owner name unknown; broader neighborhood conditions and crime risk are not provided.,"ZIP code, detailed neighborhood context, surrounding property values, occupancy/condition of the improvement, title issues, and any confirmed nearby public or private projects.","Manually verify the exact location and ZIP, confirm physical condition and occupancy status of the residential improvement, and check local records for any unlisted infrastructure or redevelopment plans affecting Suburban Acres Second.",High
23175-03-30-13610,7.2,Strong Manual Review Candidate,True,Research First,False,nan,"The parcel at 2526 N QUAKER AV E in Tulsa is a residential improvement (R IMP) lot in the City of Tulsa, Lincoln Heights, with a relatively low bid cost of 3115.02 and high extraction/data confidence. Address and legal description are clear (LT 6 BLK 4), and the rule-based system flags it as a strong manual review candidate. However, strict development matching finds no clear nearby public or private investment activity, and ZIP information is missing, so any appreciation from area development cannot be substantiated from the provided data.","No clear development overlap or documented investment activity; ZIP code unknown, limiting neighborhood-level risk and value assessment; owner listed as unknown; surrounding value and crime risk are both unknown; development signal explicitly low.",ZIP code; detailed neighborhood and market context; structure condition and occupancy; surrounding property values and comps; title status and any additional liens; code enforcement or demolition history; crime and school data.,"Confirm exact ZIP and neighborhood context for 2526 N QUAKER AV E, then pull county records and mapping data to verify structure condition, occupancy, liens, and any local planning or redevelopment initiatives affecting Lincoln Heights before bidding.",Medium
44200-02-11-03560,6.7,Strong Manual Review Candidate,True,Research First,False,nan,"The parcel at 4690 N BOSTON AV E is a residential improvement (R IMP) lot with a relatively low bid cost of 3117.68 and high data confidence, which supports preliminary interest. Address and property details are clear, and the rule-based system flags it as a strong manual review candidate. However, there is no confirmed development overlap or identified surrounding value signal, and the ZIP code is unknown, limiting assessment of neighborhood and market dynamics. Overall, it merits manual review on pricing and clarity grounds, but lacks documented development-driven upside.",Unknown ZIP and neighborhood context; no clear strict development or investment activity nearby; property condition is unknown despite being classified as an improvement; surrounding value and crime risk are unknown; ownership listed as Unknown may indicate potential title or notification complexities.,"Exact ZIP code; neighborhood and market context; property physical condition and occupancy status; structure details (size, age, configuration); any code violations or liens beyond the tax issue; confirmation of clear title; recent comparable sales or rental data in the immediate area.","Confirm the precise location and ZIP, then pull county records for structure details, liens, and code issues; obtain recent sales and rent comps in the immediate vicinity; and, if feasible, conduct a drive-by or photo-based condition check before assigning a final investment rating.",High
90327-03-27-26880,7.2,Strong Manual Review Candidate,True,Research First,False,nan,"The parcel at 2011 N YALE AV E in Tulsa is classified as C IMP with a reported value of 35,483 and a relatively low bid cost of 3,120.35, which is a favorable cost-to-value signal. Address quality and property clarity are strong, and data confidence is high, making the asset identifiable and researchable. The rule-based system scores it 6.7 and flags it as a Strong Manual Review Candidate, mainly due to the attractive bid price and clear property data. However, there is no reliable strict development match, the ZIP code and surrounding value context are unknown, and no crime or neighborhood risk estimates are available, so upside from area investment cannot be assumed.","Unknown ZIP and neighborhood context; no verified surrounding value or crime risk data; no clear strict development overlap or documented public/private investment nearby; commercial improvement status may imply condition, code, or use issues that are not visible from the data; legal description is non-standard and may require survey or title review to confirm boundaries.","ZIP code; detailed property characteristics (building size, age, condition, current or prior use); zoning and permitted uses; confirmation that the C IMP classification reflects an existing usable structure; neighborhood and corridor context along N Yale Ave; any liens, code violations, or environmental issues; recent sales or assessed values of nearby parcels.","Manually verify the parcel’s exact location and ZIP, then pull county records and mapping (aerials, street view, zoning maps) to confirm that a commercial improvement exists, assess physical condition and access along N Yale Ave, and check for code issues or liens before considering a bid level relative to the 35,483 value figure.",Medium
25500-03-29-06000,7.2,Strong Manual Review Candidate,True,Research First,False,nan,"The parcel at 1831 N BIRMINGHAM PL E in Tulsa is a residential improvement (R IMP) with a reported lot size of 9,648 and a relatively low bid cost of 3,123.68, which aligns with the strong bid price signal and strong property clarity signal. Address quality is complete and data confidence is high, supporting reliable basic identification of the asset. However, strict development matching shows no clear match and low quality, so there is no evidence-based development or revitalization catalyst to elevate this beyond a standard value play. The strong rule-based score (6.7) and low entry price justify manual review, but not classification as a strong or development-driven investment.","Unknown ZIP code limits precise neighborhood and comp context; no verified surrounding development or public/private investment activity; development signal is low with no clear strict match; crime and surrounding value signals are unknown; ownership details are limited (owner name unknown), which may complicate title or notification history review.","Exact ZIP code; neighborhood and market context (rents, sales comps, vacancy); structure details for the residential improvement (unit count, condition, year built, square footage); zoning specifics; code enforcement or nuisance history; tax/assessment history beyond the bid amount; utility status and access; any nearby planned or ongoing development projects.","Confirm the precise location and ZIP, pull county assessor and GIS records for structure details and zoning, and review code enforcement and tax history to assess condition and legal risk before considering a bid at or above 3,123.68.",High
41025-02-01-04490,6.7,Strong Manual Review Candidate,True,Research First,False,nan,"The parcel at 543 E 59 PL N (LT 10 BLK 4, SUBURBAN HILLS ADDN, City of Tulsa) is a residential improvement property with a relatively low bid cost of 3123.68 and high data confidence. Address and property clarity are strong, and rule-based scoring categorizes it as a strong manual review candidate. However, there is no clear strict development overlap and development signal is low, so any appreciation from nearby projects cannot be relied upon at this stage.","ZIP code is unknown; no verified public or private development activity tied to this specific area; development match quality is low with no clear match; surrounding value and crime risk are unknown; owner name is unknown, which may complicate title or redemption research.",Exact ZIP code; detailed neighborhood and market context; confirmation of structure condition and occupancy; title status and any liens beyond taxes; verification of surrounding property values and crime risk; any local planning or infrastructure projects not captured in the strict development data.,"Confirm the precise ZIP and map the parcel within Tulsa to assess neighborhood context, then pull county records for title, liens, and structure details, followed by a drive-by or photo review to verify actual property condition and surrounding land use.",High
91408-14-08-10310,6.5,Strong Manual Review Candidate,True,Research First,False,Weak match removed; previous match was based on generic location wording.,"The parcel at 11702 E 116 ST N has a low bid cost of 3139.44, clear legal description, and complete address, which supports preliminary interest. Rule-based scoring classifies it as a strong manual review candidate. However, there is no valid strict development match and no confirmed surrounding value or ZIP, so any development upside is unsubstantiated and the property should not be treated as a high-confidence investment without further checks.",No clear development overlap or verified nearby investment activity; ZIP and precise market context are unknown; surrounding value and crime risk are not provided; development_match_warning indicates that earlier development linkage was a weak generic Tulsa reference and should not be relied upon.,"Exact ZIP code, detailed zoning/land use, access and utilities status, surrounding property values, and any verified public or private projects in the immediate area are not provided.","Manually verify zoning and permitted uses for the legal description in SEC 8 21 14, confirm physical access and utilities at 11702 E 116 ST N, and check local sales or assessed values for comparable nearby parcels to validate whether the low bid cost reflects opportunity or underlying issues.",High
53775-02-02-00220,7.2,Strong Manual Review Candidate,True,Research First,False,nan,"The parcel at 6105 N MAIN ST E in Tulsa is a residential improved property (R HS IMP) with a relatively low bid cost of 3140.32 and high extraction confidence, indicating clear basic property data. Rule-based scoring (6.7) and the Strong Manual Review Candidate category support further human review. However, strict development matching finds no clear project or corridor overlap and low development signal, so any value-add from public or private investment cannot be assumed. The unknown ZIP is a minor data gap but does not negate the strong address and parcel clarity.","No confirmed surrounding development or investment activity; ZIP code unknown; development match strength is No Clear Match with low quality; surrounding value and crime risk are both unknown, limiting context for neighborhood desirability and risk.","Exact ZIP code; current physical condition of improvements; occupancy status; detailed neighborhood context (surrounding values, crime, and amenities); title status and any liens beyond tax; zoning confirmation and any code enforcement issues.","Verify parcel location and ZIP via county GIS, then obtain recent exterior imagery or drive-by inspection to assess structure condition and neighborhood context, followed by a title and lien check with Tulsa County records.",High
23125-02-25-15350,7.2,Strong Manual Review Candidate,True,Research First,False,nan,"The parcel at 1864 N OWASSO AV E, Tulsa (LT 5 BLK 7, LIBERTY 2ND ADDN, CITY OF TULSA) is a residential improvement (R IMP) with a bid cost of 3140.35 against a listed value of 6,900, suggesting a potentially favorable entry price. Address and property clarity are strong and extraction confidence is high, and rule-based scoring classifies it as a Strong Manual Review Candidate. However, there is no credible strict development match and surrounding value or crime context are unknown, so any upside beyond basic tax-sale value recovery is unverified.","Unknown ZIP and neighborhood context; no confirmed nearby development or investment activity; surrounding value and crime risk are unknown; owner listed as Unknown may complicate title or notification history; small indicated value (6,900) may limit resale or rental upside.",Exact ZIP code; detailed neighborhood and market context; condition of the residential improvement; occupancy status; title status and any additional liens; accurate current market value and rent potential; local crime and code-enforcement history.,"Manually verify the precise location and ZIP, pull county records for title and lien checks, and obtain on-the-ground or photographic condition assessment to confirm whether the structure is habitable and whether the low bid cost is justified by physical and market conditions.",Medium
40800-02-13-04700,7.2,Strong Manual Review Candidate,True,Research First,False,nan,"The parcel at 4309 N KENOSHA AV E in Tulsa is a residential improvement (R IMP) with a relatively low bid cost of 3142.35 and high data confidence, making it a cost-effective candidate for closer review. Address and property clarity are strong, but there is no confirmed development overlap and the ZIP code and surrounding value context are unknown. These gaps prevent classifying it as a clear good investment, yet the low entry cost and clear structure presence justify manual underwriting.",Unknown ZIP and neighborhood context; no verified nearby development or value-uplift catalyst; physical condition of the improvement is unknown; crime and surrounding value signals are unknown; ownership details are unclear (owner name listed as Unknown).,Exact ZIP code; neighborhood and school context; current physical condition of the structure; occupancy status; recent sales or assessed value data; crime and rental/owner-occupancy patterns; any code violations or liens beyond the tax issue.,"Confirm parcel location and ZIP in county GIS, then pull assessor and code-enforcement records to verify structure condition, assessed value, and any additional liens or violations before on-site or drive-by inspection.",Medium
07600-02-24-01200,7.2,Strong Manual Review Candidate,True,Research First,False,nan,"The property at 820 E 36 ST N in Tulsa (Parcel 07600-02-24-01200) is a commercial improvement (C IMP) with a bid cost of 3,152.35 and an indicated value of 15,600, suggesting a potentially favorable price-to-value ratio. Address and parcel data are clear, and extraction confidence is high, supporting reliable basic identification. Rule-based scoring labels it a Strong Manual Review Candidate, driven by the low bid cost and strong property clarity. However, strict development matching finds no clear overlap with known projects, and the development signal is low, so no external growth catalyst can be assumed from the data provided.","Unknown ZIP code limits precise location and market context; no confirmed nearby development or corridor investment to support appreciation assumptions; commercial use may involve higher rehab, compliance, or vacancy risk that is not visible in the dataset; owner listed as Unknown may signal title or records complexity.","ZIP code; detailed land and building characteristics (size, age, condition, use type); zoning specifics; occupancy status; environmental or code enforcement history; tax/assessment history beyond the single value; any verified nearby public or private investment projects.","Confirm exact location and zoning (including ZIP and map placement within Tulsa), then pull county records for building details, code violations, and tax history to validate the indicated 15,600 value and assess whether the commercial improvement is usable or distressed.",Medium
44200-02-11-01790,7.2,Strong Manual Review Candidate,True,Research First,False,nan,"The property at 137 W 50 PL N in Tulsa is an R IMP (residential improved) lot in Valley View Acres with a bid cost of 3153.01 and high extraction confidence. Rule-based scoring is 6.7 and categorized as a Strong Manual Review Candidate, driven by strong bid price signal, complete address, and strong property clarity. However, strict development matching finds no clear overlap with known projects and development signal is low, so any upside from area investment is unsubstantiated. The unknown ZIP and lack of development intelligence are the main constraints, but the combination of low entry cost and improved residential status justifies manual review.","No confirmed development or revitalization activity in the immediate area; ZIP code is unknown, limiting precise location and comp analysis; surrounding value and crime risk are both unknown; owner listed as Unknown may indicate title or notification complexities; development match quality is low with no clear match, so appreciation potential from nearby projects cannot be assumed.","Exact ZIP code; detailed structure information (unit count, square footage, condition); confirmation of occupancy status; title status and any liens beyond tax delinquency; neighborhood crime and rent/value data; verification of utilities and access; any municipal code or nuisance violations.","Confirm the precise location and ZIP for 137 W 50 PL N, then pull county records for structure details, liens, and code violations, followed by a quick market check on nearby sales/rents in Valley View Acres to validate whether the low bid cost for an improved residential parcel aligns with local values.",Medium
44200-02-11-01470,6.7,Strong Manual Review Candidate,True,Research First,False,nan,"The parcel at 113 E 49 ST N in Tulsa is a residential improvement (R IMP) with a relatively low bid cost of 3160.35 and high extraction/data confidence. Address and property clarity are strong, supporting basic underwriting. However, strict development matching shows no clear overlap with any known public or private projects, and development signal is low, so there is no documented external growth catalyst. Rule-based scoring still flags it as a strong manual review candidate primarily due to pricing and data quality rather than proven area-wide investment momentum.","ZIP code is unknown, limiting precise neighborhood and value context; no clear strict development overlap or documented investment activity to support appreciation assumptions; surrounding value and crime risk are both unknown; current physical condition, occupancy, and title/encumbrance status are not provided.","Exact ZIP code and micro-neighborhood context; current structure condition and habitability; rental and sales comparables; any liens, code violations, or demolition orders; utility status and access; detailed crime and school data; confirmation of lot dimensions and any easements or encroachments.","Confirm the exact ZIP and neighborhood, then pull recent sales and rental comps for similar residential improvements nearby; obtain a title report for liens or legal issues; and, if feasible, conduct a drive-by or photo-based condition check to determine rehab scope before bidding.",Medium
29775-02-26-05550,6.7,Strong Manual Review Candidate,True,Research First,False,nan,"The parcel at 2120 N MARTIN LUTHER (LT 1 BLK 13 KING JR B, OAK CLIFF ADDN CITY OF TULSA) has a low bid cost of 3174.97 and is classified as R IMP, indicating a residential improvement and a potentially favorable entry price. Address and property clarity are strong, and data confidence is high, which supports further review. However, strict development matching finds no clear overlap with known projects and only a low-quality signal, so there is no substantiated development-driven appreciation case. Overall, it fits as a strong manual review candidate on pricing and clarity, not on development upside.","No clear development or investment activity identified nearby; ZIP code is unknown, limiting precise location and comp context; development signal is low with no specific corridor or project overlap; surrounding value and crime risk are unknown, increasing uncertainty about neighborhood quality and exit potential.","Exact ZIP code and more precise neighborhood context; any details on the existing residential improvement condition; surrounding property values and market activity; crime and livability indicators; confirmation of utilities, access, and any code or lien issues beyond the tax auction.","Manually verify the exact location and ZIP, then pull local sales and rent comps for the OAK CLIFF ADDN area around 2120 N MARTIN LUTHER to assess neighborhood quality and potential value relative to the 3,174.97 bid level.",High
16050-93-06-08050,7.2,Strong Manual Review Candidate,True,Research First,False,nan,"The parcel at 1810 E 2 ST S in Tulsa is a residential improvement (R IMP) with a relatively low bid cost of 3179.68 and high extraction/data confidence. Address and property clarity are strong, and rule-based scoring classifies it as a Strong Manual Review Candidate. However, strict development matching finds no clear overlap with known projects, and surrounding value and crime risk are unknown, so any development upside is not supported by the provided data.","ZIP code is unknown; no confirmed public or private development activity nearby; surrounding value and crime risk are not provided; owner name is unknown; development signal is low, so appreciation potential from area projects cannot be substantiated.",Exact ZIP code; detailed neighborhood and market context; condition and occupancy of the residential improvement; title status and any liens beyond tax delinquency; surrounding property values and rental/exit potential; crime and nuisance indicators.,"Manually verify parcel location and ZIP, pull local sales/assessment data for comparable residential properties in the immediate area, and obtain a current condition/occupancy check to determine realistic exit value relative to the 3179.68 bid cost.",High
09725-03-30-08040,7.2,Strong Manual Review Candidate,True,Research First,False,nan,"The property is a residential improvement (R IMP) lot in the City of Tulsa (LT 15 BLK 4 COOTS 2ND ADDN AMD) with a complete address and high extraction confidence. The bid cost of 3183.01 is low relative to a built/improved residential asset, which is reflected in the strong bid price signal and overall strong rule-based score (6.7) that flags it as a strong manual review candidate. However, strict development matching found no clear overlapping project or corridor, and development signal is low, so any appreciation from nearby investment cannot be assumed. The unknown ZIP and lack of quantified surrounding value or crime data add uncertainty but do not negate the attractive pricing and clarity of the parcel.","No confirmed nearby development or investment activity; ZIP code unknown; surrounding value and crime risk are unknown; owner name listed as Unknown may complicate title or notification history; development match quality is low with no clear match, limiting confidence in upside beyond current use value.",Exact ZIP code; current structure condition and occupancy; detailed neighborhood characteristics and comparable values; title status and any additional liens; code enforcement or nuisance history; utilities and access details.,"Verify parcel location and ZIP in county GIS, then pull assessor and code-enforcement records to confirm structure condition, occupancy, and any liens or violations before ordering a drive-by or photo review.",High
37375-03-32-16320,6.7,Strong Manual Review Candidate,True,Research First,False,nan,"The parcel at 2601 E MARSHALL ST N in Tulsa is a residential improvement (R IMP) with a relatively low bid cost of 3183.01 and high extraction/data confidence. Address and property clarity are strong, and rule-based scoring classifies it as a strong manual review candidate. However, there is no clear strict development match, surrounding value and crime risk are unknown, and the ZIP code is missing, so any development upside is not supported by the provided data.","Unknown ZIP code; no verified nearby public or private development; surrounding value and crime risk are unknown; ownership details are unclear (Owner Name: Unknown), which may signal potential title or notification complexities.","ZIP code, detailed neighborhood context, condition and specifics of the residential improvement, surrounding property values, crime and school context, title status and liens beyond tax delinquency, and any confirmed public or private investment projects nearby.","Confirm exact location and ZIP, pull county assessor and recorder records for structure details and title status, and review recent sales and rent levels on the same block or subdivision (Sequoyah Place Sub of Cherokee Acres) to validate resale or rental potential before bidding.",Medium
44200-02-14-06630,7.2,Strong Manual Review Candidate,True,Research First,False,nan,"The parcel at 18 E 44 PL N is an improved residential property (R IMP) in the City of Tulsa with a relatively low bid cost of 3183.01 and strong property clarity and address completeness. Rule-based scoring classifies it as a Strong Manual Review Candidate with high data confidence. However, there is no clear strict development overlap and development match quality is low, so any growth or redevelopment upside is unsubstantiated. The combination of low entry cost and improved status justifies manual review, but not a positive investment classification at this stage.","ZIP code is unknown, limiting precise location and comp analysis; no verified nearby public or private development activity to support appreciation assumptions; development signal is low with no clear match; surrounding value and crime risk are unknown; owner name is unknown, which may complicate title or notification steps.","Exact ZIP code; detailed property characteristics (structure size, condition, year built, utilities); surrounding neighborhood context and comparable values; crime and school context; any liens or encumbrances beyond tax delinquency; confirmation of occupancy status.","Manually confirm the precise location and ZIP, then pull county assessor and GIS records for structure details, land use, and any additional liens or code issues before considering a bid strategy.",Medium
44650-92-04-13070,8.0,Strong Manual Review Candidate,True,Research First,True,"Strict development data shows a strong, high-quality match to the Greenwood District area with specific ARCHER corridor overlap and a medium-strength investment signal tied to ongoing revitalization and Black Tech Street momentum.","The parcel at 4805 W ARCHER ST N is a residential improved property (R HS IMP) with a relatively low bid cost of 3,183.01 and clear legal description (Lots 80 & 81, Block G, Vern Heights Sub, City of Tulsa). Rule-based scoring flags it as a Strong Manual Review Candidate, supported by high extraction confidence and complete address quality aside from missing ZIP. Strict development matching indicates a strong, high-quality match to the Greenwood District/Archer corridor with a medium development signal, suggesting possible upside from nearby innovation and community development activity. These factors together justify elevating the parcel for closer manual underwriting.","ZIP code is unknown, limiting quick market comp checks; owner name is unknown; crime risk is unknown; no direct condition or structure details beyond the generic residential improved classification.","Exact ZIP code, property physical condition, structure details (size, age, configuration), occupancy status, title issues or liens beyond tax status, and any recent sales or code enforcement history.","Confirm exact parcel boundaries and ZIP, pull county assessor and GIS records for structure details and condition indicators, and cross-check local planning or PartnerTulsa materials to verify proximity and practical relevance to Greenwood District and Archer corridor revitalization efforts.",High
44250-02-12-14920,7.2,Strong Manual Review Candidate,True,Research First,False,nan,"The parcel at 5531 N FRANKFORT PL E in Tulsa is an improved residential property (R IMP) with a relatively low bid cost of 3,183.64 and a clear legal description (LT 15 BLK 53, VALLEY VIEW ACRES THIRD ADDN). Rule-based scoring is 6.7 and classed as a Strong Manual Review Candidate, supported by complete address data, strong property clarity, and high extraction confidence. However, strict development matching finds no clear overlap with known projects, and development signal is low, so any growth or appreciation potential from nearby investment cannot be assumed.",ZIP code is unknown; no confirmed surrounding value or crime risk data; no clear strict development overlap or documented investment activity; owner listed as Unknown may indicate title or notification complexities; development upside is not clearly supported by the provided data.,"Exact ZIP code; detailed property characteristics (structure condition, size, year built, occupancy); surrounding market value indicators; crime and neighborhood risk metrics; any liens or encumbrances beyond tax status; confirmation of utilities and access; verification of owner and title status.","Manually verify parcel details with county records (structure details, condition, and title status), obtain the correct ZIP and neighborhood context, and pull recent comparable sales and rent data in VALLEY VIEW ACRES THIRD ADDN to assess whether the low bid cost for an improved residential lot aligns with local values and risk tolerance.",High
44200-02-11-03530,7.2,Strong Manual Review Candidate,True,Research First,False,nan,"The parcel at 4697 N BOSTON AV E is classified as residential improved (R IMP) with a low bid cost of 3193.01 and strong property clarity and address completeness. Rule-based scoring labels it a Strong Manual Review Candidate with high data confidence. However, strict development matching finds no clear nearby public or private investment activity, and development signal is low, so any upside must be evaluated on property-level fundamentals rather than documented area-wide projects.","ZIP code is unknown, limiting precise neighborhood and value context; no clear strict development overlap or documented investment activity to support appreciation assumptions; development signal is low; owner name is unknown, which may indicate potential title or notification complexities.",Exact ZIP code and neighborhood context; current physical condition of the improvements; occupancy status; title report and any liens or encumbrances beyond taxes; zoning details and any code enforcement issues; recent comparable sales or assessed value benchmarks.,"Obtain county records for full legal description and zoning, confirm ZIP and neighborhood, pull a preliminary title report for liens or encumbrances, and review assessor or street-level imagery to assess structure condition and occupancy before setting a maximum bid.",High
44225-02-12-09330,7.2,Strong Manual Review Candidate,True,Research First,False,nan,"The parcel at 711 E 51 PL N in Tulsa is a residential improvement (R IMP) lot in Valley View Acres Second Addition with a clear legal description (LT 12 BLK 34) and high extraction confidence. The bid cost of 3199.68 is flagged as a strong positive signal by the rule-based system, and overall rule-based scoring (6.7) categorizes it as a strong manual review candidate. However, strict development matching finds no clear overlapping project or corridor, and development signal is low, so any broader growth or redevelopment upside cannot be confirmed from the data provided.","ZIP code is unknown; no verified public or private development activity is matched to this specific area; surrounding value and crime risk are both unknown; ownership details are listed as Unknown, which may indicate potential title or notification complexities.","ZIP code, detailed neighborhood context, surrounding property values, crime and nuisance indicators, structure condition and occupancy status, title report and liens, and any confirmed nearby public or private investment projects.","Manually confirm parcel location and neighborhood context using county GIS and aerial imagery, then pull a title report and tax history, verify structure presence and condition (drive-by or recent imagery), and check for any city or county planning documents or corridor plans that might indicate unrecorded development momentum near Valley View Acres Second Addition.",High
54325-92-31-02630,6.5,Strong Manual Review Candidate,True,Research First,False,Weak match removed; previous match was based on generic location wording.,"The parcel at 7118 W 60 ST S is a residential improvement (R IMP) with a relatively low bid cost of 3211.01 and high extraction confidence, giving it a strong rule-based score of 6.5 and making it a strong manual review candidate. Address quality and property clarity are strong, but there is no valid strict development match and the earlier generic Tulsa-based match was discarded as an invalid weak match, so development-driven appreciation cannot be assumed.","ZIP code and city are unknown; no verified public or private development activity nearby; development match warning indicates prior signals were weak and removed; surrounding value and crime risk are unknown, increasing uncertainty around long-term performance.","Exact ZIP code, city confirmation, neighborhood context, surrounding property values, crime and school indicators, physical condition of the improvement, occupancy status, and any liens or title complications beyond the tax issue.","Manually confirm the precise location and ZIP, pull local sales and rent comps for similar residential improvements near 7118 W 60 ST S, and obtain a basic exterior condition check to determine whether the low bid cost compensates for unknown neighborhood and property risks.",High
52550-92-33-05285,6.7,Strong Manual Review Candidate,True,Research First,False,nan,"The parcel at 4535 W 57 ST S (LT 17 BLK 1, BOZARTH ACRES, City of Sapulpa) is a residential property with a removed structure and a relatively low bid cost of 3,222.34. Data quality and extraction confidence are high, and the rule-based system flags it as a strong manual review candidate. However, there is no clear strict development overlap or documented surrounding value signal, and ZIP is unknown, so upside from nearby investment cannot be confirmed.","Unknown ZIP code and surrounding value; no verified nearby public or private development activity; structure has been removed, so current condition, utilities, and buildability are unknown; resale demand and rental potential cannot be evaluated from available data.",Exact ZIP code; current land condition after structure removal; zoning details and any building or code enforcement issues; utility access; recent comparable land or home sales in Bozarth Acres/City of Sapulpa; any planned infrastructure or private development nearby.,"Obtain county records and mapping for this parcel to confirm zoning, access, and utilities; verify the status and reason for structure removal; pull recent comparable sales in Bozarth Acres/City of Sapulpa; and check for liens, code violations, or demolition assessments that could affect total acquisition cost.",Medium
07725-02-13-02930,7.2,Strong Manual Review Candidate,True,Research First,False,nan,"The parcel at 918 E 37 ST N in Tulsa is a residential improved property (R HS IMP) with a relatively low bid cost of 3,234.47 and high extraction/data confidence. Address and property clarity are strong, and the rule-based system classifies it as a Strong Manual Review Candidate with a score of 6.7. However, strict development matching found no clear overlapping project or corridor, and the development signal is low, so any value thesis must be based on property-level factors rather than area-wide investment trends.","ZIP code is unknown, limiting precise location and comp analysis; no verified nearby development or corridor investment to support appreciation assumptions; development match quality is low with no clear match, so relying on area growth would be speculative.","Exact ZIP code; detailed property characteristics (structure condition, year built, bed/bath count, utilities); neighborhood crime and market data; any liens or title complications beyond tax status; current occupancy or nuisance status.","Manually map the parcel using the address and legal description (LT 4 BLK 11, CHANDLER-FRATES FIFTH ADDN, CITY OF TULSA) to confirm precise location and neighborhood context, then pull property condition, comps, and title information to determine whether the low bid cost compensates for the lack of documented development tailwinds.",High
79200-84-14-04250,7.2,Strong Manual Review Candidate,True,Research First,False,nan,"The parcel at 215 W JACKSON ST S in Broken Arrow is a residential improved property (R HS IMP) with a relatively low bid cost of 3,244.88 and high extraction/data confidence. Address and property clarity are strong, and rule-based scoring categorizes it as a Strong Manual Review Candidate. However, there is no clear strict development match or documented surrounding investment activity, so any development upside is unsubstantiated. Overall characteristics justify manual review, but not classification as a good investment at this stage.",ZIP code is unknown; no verified nearby public or private development activity; development match quality is low with no clear match; surrounding value and crime risk are unknown; ownership details are unclear (owner name unknown).,Exact ZIP code; current market value and comparable sales; structure condition and occupancy status; title status and any additional liens beyond tax; zoning specifics beyond R HS IMP label; neighborhood crime and demographic context; utility status and any code violations.,"Obtain county records and, if possible, on-site or street-view verification to confirm structure condition, occupancy, and zoning details, then pull recent comparable sales and rental data for similar residential improved properties in the immediate Broken Arrow area.",Medium
07675-02-13-01140,7.2,Strong Manual Review Candidate,True,Research First,False,nan,"The parcel at 4018 N GARRISON AV E in Tulsa is a residential improved property (R HS IMP) with a relatively low bid cost of 3,245.67 and high extraction/data confidence. Address and property details are clear, and rule-based scoring flags it as a strong manual review candidate. However, strict development matching finds no clear overlapping project or corridor, and development signal is low, so any value-add from nearby investment is unsubstantiated. The unknown ZIP and lack of surrounding value or crime data add uncertainty but do not negate the potential implied by the low entry cost and improved status.","Unknown ZIP and neighborhood context; no verified surrounding development or investment activity; unknown property condition despite being classified as improved; potential title, lien, or occupancy complications typical of tax auction properties; surrounding value and crime risk are both unknown.",Exact ZIP code; detailed neighborhood and market context; property condition (interior and exterior); occupancy status; title report and any additional liens; recent comparable sales or rental data; code enforcement or nuisance history.,"Obtain a title and lien check, confirm the precise location and ZIP, and perform a drive-by or third-party exterior inspection to assess condition and neighborhood quality before considering a bid strategy.",Medium
49650-03-34-13420,7.2,Strong Manual Review Candidate,True,Research First,False,nan,"The property at 4932 E HASKELL ST N in Tulsa is a residential improvement (R IMP) with a relatively low bid cost of 3249.00 and high extraction/data confidence. Address and parcel details are clear, and rule-based scoring classifies it as a strong manual review candidate. However, strict development matching found no clear overlapping project or corridor, so there is no validated development-driven upside. Overall, the combination of low entry cost and clear residential status justifies manual review even without a development signal.",ZIP code is unknown; no confirmed surrounding development or investment activity; development match quality is low with no clear match; surrounding value and crime risk are unknown.,Exact ZIP code; current physical condition of the improvement; occupancy status; market value and comps; neighborhood crime and stability; code enforcement or liens beyond tax status; utility and access details.,"Verify physical condition and occupancy of the residential improvement via drive-by or recent imagery, then pull local sales/rent comps and neighborhood data for this specific block of E HASKELL ST N to assess realistic resale or rental value relative to the 3249.00 bid cost.",Medium
41025-02-01-06510,7.2,Strong Manual Review Candidate,True,Research First,False,nan,"The property at 5744 N FRANKFORT AV E in Tulsa is a residential improvement (R IMP) with a relatively low bid cost of 3,259.67 and high data confidence, making it a cost-effective candidate for further review. Address and parcel details are clear, and rule-based scoring classifies it as a strong manual review candidate. However, there is no confirmed nearby public or private development activity, and the ZIP and surrounding value context are unknown, so any upside is unverified.","Unknown ZIP code and neighborhood context; no confirmed development or value-add catalysts; surrounding property values and crime risk are unknown; owner details are unclear; potential physical condition, title, or occupancy issues cannot be assessed from current data.",Exact ZIP code; neighborhood and market context; surrounding sales or assessed values; property condition and occupancy status; title status and any liens beyond tax; any local crime or nuisance issues.,"Confirm the precise location and ZIP, then pull local sales/assessed value data and visual inspection (street-level imagery or drive-by) to assess neighborhood quality and property condition before bidding.",Medium
15500-03-32-04800,7.2,Strong Manual Review Candidate,True,Research First,False,nan,"The property at 1313 N DELAWARE AV E (LT 4 BLK 7, FRIENDLY HOMES ADDN, CITY OF TULSA) is an improved residential parcel (R HS IMP) with a relatively low bid cost of 3267.45 and high extraction confidence. Address and legal description are clear, and rule-based scoring classifies it as a Strong Manual Review Candidate. However, strict development matching shows no clear match and low development signal, so any value-add from nearby public or private investment is not supported by the provided data.",ZIP code is unknown; no verified surrounding value or crime risk data; no clear development or revitalization projects tied to this specific area; actual condition of the residential improvement is unknown; marketability and rental/sale demand cannot be assessed from available data.,"Exact ZIP code; property condition and occupancy status; structure details (square footage, age, bed/bath count); recent comparable sales or rents; neighborhood crime and school data; confirmation of any local infrastructure or redevelopment initiatives affecting FRIENDLY HOMES ADDN or N DELAWARE AV E.","Manually confirm parcel location and ZIP, pull county assessor records for structure details and photos, and review recent sales and rent levels in FRIENDLY HOMES ADDN and immediate N DELAWARE AV E area to validate whether the low bid cost aligns with realistic resale or rental potential.",Medium
05825-03-30-01260,7.2,Strong Manual Review Candidate,True,Research First,False,nan,"The parcel at 2039 N QUAKER AV E in Tulsa is a residential improvement (R IMP) property with a bid cost of 3268.33 and strong property clarity. Rule-based scoring (6.7) and signals classify it as a strong manual review candidate. Address quality is complete and data confidence is high, but there is no clear strict development match and development signal is low, so it cannot be treated as a development-driven play. The relatively low bid cost versus the presence of an improvement justifies further human review for structure condition, occupancy, and title issues.","ZIP code is unknown; no clear strict development overlap or documented surrounding value signal; development upside not clearly supported; unknown owner details; potential physical condition, code, or title issues not covered in the provided data.","Exact ZIP code; details on structure type, size, and condition; occupancy status; title status and liens beyond tax; neighborhood crime and value trends; any confirmed public or private investment activity near the parcel.","Obtain county records and, if possible, recent imagery or an exterior drive-by to confirm the existence and condition of the residential improvement, verify title and any additional liens, and identify the precise neighborhood context and ZIP to assess market value and risk.",High
37650-02-12-04530,7.7,Strong Manual Review Candidate,True,Research First,False,nan,"The parcel at 868 E 52 PL N in Tulsa is a residential improvement (R IMP) with a relatively low bid cost of 3271.21 and high extraction/data confidence. Address and property clarity are strong, and rule-based scoring categorizes it as a strong manual review candidate. However, there is no clear strict development match and the development signal is low, so any appreciation from public or private projects is not supported by the provided data.","Unknown ZIP code; no verified surrounding value or crime data; no clear development overlap or documented investment activity; owner listed as unknown; potential condition, title, or neighborhood risks not visible in the dataset.",ZIP code; property physical condition; interior/exterior photos; year built and structure details; occupancy status; title status and liens beyond tax; neighborhood crime and rent/sale comps; any local zoning or code issues.,"Manually confirm parcel location and ZIP, pull county assessor and GIS records for structure details and land use, and obtain recent sales or rental comps within the immediate area to validate whether the low bid cost aligns with local market values and risk profile.",Medium
49700-03-34-14030,7.2,Strong Manual Review Candidate,True,Research First,False,nan,"The parcel at 5107 E HASKELL PL N in Tulsa is a residential improvement (R IMP) with a relatively low bid cost of 3,272.62 and strong data clarity (complete address, clear legal description, and high extraction confidence). Rule-based scoring labels it a Strong Manual Review Candidate, mainly driven by bid price and property clarity. However, strict development matching found no clear overlapping project or corridor, and development signal is low, so there is no validated external upside. The unknown ZIP and lack of surrounding value or crime data add uncertainty, but the combination of low entry cost and improved residential status justifies manual review.","No confirmed development or revitalization activity nearby; ZIP and neighborhood context are unknown; surrounding value and crime risk are unknown; ownership listed as Unknown may indicate potential title or notification complexities; development_match_strength is No Clear Match with low quality, so future appreciation from area investment is not supported by current data.",Exact ZIP code and neighborhood context; current physical condition of the residential improvement; occupancy status; market value and recent comparable sales or rents; code enforcement or nuisance history; title status and any liens beyond tax delinquency; local crime and school quality indicators; infrastructure or zoning constraints.,"Manually verify the precise location and ZIP, then obtain recent sales and rent comps for similar residential properties in the immediate area, followed by a drive-by or photo-based condition check and a basic title review to confirm no major non-tax encumbrances.",Medium
32325-92-24-04910,7.2,Strong Manual Review Candidate,True,Research First,False,nan,"The parcel at 1114 E 33 PL S in Tulsa is a residential improved property (R HS IMP) with a relatively low bid cost of 3,277.02 and high extraction/data confidence. Address and property clarity are strong, and rule-based scoring classifies it as a strong manual review candidate. However, there is no clear strict development match, no confirmed surrounding value signal, and the ZIP code is unknown, so upside from broader investment activity cannot be substantiated from the provided data.","Unknown ZIP code; no clear strict development overlap or verified surrounding value signal; development signal is low; ownership details are unclear (Owner Name: Unknown), which may indicate title or notification complexities.",ZIP code; detailed neighborhood context; any confirmed public or private development projects nearby; current structure condition; occupancy status; liens or other encumbrances beyond tax delinquency.,"Manually confirm parcel location and ZIP, pull county assessor and recorder records for ownership and improvement details, and verify any local planning or corridor initiatives not captured in the strict development match before bidding.",High
44200-02-11-01060,7.2,Strong Manual Review Candidate,True,Research First,False,nan,"The parcel at 34 W 50 ST N in Tulsa is a residential improvement (R IMP) with a relatively low bid cost of 3,286.33 and high extraction/data confidence. Address and property clarity are strong, and rule-based scoring flags it as a strong manual review candidate. However, there is no clear strict development overlap and development signal is low, so any upside from area investment cannot be assumed. Overall, the combination of low entry cost and clear residential use justifies manual review even without documented development catalysts.","ZIP code is unknown; no verified nearby development or corridor project to support appreciation assumptions; surrounding value and crime risk are unknown; owner name is unknown, which may signal title or notification complexities.",Exact ZIP code; detailed neighborhood context; surrounding property values and market activity; crime and nuisance profile; condition of the existing residential improvement; title status and any additional liens or encumbrances beyond the tax auction amount.,"Confirm parcel location and ZIP in county GIS, then pull assessor and recorder records to verify structure details, year built, additional liens, and any code enforcement history before on-site or street-view condition assessment.",High
17675-02-24-07570,7.2,Strong Manual Review Candidate,True,Research First,False,nan,"The parcel at 750 E 32 PL N in Tulsa is a residential improvement (R IMP) in the City of Tulsa with a relatively low bid cost of 3310.33 and high extraction/data confidence. Address and property clarity are strong, and rule-based scoring categorizes it as a Strong Manual Review Candidate. However, strict development matching finds no clear nearby public or private investment activity, so any development upside is unsubstantiated. Overall, the combination of low entry cost and clear residential use justifies manual review, but not a positive development thesis.","ZIP code is unknown, limiting precise neighborhood and comp context; no clear strict development overlap or documented investment activity to support appreciation; surrounding value and crime risk are unknown; owner information is listed as Unknown, which may complicate title or notification history.",Exact ZIP code and neighborhood context; condition and occupancy status of the residential improvement; surrounding property values and market demand; crime and nuisance indicators; any liens or encumbrances beyond tax delinquency; utility access and code enforcement history.,"Confirm the exact ZIP and neighborhood, then pull parcel-level records (assessor and code enforcement) to verify structure condition, occupancy, and any additional liens or violations before refining a maximum bid threshold.",High
25500-03-29-06060,7.2,Strong Manual Review Candidate,True,Research First,False,nan,"The property is a residential improvement (R IMP) in the City of Tulsa with a clear address and legal description (W.84 of Lot 1 Block 5, Martin Addn). The bid cost of 3310.33 is low for an improved parcel, and rule-based scoring classifies it as a strong manual review candidate with high data confidence. However, there is no credible strict development match, ZIP is unknown, and surrounding value and crime risk are not provided, so upside is unverified.",ZIP code unknown; no confirmed surrounding value or crime risk data; no clear development or corridor overlap; owner information unknown; development signal explicitly low.,Exact ZIP code; detailed neighborhood context; condition of improvements; current occupancy and access status; any code violations or liens beyond tax; surrounding property values and crime data.,"Confirm parcel location and ZIP in county GIS, verify structure type and condition via assessor records or imagery, check for additional liens or code issues, and compare to recent sales or rents in Martin Addition and nearby blocks.",Medium
17675-02-24-08030,6.7,Strong Manual Review Candidate,True,Research First,False,nan,"The parcel at 3130 N HARTFORD PL E (LT 13 BLK 6, HARTFORD HILLS ADDN, City of Tulsa) is an improved residential property offered at a relatively low bid cost of 3311.00. Address and legal description are clear, and extraction confidence is high, which reduces basic data risk. Rule-based scoring classifies it as a strong manual review candidate, but there is no confirmed development overlap or surrounding value signal, and the ZIP is unknown. Overall, the combination of low entry price and clear property data justifies manual review, but without any verified development catalyst.","No clear strict development match or documented surrounding value signal; ZIP code unknown; development signal explicitly low; potential neighborhood, condition, and marketability risks cannot be evaluated from available data.",ZIP code; any details on structure condition or occupancy; neighborhood quality and crime risk; comparable values or rent levels; confirmation of utilities and access; any liens or title complications beyond tax status.,"Manually verify physical condition and occupancy at 3130 N HARTFORD PL E, confirm exact ZIP and neighborhood context, pull recent sales and rent comps in Hartford Hills Addition, and run a title and lien check to assess total encumbrances beyond the tax obligation.",Medium
44200-02-11-03380,7.2,Strong Manual Review Candidate,True,Research First,False,nan,"The parcel at 4627 N BOSTON AV E is a residential improvement (R IMP) with a relatively low bid cost of 3311.00 and high extraction/data confidence. Address and property clarity are strong, and rule-based scoring categorizes it as a strong manual review candidate. However, there is no clear strict development match and surrounding value and crime risk are unknown, so any upside must be evaluated on property-level fundamentals rather than area-wide investment trends.","Unknown ZIP code; no verified nearby public or private development activity; surrounding value and crime risk are unknown; owner name unknown; development signal is low, limiting confidence in appreciation driven by external projects.",Exact ZIP code; detailed neighborhood and market context; condition and occupancy status of the residential improvement; any liens or title complications beyond tax status; rental and resale comparables; local crime and school data; infrastructure or zoning details.,"Confirm precise location and ZIP, pull local sales and rental comps for similar residential improvements in the immediate area, and obtain on-the-ground or photographic condition assessment to determine rehab needs and realistic exit values.",Medium
25375-03-29-05240,6.7,Strong Manual Review Candidate,True,Research First,False,nan,"The parcel at 3215 E XYLER ST N in the Marion Terrace Addition is classified as residential improved (R HS IMP) with a relatively low bid cost of 3313.80 and high extraction confidence, making it a strong manual review candidate. Address and property clarity signals are strong, but there is no clear strict development match and the development signal is low, so any upside must be evaluated on property-level fundamentals rather than area-wide investment momentum.","ZIP code is unknown, limiting precise location and comp analysis; no confirmed nearby public or private development to support appreciation assumptions; development match quality is low with no clear overlap, reducing confidence in broader area upside.",Exact ZIP code; detailed property condition; current occupancy and rent status; local market rents and sales comps for Marion Terrace Addition; any code violations or liens beyond tax status; neighborhood crime and school data.,"Manually verify the exact location and ZIP, then obtain on-the-ground or photographic condition assessment and basic rent/sales comps for similar improved residential properties in Marion Terrace to confirm whether the low bid cost aligns with realistic resale or rental value.",Medium
90306-03-06-24020,6.5,Strong Manual Review Candidate,True,Research First,False,Weak match removed; previous match was based on generic location wording.,"The parcel at 1641 E 56 ST N is a residential improvement (R IMP) with a low bid cost of 3314.33 and high data confidence, making it a strong candidate for closer review. Address and property clarity are strong, and the rule-based system scores it 6.5, categorized as a Strong Manual Review Candidate. However, strict development matching shows no clear match and an invalid weak prior match, so there is no supported development-driven upside. The missing ZIP and lack of verified surrounding value or crime data mean location and risk remain uncertain and must be checked manually.",Unknown ZIP and neighborhood context; no validated development or revitalization activity nearby; surrounding value and crime risk are unknown; condition of the residential improvement is not described; legal description is metes-and-bounds and may require survey or title review to confirm exact boundaries.,"ZIP code and precise neighborhood context; property condition and occupancy status; surrounding property values and rental/exit potential; crime and nuisance factors; title status, liens, and any encumbrances beyond taxes; confirmation of exact lot boundaries from the legal description.","Manually verify the exact location and neighborhood quality for 1641 E 56 ST N, confirm structure condition and occupancy, obtain basic comps or assessor value context for the indicated 106,425 value, and run a title and lien check to ensure no unexpected encumbrances before considering a bid.",High
24275-93-06-15110,7.2,Strong Manual Review Candidate,True,Research First,False,nan,"The parcel at 1435 E ADMIRAL BV N is a commercial improvement (C IMP) with a relatively low bid cost of 3,321.66 and high extraction confidence. Rule-based scoring marks it as a strong manual review candidate, driven by complete address data and strong property clarity. However, there is no clear strict development overlap and the development match quality is low, so any broader area growth cannot be assumed. The combination of commercial use potential and low entry cost justifies manual review, but not a positive development-driven classification.","Unknown ZIP code; no verified nearby public or private investment activity; development match explicitly marked as no clear match with low quality; surrounding value and crime risk are unknown; commercial improvement status may imply rehab, code, or functional issues not visible in the data.",Exact ZIP code; building condition and occupancy; current and prior use of the commercial improvement; zoning confirmation; any code violations or liens beyond tax; surrounding property values and market demand; crime and nuisance profile for the immediate area.,"Confirm precise location and ZIP, pull local zoning and code-enforcement records for this specific parcel, and obtain recent imagery or on-the-ground photos to assess the condition and viability of the existing commercial improvement.",Medium
44250-02-12-15190,7.2,Strong Manual Review Candidate,True,Research First,False,nan,"The parcel at 549 E 54 PL N in Tulsa is a residential improvement (R IMP) lot in Valley View Acres Third Addition with a clear legal description and high extraction confidence. The bid cost of 3327.00 is flagged as a strong pricing signal, and rule-based scoring categorizes it as a strong manual review candidate. However, strict development matching found no clear overlapping project or corridor, and development signal is low, so any broader growth or redevelopment upside cannot be substantiated from the provided data.",ZIP code is unknown; no confirmed public or private development activity nearby; surrounding value and crime risk are unknown; ownership details are unclear; development upside is not supported by strict matching.,"Exact ZIP code; detailed property characteristics (structure condition, size, year built); surrounding market values and rental metrics; crime and neighborhood stability indicators; title status and any liens beyond tax issues; confirmation of utilities and access.","Manually verify parcel details with county records (structure presence, condition, and improvements), obtain the correct ZIP and neighborhood context, and pull recent comparable sales or assessed values in Valley View Acres Third Addition to determine whether the low bid cost reflects distress, location risk, or genuine discount.",High
29650-03-07-03460,7.2,Strong Manual Review Candidate,True,Research First,False,nan,"The property is an improved residential parcel (R IMP) in the City of Tulsa with a complete address and high extraction confidence. The bid cost of 3327.66 is relatively low for an improved lot, which, combined with strong property clarity and a strong bid price signal, makes it a strong manual review candidate. However, there is no confirmed nearby development activity or surrounding value signal, and the ZIP code is unknown, limiting location-specific assessment. As a result, it should be flagged for manual review rather than classified as a clearly good investment.","Unknown ZIP code and limited locational context; no verified development or surrounding value signal; development match explicitly reported as No Clear Match with Low quality; potential neighborhood, crime, and market risks cannot be evaluated from the provided data.",Exact ZIP code; detailed neighborhood context; condition of the existing improvements; current and back tax amounts beyond the bid cost; any liens or title complications; local market rents and sales comps; crime and school quality indicators.,"Confirm the precise location and ZIP, then pull neighborhood sales and rent comps and verify the condition of the existing improvements and any title or lien issues before bidding.",Medium
53825-02-02-01310,7.2,Strong Manual Review Candidate,True,Research First,False,nan,"The property at 7 E 63 ST N in Tulsa is a residential improvement (R IMP) lot in NORTHGATE SECOND ADDN with a clear legal description (LT 16 BK 4) and high extraction confidence. The bid cost of 3327.66 is low for an improved residential parcel, and the rule-based system scores it 6.7 and flags it as a Strong Manual Review Candidate. However, strict development matching finds no clear match and low-quality signals, so there is no verified external investment or redevelopment driver to elevate it to a high-priority development play. Overall, the combination of low entry cost, clear parcel data, and residential improvement status justifies manual review, but without documented development catalysts.","Unknown ZIP code; no confirmed surrounding value or crime risk data; no clear strict development overlap or documented public/private investment nearby; owner listed as Unknown, which may indicate title or notification complexities; limited context on structure condition or occupancy despite R IMP classification.","Exact ZIP code; any structure details (age, size, condition, occupancy); neighborhood and surrounding value context; title status and liens beyond tax delinquency; access, utilities, and zoning specifics within the CITY OF TULSA; any local crime or nuisance indicators.","Obtain full county assessor and GIS records for parcel 53825-02-02-01310 to confirm structure details, zoning, access, and any additional liens, then cross-check with city planning or public records for any undocumented but relevant projects near NORTHGATE SECOND ADDN before deciding bidding limits.",High
46465-92-11-31880,7.2,Strong Manual Review Candidate,True,Research First,False,nan,"The parcel at 2034 S PHOENIX AV W in Tulsa is a residential improvement (R IMP) with a low bid cost of 3,329.00 and high extraction/data confidence. The rule-based system scores it 6.7 and labels it a Strong Manual Review Candidate, driven by strong bid price and property clarity signals. However, strict development matching finds no clear overlapping project or corridor, and development signal is low, so there is no substantiated development upside. The unknown ZIP and unknown owner add uncertainty but do not negate the potential value implied by the low entry price and clear address/legal description.","No confirmed nearby development or investment activity; ZIP code unknown, limiting precise neighborhood and comp assessment; owner listed as Unknown, which may indicate title, notice, or records issues; condition, occupancy, and code enforcement status are completely unknown; surrounding value and crime risk are not provided, so neighborhood risk cannot be quantified from the available data.",Exact ZIP code; detailed neighborhood and market context; property condition (interior and exterior); occupancy and tenant status; title report and any liens or encumbrances beyond taxes; code violations or demolition orders; utilities status and any special assessments; recent comparable sales or rental data in the immediate area.,"Confirm the precise location and ZIP, then obtain a current title search and any code enforcement records for 2034 S PHOENIX AV W; follow with a drive-by or third-party exterior inspection to assess structure condition and neighborhood context before setting a maximum bid.",High
91316-13-16-06210,6.5,Strong Manual Review Candidate,True,Research First,False,Weak match removed; previous match was based on generic location wording.,"The parcel at 10428 N YALE AV E (Parcel 91316-13-16-06210) has a strong rule-based score (6.5) driven by a low bid cost of 3339.41, complete address, and strong property clarity. However, strict development matching provides no clear or reliable project overlap, and the earlier generic Tulsa match was discarded as an invalid weak match. With data confidence rated High but ZIP and city unspecified, this asset merits manual review primarily on pricing and clarity, not on development potential.","No credible development match; development upside not clearly supported; ZIP and city unknown; surrounding value and crime risk are unknown, limiting context for valuation and risk assessment.","ZIP code, city confirmation, detailed property characteristics (improvement type, condition, utilities, access), surrounding land use and values, and any verified public or private projects in the immediate area.","Manually verify the exact location and zoning of the 1.990-acre B IMP parcel at 10428 N YALE AV E, confirm improvement type and condition, and check local records or maps for nearby land use and infrastructure before assigning a final investment priority.",High
91236-12-36-01030,6.5,Strong Manual Review Candidate,True,Research First,False,Weak match removed; previous match was based on generic location wording.,"The parcel at 7403 N IROQUOIS AV E is a residential improved property with a low bid cost of 3357.23 and high extraction confidence, which drives a strong rule-based score and makes it a solid candidate for manual review. However, there is no credible strict development overlap, and the only prior development signal was explicitly downgraded as an invalid weak match based on generic Tulsa wording. ZIP and city are unknown, so neighborhood quality and surrounding values cannot be assessed from the provided data.",Unknown ZIP and city; no verified public or private development activity nearby; development match explicitly flagged as invalid weak match; surrounding value and crime risk are unknown; physical condition of improvements is unknown.,"Exact ZIP code and city; details on the existing residential improvements (age, condition, size, occupancy); neighborhood and market context (comparable values, demand); access, utilities, and zoning specifics beyond the R HS IMP label; any liens or encumbrances beyond tax status; crime and school quality data.","Confirm precise location (city and ZIP) and pull parcel-level maps and street imagery to assess neighborhood quality and structure condition; then obtain recent comparable sales or assessed values for similar residential improved parcels in the immediate area to validate the implied value versus the 3,357.23 bid cost.",High
24200-03-28-04080,7.2,Strong Manual Review Candidate,True,Research First,False,nan,"The property is a residential improved parcel (R HS IMP) at 1803 N INDIANAPOLIS AV in the City of Tulsa with a low bid cost of 3365.01 and high extraction/data confidence. Address and property clarity are strong, and the rule-based system scores it as a Strong Manual Review Candidate. However, there is no clear strict development match or documented surrounding investment signal, and ZIP is unknown, so upside is based mainly on low entry cost and basic residential use rather than confirmed area growth.",No clear development or investment activity identified nearby; ZIP code and more precise location context are missing; surrounding value and crime risk are unknown; ownership details are unclear; potential condition issues typical of tax auction residential improvements cannot be evaluated from available data.,"Exact ZIP code; detailed neighborhood context; property condition; structure details (size, age, configuration); current occupancy or lien status beyond tax auction; any recent sales or value comps; verified nearby public or private investment projects.","Manually map 1803 N INDIANAPOLIS AV to confirm neighborhood and ZIP, then pull local sales/assessor data and recent imagery to assess structure condition, rent/sale potential, and any nearby public or private projects not captured in the strict development match.",Medium
12175-92-03-02290,7.2,Strong Manual Review Candidate,True,Research First,False,nan,"The property is a residential improvement (R IMP) in the City of Tulsa with a complete address, clear legal description (LT 1 BLK 11, EASTON HGTS ADDN), and high extraction confidence. The bid cost of 3366.33 is low for an improved parcel, which aligns with the strong rule-based score (6.7) and the system’s classification as a Strong Manual Review Candidate. However, strict development matching found no clear nearby project or area, and development signal is low, so priority is driven mainly by pricing and clarity rather than proven growth catalysts.",ZIP code is unknown; no confirmed public or private development activity nearby; surrounding value and crime risk are unknown; owner name is unknown; lack of documented external demand drivers increases reliance on on-the-ground valuation and condition checks.,"Exact ZIP code; structure type, size, and condition; occupancy status; surrounding property values and market rents; crime and nuisance profile; code enforcement or lien history; access, utilities, and any easements or encroachments.","Manually verify the parcel on county GIS and street imagery to confirm the presence, type, and condition of the improvement at 3034 W CAMERON ST N, then pull recent nearby sales and rent data within the same addition (EASTON HGTS ADDN) to assess realistic resale or rental value relative to the 3366.33 bid cost.",High
07675-02-13-01590,7.2,Strong Manual Review Candidate,True,Research First,False,nan,"The parcel at 4013 N ELGIN AV E in Tulsa is a residential improvement (R IMP) with a relatively low bid cost of 3368.32 and high extraction/data confidence, making it a strong candidate for closer review. Address and legal description are clear, which supports basic underwriting. However, strict development matching found no clear nearby public or private investment activity, and surrounding value and crime risk are unknown. As a result, the property appears potentially attractive on price and clarity alone but lacks confirmed external growth or redevelopment catalysts.","No clear development overlap or verified investment activity in the immediate area; ZIP code and precise neighborhood context are unknown; surrounding value and crime risk are not available; owner information is unknown; residential improvement condition, occupancy, and code status are not provided.",Exact ZIP code and neighborhood context; current structure condition and age; occupancy and tenancy status; code enforcement or nuisance history; detailed surrounding property values and market rents; crime and safety indicators; any liens or title complications beyond tax status.,"Manually confirm the exact location and ZIP, then obtain on-the-ground or street-level imagery and public records to assess structure condition, occupancy, and code history; follow with a check of comparable sales and rents within the immediate area to determine whether the low bid cost aligns with local value and risk.",Medium
04550-03-32-02430,7.2,Strong Manual Review Candidate,True,Research First,False,nan,"The parcel at 813 N FLORENCE AV E in Tulsa is a residential improvement (R IMP) with a relatively low bid cost of 3368.99 and high data confidence, making it a strong candidate for closer review. Address and property clarity are strong, but there is no verified surrounding value or development signal, and the ZIP code is unknown. The rule-based system still scores it as a Strong Manual Review Candidate (6.7), supporting further human evaluation rather than dismissal.",Unknown ZIP code and surrounding value; no clear strict development overlap or documented public/private investment nearby; development signal explicitly low; crime and neighborhood risk are unknown; owner information is incomplete (Owner Name: Unknown).,Exact ZIP code; neighborhood and block-level market context; condition and occupancy status of the residential improvement; any liens or title complications beyond tax status; crime and school context; recent comparable sales or rents.,"Confirm the precise ZIP and neighborhood context for 813 N FLORENCE AV E, then obtain on-the-ground or street-level imagery and basic title checks to verify structure condition, occupancy, and any additional encumbrances before assigning a final investment rating.",Medium
26250-92-05-02570,7.2,Strong Manual Review Candidate,True,Research First,False,nan,"The parcel at 4914 W 1 ST S in Tulsa is a residential improved property with a low bid cost of 3382.32 and high extraction confidence, making it a strong candidate for closer review on pricing and physical condition. Address and property clarity are strong, but there is no verified development match or surrounding value signal, and the ZIP is unknown, limiting location-specific upside analysis. Overall rule-based scoring (6.7) supports manual review but not a definitive investment judgment.","Unknown ZIP code and lack of precise locational context; no clear supporting development or revitalization activity identified; surrounding value and crime risk are unknown; ownership details are unclear (owner name listed as Unknown), which may signal potential title or notification complexities.",Exact ZIP code and neighborhood context; any confirmed nearby public or private development projects; current physical condition of the improvements; occupancy status; detailed title report and liens; accurate market value and rental/ resale comparables; local crime and school quality indicators.,"Verify the exact location and ZIP for 4914 W 1 ST S, then pull a full title report and recent sales/rent comps for similar residential improved properties in the immediate area to confirm whether the low bid cost reflects distress, condition issues, or a genuine discount.",Medium
44225-02-12-10920,7.2,Strong Manual Review Candidate,True,Research First,False,nan,"The property at 5308 N FRANKFORT PL E is an improved residential parcel (R IMP) in the City of Tulsa with a low bid cost of 3386.99 and high extraction/data confidence. Rule-based scoring already flags it as a strong manual review candidate. However, strict development matching shows no clear overlap with any identified project or corridor, so no development-driven upside can be assumed. The combination of low entry cost, clear address, and defined legal description (LT 3 BLK 41, VALLEY VIEW ACRES SECOND ADDN) justifies manual review, but not a positive development classification.",No confirmed ZIP code; no clear supporting development activity or corridor match; surrounding value and crime risk are unknown; ownership details are unclear (owner name unknown).,Exact ZIP code; current physical condition of improvements; occupancy status; market value and recent comparable sales in Valley View Acres Second Addn; title issues or liens beyond tax delinquency; neighborhood crime and rental/owner-occupancy profile.,"Verify parcel details with county records (including ZIP and owner of record), obtain recent photos or a drive-by assessment of the structure, and pull comparable sales/rent data for similar improved residential lots in Valley View Acres Second Addn to confirm whether the low bid cost reflects distress, location risk, or simply tax delinquency.",High
29625-02-36-21010,7.2,Strong Manual Review Candidate,True,Research First,False,nan,"The parcel at 419 E NEWTON PL N in Tulsa is a residential improvement (R IMP) with a bid cost of 3,388.99 and a strong rule-based score (6.7), indicating a potentially favorable price point relative to the referenced 11,625 figure and clear property description. Address and parcel data quality are high, and the legal description suggests a standard platted lot configuration. However, there is no credible strict development match, ZIP is unknown, and surrounding value and crime risk are not provided. These gaps prevent classification as a strong investment but justify manual review as a potentially attractive low-entry residential asset.",Unknown ZIP and neighborhood context; no verified nearby public or private development activity; unknown surrounding property values and crime risk; owner listed as Unknown may signal title or notification complexities; development match quality is low with no clear corridor or project overlap.,Exact ZIP code and neighborhood context; current physical condition of the improvements; occupancy status; detailed title history and any liens beyond tax delinquency; recent comparable sales or assessed values in the immediate area; local crime and code-enforcement history.,"Confirm parcel location and ZIP on county GIS, then pull full assessor and recorder records to verify structure details, ownership chain, and any additional liens, followed by a drive-by or street-level imagery review to assess building condition and neighborhood context.",Medium
10450-03-19-50550,7.2,Strong Manual Review Candidate,True,Research First,False,nan,"The property is a residential improved parcel (R HS IMP) in the City of Tulsa with a clear address, legal description (LT 6 BLK 1, CUL-DE-SAC LANE ADDN), and high extraction confidence. The bid cost of 3389.11 is low for an improved residential lot, and rule-based scoring flags it as a strong manual review candidate. However, strict development matching finds no clear nearby project or corridor overlap and the development signal is low, so any appreciation from public or private investment cannot be substantiated from the provided data.","ZIP code is unknown; owner name is unknown; no clear strict development overlap or documented surrounding value signal; crime risk and neighborhood quality are unknown; potential title, condition, and occupancy issues typical of tax auction properties are not addressed in the data.","ZIP code; detailed neighborhood context; property condition and occupancy status; structure details (size, age, configuration); clear owner information; any liens beyond tax delinquency; crime and school context; confirmation of utilities and access.","Manually confirm parcel location and ZIP, pull county assessor and GIS records for structure details and photos, check for additional liens or encumbrances, and perform a quick neighborhood and street-level review to assess condition, marketability, and rent/resale potential.",Medium
28025-93-11-08980,7.2,Strong Manual Review Candidate,True,Research First,False,nan,"The property at 1942 S 74 AV E, Tulsa, is a residential improved parcel (R HS IMP) with a relatively low bid cost of 3392.99 and high extraction/data confidence. Address and property clarity are strong, and rule-based scoring categorizes it as a Strong Manual Review Candidate. However, there is no clear strict development overlap and development match quality is low, so no development-driven upside can be assumed.","Unknown ZIP code; no verified surrounding development or investment activity; development signal is low; potential neighborhood, condition, and marketability risks are not documented.","ZIP code; detailed neighborhood context; property condition; structure details (size, age, configuration); occupancy status; liens or other encumbrances; local crime and surrounding value data.","Manually confirm exact location and ZIP, pull county records for structure details and any liens, and review recent sales and rental data within the immediate area to validate whether the low bid cost aligns with local market values.",Medium
37650-02-12-04250,7.2,Strong Manual Review Candidate,True,Research First,False,nan,"The parcel at 834 E 53 ST N in Tulsa is a residential improvement (R IMP) lot in SHARON HGTS ADDN with a relatively low bid cost of 3,394.99 and high extraction/data confidence. Address and property details are clear, and rule-based scoring marks it as a strong manual review candidate. However, there is no credible strict development match and the ZIP is unknown, so any development-driven appreciation cannot be assumed.",Unknown ZIP and broader location context; no verified nearby development or corridor investment; development signal explicitly low; surrounding value and crime risk are unknown; ownership details are unclear (owner name unknown).,Exact ZIP code; more precise neighborhood and market context; condition and occupancy status of the residential improvement; surrounding property values and rental/exit potential; crime and nuisance profile; any liens or title complications beyond tax status.,"Confirm the exact location and ZIP, then pull local sales and rent comps for SHARON HGTS ADDN and inspect the physical condition and occupancy status of the improvement to determine realistic exit value relative to the 3,394.99 bid cost.",High
40825-02-13-08480,7.2,Strong Manual Review Candidate,True,Research First,False,nan,"The parcel at 4346 N HARTFORD AV E in Tulsa is a residential improvement (R IMP) lot in SUBURBAN ACRES SECOND with a relatively low bid cost of 3394.99 and high extraction/data confidence. Address and property clarity are strong, and rule-based scoring categorizes it as a strong manual review candidate. However, strict development matching finds no clear or reliable nearby project, so any development upside is unsubstantiated by the provided data.",ZIP code is unknown; no verified public or private development activity nearby; development match quality is low with no clear overlap; surrounding value and crime risk are unknown; owner information is incomplete (Owner Name: Unknown).,"Exact ZIP code; current physical condition of the improvement; occupancy status; surrounding property values and market demand; crime and neighborhood stability indicators; title issues, liens, or other encumbrances; detailed owner records.","Manually verify parcel details with county records (including ZIP and ownership), inspect or obtain recent imagery of the structure, and pull neighborhood sales/rent comps and crime data to determine whether the low bid cost compensates for the lack of documented development tailwinds.",High
18650-93-06-12970,6.7,Strong Manual Review Candidate,True,Research First,False,nan,"The property is a residential improved parcel (R HS IMP) in the City of Tulsa with a complete address and high extraction confidence. The bid cost of 3418.25 is flagged as a strong price signal in the rule-based system, and the overall rule-based score of 6.7 categorizes it as a strong manual review candidate. However, strict development matching found no clear overlap with any identified public or private projects, and the development signal is explicitly low, so any appreciation from area investment cannot be assumed from the data provided.",ZIP code is unknown; no confirmed surrounding value or crime risk data; no clear strict development overlap or documented investment activity; upside case relies mainly on low entry price rather than verified external catalysts.,Exact ZIP code; current physical condition of improvements; occupancy status; title issues or liens beyond tax status; detailed neighborhood crime and value trends; any unlisted public or private projects near 348 S ZUNIS AV E.,"Verify the property’s physical condition and occupancy on the ground or via recent imagery, confirm the correct ZIP and neighborhood context, and run a title and lien check to ensure no non-tax encumbrances that would materially change the risk-return profile at the 3418.25 bid level.",Medium
28475-03-33-14410,6.7,Strong Manual Review Candidate,True,Research First,False,nan,"The parcel at 1211 N VANDALIA AV E in Tulsa is a residential improvement (R IMP) with a relatively low bid cost of 3437.28 and high extraction/data confidence. Address quality and property clarity are strong, supporting basic underwriting and suggesting a tangible structure rather than vacant land. However, strict development matching finds no clear overlap with known projects, and the development signal is explicitly low, so any appreciation would likely depend on intrinsic property value and local market conditions rather than documented nearby investment. The unknown ZIP adds some locational uncertainty but does not negate the strong rule-based score for manual review.","No confirmed nearby development or corridor investment; ZIP code unknown, limiting precise neighborhood and comp analysis; development match quality is low with no clear match, reducing confidence in any external upside; potential condition, title, or occupancy issues are not addressed in the available data.","ZIP code and precise neighborhood context; property condition, age, and interior/exterior status; occupancy and tenancy details; any code violations or liens beyond the tax issue; recent sales or assessed value trends for this parcel and immediate surroundings.","Verify exact location and ZIP, then obtain current exterior and, if possible, interior condition reports, check for additional liens or code violations, and pull nearby sales and rent data to determine whether the low bid cost justifies acquisition absent any documented development tailwinds.",High
29675-03-07-09230,7.2,Strong Manual Review Candidate,True,Research First,False,nan,"The parcel at 1901 E 50 PL N in Tulsa is a residential improvement (R IMP) in the City of Tulsa with a relatively low bid cost of 3437.65 and a clear legal description (LT 25 BLK 22, NORTHRIDGE SECOND ADDN AMD). Rule-based scoring flags it as a strong manual review candidate, supported by complete address data and strong property clarity. However, strict development matching shows no clear overlap with known projects, so there is no validated development-driven appreciation signal. The combination of low entry cost and existing improvement justifies manual review, but not a positive investment classification at this stage.",Unknown ZIP code; no confirmed nearby public or private development activity; surrounding value and crime risk are unknown; ownership listed as Unknown may indicate potential title or notification complexities; development match quality is low and should not be treated as upside.,"Exact ZIP code; details on structure type, condition, and occupancy; surrounding property values and market rents; local crime and nuisance profile; any code violations or liens beyond tax delinquency; zoning specifics and any neighborhood plans or overlays.","Manually verify parcel details with county records (structure characteristics, year built, square footage, and any liens), confirm ZIP and neighborhood context, and review recent sales and rent levels in NORTHRIDGE SECOND ADDN and adjacent blocks to assess realistic exit value relative to the 3437.65 bid cost.",Medium
90330-03-30-22140,6.7,Strong Manual Review Candidate,True,Research First,False,nan,"The parcel at 2049 E ZION ST N in Tulsa is a residential improvement (R IMP) with a relatively low bid cost of 3,437.65 and high extraction confidence, making it a strong manual review candidate per rule-based scoring. Address quality and property clarity are strong, but there is no clear strict development match and the development signal is low, so any upside must be evaluated on basic property fundamentals rather than area-wide investment trends.",Unknown ZIP code; no verified nearby development or corridor investment; development match quality is low with no clear overlap; surrounding value and crime risk are both unknown; owner information is limited.,"Exact ZIP code, neighborhood context, surrounding property values, condition of existing improvements, occupancy status, access and utilities details, and any local crime or nuisance indicators are not provided.","Manually confirm the precise location and ZIP, inspect or obtain recent imagery to assess structure condition and occupancy, and pull local sales/rent comps and code enforcement records to determine whether the low bid cost compensates for area and property risks.",Medium
90201-02-01-25920,7.2,Strong Manual Review Candidate,True,Research First,False,nan,"The parcel at 502 E 61 ST N in Tulsa is a residential improvement (R IMP) property with a low bid cost of 3,446.32 against an indicated value figure of 307,100, suggesting potential value if the valuation is reliable. Address and parcel data are clear, and extraction confidence is high, which supports basic underwriting. However, strict development matching shows no clear match and low quality, so there is no verified external development catalyst. The rule-based system still scores it as a Strong Manual Review Candidate (6.7), mainly due to bid price and data quality, making it suitable for deeper manual analysis but not for automatic elevation based on development trends.","ZIP code is unknown, limiting precise location and comp analysis; no confirmed nearby public or private development activity to support appreciation assumptions; surrounding value and crime risk are both unknown; owner listed as Unknown may signal potential title or notification complexities; legal description indicates a 7.050-acre configuration with carve-outs (LESS N170 E140), which may create boundary or access complexity that needs survey and title review.","Exact ZIP code and more granular location context; confirmation of the 307,100 value figure and what it represents; details on existing improvements and condition for this R IMP classification; surrounding property values and market demand; crime and neighborhood risk indicators; title status, liens, and any encumbrances related to the legal description carve-out.","Obtain full county records for this parcel, including GIS map, aerials, and improvement details, then verify the indicated 307,100 figure against assessor data and confirm access, boundaries, and any easements or carve-outs implied by the legal description before considering a bid strategy.",Medium
44200-02-11-03600,6.7,Strong Manual Review Candidate,True,Research First,False,nan,"The property at 4672 N BOSTON AV E (Parcel 44200-02-11-03600) is a residential improvement parcel with a clear legal description (LT 7 BLK 16, CITY OF TULSA, VALLEY VIEW ACRES) and high extraction confidence. The bid cost of 3450.32 is flagged as a strong pricing signal in the rule-based model, and overall rule-based scoring (6.7) categorizes it as a strong manual review candidate. However, there is no clear strict development match and surrounding value or crime risk are unknown, so upside from broader investment activity cannot be confirmed.","ZIP code is unknown; no clear strict development overlap or documented investment activity; surrounding value and crime risk are unknown; owner name is unknown, which may complicate title or notification history review.",Exact ZIP code; any verified nearby public or private development activity; current condition of the residential improvement; occupancy status; detailed neighborhood value metrics and crime data; title status and liens beyond tax delinquency.,"Manually confirm the precise location and ZIP, obtain recent imagery or on-the-ground condition check for the residential improvement, and pull title and lien reports to assess encumbrances and potential rehab or demolition costs.",Medium
08450-03-29-03260,7.2,Strong Manual Review Candidate,True,Research First,False,nan,"The property at 2901 E WOODROW ST N in Tulsa is a residential improvement (R IMP) with a bid cost of 3456.98 and high extraction/data confidence. Rule-based scoring flags it as a strong manual review candidate, supported by complete address data and strong property clarity. However, there is no clear strict development overlap and development match quality is low, so no development-driven upside can be assumed. Overall characteristics justify manual review but not a good-investment classification at this stage.","ZIP code is unknown; no verified nearby public or private development activity; development match quality is low with no clear match; surrounding value and crime risk are unknown; owner name is unknown, which may complicate title or notification steps.","Exact ZIP code; detailed property characteristics (structure condition, year built, size, occupancy); neighborhood and surrounding value context; crime and school environment; any liens or encumbrances beyond tax status; zoning specifics and code enforcement history.","Manually confirm parcel location and ZIP, pull county assessor and GIS records for structure details and land size, and check for additional liens or code issues before considering a bid strategy.",Medium
19725-03-30-11590,6.7,Strong Manual Review Candidate,True,Research First,False,nan,"The parcel at 1729 E YOUNG PL N in Tulsa is a residential improvement (R IMP) with a relatively low bid cost of 3471.65 and high extraction/data confidence. Address and property clarity are strong, and rule-based scoring flags it as a strong manual review candidate. However, there is no clear strict development overlap and no verified surrounding value or crime data, so any upside from area investment cannot be substantiated from the provided information.",Unknown ZIP code; no confirmed development or investment activity nearby; surrounding value and crime risk are unknown; owner details unclear; development match explicitly rated as no clear match with low quality.,Exact ZIP code; detailed neighborhood context; condition of the residential improvement; surrounding property values and market activity; crime and school data; any liens or additional encumbrances beyond the tax issue.,"Manually verify the precise location and ZIP, then obtain on-the-ground or third-party condition information for the structure and confirm local sales/rent comps and any municipal plans or zoning constraints for this block.",Medium
38575-03-28-12560,7.7,Strong Manual Review Candidate,True,Research First,False,nan,"The parcel at 2443 N VANDALIA AV E in Tulsa is a residential improvement (R IMP) with a relatively low bid cost of 3,480.31 and high extraction/data confidence. Address quality and property clarity are strong, and the rule-based system scores it as a Strong Manual Review Candidate (6.7). However, strict development matching finds no clear project or area overlap, so development-driven appreciation cannot be assumed. Overall, the combination of low entry cost and clear improved-residential status justifies manual review even without confirmed development catalysts.",ZIP code is unknown; no verified public or private development activity nearby; development signal is low; surrounding value and crime risk are unknown; owner information is limited; potential neighborhood or property condition issues cannot be assessed from current data.,"Exact ZIP code; detailed neighborhood context; property condition and occupancy status; structure details (size, age, configuration); surrounding property values and market rents; crime and code-enforcement history; title status beyond tax auction; any liens or special assessments.","Confirm full address and ZIP, pull county assessor and GIS records for structure details and photos, verify title and any additional liens, and review neighborhood comparables and code-enforcement history to determine realistic resale or rental potential relative to the 3,480.31 bid cost.",Medium
07675-02-13-01610,7.2,Strong Manual Review Candidate,True,Research First,False,nan,"The property is a residential improvement (R IMP) at 421 E 40 ST N in Tulsa with a bid cost of 3505.64, clear legal description (LT 14 BLK 6, CHANDLER FRATES FOURTH ADDN), complete address, and high extraction confidence. Rule-based scoring marks it as a Strong Manual Review Candidate, mainly due to low entry price and strong property clarity. However, strict development matching shows no clear match and low quality, so no development-driven value uplift can be assumed.","ZIP code is unknown; no verified nearby public or private development activity; surrounding value and crime risk are unknown; owner information is unknown; potential neighborhood, condition, and title issues cannot be assessed from current data.",Exact ZIP code; neighborhood and market context; structure details and condition; occupancy status; title status and liens beyond tax; surrounding property values and crime risk; any local infrastructure or private development plans.,"Manually confirm parcel location and ZIP, pull county assessor and GIS records for structure details and valuation, check title and liens, and review neighborhood conditions and sales comps before bidding.",Medium
23000-03-27-08140,5.2,Strong Manual Review Candidate,True,Research First,False,nan,AI review failed validation; fallback rule-based review used.,ZIP unknown; development upside not clearly supported; no clear strict development overlap; address not fully verified,reasoning_summary not grounded enough,"Drive-by, title review, and strict location verification",Medium
44200-02-11-02340,7.2,Strong Manual Review Candidate,True,Research First,False,nan,"The property at 110 W 49 PL N in Tulsa is an improved residential parcel (R IMP) in Valley View Acres with a clear legal description (LT 2 BLK 11) and high extraction confidence. The bid cost of 3520.98 is flagged as a strong positive signal in the rule-based analysis, and the overall rule-based score of 6.7 categorizes it as a strong manual review candidate. However, there is no verified development activity overlap and the ZIP code is unknown, limiting clarity on broader market and neighborhood context. These factors support elevating it for human review but not treating it as a confirmed strong investment.",Unknown ZIP code and neighborhood context; no clear supporting development or investment activity nearby; surrounding value and crime risk are both unknown; ownership listed as Unknown may signal potential title or notification complexities; lack of detailed property condition information despite being classified as improved residential.,"Exact ZIP code; detailed neighborhood and market context; property condition and occupancy status; structure details (size, age, configuration); confirmation of clear title and any liens beyond tax delinquency; utilities and access specifics; any local code enforcement or nuisance issues.","Confirm the precise location and ZIP, then pull county records for title status, structure details, and any liens or code violations; follow with a drive-by or on-the-ground inspection to assess physical condition and surrounding block quality before bidding.",Medium
27550-93-08-18710,6.7,Strong Manual Review Candidate,True,Research First,False,nan,"The parcel at 1239 S ATLANTA PL E in Tulsa is a residential improved property with a bid cost of 3527.85 and high extraction confidence, giving a clear, specific target for further review. Rule-based scoring flags it as a strong manual review candidate due to solid address and property clarity signals and a strong bid price signal. However, there is no confirmed nearby public or private development activity tied to this exact area, and the ZIP code is unknown, limiting assessment of surrounding value and growth potential.","Unknown ZIP code and surrounding value context; no clear strict development overlap or verified investment activity nearby; development signal is low; crime risk and neighborhood quality are unknown; owner information is not specified beyond 'Unknown', which may complicate title or redemption research.",Exact ZIP code; neighborhood and surrounding property value context; any recent sales or assessed value data; confirmation of structure condition for this residential improved property; crime and code enforcement history; title status and any additional liens beyond the tax obligation.,"Confirm the precise ZIP and map the parcel to evaluate neighborhood quality and comparable values, then obtain current county records for structure details, assessed value, and any additional liens or code issues before considering a bid.",Medium
07600-02-24-00740,6.7,Strong Manual Review Candidate,True,Research First,False,nan,"The property at 3353 N LANSING PL E in Tulsa is a residential improvement (R IMP) with a relatively low bid cost of 3530.98 and high extraction/data confidence. Address and parcel details are clear, and rule-based scoring flags it as a strong manual review candidate. However, strict development matching shows no clear overlap with any identified project or corridor, and development signal is Low, so any value-add or appreciation thesis cannot be supported from the provided data alone.","No ZIP code or surrounding value data; no confirmed development or investment activity nearby; development match quality is Low with No Clear Match; crime risk and neighborhood conditions are unknown; ownership details are unclear (Owner Name: Unknown), which may signal title or notification complexities.","ZIP code, neighborhood context, surrounding property values, condition of the existing improvement, occupancy status, title status and liens beyond tax, crime and code-enforcement history, and any independent confirmation of public or private investment activity near the Chandler Frates Second Addition.","Manually verify parcel location and neighborhood quality (including street-level conditions), confirm structure type and condition for the R IMP classification, pull full title and lien history, and check local planning, zoning, and capital improvement documents for any projects affecting the Chandler Frates Second Addition or the immediate area.",Medium
30125-03-28-10360,7.2,Strong Manual Review Candidate,True,Research First,False,nan,"The parcel at 4117 E XYLER ST N in Tulsa is a residential improvement (R IMP) with a bid cost of 3536.03 against a noted 7,000 figure, suggesting a relatively low entry price for an improved residential asset. Address and property clarity are strong, and rule-based scoring (6.7) classifies it as a strong manual review candidate. However, strict development matching finds no clear nearby public or private investment activity, and ZIP is unknown, limiting location-specific valuation and risk assessment. Overall, the combination of low bid cost and clear residential improvement status justifies manual review, but without any verified development signal.",Unknown ZIP and limited locational context; no clear supporting development or investment activity; development signal explicitly low; surrounding value and crime risk are unknown; owner name listed as Unknown may indicate title or notification complexities.,Exact ZIP code and neighborhood context; current physical condition of the residential improvement; occupancy status; title status and any liens beyond tax delinquency; recent comparable sales or assessed values; local crime and rental/owner-occupancy patterns.,"Confirm precise location and ZIP, then pull county records for title status, structure details, and any additional liens, followed by a drive-by or third-party inspection to verify the condition and existence of the residential improvement.",Medium
44200-02-11-02050,7.2,Strong Manual Review Candidate,True,Research First,False,nan,"The property at 106 W 50 ST N in Tulsa is an R IMP (residential improved) parcel with a relatively low bid cost of 3,538.05 and strong address/property clarity. Rule-based scoring classifies it as a Strong Manual Review Candidate with high data confidence. However, strict development matching finds no clear nearby public or private investment activity, so any development upside is unsubstantiated. Overall, the combination of low entry cost and improved residential status justifies manual review even without documented development catalysts.","ZIP code is unknown, limiting precise location and comp analysis; no clear strict development overlap or verified investment activity in the immediate area; surrounding value and crime risk are both unknown; owner name is unknown, which may signal title or notification complexities.","Exact ZIP code; detailed location context (neighborhood, block conditions, nearby land uses); structure details and condition for the residential improvement; surrounding property values and market demand; crime and nuisance indicators; title status and any additional liens or encumbrances beyond the tax lien.","Confirm exact location and ZIP, then pull county records for structure details, photos (if available), and any additional liens; follow with a quick market and block-level check to assess surrounding values and occupancy before deciding on bid strategy.",High
13200-02-26-00860,6.7,Strong Manual Review Candidate,True,Research First,False,nan,"The parcel at 1516 N MAIN ST W in Tulsa is a residential improved property (R HS IMP) with a bid cost of 3541.13, clear address, and simple legal description (LT 9 BLK 2, ENGLEWOOD ADDN), which supports basic clarity and a favorable rule-based score. However, strict development matching shows no clear match and low quality, so there is no documented nearby public or private investment to justify a higher priority beyond price-based interest. The rule-based system already flags it as a strong manual review candidate, mainly due to bid price and data clarity rather than proven development upside.",Unknown ZIP and surrounding value; no confirmed development or corridor investment nearby; crime risk and neighborhood stability are unknown; upside case relies on local market conditions that are not documented in the provided data.,Exact ZIP code; neighborhood and corridor context; recent sales or assessed value data; condition of improvements; local crime and rental/owner-occupancy patterns; any city or private projects not captured in the strict development matching.,"Obtain parcel-level valuation and neighborhood comps for ENGLEWOOD ADDN around N MAIN ST, confirm current structure condition and occupancy status, and check local planning or capital projects for this specific area before bidding.",Medium
01800-03-35-01450,7.2,Strong Manual Review Candidate,True,Research First,False,nan,"The property is a residential improved lot (R HS IMP) in the City of Tulsa with a complete address, clear legal description (LT 5 BLK 5, ANNAHLEE HGTS), and a relatively low bid cost of 3546.22, which supports potential value relative to entry price. Rule-based scoring labels it a Strong Manual Review Candidate with high data confidence and strong property clarity. However, there is no credible strict development match, surrounding value is unknown, and the ZIP is missing, limiting location-specific valuation and growth assessment. These factors justify manual review rather than an immediate quality classification.",ZIP code unknown; no confirmed development or investment activity in the immediate area; surrounding value signal unknown; owner name listed as Unknown may complicate title research; lack of crime and neighborhood quality data.,Exact ZIP code and more precise neighborhood context; surrounding property values and market comps; confirmation of structure type and condition for the R HS IMP classification; title status and any additional liens beyond the tax obligation; crime and livability indicators for ANNAHLEE HGTS and nearby blocks.,"Manually verify the exact location and ZIP for 7569 E OKLAHOMA PL N within ANNAHLEE HGTS, then pull recent sales and assessed values for nearby residential improved parcels on the same block and subdivision to compare against the 3546.22 bid level, followed by a title and lien check.",High
61475-91-11-02110,7.2,Strong Manual Review Candidate,True,Research First,False,nan,"The parcel at 526 N WASHINGTON AV E in Sand Springs is a residential improved property with a bid cost of 3548.97 and high extraction confidence. Rule-based scoring classifies it as a strong manual review candidate, driven by complete address data and strong property clarity. However, strict development matching finds no clear overlap with known projects, so development-driven upside is not supported by the data provided.",Unknown ZIP code; no confirmed surrounding value or crime risk data; no clear development or revitalization projects identified nearby; owner name unknown; development signal explicitly low.,"ZIP code; detailed property characteristics (structure size, condition, year built, occupancy); surrounding sales or value data; neighborhood crime and school context; any liens or title complications beyond tax status.","Manually verify parcel details with county records (full legal description, ZIP, structure details, and title status), then assess neighborhood comparables and physical condition via on-site or street-level imagery before bidding.",High
29650-03-07-06110,7.2,Strong Manual Review Candidate,True,Research First,False,nan,"The parcel at 1354 E 51 ST N in Tulsa is a residential improved property (R HS IMP) in the CITY OF TULSA | NORTHRIDGE ADDN with a relatively low bid cost of 3567.99 and high extraction/data confidence. Rule-based scoring classifies it as a Strong Manual Review Candidate. However, strict development matching finds no clear project or corridor overlap and provides only a low-quality development signal, so it cannot be treated as a development play. The combination of low entry cost, clear address and legal description, and improved residential status justifies manual review, but without confirmed development catalysts.","ZIP code is unknown; no clear strict development overlap or documented investment activity; surrounding value and crime risk are unknown; development signal is low, limiting evidence for appreciation beyond typical residential dynamics.",Exact ZIP code; details on existing improvements and condition; surrounding property values and market context; crime and neighborhood risk indicators; any unlisted public or private projects near NORTHRIDGE ADDN or along E 51 ST N.,"Manually verify the parcel’s exact location and ZIP, then confirm the nature and condition of the residential improvements and check local sales/assessed values and neighborhood risk indicators to determine whether the low bid cost compensates for the lack of documented development upside.",High
40850-02-12-06950,7.2,Strong Manual Review Candidate,True,Research First,False,nan,"The property is a residential improved parcel (R IMP) at 524 E 49 PL N in Tulsa with a bid cost of 3578.85 and a clear legal description (LT 9 BLK 4, SUBURBAN ACRES THIRD ADDN). Rule-based scoring is strong (6.7) with high data confidence, strong property clarity, and complete address, indicating it is a solid candidate for further review. However, strict development matching finds no clear project or area overlap and low development signal, so any appreciation from nearby investment cannot be relied upon at this stage.","ZIP code is unknown; no confirmed public or private development activity nearby; development match quality is low with no clear overlap; owner name is unknown, which may complicate title or notification steps.","Exact ZIP code; detailed property characteristics (structure condition, year built, size, occupancy); surrounding market values and rent levels; title status and any additional liens; neighborhood crime and demand indicators.","Manually verify parcel details with county records (including ZIP, structure details, and any additional liens), then pull recent comparable sales and rent data for Suburban Acres Third Addition and inspect aerial/street imagery to assess property condition and neighborhood context.",High
53675-92-32-01900,6.5,Strong Manual Review Candidate,True,Research First,False,Weak match removed; previous match was based on generic location wording.,"The parcel at 5805 S 64 AV W (LOTS 12–16, BLK 5, NEW TANEHA, Tulsa County) has high data confidence, a complete address, and a relatively low bid cost of 3,580.08 against a noted value of 16,250, which drives a strong rule-based score and makes it a candidate for manual review. However, strict development matching shows no clear match and the earlier generic Tulsa overlap was discarded as an invalid weak match, so there is no substantiated development or public/private investment signal to elevate its priority beyond the rule-based score.","ZIP code is unknown; no validated development or investment activity nearby; development match was explicitly flagged as an invalid weak match; surrounding value and crime risk are unknown, limiting context for neighborhood quality and long-term upside.","ZIP code; detailed neighborhood and surrounding value data; crime and safety context; current use and condition of the R IMP improvement; confirmation of market value beyond the indicated 16,250 figure; ownership clarity beyond the generic 'Unknown' owner name.","Manually verify parcel location and neighborhood context using county GIS and local records, confirm current structures and condition on the R IMP property, and obtain recent comparable sales or assessed values in the immediate area to validate the value-to-bid spread before considering a bid.",High
38605-92-05-04540,7.2,Strong Manual Review Candidate,True,Research First,False,nan,"The property at 5145 W 6 ST S in Tulsa is an improved residential parcel (R IMP) with a bid cost of 3582.97 and high extraction confidence. Rule-based scoring flags it as a Strong Manual Review Candidate, driven by a strong bid price signal, complete address, and strong property clarity. However, the ZIP and surrounding value context are unknown, and strict development matching shows no clear overlap with any identified project or corridor, so there is no validated development-driven upside. These factors support elevating it for human review but not for automatic classification as a good investment.",ZIP code and neighborhood value context are unknown; no clear strict development overlap or verified investment activity nearby; surrounding value signal is unknown; crime risk estimate is unknown; owner listed as Unknown may indicate potential title or notification complexities.,Exact ZIP code and neighborhood context; current market value or assessed value beyond the bid amount; condition of the residential improvements; occupancy status; title status and any additional liens; local crime and nuisance indicators; detailed surrounding property values and comparables.,"Confirm the precise location and ZIP, pull county assessor and recorder records for valuation and lien/title checks, and obtain at least a basic exterior condition and neighborhood drive-by or imagery review before bidding decisions.",High
24200-03-28-06670,7.2,Strong Manual Review Candidate,True,Research First,False,nan,"The parcel at 1588 N OSWEGO AV E (LOT 3 BLK 27, LOUISVILLE HGTS ADDN, City of Tulsa) is a residential improvement property with a bid cost of 3607.63 and strong property clarity. Rule-based scoring (6.7) and high data confidence classify it as a strong manual review candidate. However, strict development matching finds no clear overlap with known projects, so development-driven upside cannot be assumed.",ZIP code is unknown; no verified surrounding value or crime risk data; no clear strict development overlap or documented investment activity; owner name listed as unknown may indicate potential title or notification complexities.,Exact ZIP code; details on existing structure condition and occupancy; title status and liens beyond tax delinquency; neighborhood-level value trends and crime data; any unofficial or smaller-scale nearby development not captured in the strict matching.,"Confirm parcel location and ZIP, pull county assessor and recorder records for structure details and title status, and review recent sales and rental data within the immediate Louisville Heights addition and surrounding blocks to validate value relative to the 3607.63 bid cost.",High
28975-03-28-09640,7.2,Strong Manual Review Candidate,True,Research First,False,nan,"The property is a residential improved lot (R IMP) in the City of Tulsa, with a complete address and high extraction confidence. The bid cost of 3624.30 is relatively low for an improved residential parcel, and rule-based scoring flags it as a strong manual review candidate. However, there is no clear strict development overlap and the development match quality is low, so no additional value is assigned for area investment activity. Overall, the combination of low entry cost, clear parcel data, and improved status justifies manual review even without documented development catalysts.","ZIP code is unknown, limiting precise neighborhood and value context; no verified surrounding development or investment activity; development match is explicitly classified as No Clear Match with low quality; surrounding value and crime risk are unknown, increasing uncertainty about long-term hold or resale potential.","Exact ZIP code and neighborhood context; current property condition and occupancy; market value or recent comparable sales/rents; any code violations, liens beyond taxes, or title complications; local crime and school data; utility status and any structural issues.","Confirm the exact ZIP and neighborhood, then pull recent sales and rent comps for similar improved residential properties nearby; obtain a current condition report (drive-by or photos) and check for code violations, additional liens, or title issues to validate that the low bid cost reflects distress rather than structural or legal problems.",Medium
07675-02-13-01570,7.2,Strong Manual Review Candidate,True,Research First,False,nan,"The parcel at 4021 N ELGIN AV E in Tulsa is a residential improvement (R IMP) with a relatively low bid cost of 3,624.97 and high extraction/data confidence. Address and legal description are clear (LT 11 BLK 6, CHANDLER FRATES FOURTH ADDN, CITY OF TULSA), supporting basic clarity and making it operationally easy to research further. Rule-based scoring already flags it as a strong manual review candidate. However, strict development matching finds no clear overlap with known projects, and development signal is low, so any value-add or appreciation potential from nearby investment is unsubstantiated at this stage.","Unknown ZIP code and surrounding value context; no confirmed development or corridor investment nearby; crime and neighborhood risk are unknown; owner name is listed as Unknown, which may signal title or record-keeping complexity; lack of explicit information on structure condition, occupancy, or code issues despite being classified as an improvement.","ZIP code and precise neighborhood context; any verified nearby public/private investment or corridor plans; property condition, occupancy status, and code enforcement history; title status and any additional liens beyond the tax obligation; current market value and comparable sales or rents for this specific area of Tulsa.","Manually pull county records and mapping for 4021 N ELGIN AV E (LT 11 BLK 6, CHANDLER FRATES FOURTH ADDN) to confirm ZIP, neighborhood, structure details, and any additional liens, then check local planning or economic development sources for any projects affecting this addition or immediate corridor before assigning a final investment rating.",Medium
22025-03-35-07520,7.2,Strong Manual Review Candidate,True,Research First,False,nan,"The parcel at 1226 N 67 AV E in Tulsa is a residential improvement (R IMP) with a relatively low bid cost of 3629.63 and high extraction/data confidence. Address and property clarity are strong, and rule-based scoring categorizes it as a strong manual review candidate. However, there is no clear strict development overlap or verified surrounding investment activity, and the ZIP is unknown, limiting location-specific assessment. Overall, it merits manual review as a potentially inexpensive residential asset but without confirmed development-driven upside.","Unknown ZIP and incomplete locational context; no clear strict development or investment activity match; surrounding value and crime risk are unknown; ownership details are unclear (owner name unknown), which may signal title or notification complexities.",Exact ZIP code; detailed neighborhood context; condition and occupancy status of the residential improvement; confirmation of utilities and access; title status and any additional liens beyond the tax auction; local market rent/sale comps.,"Confirm precise location and ZIP, pull county assessor and recorder records for structure details and title status, and obtain recent sales and rent comparables within the immediate area to validate whether the low bid cost aligns with local residential values.",Medium
25525-03-29-06940,6.7,Strong Manual Review Candidate,True,Research First,False,nan,"The parcel at 2012 N COLUMBIA AV E (LT 6 BLK 6, CITY OF TULSA, MARTIN ADDN RESUB) is a residential improved property with a relatively low bid cost of 3645.63 and high data confidence. Address and property clarity are strong, and rule-based scoring classifies it as a strong manual review candidate. However, there is no clear strict development match and surrounding value and crime risk are unknown, so it cannot be elevated to a good investment category based on the provided data alone.","Unknown ZIP and neighborhood context; no verified nearby public or private development activity; surrounding value and crime risk are unknown; development match quality is low with no clear match, limiting confidence in future upside.",Exact ZIP code; neighborhood and market context; recent comparable sales or assessed values; property condition and occupancy status; local crime and code enforcement history; any liens or title complications beyond tax status.,"Confirm the exact ZIP and neighborhood, then pull recent residential comps and assessed values for Martin Addition Block 6 and adjacent blocks, along with a basic exterior condition check (drive-by or street imagery) to validate that the low bid cost aligns with realistic resale or rental potential.",Medium
34750-02-26-08560,7.2,Strong Manual Review Candidate,True,Research First,False,nan,"The property at 15 W ZION ST N in Tulsa is classified as R HS IMP (residential improved) with a relatively low bid cost of 3651.63 and a clear legal description (LOT-13-BLK-8, RESERVOIR HILL ADDN). Rule-based scoring is 6.7 and categorizes it as a Strong Manual Review Candidate, driven by strong bid price and property clarity signals. However, strict development matching finds no clear overlapping project or corridor, and development signal is low, so any development upside is unsubstantiated. ZIP is unknown, which slightly increases uncertainty but overall data confidence is high.","No confirmed nearby development or investment projects; ZIP code unknown; surrounding value and crime risk are unknown; owner name listed as Unknown, which may indicate title or contact complications.",ZIP code; detailed surrounding market values; crime and neighborhood risk indicators; structure condition and occupancy status; any liens or code violations; clarity on owner identity and title status.,"Manually verify parcel location and neighborhood context within Reservoir Hill Addition, confirm ZIP and comparable property values, and pull county records for title status, liens, and any code enforcement or structural issues before bidding.",High
30200-02-26-07150,7.2,Strong Manual Review Candidate,True,Research First,False,nan,"Residential improved parcel at 1902 N DENVER AV W in Tulsa with a bid cost of 3688.29 and indicated value of 9,100 appears relatively low-cost for an improved home site. Address and property clarity are strong, and rule-based scoring flags it as a strong manual review candidate. However, there is no credible strict development match or confirmed surrounding value signal, and ZIP is unknown, so upside is unproven and requires further investigation.",No clear development or revitalization signal; ZIP code and precise market context unknown; surrounding value and crime risk are unknown; ownership details unclear; potential condition issues typical of tax auction residential improvements.,ZIP code; detailed neighborhood and market context; property condition; title and lien status beyond tax issue; rental or resale comps; confirmation of utilities and occupancy status.,"Manually pull county records and mapping for 1902 N DENVER AV W to confirm exact location, neighborhood quality, and structure details, then obtain recent sales or rent comps and any code enforcement or nuisance records to assess realistic exit value versus the 3,688.29 bid level.",Medium
21600-02-35-08590,7.2,Strong Manual Review Candidate,True,Research First,False,nan,"The property is an improved residential (R HS IMP) lot in the City of Tulsa (KRAATZ-GERLACH ADDN, LT 28 BLK 1) with a relatively low bid cost of 3695.33 and high extraction/data confidence. Rule-based scoring already flags it as a strong manual review candidate. However, strict development matching found no clear overlapping project or corridor, and development signal is low, so any upside from area investment is unsubstantiated. The unknown ZIP and limited context on surrounding values or crime add uncertainty, but the combination of low entry price and clear basic parcel details justifies manual review.","No confirmed nearby development or investment activity; ZIP and finer-grain location context are unknown; surrounding value and crime risk are unknown; owner information is not specified; potential condition, title, and access issues are not addressed in the available data.","Exact ZIP code and more precise neighborhood context; any verified nearby public/private development projects; property condition and occupancy status; title status, liens, and encumbrances; utilities and access details; surrounding property values and crime risk indicators.","Manually map the parcel (LT 28 BLK 1, KRAATZ-GERLACH ADDN, 1348 N MAIN ST W, Tulsa) to confirm exact location and ZIP, then pull local comps, code enforcement or nuisance records, and a preliminary title check to assess liens and confirm whether the low bid cost reflects unusual risk.",Medium
35925-03-30-16670,7.2,Strong Manual Review Candidate,True,Research First,False,nan,"The parcel at 1745 E WOODROW ST N in Tulsa is classified as R IMP, indicating an improved residential property, with a bid cost of 3700.96 and high extraction confidence. Rule-based scoring is 6.7 and categorizes it as a Strong Manual Review Candidate, supported by strong bid price and property clarity signals and a complete address. However, strict development matching finds no clear overlap with known projects and a low-quality match, so no external development upside is confirmed. Overall, the combination of low entry cost and clear parcel data justifies manual review, but not a development-driven classification.","ZIP code is unknown, limiting precise location and comp analysis; no clear strict development overlap reduces confidence in appreciation from nearby public or private projects; surrounding value and crime risk are both unknown; owner name is unknown, which may signal title or notification complexities.",Exact ZIP code; detailed neighborhood context; condition of the residential improvement; occupancy status; title status and any additional liens; surrounding property values and market liquidity; crime and nuisance indicators in the immediate area.,"Confirm the exact location and ZIP, then pull county records for title and lien status, verify structure type and condition via drive-by or recent imagery, and obtain basic neighborhood sales and rent benchmarks to validate whether the low bid cost aligns with local values.",Medium
63700-12-13-00540,7.2,Strong Manual Review Candidate,True,Research First,False,nan,"The property at 118 S BRYAN ST E in the City of Sperry is a residential improvement (R IMP) with a relatively low bid cost of 3711.82 and high extraction/data confidence. Address and legal description are clear, and rule-based scoring categorizes it as a strong manual review candidate. However, strict development matching shows no clear match and low quality, so no external development upside can be assumed. Overall, the combination of low entry cost, clear parcel data, and residential improvement status justifies manual review, but not classification as a strong investment without further checks.",ZIP code is unknown; no verified surrounding value or crime risk data; no confirmed public or private development activity nearby; development signal is low; ownership details are unclear (owner name unknown).,Exact ZIP code; current condition of the residential improvement; occupancy status; market comparables in Sperry/Lakeside Addn; title issues or liens beyond tax status; zoning confirmation and any code violations; utility access and infrastructure details.,"Manually verify parcel location and ZIP, pull local sales and rent comps for Lakeside Addn in Sperry, confirm structure condition and occupancy via drive-by or recent imagery, and run a title and lien check to assess total encumbrances beyond the tax bid amount.",High
55200-91-10-01250,5.0,Bad Investment,True,Avoid,False,Weak match removed; previous match was based on generic location wording.,"The parcel at 904 N INDUSTRIAL AV W is a residential improvement (R IMP) with a low bid cost of 3714.51 and clear basic property data, but it is flagged by the rules as a Bad Investment. There is no valid strict development match and the earlier generic development association was removed as an invalid weak match. With unknown ZIP and no confirmed surrounding value or crime data, there is no supported development upside to offset risk, despite the low entry price.","No clear or credible development activity nearby; development match explicitly downgraded as an invalid weak match; categorized as Bad Investment by rule-based score; ZIP and more precise location context are unknown; surrounding value and crime risk are unknown; owner information is unclear; potential for hidden liens, condition issues, or access problems not addressed in the data.",Exact ZIP code; detailed neighborhood and surrounding property values; property condition and occupancy status; title status and any liens or encumbrances; zoning specifics and permitted uses; local crime and nuisance data; utility access and infrastructure details.,"Obtain county records for title and lien checks, confirm zoning and permitted uses for this R IMP lot in CHARLES PAGE HOME ACRES NO 2 & RESUB PRT B10, and verify on-the-ground condition and access before considering a bid at 3714.51.",High
90404-04-04-64010,6.5,Strong Manual Review Candidate,True,Research First,False,Weak match removed; previous match was based on generic location wording.,"The parcel at 14025 E 58 ST N has a complete address, high data confidence, and a relatively low bid cost of 3715.23, which together drive a strong rule-based score and justify manual review. However, strict development matching shows no clear match and the only prior overlap was a weak, generic Tulsa reference that was discarded, so there is no supported development upside signal.","No confirmed development activity nearby; development match explicitly flagged as an invalid weak match; ZIP and city fields are unknown; surrounding value and crime risk are unknown, increasing uncertainty about neighborhood quality and resale or rental potential.","ZIP code, confirmed city designation, surrounding property values, neighborhood crime risk, zoning/use details beyond generic residential type, and any verified public or private investment projects in the immediate area.","Manually verify the exact location and neighborhood context of 14025 E 58 ST N (including ZIP and city), confirm zoning and allowable uses for this residential parcel, and check local records or mapping tools for nearby infrastructure, residential development, or commercial activity before assigning a higher investment priority.",High
44200-02-11-01080,7.2,Strong Manual Review Candidate,True,Research First,False,nan,"The parcel at 103 W 49 PL N in Tulsa is a residential improvement (R IMP) lot in Valley View Acres with a clear legal description (LT 18 BLK 5) and high extraction confidence. The bid cost of 3715.62 is flagged as a strong pricing signal by the rule-based system, and the overall rule-based score of 6.7 categorizes it as a strong manual review candidate. However, strict development matching finds no clear match to any identified public or private projects, and the development signal is low, so any appreciation from area investment cannot be assumed. The unknown ZIP is a minor data gap but does not negate the otherwise solid parcel clarity.","No confirmed nearby development or corridor project to support upside; development match strength is 'No Clear Match' with low quality; ZIP code is unknown; surrounding value and crime risk are both unknown, limiting context for neighborhood quality and resale/rental potential.",Exact ZIP code; surrounding property value context; neighborhood crime and stability indicators; current structure condition and occupancy status; access to utilities and code/violation history; any local zoning or planning details beyond the basic R IMP classification.,"Manually verify the parcel’s ZIP and map location, then obtain recent photos or an on-site inspection to confirm structure condition and occupancy; pull county records for liens, code violations, and zoning details; and compare the bid cost of 3715.62 to recent sales or assessed values of similar residential improvement parcels in Valley View Acres and adjacent blocks.",High
98224-82-24-37060,7.2,Strong Manual Review Candidate,True,Research First,False,nan,"The parcel at 919 W MAIN ST N in the City of Jenks is classified as an improved residential property (R HS IMP) with a relatively low bid cost of 3,727.80 and high extraction confidence. Address quality and property clarity are strong, and the rule-based system flags it as a strong manual review candidate. However, strict development matching finds no clear overlap with documented projects, so any appreciation thesis must be based on intrinsic residential value rather than confirmed public or private investment nearby.",Unknown ZIP code; no verified surrounding value or crime data; no clear development or infrastructure projects tied to this parcel; legal description is partial and may require survey or title review; owner name listed as Unknown may indicate additional title or notice complexities.,"ZIP code; detailed site characteristics (lot size, structure condition, year built); surrounding sales or value indicators; crime and neighborhood stability metrics; any liens or encumbrances beyond tax status; confirmation of utilities and access.","Obtain county assessor and recorder records for this parcel to confirm structure details, lot size, ownership history, and any liens, then map the legal description to verify exact boundaries and access before estimating resale or rental potential.",High
17925-92-04-03330,7.2,Strong Manual Review Candidate,True,Research First,False,nan,"The parcel at 330 S 43 AV W in Tulsa is a residential improved property with a relatively low bid cost of 3745.62 and high data confidence, making it a strong manual review candidate. Address and property clarity are strong, but the ZIP code and surrounding value context are unknown. Strict development matching shows no clear overlap with any identified project or corridor, so there is no confirmed external investment tailwind. Overall, the asset merits closer human review due to pricing and clarity, not due to development upside.","Unknown ZIP and neighborhood context; no verified nearby public or private development activity; surrounding value and crime risk are unknown; physical condition, occupancy, and title issues are not provided; development_match_strength is No Clear Match with low quality, so future growth potential is uncertain.",ZIP code; neighborhood and school context; current structure condition and habitability; utility status; occupancy status; detailed title history and liens; any code violations; comparable sales or rent levels; crime and flood risk data.,"Confirm the exact ZIP and map the parcel to evaluate neighborhood quality and comps, then obtain on-the-ground or recent imagery-based condition assessment and run a title search for liens or legal encumbrances before bidding.",Medium
49600-03-17-06000,6.7,Strong Manual Review Candidate,True,Research First,False,nan,"The parcel at 2738 E 45 ST N in Tulsa is a residential improvement (R IMP) lot in YAHOLA HGTS ADDN with a relatively low bid cost of 3,766.83 and high data/extraction confidence. Address and property clarity are strong, and rule-based scoring (6.7) flags it as a strong manual review candidate. However, strict development matching found no specific overlapping project or corridor, and development signal is low, so any upside must be evaluated on property-specific merits rather than area-wide investment trends.","ZIP code is unknown, limiting precise location and comp analysis; no clear strict development overlap or documented investment activity to support appreciation assumptions; surrounding value and crime risk are unknown; owner name is unknown, which may signal title or notification complexities.",Exact ZIP code and more granular location context; details on structure condition and occupancy; surrounding property values and market demand; crime and neighborhood stability indicators; any liens or title complications beyond tax delinquency.,"Manually map the parcel using the legal description and address to confirm exact location and neighborhood context, then pull county records for structure details, condition indicators, and any additional liens or encumbrances before estimating ARV and rehab exposure.",Medium
59900-24-20-00058,6.7,Strong Manual Review Candidate,True,Research First,False,nan,AI review failed validation; fallback rule-based review used.,ZIP unknown; development upside not clearly supported; no clear strict development overlap,reasoning_summary not grounded enough,"Drive-by, title review, and strict location verification",High
09175-93-05-05710,6.7,Strong Manual Review Candidate,True,Research First,False,nan,"The parcel at 2520 E 6 ST S in Tulsa is an improved residential property (R HS IMP) with a relatively low bid cost of 3,780.86 and high extraction confidence, plus a complete address and clear legal description. Rule-based scoring classifies it as a Strong Manual Review Candidate. However, strict development matching finds no clear nearby project or area, and development signal is low, so any value thesis must be based on property-level fundamentals rather than confirmed area investment or redevelopment activity.","ZIP code is unknown, limiting precise location and comp analysis; no clear strict development overlap or documented area investment to support appreciation; surrounding value and crime risk are unknown; physical condition, occupancy status, and any code or lien issues are not provided.","Exact ZIP code and micro-location context; current structure condition and habitability; recent sales or assessed value for this parcel and nearby comparables; any code violations, additional liens, or title complications; rental demand and vacancy in the immediate area.","Confirm exact location and ZIP, pull county assessor and recorder data for structure details and liens, and obtain recent comparable sales or rent data within the immediate neighborhood to determine whether the low bid cost reflects distress/condition issues or represents a genuine discount.",Medium
90326-03-26-20930,6.7,Strong Manual Review Candidate,True,Research First,False,nan,"The parcel is a commercial-improved property at 6945 E PINE ST N in Tulsa with a low bid cost of 3812.95 and high extraction confidence, which supports preliminary interest. Rule-based scoring classifies it as a strong manual review candidate, driven mainly by bid price and clear address/legal description. However, strict development matching found no specific corridor, neighborhood, or ZIP overlap, so there is no documented development catalyst to elevate its priority beyond price- and asset-type considerations.","Unknown ZIP code; no clear or credible development overlap; development signal explicitly low; surrounding value and crime risk are unknown; owner listed as unknown, which may indicate title or contact complexity.","Exact ZIP code; detailed property characteristics beyond type C IMP (building condition, size, current or prior use); surrounding market context and comps; zoning confirmation; environmental or code enforcement history; access and visibility details along E PINE ST N.","Manually pull county records and mapping for this parcel to confirm zoning, structure details, and location context, then check for code liens or environmental issues before modeling conservative income or resale scenarios based solely on current commercial use potential.",High
00775-02-25-00730,7.2,Strong Manual Review Candidate,True,Research First,False,nan,"The property is an R IMP (residential improved) parcel at 325 E YOUNG PL N in Tulsa with a bid cost of 3819.61 and a clear legal description (E84 LT 8 BLK 4, ACRE GARDENS). Rule-based scoring is relatively strong (6.7) driven by low bid price, complete address, strong property clarity, and high data confidence. However, strict development matching finds no clear nearby public or private investment activity, and surrounding value and crime risk are unknown. This combination makes the asset a solid candidate for manual review but not a pre-qualified strong investment.",ZIP code is unknown; no confirmed surrounding value data; no clear development or revitalization signal; crime risk is unknown; owner listed as unknown may complicate title research or redemption risk assessment.,Exact ZIP code; detailed neighborhood and surrounding property values; structure condition and occupancy status; title status and any additional liens; local crime and code enforcement history; utility and access details.,"Confirm parcel location and ZIP via county GIS, then pull assessor and recorder records to verify improvements, building characteristics, ownership chain, and any additional liens or code issues before valuing the asset against the 3,819.61 bid cost.",High
41950-02-24-12580,7.2,Strong Manual Review Candidate,True,Research First,False,nan,"The parcel at 3209 N GARRISON AV E in Tulsa is a residential improvement (R IMP) lot in the City of Tulsa (Teel Terrace) with a relatively low bid cost of 3819.61 and high extraction/data confidence. Address and property details are clear, and rule-based scoring flags it as a strong manual review candidate. However, strict development matching finds no clear nearby project or corridor overlap, so any development upside is unsubstantiated. The combination of low entry cost and clear residential use justifies manual review, but not a positive development thesis.","ZIP code is unknown, limiting precise location and comp context; no verified public or private development activity nearby; surrounding value and crime risk are unknown; owner details are not provided; development match quality is low with no clear match, so appreciation potential from area investment is uncertain.",Exact ZIP code; neighborhood and market context; structure details and condition for the residential improvement; occupancy status; title status and any additional liens; surrounding property values and rental levels; crime and nuisance indicators; zoning confirmation and any code enforcement issues.,"Confirm exact location and ZIP, pull county assessor and recorder records for structure details and liens, and review recent sales and rent levels around 3209 N GARRISON AV E to validate value relative to the 3819.61 bid cost.",High
04925-03-35-02930,7.2,Strong Manual Review Candidate,True,Research First,False,nan,"The parcel at 7107 E NEWTON PL N in Tulsa is a residential improvement (R IMP) lot in BREWER ADDN with a very low bid cost of 3836.94 and strong property clarity, making it a cost-attractive candidate. Address quality is complete and data confidence is high, and the rule-based system scores it as a Strong Manual Review Candidate (6.7). However, there is no clear strict development match and development signal is low, so any value-add from nearby projects is unsubstantiated. Overall, the combination of low entry cost and clear residential status justifies manual review, but not a positive development thesis.","ZIP code is unknown; no verified surrounding value or crime risk data; no clear strict development overlap or documented public/private investment nearby; ownership details are unknown; potential condition, title, and neighborhood risks are not captured in the available data.","ZIP code; detailed property characteristics (building size, age, condition, occupancy); neighborhood and market context; crime and surrounding value data; title status and liens; confirmation of utilities and access.","Obtain county records and mapping for this parcel to confirm exact ZIP, structure details, occupancy, and any liens, then review neighborhood comparables and on-the-ground condition before bidding.",Medium
36075-03-08-00420,6.7,Strong Manual Review Candidate,True,Research First,False,nan,"The parcel at 2548 E 48 ST N in Tulsa is a residential improved property (R HS IMP) with a relatively low bid cost of 3840.44 and high data confidence. Address and property clarity are strong, and rule-based scoring flags it as a strong manual review candidate. However, strict development matching finds no clear overlapping project or corridor, and development signal is low, so there is no documented external investment catalyst.","Unknown ZIP code; no clear development or revitalization activity identified nearby; surrounding value and crime risk are unknown; owner information is unknown; development match quality is low, so upside from area improvements is not supported by the data.",ZIP code; detailed neighborhood and market value context; crime and safety profile; condition of the residential improvements; title status and any additional liens or encumbrances; rental or resale demand indicators.,"Obtain full county records for this parcel, including ZIP, legal description details, and any liens; verify physical condition of the improvements and neighborhood quality via on-the-ground or remote inspection; pull recent comparable sales or assessed values in the immediate area to gauge potential margin over the 3840.44 bid cost.",High
45600-94-16-00400,7.2,Strong Manual Review Candidate,True,Research First,False,nan,"The property is a residential improvement (R IMP) in the City of Tulsa with a complete address and clear legal description in WALNUT RIDGE RESUB SMITTLE ADDN. The bid cost of 3844.67 is low, and rule-based scoring marks it as a Strong Manual Review Candidate with high data confidence. However, there is no credible strict development overlap and surrounding value and crime risk are unknown, so it cannot be treated as a confirmed high-upside or development-driven play.","ZIP code is unknown; no verified nearby development or corridor investment; surrounding property values and neighborhood conditions are not provided; crime risk is unknown; owner name is unknown, which may signal title or notification complexities.",Exact ZIP code; any recent sales or assessed value data; condition of the existing improvement; neighborhood and block-level context; utility status and occupancy; any liens or code enforcement issues beyond the tax delinquency.,"Manually pull county records and mapping for 2216 S 131 AV E to confirm ZIP, structure type and condition, recent assessed value, and neighborhood context, then compare the 3,844.67 bid cost to land and improvement value to determine risk-adjusted upside.",High
44325-03-36-04550,7.2,Strong Manual Review Candidate,True,Research First,False,nan,"The parcel at 9165 E NEWTON PL N in Tulsa is a residential improved property (R HS IMP) with a relatively low bid cost of 3854.94 and high extraction/data confidence. Address and legal description are clear (LOT 23 BLK 7, VAN ACRES ADDN AMD, City of Tulsa), and rule-based scoring flags it as a strong manual review candidate. However, there is no confirmed development overlap and ZIP/surrounding value context are unknown, so upside is unverified and the property should not be classified as a clear good investment at this stage.",Unknown ZIP and neighborhood context; no clear strict development or investment activity match; surrounding value signal unknown; crime risk unknown; upside case depends on local market conditions that are not provided in the data.,Exact ZIP code; neighborhood and school context; surrounding property values and comps; occupancy/condition of improvements; code enforcement or lien issues beyond taxes; crime and nuisance indicators; any nearby public or private projects not captured in the strict development match.,"Confirm the precise ZIP and neighborhood, then pull recent sales and assessed values for VAN ACRES ADDN AMD and adjacent blocks to compare land/improvement value against the 3854.94 bid; verify property condition and occupancy status via drive-by or recent imagery and check for additional liens or code violations.",Medium
56625-92-20-01430,7.2,Strong Manual Review Candidate,True,Research First,False,nan,"The property at 3190 S 57 AV W in Tulsa is a residential improvement (R IMP) lot in Berry Hill Gardens with a clear legal description (LT 15 BLK B) and high extraction confidence. The bid cost of 3901.60 against a referenced value of 34,200 suggests a potentially attractive entry price. Rule-based scoring labels it a Strong Manual Review Candidate, driven by strong bid price and property clarity signals. However, strict development matching finds no clear project or corridor overlap, and ZIP and surrounding value signals are unknown, so any development upside cannot be substantiated from the provided data.","Unknown ZIP code; no confirmed surrounding value data; no clear strict development or corridor match; crime risk unknown; owner listed as Unknown, which may complicate title research and redemption risk assessment.",Exact ZIP code; detailed neighborhood and surrounding sales or value context; any city or private development plans near Berry Hill Gardens; crime and school context; structure condition and occupancy status; title status beyond tax auction data.,"Manually verify parcel location and ZIP, pull county assessor and recorder records for structure details and title issues, and check local planning or zoning documents for any planned projects near Berry Hill Gardens to confirm whether the apparent pricing discount is justified by condition or location risks.",High
29650-03-07-05860,7.2,Strong Manual Review Candidate,True,Research First,False,nan,"The property at 1513 E 51 ST N (Parcel 29650-03-07-05860) is a residential improved (R IMP) lot in the Northridge Addition within the City of Tulsa, offered at a relatively low bid cost of 3904.27 with strong extraction confidence and complete address and legal description. Rule-based scoring flags it as a strong manual review candidate, mainly due to pricing and clarity of parcel data. However, strict development matching finds no clear nearby public or private investment activity, and surrounding value and crime risk are unknown, so the case rests on asset-level value rather than documented area growth.","ZIP code and surrounding value context are unknown; no clear strict development overlap or documented investment activity to support appreciation; crime risk is unknown; owner listed as Unknown may signal title or notification complexities; development signal is low, so upside may be limited to intrinsic property value rather than area-wide improvements.",Exact ZIP code; any recent sales or value benchmarks for Northridge Addition and nearby streets; condition of existing improvements; occupancy status; code enforcement or nuisance history; detailed title report and lien status beyond tax delinquency; local crime and school quality indicators; any informal or smaller-scale nearby investments not captured in the strict development data.,"Confirm parcel location and ZIP, then obtain a current exterior condition check (drive-by or street imagery) and a preliminary title review to identify any liens or legal complications, followed by a quick comp and rent-level check within Northridge Addition and adjacent blocks to validate whether the low bid cost aligns with realistic resale or rental value.",High
00575-93-06-01170,7.2,Strong Manual Review Candidate,True,Research First,False,nan,"The property at 511 S VICTOR AV E (Parcel 00575-93-06-01170) is an improved residential parcel (R IMP) consisting of two lots (43 & 44, Block 8, Abdo's Addn, City of Tulsa). The bid cost of 3910.27 is relatively low for an improved asset, and rule-based scoring flags it as a strong manual review candidate. Address and legal description are clear and data confidence is high. However, there is no credible strict development match, so any appreciation from nearby projects cannot be assumed.","Unknown ZIP code; no verified surrounding value or crime risk data; no clear development or corridor match; owner listed as unknown; condition, occupancy, and title issues are unverified.","ZIP code; structure details (year built, size, condition); current occupancy and access status; detailed neighborhood and crime context; any liens or encumbrances beyond tax status; zoning specifics within Abdo's Addition.","Manually confirm parcel location and ZIP, pull county assessor and recorder records for structure details and liens, and review recent sales and rent levels for comparable improved residential properties in Abdo's Addition and immediate surroundings.",Medium
11000-83-06-00270,8.7,Good Investment,True,Research First,True,"Strong, high-quality match to the Tulsa Market District / NOMA residential hub along Route 66, indicating proximity to a 256-unit residential hub and broader efforts to revitalize vacant spaces, improve walkability, and support new commercial activity.","The parcel at 1394 E 66 PL S in Tulsa is a residential improved property (R HS IMP) with a relatively low bid cost of 3,946.95 and high data and extraction confidence. Rule-based scoring categorizes it as a Good Investment, supported by strong address and property clarity signals. A strong, high-quality strict development match links this address to the Tulsa Market District / NOMA residential hub along Route 66, where significant multifamily and mixed-use revitalization is underway. This nearby investment activity and corridor focus increase the parcel’s potential upside and justify prioritizing it for manual review despite limited owner and ZIP information.","ZIP code is unknown, limiting quick comparables and precise neighborhood risk assessment; owner name is listed as Unknown, which may indicate title or records issues that require verification.","Exact ZIP code, detailed property characteristics (structure size, condition, year built, occupancy status), current and back tax details beyond bid cost, and any liens or encumbrances are not provided.","Confirm parcel location and ZIP in county records, pull full assessor and title data (including structure details and liens), and map the parcel relative to the Tulsa Market District / NOMA hub to validate walkable proximity and alignment with the Route 66 corridor improvements.",High
90306-03-06-46920,5.1,Strong Manual Review Candidate,True,Research First,False,Weak match removed; previous match was based on generic location wording.,AI review failed validation; fallback rule-based review used.,ZIP unknown; development upside not clearly supported; no clear strict development overlap; weak generic development match removed; address not fully verified,reasoning_summary not grounded enough,"Drive-by, title review, and strict location verification",Medium
20300-92-03-05280,7.2,Strong Manual Review Candidate,True,Research First,False,nan,"The parcel at 1903 W CAMERON ST N is a residential improvement property with a bid cost of 3958.93 and strong property clarity, which aligns with the rule-based score of 6.7 and its classification as a strong manual review candidate. Address data are complete and extraction confidence is high, reducing basic data risk. However, there is no clear strict development overlap, development signal is low, and the ZIP is unknown, so any appreciation from nearby projects cannot be assumed. Overall, the combination of low entry cost and clear residential improvement status justifies manual review, but not a pre-emptive good-investment classification.","No clear strict development match or documented surrounding value signal; ZIP code is unknown, limiting neighborhood and market context; development signal is low, so external public/private investment support is not evidenced; crime risk and broader area quality are unknown.",Exact ZIP code; condition and size of the residential improvement; neighborhood and block-level market data; crime and code enforcement history; occupancy status; any liens or encumbrances beyond the tax issue; recent comparable sales or assessed values in the immediate area.,"Confirm the precise ZIP and neighborhood context, then obtain on-the-ground or street-level imagery and public records to assess structure condition, lot size, occupancy, and any additional liens or code violations before bidding.",Medium
49800-03-34-15300,7.2,Strong Manual Review Candidate,True,Research First,False,nan,"The property at 1145 N CANTON AV E (LT 12 BLK 4, YALE TERRACE ADDN, CITY OF TULSA) is an improved residential parcel with a relatively low bid cost of 3,978.26 and high extraction confidence. Address quality and property clarity are strong, and rule-based scoring categorizes it as a strong manual review candidate. However, strict development matching shows no clear match and low development signal, and ZIP and physical condition details are missing, so the opportunity is not yet validated.",Unknown ZIP code; no verified nearby public or private development activity; no information on structure condition or occupancy despite R IMP classification; surrounding value and crime risk are unknown; owner listed as Unknown may indicate potential title or notification complexities.,Exact ZIP code; current physical condition of improvements; occupancy status; any code violations or liens beyond taxes; surrounding property values and neighborhood stability; confirmation of clear title and any additional encumbrances.,"Manually verify parcel details with county records (including ZIP, structure details, and any additional liens), then obtain recent photos or an on-site drive-by assessment to confirm the condition and occupancy of the improvements before considering a bid.",Medium
23900-03-27-09360,7.2,Strong Manual Review Candidate,True,Research First,False,nan,"The property at 1532 N KINGSTON PL E in Tulsa is a residential improvement (R IMP) with a relatively low bid cost of 3,982.26 and high data confidence, including a complete address and clear legal description (LOT-9-BLK-6, LOSEY'S ADDN, CITY OF TULSA). Rule-based scoring classifies it as a Strong Manual Review Candidate, driven mainly by pricing and data clarity rather than documented area development. Strict development matching shows no clear overlap with known projects, so any upside from public or private investment cannot be confirmed from the provided data.",Unknown ZIP code; no verified surrounding value or crime risk data; no clear development or revitalization projects tied to this specific area; owner listed as Unknown may complicate title or notification; residential improvement condition and occupancy status are not provided.,ZIP code; interior and exterior condition; current occupancy; detailed neighborhood context and comps; confirmation of title status and any liens beyond tax; any local infrastructure or redevelopment plans affecting LOSEY'S ADDN or the immediate vicinity.,"Manually verify neighborhood quality and comparable values around 1532 N KINGSTON PL E, confirm ZIP and parcel mapping, and obtain a current condition and title report to assess renovation needs and potential resale or rental value relative to the 3,982.26 bid cost.",Medium
40325-94-17-06900,7.2,Strong Manual Review Candidate,True,Research First,False,nan,"The parcel is a residential improvement (R IMP) lot in the City of Tulsa with a complete address, clear legal description (LT 29 BLK 4 STACEY LYNN ADDN), and a relatively low bid cost of 3988.93. Rule-based scoring is strong (6.7) and data confidence is high, supporting it as a strong manual review candidate. However, strict development matching found no clear nearby public or private investment, and ZIP and surrounding value signals are unknown, so any appreciation assumptions must be conservative.",No clear development overlap or documented investment activity; ZIP code and surrounding value signals are unknown; crime risk is unknown; owner listed as Unknown may complicate title research or indicate record issues.,"ZIP code, surrounding property value context, crime risk, detailed structure condition, occupancy status, and any confirmed nearby public or private investment projects.","Verify parcel location and ZIP in county GIS, pull full assessor and deed records to confirm ownership chain and improvement details, and review recent sales and condition indicators for comparable parcels within the Stacey Lynn Addition and immediate surroundings.",High
13775-02-12-01490,6.7,Strong Manual Review Candidate,True,Research First,False,nan,"The parcel at 4641 N HARTFORD AV E in Tulsa is a residential improvement property with a relatively low bid cost of 3,989.60 and high extraction confidence. Address quality and property clarity are strong, and the rule-based system assigns a 6.7 score, categorizing it as a strong manual review candidate. However, strict development matching finds no clear overlapping project, corridor, or neighborhood, and the development signal is low, so any upside from surrounding investment cannot be assumed.","Unknown ZIP code; no verified nearby development or infrastructure projects to support appreciation; unclear exact lot configuration due to partial legal description; owner listed as unknown, which may indicate title or notification complexities.",ZIP code; detailed neighborhood context; structure condition and occupancy; precise lot boundaries and size beyond the partial legal description; any liens or encumbrances beyond tax status; local crime and surrounding value data.,"Obtain county GIS and assessor records for this parcel to confirm exact lot boundaries, improvements, and neighborhood context, then review title and lien status before any bidding decision.",High
02350-03-35-02480,7.2,Strong Manual Review Candidate,True,Research First,False,nan,"The parcel at 6521 E LATIMER PL N (Parcel 02350-03-35-02480) is an improved residential property (R HS IMP) in the City of Tulsa with a clear legal description in AVIATION VIEW SUB and a relatively low bid cost of 3996.66. Rule-based scoring flags it as a strong manual review candidate, supported by high data confidence, complete address, and strong property clarity. However, strict development matching finds no clear nearby public or private investment activity, and the ZIP is unknown, limiting location-specific valuation and growth assumptions.","Unknown ZIP code and limited locational context; no verified surrounding value or crime risk data; no clear strict development overlap to support appreciation assumptions; ownership listed as Unknown may indicate potential title or notification complexities; development signal is low, so upside may rely mainly on current use value rather than area growth.",Exact ZIP code and finer-grained neighborhood context; current structure condition and occupancy status; any code violations or liens beyond tax delinquency; surrounding property values and rental/owner-occupancy patterns; crime and school context; utility status and access details.,"Confirm the precise ZIP and neighborhood context for 6521 E LATIMER PL N, then obtain on-the-ground or recent imagery-based condition assessment of the existing residential improvements and check county records for liens, code issues, or other encumbrances before refining value and bid ceiling.",High
16275-92-05-01670,7.2,Strong Manual Review Candidate,True,Research First,False,nan,"The property at 501 S 57 AV W in Tulsa is classified as residential with improvements (R HS IMP), has a clear legal description (LT 20, GLEN ACRES SUB REV B7-WEKIWA), and a relatively modest bid cost of 4022.90. Rule-based scoring is strong (6.7) with high data confidence and strong property clarity, making it a solid candidate for closer review. However, there is no credible strict development match or surrounding value signal, and the ZIP is unknown, so any value-add from nearby public or private investment cannot be substantiated from the provided data.",Unknown ZIP code and surrounding value context; no clear development or corridor match; crime and neighborhood risk are unknown; ownership listed as Unknown may indicate title or notification complexities.,Exact ZIP code; neighborhood and market context; condition and specifics of existing improvements; occupancy status; title status and liens; recent comparable sales or assessed values; crime and school context.,"Confirm parcel’s ZIP and neighborhood context, pull county records for title and lien status, and verify the nature and condition of the existing residential improvements before considering a bid strategy.",High
17675-02-24-07550,6.7,Strong Manual Review Candidate,True,Research First,False,nan,"The parcel at 3179 N IROQUOIS AV E in Tulsa is a residential improvement (R IMP) lot with a relatively low bid cost of 4023.59 and high data confidence, making it a strong manual review candidate. Address and property details are clear, but there is no verified development match or surrounding value signal, and the ZIP is unknown. The rule-based system still scores it 6.7, driven mainly by price and data clarity rather than documented area growth.","No clear development overlap or investment signal; ZIP code unknown; surrounding value and crime risk are unknown; property condition, occupancy, and title issues are not provided; upside case cannot rely on documented public or private investment.",ZIP code; detailed neighborhood context; structure condition and age; occupancy status; liens or title complications beyond tax status; recent sales or value benchmarks; any confirmed nearby public or private projects.,"Manually verify neighborhood quality and property condition via on-the-ground or remote inspection, confirm ZIP and comparable values, and run a title and lien check to determine whether the low bid cost compensates for area and condition uncertainties.",Medium
34300-03-32-14720,7.2,Strong Manual Review Candidate,True,Research First,False,nan,"The property is a residential improvement (R IMP) in the City of Tulsa, with a complete address and high extraction confidence. The bid cost of 4028.93 is relatively low for an improved parcel, and rule-based scoring classifies it as a strong manual review candidate. However, strict development matching finds no clear nearby public or private investment activity, so any development upside is unsubstantiated. The combination of low entry cost, clear parcel data, and absence of known negative signals supports manual review, but not a positive development thesis.","Unknown ZIP code and surrounding value context; no clear development or revitalization activity identified nearby; owner listed as unknown; potential condition, title, or occupancy issues typical of tax auction properties are not described; crime and neighborhood risk are unknown.",Exact ZIP code; neighborhood and surrounding property values; physical condition of the improvement; occupancy status; title and lien status beyond tax delinquency; zoning specifics and any code violations; detailed crime and school context.,"Confirm parcel location and ZIP, pull county assessor and GIS records for structure details and land use, and obtain a drive-by or recent imagery to assess building condition and neighborhood context before setting a maximum bid.",Medium
49725-03-34-14590,7.2,Strong Manual Review Candidate,True,Research First,False,nan,"The parcel at 4902 E EASTON ST N in Tulsa is a residential improvement (R IMP) lot with a bid cost of 4040.26 and strong property/address clarity, which aligns with the rule-based score of 6.7 and its classification as a strong manual review candidate. Data confidence is high, and the legal description is clean (LT 11 BLK 2, Yale Crest Ext, City of Tulsa). However, the ZIP code and surrounding value indicators are unknown, and strict development matching found no clear overlapping projects, so there is no confirmed development-driven upside. These factors support manual review with moderate priority, not an automatic green light.","Unknown ZIP and surrounding value context; no clear strict development overlap or verified investment activity; crime risk and neighborhood quality are unknown; owner name is unknown; potential title, condition, or occupancy issues cannot be assessed from the provided data.",Exact ZIP code; neighborhood and comparable value context; property condition and occupancy status; detailed title status and any additional liens; crime and school context; any planned infrastructure or private development not captured in the strict matching.,"Confirm the precise location and ZIP, pull local tax and assessment records for this parcel, and obtain recent comparable sales or assessed values in the Yale Crest Ext area to gauge value versus the 4040.26 bid; then investigate title, liens, and physical condition before any bidding decision.",Medium
07725-02-13-02870,7.2,Strong Manual Review Candidate,True,Research First,False,nan,"The parcel at 3917 N LANSING AV E in the City of Tulsa is an R IMP residential improvement lot (LT 34 BLK 10, CHANDLER-FRATES FIFTH ADDN) with a bid cost of 4067.59. Rule-based scoring is 6.7 and categorized as a Strong Manual Review Candidate, supported by complete address data, strong property clarity, and high extraction confidence. However, strict development matching finds no clear project or area overlap and a low-quality development signal, so any development-driven upside is unsubstantiated. The combination of low entry cost and clear basic data justifies manual review, but not a positive development thesis.","ZIP code is unknown; no verified surrounding value or crime risk information; no clear strict development overlap or documented investment activity; owner name unknown; development signal is low, so appreciation driven by nearby projects is uncertain.",Exact ZIP code; current physical condition of improvements; occupancy status; market value and recent comparable sales or rents in the immediate area; code enforcement or liens beyond tax; crime and neighborhood stability indicators; utility status and access details.,"Confirm the precise location and ZIP, then obtain on-the-ground or recent imagery to assess structure condition and occupancy, followed by a quick market check of nearby sales/rents in the Chandler-Frates Fifth Addition area to determine whether the low bid cost justifies further underwriting.",Medium
63125-91-11-15420,7.2,Strong Manual Review Candidate,True,Research First,False,nan,"The parcel at 607 N WILSON AV W, Sand Springs, OK is a residential improvement (R IMP) with a bid cost of 4,068.06 and a listed value of 6,500, indicating a relatively low entry price. Address and property clarity are strong and data confidence is high, which supports preliminary interest. Rule-based scoring (6.7) already flags it as a strong manual review candidate. However, strict development matching finds no clear project or corridor overlap and development signal is low, so any appreciation from area investment is unsubstantiated at this stage. The unknown ZIP and limited context on structure condition or neighborhood metrics prevent a higher confidence rating.","Unknown ZIP and precise micro-location; no verified surrounding development or investment activity; unknown physical condition of the residential improvement; unclear occupancy, access, and code/permit status; limited spread between indicated value (6,500) and bid cost (4,068.06) may constrain short-term margin if rehab is needed.",Exact ZIP code; detailed neighborhood context; current physical condition of the improvement; interior and exterior inspection data; utilities and access status; any liens or encumbrances beyond tax; rental and resale comparables for this block; crime and school data for the immediate area.,"Confirm precise location and ZIP, then obtain on-the-ground or recent imagery inspection to assess structure condition and occupancy; follow with a title and lien check and basic sales/rent comp pull for the immediate Sand Springs block to validate potential margin over the 4,068.06 bid cost.",Medium
99203-92-03-14350,7.2,Strong Manual Review Candidate,True,Research First,False,nan,"The parcel at 2822 W EASTON ST N in Tulsa is classified as residential improved (R IMP) with a small stated size (~0.17 AC) and a relatively low bid cost of 4,081.97, which aligns with the strong bid price signal in the rule-based score. Address and parcel data are clear and extraction confidence is high, supporting basic reliability of the record. Rule-based scoring already flags it as a strong manual review candidate, mainly due to favorable pricing and clarity rather than any proven development tailwind. Strict development matching found no clear overlap with known projects or targeted investment areas, so development-driven upside cannot be assumed. Overall, the combination of low entry cost and improved-residential status justifies human follow-up, but not a top-tier rating without more context on neighborhood value, condition, and marketability.",Unknown ZIP and neighborhood context; no verified public or private development activity nearby; crime and surrounding value are unknown; physical condition of the improvement is unknown; legal description is non-standard and may require survey or title review to confirm exact boundaries and access.,"ZIP code and precise neighborhood context; any details on structure type, age, and condition; current market value or comps; zoning confirmation; access, utilities, and occupancy status; title status beyond tax delinquency; crime and school context; any local code enforcement or nuisance issues.","Manually confirm parcel boundaries and access from the legal description, then pull county records for structure details, zoning, and any code or lien issues; obtain recent sales or assessed value data for nearby residential properties to gauge value versus the 4,081.97 bid; and, if still promising, conduct a drive-by or imagery review to assess improvement condition and neighborhood quality.",High
23125-02-25-14790,7.2,Strong Manual Review Candidate,True,Research First,False,nan,"The parcel at 2016 N NORFOLK AV E, Tulsa (LT 3 BLK 3, LIBERTY 2ND ADDN, CITY OF TULSA) has a low bid cost of 4116.25 against a listed value of 6,900, producing a favorable entry price signal. Address and property clarity are strong, and data confidence is high. Rule-based scoring classifies it as a strong manual review candidate. However, there is no clear strict development overlap and no verified surrounding value or crime data, so upside is not supported by development intelligence.","ZIP code is unknown; no confirmed public or private development activity nearby; surrounding value and crime risk are unknown; property condition and occupancy status are not provided; owner name is unknown, which may signal title or notification complexities.",Exact ZIP code; detailed neighborhood context; property condition and any structures present; occupancy status; title status and liens beyond tax; any verified nearby development or infrastructure projects; rental or resale comparables.,"Manually confirm parcel location and ZIP, pull county assessor and GIS records for structure details and land use, and check for additional liens or legal issues before considering a bid.",Medium
37800-93-02-09080,7.2,Strong Manual Review Candidate,True,Research First,False,nan,"The parcel at 6526 E 5 ST S in Tulsa is an improved residential property (R IMP) with a relatively low bid cost of 4146.25, clear legal description (LT 6 BLK 5, Sheridan Hills, City of Tulsa), complete address, and high extraction confidence. Rule-based scoring classifies it as a Strong Manual Review Candidate. However, there is no confirmed nearby public or private development activity (development_match_strength is No Clear Match and quality is Low), so any appreciation from area investment is unsubstantiated. Overall characteristics justify manual review, but not classification as a good investment at this stage.","ZIP code is unknown; no verified surrounding value or crime risk data; no clear development overlap or documented investment activity; owner listed as Unknown may complicate title research; development signal is low, limiting confidence in future upside.",Exact ZIP code; current and past sale/assessment history; structure condition and occupancy; local rent and resale context; crime and neighborhood stability indicators; confirmation of any nearby infrastructure or private development projects; title status and any additional liens beyond the tax obligation.,"Confirm parcel mapping and ZIP, pull county assessor and recorder records for ownership and improvements, verify any additional liens or encumbrances, and obtain at least a drive-by or recent imagery to assess structure condition before bidding.",Medium
15125-03-33-05670,7.2,Strong Manual Review Candidate,True,Research First,False,nan,"The parcel at 1433 N TOLEDO AV E is a residential improved (R IMP) lot in the City of Tulsa with a complete address, clear legal description (LT 19 BLK 2, FRANCISCAN ADDN), and high extraction confidence. The bid cost of 4159.58 is relatively low for an improved property, which, combined with strong property clarity and data confidence, supports it as a strong manual review candidate. However, strict development matching finds no clear overlap with known projects, development signal is low, ZIP and surrounding value indicators are unknown, and crime risk is not estimated, so upside is not supported by external development data.",No confirmed development or revitalization activity in the immediate area; ZIP code and surrounding value context are unknown; crime risk is unknown; owner information is not specified; potential condition issues typical of tax auction residential improvements cannot be assessed from available data.,Exact ZIP code; any recent sales or assessed value trends nearby; property condition and occupancy status; detailed neighborhood crime and stability indicators; confirmation of utilities and code enforcement history; any city plans or corridor initiatives affecting FRANCISCAN ADDN or N TOLEDO AVE.,"Manually verify neighborhood quality and property condition via on-the-ground or street-level imagery, confirm ZIP and comparable values in FRANCISCAN ADDN, and check local planning or zoning documents for any area initiatives that could affect long-term value.",Medium
26825-93-01-08300,7.2,Strong Manual Review Candidate,True,Research First,False,nan,"The parcel is a residential improved property (R HS IMP) in the City of Tulsa with a complete address and high extraction confidence. The bid cost of 4163.58 is low for an improved residential lot, which aligns with the strong rule-based score and makes it a solid candidate for closer review. However, strict development matching shows no clear overlap with any identified project or corridor, and development signal is low, so there is no documented external development upside. Overall, the combination of low entry cost, clear property type, and good data quality justifies manual review despite the lack of confirmed development tailwinds.","ZIP code is unknown, limiting precise neighborhood and value assessment; no clear strict development or revitalization activity is tied to this location; surrounding value and crime risk are unknown; physical condition of the improvements is completely unverified; ownership details are unclear (owner name listed as Unknown), which may signal potential title or notification complexities.",Exact ZIP code; neighborhood and school context; recent comparable sales or assessed values; physical condition of the structure and any code violations; occupancy status; detailed title history and liens beyond the tax issue; any local crime or nuisance indicators; confirmation of utilities and access.,"Confirm the precise location and ZIP, then pull county assessor records for building details, assessed value, and photos; follow with a title search for liens or legal complications and, if feasible, a drive-by or third-party inspection to assess structure condition and neighborhood quality before setting a maximum bid.",High
26825-93-01-07370,7.2,Strong Manual Review Candidate,True,Research First,False,nan,"The parcel at 172 S 91 AV E in Tulsa is a residential improved property (R HS IMP) in the Meadowood Addition with a relatively low bid cost of 4166.25 and high extraction/data confidence. The address and legal description (LT 20 BLK 7, CITY OF TULSA, MEADOWOOD ADDN) are clear, supporting basic viability for further review. Rule-based scoring categorizes it as a Strong Manual Review Candidate. However, there is no confirmed surrounding development activity or ZIP code, so any appreciation or redevelopment thesis is unsubstantiated at this stage.",ZIP code unknown; no verified nearby public or private development activity; development match quality low with no clear match; surrounding value and crime risk are unknown; owner listed as Unknown may indicate title or notification complexities.,Exact ZIP code; lot dimensions and access details; current structure condition and occupancy; zoning specifics beyond R HS IMP label; confirmation of utilities and infrastructure; any code violations or liens beyond tax status; neighborhood crime and value trends.,"Confirm parcel location and ZIP in county GIS, pull zoning and land use details for LT 20 BLK 7 in Meadowood Addition, and obtain recent imagery or an on-the-ground condition check of existing improvements before forming any value or rehab assumptions.",Medium
36525-94-02-01380,6.7,Strong Manual Review Candidate,True,Research First,False,nan,AI review failed validation; fallback rule-based review used.,ZIP unknown; development upside not clearly supported; no clear strict development overlap,reasoning_summary not grounded enough,"Drive-by, title review, and strict location verification",High
20300-92-03-05240,6.7,Strong Manual Review Candidate,True,Research First,False,nan,"The parcel at 1919 W CAMERON ST N in Tulsa is a residential improved property with a relatively low bid cost of 4,192.50 and high data confidence, making it a strong manual review candidate. Address and property clarity are strong, but there is no confirmed development overlap or surrounding value signal, and the ZIP is unknown. The opportunity appears to be basic residential value rather than development-driven upside.","No clear development or corridor match; ZIP code unknown; surrounding value and crime risk are unknown; development signal is low, so long-term appreciation from public/private projects is uncertain.",Exact ZIP code; property condition and occupancy status; surrounding neighborhood values and rental levels; local crime and code enforcement history; any pending liens or structural issues beyond tax status.,"Manually verify the exact location and ZIP, inspect or obtain recent photos of the structure, and pull neighborhood sales/rent comps to determine whether the low bid cost justifies acquisition absent clear development-driven upside.",High
91225-12-25-41510,6.1,Strong Manual Review Candidate,True,Research First,False,Weak match removed; previous match was based on generic location wording.,"The parcel has a low bid cost of 4211.16 and is flagged by the rules as a Strong Manual Review Candidate with moderate property clarity, which supports manual review. However, the address and ZIP are unknown, ownership details are unclear, and the strict development matching shows No Clear Match with an Invalid Weak Match warning, so no development-driven upside can be assumed.","Unknown address and ZIP; unclear exact location and access; no verified surrounding value or crime data; development signal is low with an invalid weak match warning; legal description suggests a complex, possibly irregular tract that may be difficult to evaluate without mapping.",Precise situs address and ZIP; mapping of the legal description to confirm exact boundaries and access; zoning and allowable uses; confirmation of current owner of record; any liens or encumbrances; surrounding land use and market activity.,"Use the legal description and parcel ID to map the tract in county GIS, confirm access and approximate acreage, then pull county records for zoning, ownership, and any liens before considering a bid.",Medium
91236-12-36-50430,8.7,Good Investment,True,Research First,True,"Strong, high-quality match to the Tulsa Market District / NOMA residential hub along the Peoria corridor, with documented efforts to revitalize vacant spaces, improve walkability, and support new commercial activity, which may enhance long-term value prospects for this commercial improvement parcel.","The parcel at 6834 N PEORIA AV E is a commercial improvement property with a low bid cost of 4,220.53 and high extraction/data confidence. Rule-based scoring classifies it as a Good Investment (score 8.7), supported by strong address and property clarity signals. There is a strong, high-quality strict development match to the Tulsa Market District / NOMA residential hub along Peoria, with a high development signal indicating active corridor revitalization and potential uplift for nearby commercial properties. These factors justify elevating the parcel for manual review despite limited owner/ZIP detail.",ZIP code and some location specifics are unknown; owner information is unknown; crime risk is unknown; commercial viability and current condition of the improvements are not described; exact relationship between this northern Peoria location and the core NOMA activity area is not fully detailed in the provided data.,Exact ZIP code and more precise locational context; current use and physical condition of the commercial improvements; zoning and allowable uses; detailed surrounding property values and occupancy; environmental or title issues; confirmation of how directly this site is integrated into the active Tulsa Market District / NOMA investment area.,"Confirm precise location and zoning for 6834 N PEORIA AV E, then obtain on-the-ground or street-level imagery and assessor records to verify the nature and condition of the commercial improvements and assess how closely the parcel is tied to the active Tulsa Market District / NOMA corridor activity.",High
43925-03-35-15210,7.2,Strong Manual Review Candidate,True,Research First,False,nan,"The parcel at 7311 E KING ST N (LT 16 BLK 8, VAL-CHARLES ADDN, CITY OF TULSA) is classified as R IMP, indicating an improved residential property. The bid cost of 4227.57 is relatively low for an improved asset, and the rule-based system flags it as a Strong Manual Review Candidate with strong property clarity and complete address data. However, strict development matching found no clear project or area overlap and development signal is low, so there is no documented external growth or redevelopment catalyst in the provided data. Overall, the combination of low entry cost and clear basic data justifies manual review, but not a high conviction investment rating.","Unknown ZIP code; no confirmed surrounding value signal; no clear strict development overlap or documented public/private investment nearby; crime risk unknown; owner listed as Unknown, which may indicate title or contact complexity.",Exact ZIP code; any comps or surrounding value data; structure condition and occupancy status; title status and liens beyond tax; crime and neighborhood risk indicators; any local planning or infrastructure projects not captured in the strict development match.,"Verify parcel details with county records (including ZIP, structure characteristics, and title status), then obtain on-the-ground or recent imagery condition check and basic market value range for similar improved residential lots in the same addition before bidding strategy is set.",Medium
99229-92-29-38016,6.1,Strong Manual Review Candidate,True,Research First,False,Weak match removed; previous match was based on generic location wording.,"The parcel is approximately 2.155 acres with residential type (R) and a bid cost of 4232.91, which is a strong price signal for land of this size. Rule-based scoring classifies it as a Strong Manual Review Candidate, supported by moderate property clarity and partial address quality despite the address being listed as unknown. However, strict development matching shows no clear match and the only prior overlap was a weak generic Tulsa reference that has been invalidated, so there is no supported development-driven upside. The combination of low entry cost, rural land characteristics, and medium data confidence justifies manual review, but not a positive development thesis.","Unknown address and ZIP; location cannot be easily validated beyond the legal description. No confirmed surrounding value or crime data. Development signal is low with an explicitly invalidated weak match, so future growth potential is uncertain. Owner name is unknown, which may complicate title research. Medium extraction confidence and partial address quality increase the risk of legal description or mapping errors.","Exact situs address and ZIP code; precise mapping/GPS coordinates from the legal description; confirmation of current zoning and permitted uses; access/ingress details (road frontage, easements); utilities availability; any liens or encumbrances beyond tax delinquency; surrounding land use and comparable land values.","Use the legal description (SEC 29 19 12, 2.155 acres, BEG 660S & 664E NWC NE NW) to map the parcel via county GIS or assessor records, confirm zoning and access, and pull a preliminary title report to verify ownership and any additional liens before considering a bid at or above 4232.91.",Medium
29350-03-07-02400,7.2,Strong Manual Review Candidate,True,Research First,False,nan,"The parcel at 2131 E 46 ST N in Tulsa is a residential improvement (R IMP) with a reported value of 101,265 and a relatively low bid cost of 4,235.57, which is a strong pricing signal. Address and parcel data quality are high, and the rule-based system categorizes it as a Strong Manual Review Candidate. However, there is no verified nearby development activity, the ZIP code is unknown, and surrounding value and crime risk are not provided, so upside is based mainly on discount to value rather than documented area growth.",Unknown ZIP code and neighborhood context; no confirmed public or private development activity nearby; surrounding value and crime risk are unknown; ownership listed as Unknown may indicate potential title or notification complexities.,Exact ZIP code; neighborhood and block-level market conditions; crime and safety profile; condition of the existing residential improvement; title status and any liens beyond tax delinquency; occupancy status and access; local rent/sale comps for similar properties in NORTH HIGHLAND ACRES ADDN.,"Confirm the precise ZIP and map the parcel within NORTH HIGHLAND ACRES ADDN, then obtain current property condition and occupancy information, run title and lien checks, and pull recent sales and rent comps for similar residential improvements nearby to validate the discount implied by the 4,235.57 bid cost versus the 101,265 value.",Medium
44250-02-12-14150,7.2,Strong Manual Review Candidate,True,Research First,False,nan,"The property at 710 E 54 PL N in Tulsa is a residential improvement (R IMP) with a relatively low bid cost of 4,235.57 and high data confidence, making it a strong manual review candidate per the rule-based score (6.7). Address and property clarity are strong, but there is no confirmed development overlap or surrounding value data, and the ZIP is unknown. These gaps prevent classifying it as a clearly good investment, yet the low entry cost and clear residential use justify closer manual review.",Unknown ZIP and neighborhood context; no verified nearby public or private development activity; surrounding value and crime risk are unknown; actual condition and usability of the residential improvement are not provided; ownership details are unclear (owner name unknown).,Exact ZIP code; neighborhood and block-level context; condition and age of the residential improvement; current occupancy status; surrounding property values and market activity; crime and nuisance indicators; any code violations or liens beyond the tax issue; confirmation of utilities and access.,"Manually confirm the precise location and ZIP, then review local assessor and code enforcement records for structure condition, occupancy, and any violations; follow with a street-level or on-site visual check to assess neighborhood quality and verify that the low bid cost is not offset by major rehab or legal issues.",Medium
35900-03-30-15790,7.2,Strong Manual Review Candidate,True,Research First,False,nan,"The property at 2504 N XANTHUS AV E in Tulsa is an improved residential parcel (R IMP) with a low bid cost of 4,236.24 and strong address and property clarity signals. Rule-based scoring (6.7) already classifies it as a strong manual review candidate, supported by high extraction confidence. However, strict development matching finds no clear nearby public or private investment, so any development upside is unsubstantiated from the provided data.",ZIP code is unknown; no verified surrounding value or crime data; no clear strict development overlap or documented investment activity; owner listed as unknown may indicate title or notification complexities.,"Exact ZIP code; detailed property characteristics (structure condition, size, year built); neighborhood-level value and crime context; confirmation of utilities, access, and occupancy status; any liens or encumbrances beyond tax delinquency.","Manually confirm parcel details with county records, including full legal description, ZIP, structure details, and title status, then assess neighborhood comparables and physical condition via on-site or street-level imagery before bidding.",High
44200-02-11-01560,7.2,Strong Manual Review Candidate,True,Research First,False,nan,"The property at 141 W 50 CT N in Tulsa is an improved residential parcel (R IMP) consisting of Lots 7 & 8, Block 7, Valley View Acres, with a bid cost of 4,239.57. Data quality is high: parcel ID, address, and legal description are all clear. Rule-based scoring marks it as a strong manual review candidate, primarily due to the attractive bid price and strong property clarity. However, strict development matching finds no clear overlapping project or corridor, and development signal is low, so any appreciation from nearby investment cannot be assumed.","Unknown ZIP code and surrounding value context; no confirmed development or corridor investment nearby; crime and neighborhood risk are unknown; ownership details are unclear (owner name unknown), which may indicate potential title or notification complexities.",Exact ZIP code; surrounding sales and rental values; neighborhood condition and crime risk; occupancy status and structure condition; title status and any additional liens; utility availability and code compliance.,"Verify parcel location and ZIP in county GIS, pull full tax and lien history, confirm structure presence and condition via recent imagery or drive-by, and check for any planned or ongoing public projects or zoning changes affecting Valley View Acres or Block 7.",High
27775-03-36-02105,6.7,Strong Manual Review Candidate,True,Research First,False,nan,"The parcel at 823 N 89 AV E in Tulsa is classified as residential with improvements (R HS IMP) and has a bid cost of 4243.04, which is favorable for preliminary screening. Address and property clarity are strong and data confidence is high, supporting reliable basic assumptions about the asset. However, strict development matching finds no clear overlap with any identified project or corridor, and the development signal is low, so there is no documented external investment catalyst. Rule-based scoring still flags it as a strong manual review candidate due to price and clarity despite the lack of confirmed development upside.",Unknown ZIP code; no verified surrounding value or crime risk data; no clear development or revitalization activity identified nearby; ownership details are limited (owner name unknown); development upside is not supported by strict matching.,"Exact ZIP code; detailed property characteristics beyond type (size, condition, year built, occupancy); neighborhood and market context; verified crime and surrounding value data; any liens or encumbrances beyond tax status; confirmation of utilities and access.","Manually confirm the precise location and ZIP, pull county property card and any available photos or GIS data to verify the nature and condition of the residential improvements, and check for additional liens or legal issues beyond the tax auction before assigning a final investment rating.",High
35900-03-30-15590,6.7,Strong Manual Review Candidate,True,Research First,False,nan,"The parcel at 2012 E ZION ST N in Tulsa is an R IMP residential property with a bid cost of 4244.24 and strong property clarity and address quality. Rule-based scoring (6.7) and high data confidence make it a strong manual review candidate. However, there is no clear strict development overlap and the development signal is low, so any appreciation from nearby projects is uncertain. The unknown ZIP and lack of surrounding value data further limit automated assessment, warranting human review before any bid decision.","ZIP code and precise neighborhood context are unknown; no verified nearby public or private development activity; surrounding value and crime risk are unknown; development match quality is low with no clear match, so there is no substantiated development-driven upside.",Exact ZIP code; detailed neighborhood and block-level conditions; current and recent sale values of comparable properties; occupancy status and physical condition of improvements; code enforcement or lien issues beyond taxes; crime and school context; any unrecorded or smaller-scale nearby investments not captured in the strict development data.,"Confirm exact location and ZIP, then pull recent comparable sales and rent data for the immediate area, verify property condition and occupancy (drive-by or street-level imagery if available), and check local records for code violations or additional liens before deciding whether the low bid cost justifies participation.",High
40825-02-13-09510,7.2,Strong Manual Review Candidate,True,Research First,False,nan,"The property at 4137 N FRANKFORT AV E in Tulsa is a residential improvement (R IMP) with a relatively low bid cost of 4,244.24 and high extraction/data confidence. Address and parcel details are clear, and rule-based scoring classifies it as a strong manual review candidate. However, there is no clear strict development match and development signal is low, so any value thesis must be based on property-level fundamentals rather than area-wide investment activity.",Unknown ZIP code; no verified nearby public or private development activity; surrounding value and crime risk are unknown; owner information is unknown; development match quality is low and provides no reliable upside signal.,Exact ZIP code; current physical condition of the improvement; occupancy status; market rents and sales comps in the immediate area; code enforcement or liens beyond tax status; crime and school context; utility status and access details.,"Confirm the exact location and ZIP, then obtain recent street-level imagery or an in-person drive-by to assess structure condition and neighborhood context before refining valuation and maximum bid.",Medium
23900-03-27-09230,7.2,Strong Manual Review Candidate,True,Research First,False,nan,"The parcel at 1555 N JOPLIN AV E in Tulsa is an R IMP property with a bid cost of 4,269.57 and high extraction confidence. Rule-based scoring is 6.7 and categorized as a Strong Manual Review Candidate, supported by complete address data and strong property clarity. However, there is no clear strict development overlap and the development match quality is low, so no development-driven premium should be assumed. The low entry cost and clear basic data justify manual review, but not classification as a good investment at this stage.","ZIP code is unknown; no verified nearby public or private development activity; development match quality is low with no clear match; surrounding value and crime risk are unknown, limiting context for valuation and risk assessment.","Exact ZIP code; detailed property characteristics (structure condition, size, year built, occupancy); neighborhood context (surrounding values, crime, amenities); any liens or title issues beyond tax status; zoning specifics and code compliance status.","Confirm parcel details and ZIP with county records, then obtain on-the-ground or recent imagery-based condition assessment and basic neighborhood comparables before deciding bidding limits.",High
30200-02-26-07080,7.2,Strong Manual Review Candidate,True,Research First,False,nan,"The property is a residential improvement (R IMP) in the City of Tulsa with a complete address, clear multi-lot legal description, and high extraction confidence. The bid cost of 4269.57 is flagged as a strong positive signal by the rule-based system, and the overall rule-based score of 6.7 categorizes it as a strong manual review candidate. However, there is no clear strict development match and development quality is low, so any value thesis must be based on the asset itself rather than nearby public or private investment activity.","Unknown ZIP code and surrounding value context; no verified nearby development or corridor investment; development match quality is low with no clear match; crime and neighborhood risk are unknown; owner information is not specified beyond 'Unknown', which may complicate title or occupancy assumptions.",ZIP code; neighborhood and surrounding property values; condition and occupancy status of the residential improvement; detailed lot dimensions and access; any code violations or liens beyond tax status; crime and school context; confirmation of utilities and zoning specifics beyond the generic R IMP type.,"Confirm exact location and ZIP, then pull local comps and assessor records for structure details and condition; verify title status and any additional liens; check city records for code enforcement or demolition history; and review neighborhood-level trends to determine whether the low bid cost aligns with realistic resale or rental potential.",Medium
25650-03-34-12590,7.2,Strong Manual Review Candidate,True,Research First,False,nan,"The parcel at 816 N HUDSON AV E is an improved residential property (R IMP) with a relatively low bid cost of 4,278.23 and strong property clarity and address quality. Rule-based scoring classifies it as a Strong Manual Review Candidate, and data confidence is high. However, there is no clear strict development overlap and development match quality is low, so any broader area growth cannot be assumed. The combination of low entry cost and clear basic data justifies manual review, but not a good-investment classification at this stage.",ZIP code is unknown; no verified nearby public or private development activity; development upside not clearly supported; surrounding value and crime risk are unknown.,Exact ZIP code; current physical condition of improvements; occupancy status; market value and recent comparable sales; code enforcement or lien issues beyond taxes; neighborhood crime and amenity context.,"Manually confirm the exact location and ZIP, inspect or obtain recent photos of the structure, verify title and any additional liens, and compare the bid cost to estimated market value and rehab needs to determine realistic exit scenarios.",Medium
37050-03-35-12510,7.2,Strong Manual Review Candidate,True,Research First,False,nan,"The property at 6615 E NEWTON PL N (LT 15 BLK 6, SAINT PETER AND PAUL SUB, City of Tulsa) is an improved residential parcel with a bid cost of 4306.72 and high extraction/data confidence. Rule-based scoring (6.7) already flags it as a strong manual review candidate, driven by low entry cost, complete address, and strong property clarity. However, there is no credible strict development match and no quantified surrounding value or crime data, so upside is unverified and cannot be attributed to broader investment activity.","ZIP code is unknown; no confirmed public or private development activity nearby; surrounding value and crime risk are both unknown; owner name is unknown; development match quality is low with no clear overlap, limiting confidence in appreciation potential beyond parcel-level factors.",Exact ZIP code; any recent sales or value indicators for the immediate area; physical condition of the improvement; occupancy status; title issues or liens beyond tax delinquency; neighborhood crime and school context; any local infrastructure or private development plans not captured in the strict development matching.,"Manually verify parcel location and ZIP, then pull local comparables and recent tax auction outcomes in the Saint Peter and Paul Subdivision to gauge resale or rental potential; follow with a drive-by or street-view condition check and a title review for encumbrances beyond the tax lien.",Medium
34300-03-32-15710,7.2,Strong Manual Review Candidate,True,Research First,False,nan,"The property at 121 N BIRMINGHAM AV E (Parcel 34300-03-32-15710) is an improved residential parcel (R IMP) with a complete address, clear legal description (LT 18 BLK 6 REDDIN ADDN, CITY OF TULSA), and high extraction confidence. The bid cost of 4307.27 is relatively low for an improved asset, which aligns with the strong rule-based score (6.7) and its classification as a Strong Manual Review Candidate. However, strict development matching finds no clear overlapping project or corridor, and development signal is low, so any upside from area investment is unsubstantiated at this stage.",ZIP code is unknown; no verified nearby development or investment activity; surrounding value and crime risk are unknown; ownership listed as Unknown may indicate title or notification complexities.,Exact ZIP code; surrounding property value context; crime and neighborhood risk indicators; condition and occupancy status of the improvement; any liens or encumbrances beyond tax status.,"Confirm parcel location and ZIP, pull local sales and rent comps for Reddin Addn and immediate surroundings, and verify physical condition and occupancy of the improvement to determine whether the low bid cost reflects distress, structural issues, or simply tax delinquency.",Medium
19650-03-35-06970,6.7,Strong Manual Review Candidate,True,Research First,False,nan,"The property at 6943 E NEWTON PL N in Huffman Heights is an improved residential parcel (R IMP) with a bid cost of 4312.23 and a clear legal description (LT 12 BLK 3, CITY OF TULSA, HUFFMAN HGTS). Rule-based scoring flags it as a strong manual review candidate due to low entry cost, complete address, and strong property clarity. However, strict development matching finds no clear nearby public or private investment activity, and surrounding value and crime risk are unknown. This makes the asset primarily a pricing and basic condition play rather than a documented development or appreciation play.","Unknown ZIP code and surrounding value; no confirmed development or corridor investment nearby; crime risk not estimated; owner name unknown; physical condition, occupancy, and title status not provided.",ZIP code; detailed neighborhood and market comps; structure condition and age; occupancy status; title report and liens beyond tax; code enforcement or nuisance history; utilities status; zoning specifics beyond R IMP classification.,"Obtain full county records for this parcel, including ZIP and zoning details, then perform a drive-by or recent imagery review to assess structure condition and neighborhood quality, followed by a title search to confirm liens and any code or nuisance issues before bidding.",Medium
41675-03-35-13900,7.2,Strong Manual Review Candidate,True,Research First,False,nan,"The parcel at 7122 E MARSHALL ST N in Tulsa is a residential improved property (R HS IMP) with a relatively low bid cost of 4,326.35 and high extraction/data confidence. Address quality and property clarity are strong, and the rule-based system scores it as a Strong Manual Review Candidate (6.7). However, strict development matching finds no clear project or area overlap and provides only a low-quality development signal, so no external development upside can be assumed. Overall, the combination of low entry cost and clear residential use justifies manual review, but not classification as a strong development-driven investment.",Unknown ZIP code; no verified nearby development or investment activity; development match strength is No Clear Match with low quality; surrounding value and crime risk are unknown; owner name listed as Unknown may indicate title or contact complexity.,"Exact ZIP code; detailed property characteristics (structure condition, year built, utilities, occupancy); neighborhood value context and crime data; confirmation of title status and any liens beyond tax; verification of local zoning and any code enforcement issues.","Confirm parcel details with county records (including ZIP, zoning, structure details, and title status), then perform a localized market and neighborhood check around 7122 E MARSHALL ST N to assess property condition, resale/rent potential, and any informal or emerging development not captured in the strict match data.",High
37800-93-02-09760,7.2,Strong Manual Review Candidate,True,Research First,False,nan,"The parcel at 7111 E 5 PL S in Tulsa is a residential improved property (R HS IMP) with a relatively low bid cost of 4,333.70 and high extraction/data confidence. Address and property clarity are strong, and the rule-based system scores it as a strong manual review candidate. However, there is no confirmed nearby public or private development activity (development_match_strength is 'No Clear Match' with low quality), so any development-driven upside is unsubstantiated. The asset merits manual review on pricing and basic residential value potential, not on development catalysts.","ZIP code is unknown, limiting precise location and comp analysis; no clear strict development overlap or verified investment activity to support appreciation; surrounding value and crime risk are unknown; owner name is unknown, which may signal title or notification complexities.","Exact ZIP code; detailed neighborhood context and surrounding property values; structure details (year built, size, condition, occupancy); title status and any additional liens; code enforcement or nuisance history; crime and school context.","Confirm exact parcel location and ZIP, then pull county assessor and recorder records for structure details, ownership history, and liens; follow with a drive-by or street-level imagery review to assess property condition and neighborhood fit before setting a maximum bid threshold.",High
53725-02-01-03030,6.5,Strong Manual Review Candidate,True,Research First,False,Weak match removed; previous match was based on generic location wording.,"The parcel at 905 E 64 ST N (LT 5 BLK 7, NORTH TURLEY ADDN, Tulsa County) is a residential improvement with a relatively low bid cost of 4348.07 and high data confidence. Address and property clarity are strong, making it a solid candidate for further human review. However, there is no valid strict development match and no confirmed surrounding value or crime data, so any upside from area investment cannot be assumed.","Unknown ZIP and neighborhood context; no verified public or private development activity nearby; development match explicitly downgraded as an invalid weak match; property condition, occupancy status, and title issues are unknown.",Exact ZIP code; detailed neighborhood and market context; current structure condition; occupancy and access status; title and lien checks beyond tax status; any recent sales or value benchmarks for comparable nearby properties.,"Confirm precise location and neighborhood quality (including ZIP and street context), then obtain on-the-ground or recent imagery to assess structure condition and verify that the residential improvement is usable; follow with a title search for liens or encumbrances and basic comp checks to see if the low bid cost aligns with local values.",High
10225-93-02-04460,6.7,Strong Manual Review Candidate,True,Research First,False,nan,AI review failed validation; fallback rule-based review used.,ZIP unknown; development upside not clearly supported; no clear strict development overlap,reasoning_summary not grounded enough,"Drive-by, title review, and strict location verification",High
02400-03-32-00700,7.2,Strong Manual Review Candidate,True,Research First,False,nan,"The parcel at 516 N BIRMINGHAM AV E is a residential improvement (R IMP) with a low bid cost of 4,376.22 against a listed 15,000 value, and the address and legal description are clear. Rule-based scoring flags it as a strong manual review candidate, supported by high data confidence. However, strict development matching finds no clear project or corridor overlap and assigns low match quality, so there is no validated external investment or redevelopment catalyst to boost its priority beyond the intrinsic discount and property clarity.","ZIP code is unknown, limiting precise neighborhood and value context; no verified public or private development activity nearby to support appreciation assumptions; surrounding value and crime risk are both unknown; owner information is listed as Unknown, which may complicate title or occupancy assumptions.",Exact ZIP code and neighborhood context; current physical condition of the improvements; occupancy status and any liens beyond tax; surrounding property values and rental/exit potential; crime and nuisance profile for the immediate area.,"Confirm the exact location and ZIP, then pull local sales/assessor and code-enforcement data for this block to validate market value and condition before bidding, focusing on whether the improvement is habitable or salvageable relative to the 4,376.22 bid cost.",High
12875-94-08-06230,7.2,Strong Manual Review Candidate,True,Research First,False,nan,"The parcel at 11804 E 14 ST S in Tulsa is a residential improvement (R IMP) with a modest bid cost of 4,378.60 and high extraction confidence, indicating a clearly identified, improved residential asset rather than ambiguous land. Rule-based scoring (6.7) already flags it as a strong manual review candidate, driven by strong bid price and property clarity signals. However, strict development matching shows no clear match and low quality, so there is no evidence-based development premium to factor in. Overall, the combination of low entry cost and clear property type justifies manual review, but not classification as a development-driven opportunity.","ZIP code is unknown, limiting precise location and comp context; no confirmed nearby public or private development activity to support appreciation assumptions; development signal is low with no clear match; surrounding value and crime risk are both unknown; owner name is unknown, which may complicate title and notification steps.",Exact ZIP code; detailed neighborhood context; condition of the residential improvement; surrounding property values and market demand; crime and nuisance profile; title status and any liens beyond tax delinquency; utility access and code compliance status.,"Confirm exact location and ZIP, then pull parcel and title records from Tulsa County to verify ownership, liens, and structure details, followed by a drive-by or street-level imagery review to assess property condition and neighborhood quality.",High
79600-84-11-12350,7.2,Strong Manual Review Candidate,True,Research First,False,nan,"The property is a residential improved parcel (R IMP) consisting of two lots (18 & 19, Block 12, Homestead Addition, City of Broken Arrow) with a complete address and high extraction confidence. The bid cost of 4382.22 is low for an improved residential asset, which aligns with the strong rule-based score (6.7) and its classification as a strong manual review candidate. However, strict development matching found no clear project or area overlap and only a low development signal, so any appreciation from nearby public or private investment cannot be substantiated from the provided data.","ZIP code is unknown; no verified surrounding value or crime risk data; no clear development or corridor match to support upside; owner listed as unknown, which may indicate title or notification complexities; actual condition and occupancy of the residential improvements are completely unknown.",Exact ZIP code; current physical condition of structures and lots; occupancy status; detailed title history and any additional liens beyond the tax obligation; current market value and comparable sales in the Homestead Addition area; local code enforcement or nuisance history; utility status and access details.,"Obtain county assessor and recorder records for this parcel to confirm structure details, assessed value, and any additional liens, then perform a drive-by or third-party exterior inspection to verify improvement condition and neighborhood context within the Homestead Addition of Broken Arrow.",Medium
29675-03-07-10040,6.7,Strong Manual Review Candidate,True,Research First,False,nan,"The parcel at 4823 N XANTHUS AV E (LT 11 BLK 26, CITY OF TULSA, NORTHRIDGE SECOND ADDN AMD) is a residential improvement (R IMP) with a relatively low bid cost of 4,393.48 and high data and extraction confidence. Address and property details are clear, and rule-based scoring flags it as a strong manual review candidate. However, there is no confirmed nearby public or private development activity (development match strength: No Clear Match, quality: Low), and ZIP and surrounding value signals are unknown. This supports manual review for potential value but not a pre-emptive strong investment classification.",Unknown ZIP and surrounding value; no verified development or corridor alignment to support appreciation; crime risk and neighborhood quality are unknown; owner listed as Unknown may complicate title research; development signal is low with no clear match.,ZIP code; current physical condition of the improvement; recent sales or assessed value comparables; neighborhood crime and stability indicators; occupancy status; any code violations or liens beyond the tax issue; confirmation of utilities and access.,"Obtain full county property and assessor records for this parcel to verify structure details and assessed value, then perform a localized market and neighborhood check (including crime and condition via on-the-ground or street-level review) to determine whether the low bid cost offers a meaningful discount relative to likely resale or rental value.",Medium
25200-03-35-07780,6.7,Strong Manual Review Candidate,True,Research First,False,nan,"The parcel at 6780 E INDEPENDENCE is a residential improved property (R HS IMP) with a relatively low bid cost of 4,404.05 and high extraction confidence, which supports the rule-based score of 6.7 and classification as a strong manual review candidate. Address quality and property clarity are strong, but there is no specific street, neighborhood, or ZIP-level development match, so no additional upside from documented public or private investment can be assumed.",Unknown ZIP and city context; no clear strict development overlap or verified investment activity nearby; surrounding value and crime risk are unknown; owner name unknown; legal description references multiple blocks which may require careful title and boundary verification.,Exact city and ZIP; surrounding property values and market context; crime and neighborhood risk; physical condition of improvements; title status and any liens beyond tax; zoning confirmation and any code enforcement issues.,"Manually confirm parcel location and boundaries using county GIS and legal description, then pull local comps and neighborhood data for 6780 E INDEPENDENCE to assess resale or rental potential and verify that no hidden title, code, or structural issues offset the low bid cost.",High
37800-93-02-09990,7.2,Strong Manual Review Candidate,True,Research First,False,nan,"The parcel at 7107 E 6 ST S in Tulsa is classified as R IMP, indicating an improved residential property, with a relatively low bid cost of 4406.22 and strong property clarity and address completeness. Rule-based scoring labels it a Strong Manual Review Candidate with high data confidence. However, strict development matching finds no clear overlapping project or corridor, and development signal is low, so any upside from nearby investment cannot be assumed. The combination of low entry cost and clear basic data justifies manual review, but not a positive development-driven thesis.",Unknown ZIP code; no confirmed nearby development or investment activity; development match quality low with no clear match; surrounding value and crime risk unknown; owner listed as Unknown may complicate title or notification history.,Exact ZIP code; current physical condition of the improvement; occupancy status; market value and comparable sales or rents; neighborhood crime and stability indicators; any code violations or liens beyond taxes; zoning details beyond generic R IMP classification.,"Obtain county assessor and GIS records for this parcel to confirm ZIP, zoning, structure details, and assessed value, then pull recent neighborhood sales/rent comps and, if feasible, conduct or source a drive-by or street-view inspection to assess property and block condition.",Medium
25225-03-35-09460,7.2,Strong Manual Review Candidate,True,Research First,False,nan,"The property at 7849 E KING PL N in Tulsa is a residential improvement (R IMP) lot in Maplewood Third Addition with a clear legal description (LT 9 BLK 1) and high extraction confidence. The bid cost of 4414.22 is relatively low for an improved residential parcel, which, combined with strong property clarity and complete address data, makes it a strong candidate for manual review. However, there is no clear strict development overlap and the development signal is low, so any value-add from nearby projects cannot be substantiated from the provided data.","ZIP code is unknown, limiting precise neighborhood and value context; no clear strict development match or documented surrounding investment activity; surrounding value and crime risk are both unknown; owner listed as Unknown may indicate title or contact challenges.","Exact ZIP code and neighborhood context; current physical condition of the improvement; occupancy status; market value and recent comparable sales or rents; title status, liens, and any code violations; detailed neighborhood crime and amenity profile.","Confirm the exact ZIP and neighborhood, then pull county records for title status, liens, and any code or nuisance issues, followed by a drive-by or photo-based condition check to assess structure quality relative to the 4414.22 bid level.",High
41650-03-35-13120,7.2,Strong Manual Review Candidate,True,Research First,False,nan,"The parcel at 6923 E MARSHALL PL N (LT 17 BLK 2, SUN VALLEY ADDN, City of Tulsa) is a residential improvement (R IMP) with a relatively low bid cost of 4414.22 and high extraction/data confidence. Address and property clarity are strong, and rule-based scoring categorizes it as a Strong Manual Review Candidate. However, strict development matching finds no clear or credible overlap with known public or private projects, so development-driven upside cannot be assumed. The combination of low entry cost, clear residential improvement status, and solid data quality justifies manual review even without documented development catalysts.","ZIP code is unknown; no verified nearby development or corridor initiative is matched; surrounding value and crime risk are unknown; development signal is low, so appreciation potential from area investment is uncertain.",Exact ZIP code; condition and occupancy status of the residential improvement; surrounding property values and market context; crime and neighborhood stability indicators; any unrecorded local public or private projects near SUN VALLEY ADDN or this specific block.,"Manually verify the property’s physical condition and occupancy, confirm the correct ZIP and neighborhood context for 6923 E MARSHALL PL N in SUN VALLEY ADDN, and check local records or on-the-ground intel for any unlisted public or private investments affecting this block or subdivision.",High
42675-93-02-14170,7.2,Strong Manual Review Candidate,True,Research First,False,nan,"The parcel at 7447 E 1 ST S in Tulsa is a residential property with improvements (R HS IMP) and a relatively low bid cost of 4,426.92, which supports potential value relative to entry price. Address quality and property clarity are strong, and overall data confidence is high. However, there is no clear strict development overlap, no verified surrounding value or crime data, and the ZIP code is unknown, limiting location-specific risk and upside assessment. These factors justify manual review rather than an automatic pass or approval.","Unknown ZIP code and neighborhood context; no confirmed public or private development activity nearby; surrounding value and crime risk are unknown; owner listed as unknown, which may signal title or notification complexities.",Exact ZIP code and neighborhood context; recent sales or value benchmarks for nearby properties; condition of existing improvements; occupancy status; title status and any additional liens or encumbrances; local crime and school quality indicators.,"Confirm precise location and ZIP, then pull local comps and tax/assessment records to estimate as-is value versus the 4,426.92 bid, and verify title status and any additional liens before deeper underwriting.",Medium
97424-74-24-21620,6.5,Strong Manual Review Candidate,True,Research First,False,Weak match removed; previous match was based on generic location wording.,"The parcel at 15104 S 193 AV E is an unplatted, residential-improved property of approximately 8.07 acres with a clear legal description and high extraction confidence. The bid cost of 4463.58 is flagged as a strong price signal in the rule-based system, contributing to a strong manual review score of 6.5. However, strict development matching indicates no clear match and an invalid weak match that was removed, so there is no supported development or public/private investment catalyst to elevate its priority beyond the intrinsic land and improvement value.",ZIP code and city are unknown; no verified surrounding value or crime risk data; no credible development or infrastructure project match; development upside is not clearly supported; reliance on auction data only with no external market validation.,"Exact city and ZIP code; details on existing residential improvements (structure condition, utilities, access); surrounding property values and market demand; zoning specifics beyond R HS IMP label; environmental or easement constraints; crime and neighborhood quality indicators.","Confirm precise location and zoning with county records, then obtain on-the-ground or satellite-based assessment of existing improvements and access, followed by a quick market check of comparable acreage residential properties in the immediate area to validate whether the low bid cost reflects opportunity or underlying issues.",High
11225-02-24-03490,7.2,Strong Manual Review Candidate,True,Research First,False,nan,"The parcel at 643 E MOHAWK BV N in Tulsa is a residential improvement (R IMP) with a bid cost of 4,481.55 and high extraction/data confidence. Address and property clarity are strong, and rule-based scoring marks it as a strong manual review candidate. However, there is no clear strict development overlap and development match quality is low, so any broader area growth cannot be assumed. Overall, the combination of low entry cost and clear property type justifies manual review, but without treating development as a value driver.","Unknown ZIP code; no confirmed surrounding value or crime risk data; no clear development or corridor match; owner information listed as unknown; potential physical condition, title, or neighborhood issues not reflected in the dataset.",Exact ZIP code; detailed neighborhood context; structure condition and occupancy; title status and liens beyond tax; zoning specifics beyond R IMP label; any nearby public or private investment not captured in the strict development matching.,"Manually verify parcel location and ZIP, pull county records for title and liens, and obtain recent imagery or on-the-ground photos to assess structure condition and neighborhood context before bidding.",Medium
34600-93-25-02050,7.2,Strong Manual Review Candidate,True,Research First,False,nan,"The parcel at 4732 S 85 AV E in Tulsa is a residential improved property (R HS IMP) with a relatively low bid cost of 4,491.48 and high data confidence, making it a strong manual review candidate. The address and legal description (LT 56 BK 2, CITY OF TULSA | REGENCY PARK WEST) are clear, which reduces basic identification risk. However, the ZIP code and surrounding value context are unknown, and strict development matching finds no clear nearby investment activity, so any development upside is unsubstantiated. These factors support manual review rather than an immediate high-priority investment classification.","Unknown ZIP and neighborhood context; no verified surrounding value or crime risk; no clear development or infrastructure projects identified nearby; physical condition, title status, and occupancy are unknown despite the property being listed as improved residential.","ZIP code; neighborhood and school context; current market value and recent comparable sales; property condition and age; occupancy/tenant status; title issues, liens, or code violations; detailed crime and surrounding value data.","Confirm the exact location and ZIP, then pull recent comparable sales and rent data for Regency Park West; follow with a drive-by or third-party inspection to assess property condition and verify that the improvements are intact and marketable.",Medium
37775-93-03-07050,6.0,Strong Manual Review Candidate,True,Research First,False,nan,"The parcel at 6126 E 3 ST S in Tulsa is a residential improved property with a clear legal description (LOT 5 BLK 2, SHERIDAN HGTS ADDN, CITY OF TULSA) and high extraction confidence. The bid cost of 4503.56 is moderate for an improved residential asset, and rule-based scoring classifies it as a strong manual review candidate. However, there is no verified nearby development or corridor match, and ZIP and surrounding value indicators are unknown, so the opportunity rests mainly on the basic residential-improvement status and clear documentation rather than confirmed growth dynamics.","ZIP code and surrounding value context are unknown; no clear strict development overlap or documented public/private investment activity; crime risk is unknown; development signal is low, so appreciation potential from area improvements is uncertain.",Exact ZIP code; current and historical market values or comps; structure details and condition; occupancy status; code enforcement or liens beyond tax; neighborhood crime and school context; any planned infrastructure or private projects not captured in the strict development matching.,"Confirm the exact ZIP and pull local sales and rent comps for Sheridan Heights Addition, then verify on-the-ground condition and occupancy of the improvement at 6126 E 3 ST S and check for additional liens or code issues before bidding.",Medium
53450-02-01-01960,8.0,Strong Manual Review Candidate,True,Research First,True,"Strong, high-quality match to the Tulsa Market District / NOMA residential hub along the Peoria/Route 66 corridor, with cited efforts to revitalize vacant spaces, improve walkability, and support new commercial activity, suggesting positive surrounding investment momentum.","The parcel at 5602 N PEORIA AV E has high data and extraction confidence, a complete address, and is classified as C IMP, indicating an improved commercial-type asset rather than raw land. The bid cost of 4526.74 is modest relative to the referenced 22,500 figure in the raw auction text, implying a potentially favorable entry point if the improvement has residual value. Rule-based scoring flags it as a Strong Manual Review Candidate, supported by a High development signal and positive surrounding value signal. The strict development match is a Strong Match with High quality to the Tulsa Market District / NOMA residential hub, where documented efforts focus on revitalizing vacant spaces and supporting new commercial activity along the corridor that includes Peoria. These factors collectively justify elevated priority for manual review, subject to resolving remaining unknowns (ZIP, exact city context, and current property condition).","ZIP and precise neighborhood context are unknown; current physical condition and functional viability of the C IMP improvement are not provided; ownership details are unclear (Owner Name: Unknown), which may complicate title and redemption risk assessment; crime risk is unknown; the 22,500 figure in the raw auction text is not fully explained and may not represent market value.","Exact ZIP code and city context; detailed property type and current use of the C IMP improvement; building size, age, and condition; zoning and conformity with Tulsa Market District / NOMA plans; confirmation of exact location within the Tulsa Market District boundaries; clarity on the 22,500 figure (assessed value vs. other); title status, liens, and any environmental or code issues.","Verify the parcel’s exact mapped location on N Peoria relative to the Tulsa Market District/NOMA corridor, then pull county records for zoning, building characteristics, and code enforcement history to confirm that the existing improvement and site condition align with the surrounding revitalization and potential commercial or mixed-use demand.",High
00575-93-06-00950,6.0,Strong Manual Review Candidate,True,Research First,False,nan,"The parcel at 401 S VICTOR AV E in Tulsa is a residential improvement (R IMP) with a relatively low bid cost of 4,526.88 and high extraction/data confidence. Address and property clarity are strong, and rule-based scoring classifies it as a Strong Manual Review Candidate. However, strict development matching finds no clear overlapping project or corridor, and development signal is low, so any upside should be evaluated on property-level fundamentals rather than area-wide development momentum.","Unknown ZIP code; no confirmed surrounding value or crime risk data; no clear development overlap or documented investment activity; owner listed as Unknown, which may complicate title or redemption research.",Exact ZIP code; detailed neighborhood context; condition of the existing residential improvements; occupancy status; title status and any additional liens; local rent/sale comps; code enforcement or nuisance history.,"Manually verify parcel location and neighborhood context using county GIS and street-level imagery, then pull title and lien records and check for code violations or demolition history to determine whether the existing improvements justify the 4,526.88 bid as a basic rental or hold opportunity.",Medium
49800-03-34-14990,6.0,Strong Manual Review Candidate,True,Research First,False,nan,"The property at 1241 N ALLEGHENY AV E in the CITY OF TULSA, YALE TERRACE ADDN, is a residential improvement parcel with a relatively low bid cost of 4540.87 and strong data clarity (complete address, clear legal description, high extraction confidence). Rule-based scoring classifies it as a Strong Manual Review Candidate. However, strict development matching finds no clear overlapping project or corridor, and development signal is low, so any upside from nearby investment is unsubstantiated.",Unknown ZIP code; no verified surrounding value or crime risk data; no clear development or corridor match; ownership listed as Unknown; development upside not clearly supported by available intelligence.,"Exact ZIP code; details on the existing residential improvement (structure condition, size, occupancy); surrounding property values and market context; crime and neighborhood risk indicators; confirmation of title status and any liens beyond tax delinquency.","Manually confirm parcel characteristics (structure presence, condition, and access) using county records and on-the-ground or remote imagery, then obtain ZIP and neighborhood context and check for any non-tax liens or title complications before assigning a final investment rating.",Medium
60513-73-08-70260,6.0,Strong Manual Review Candidate,True,Research First,False,nan,"The parcel at 13610 S 21 CT E in the City of Jenks is clearly identified (LOT 62 BLOCK 3, TORREY LAKES) with high extraction confidence and a complete address, which supports basic underwriting and raises its rule-based score. The bid cost of 4548.16 is moderate for a residential-type parcel and aligns with the system’s classification as a strong manual review candidate. However, strict development matching finds no clear overlap with any known project or corridor and the development signal is low, so there is no substantiated development-driven upside to justify automatic elevation beyond manual review.","ZIP code is unknown, limiting precise market and comp analysis; no clear strict development overlap or verified nearby investment activity; development match quality is low; surrounding value and crime risk are both unknown; owner name is listed as Unknown, which may complicate title or notification history review.","ZIP code, surrounding value indicators, crime risk estimate, any verified nearby development projects or infrastructure investments, and clearer ownership/title history details are not provided.","Confirm the exact ZIP and map the parcel within TORREY LAKES to check recent sales and assessed values, then pull title and tax history for this lot to identify any liens or encumbrances and validate whether local market conditions in this part of Jenks support the bid level.",High
07410-94-07-23780,6.0,Strong Manual Review Candidate,True,Research First,False,nan,"The parcel at 1525 S 112 AV E in Tulsa is an R IMP property with clear legal description (LT 9 BLK 6, CITY OF TULSA, CENTURY 21 EAST), high extraction confidence, and a moderate bid cost of 4554.87. Rule-based scoring classifies it as a strong manual review candidate, driven by complete address data and strong property clarity. However, there is no clear strict development match and the development signal is low, so any appreciation from nearby public or private projects is not supported by the provided data. The unknown ZIP and lack of surrounding value or crime data add uncertainty, warranting human review rather than automatic prioritization as a top-tier investment.","ZIP and precise neighborhood context are unknown; no verified nearby development or corridor investment; surrounding value and crime risk are unknown; physical condition, occupancy, and title status are not provided; owner name is unknown, which may signal additional title or notification complexity.",Exact ZIP code; neighborhood and school area; current structure condition and habitability; occupancy status; detailed title report and any liens beyond tax delinquency; recent comparable sales or assessed values; local crime and code enforcement history.,"Confirm the exact ZIP and map the parcel to its neighborhood, then pull county records for structure details and any additional liens, followed by a drive-by or photo-based condition check to determine whether the improvement justifies the 4554.87 bid level.",Medium
90212-02-12-25800,6.0,Strong Manual Review Candidate,True,Research First,False,nan,"The property is a residential improvement parcel (R IMP) of approximately .980 acres in the City of Tulsa with a complete address and high data confidence. The bid cost of 4580.87 is modest relative to the indicated value line in the raw auction text, which, combined with strong property clarity, supports manual review. However, strict development matching finds no clear overlap with known projects and provides only a low-quality signal, so there is no evidence-based development premium. Unknown ZIP and lack of surrounding value or crime data limit automated prioritization.",No clear nearby public or private development activity identified; ZIP code unknown; surrounding value and crime risk are unknown; owner name listed as Unknown may complicate title or research; development signal is low and cannot be relied on for appreciation assumptions.,Exact ZIP code; detailed structure condition and occupancy status; surrounding property values and market comps; crime and neighborhood stability indicators; any liens or encumbrances beyond tax status; zoning specifics beyond R IMP label; utility access and infrastructure details.,"Confirm parcel location and ZIP, pull county assessor and GIS records for structure details and zoning, check for additional liens or legal issues, and perform a quick neighborhood and sales-comp analysis to determine whether the low bid cost aligns with local values and risk profile.",High
22100-92-28-02330,7.0,Strong Manual Review Candidate,True,Research First,False,nan,"The parcel at 4109 S 41 AV W in Tulsa is a residential improvement (R IMP) lot in Laurel Heights Addition with a relatively low bid cost of 4,589.54 and high data confidence. Address and property clarity are strong, and rule-based scoring categorizes it as a strong manual review candidate. However, there is no confirmed nearby public or private development activity, and the development match is explicitly marked as no clear match with low quality, so no development-driven upside can be assumed.",Unknown ZIP code; no verified surrounding value or crime data; no clear development overlap or documented investment activity; limited information on structure condition or occupancy despite R IMP classification.,Exact ZIP code; property condition and age; current occupancy or tenancy; surrounding neighborhood value indicators; any code violations or liens beyond tax status; detailed local crime and school context.,"Manually verify the physical condition and occupancy status of the residential improvement at 4109 S 41 AV W and pull local sales/assessment data for Laurel Heights Addition to confirm value relative to the 4,589.54 bid cost.",Medium
44325-03-36-03990,6.0,Strong Manual Review Candidate,True,Research First,False,nan,"The parcel at 9415 E NEWTON ST N in Tulsa is an improved residential property (R HS IMP) with a relatively low bid cost of 4,649.22 and a clear legal description (LOT 25 BLK 5, VAN ACRES ADDN AMD, CITY OF TULSA). Rule-based scoring marks it as a Strong Manual Review Candidate, supported by complete address data, strong property clarity, and high data confidence. However, there is no credible strict development match and the ZIP is unknown, so broader area value and development-driven appreciation cannot be evaluated from the provided data. These factors justify manual review but not a definitive positive investment classification.",Unknown ZIP and neighborhood context; no verified surrounding value signal; no clear development or infrastructure investment nearby; property condition and actual structure value are unknown despite being classified as improved; crime risk and local market liquidity are not provided.,Exact ZIP code; neighborhood and school context; current structure condition and occupancy; any code violations or liens beyond tax status; recent comparable sales or assessed values in VAN ACRES ADDN AMD; crime and rental demand indicators; confirmation of utilities and access.,"Confirm the precise location and ZIP, then obtain county records and, if possible, recent photos or an on-site inspection to verify the condition of the residential improvements and check for additional liens or code issues; follow with a quick comp check within the same addition (VAN ACRES ADDN AMD) to estimate potential value relative to the 4,649.22 bid cost.",Medium
25150-03-34-10030,6.0,Strong Manual Review Candidate,True,Research First,False,nan,"The parcel at 1059 N IRVINGTON AV E in Tulsa is a residential improved property (R HS IMP) with a bid cost of 4655.65 and clear legal description (LT 8 BLK 22, MAPLEWOOD EXTENDED ADDN, CITY OF TULSA). Rule-based scoring marks it as a Strong Manual Review Candidate due to complete address data, strong property clarity, and moderate bid price. However, strict development matching found no specific overlapping project or corridor, and development signal is low, so any upside from nearby investment is unsubstantiated at this stage.","ZIP code is unknown, limiting precise neighborhood and value context; no clear strict development overlap or documented investment activity; surrounding value and crime risk are unknown; owner name is unknown, which may complicate title or redemption research.","Exact ZIP code and neighborhood context; surrounding property values and market conditions; crime and livability indicators; structure condition and occupancy status; title status, liens, and any municipal code issues.","Confirm exact location and ZIP, pull county assessor and recorder records for structure details and title status, and perform on-the-ground or street-level review to assess property condition and neighborhood before bidding.",Medium
09000-92-27-06570,6.0,Strong Manual Review Candidate,True,Research First,False,nan,AI review failed validation; fallback rule-based review used.,ZIP unknown; development upside not clearly supported; no clear strict development overlap,reasoning_summary not grounded enough,"Drive-by, title review, and strict location verification",High
46825-03-33-18040,6.0,Strong Manual Review Candidate,True,Research First,False,nan,"The parcel at 1312 N SANDUSKY AV E in Tulsa is clearly identified with high extraction confidence, complete address, and a defined residential improvement (R IMP) on LT 10 BLK 1, CITY OF TULSA, WESTROPE THIRD. The bid cost of 4668.86 is moderate for a residential-improvement tax auction asset, which, combined with strong property clarity, supports manual review. However, strict development matching finds no clear overlapping project or corridor, and development signal is low, so there is no documented external investment catalyst. Unknown ZIP and lack of surrounding value data limit automated assessment, justifying human review rather than an automated green light.","No clear development overlap or documented investment activity; ZIP and surrounding value signals are unknown; crime risk is unknown; physical condition, occupancy, and market value are not provided; owner name unknown may indicate title or notification complexities.",ZIP code; neighborhood and surrounding value context; current structure condition and occupancy; recent sales or assessed value; code enforcement or liens beyond taxes; crime and safety context.,"Manually verify neighborhood quality and recent comparable sales for WESTROPE THIRD and the immediate Sandusky Ave area, then confirm structure condition and any additional liens or code issues before bidding above the minimum.",High
43800-93-04-19370,6.0,Strong Manual Review Candidate,True,Research First,False,nan,"The parcel at 420 S QUEBEC AV E in Tulsa is a residential improvement (R IMP) lot with a bid cost of 4670.86 and clear legal description (LT 5 BLK 2, CITY OF TULSA, UNIVERSITY PLACE). Rule-based scoring flags it as a strong manual review candidate due to complete address data, strong property clarity, and moderate bid price signal. However, strict development matching finds no clear match and low development signal, so any appreciation from nearby projects is not supported by the provided data.",ZIP code is unknown; no verified nearby public or private development activity; property condition and occupancy are unknown; surrounding value and crime risk are unknown; owner information is not provided beyond 'Unknown'.,Exact ZIP code; detailed neighborhood and market context; property physical condition and any structures present; occupancy status; title issues or liens beyond tax status; surrounding property values and crime risk.,"Confirm the precise ZIP and neighborhood context for 420 S QUEBEC AV E, obtain recent imagery or on-site inspection to assess structure and lot condition, and pull local sales and rent comps for the UNIVERSITY PLACE block to determine whether the bid cost of 4670.86 is justified relative to likely resale or rental value.",High
36150-93-04-13930,6.0,Strong Manual Review Candidate,True,Research First,False,nan,"The parcel at 220 S URBANA AV E in Tulsa is a residential improvement (R IMP) with a relatively low bid cost of 4,698.86 and high data confidence. Address and property clarity are strong, and rule-based scoring flags it as a strong manual review candidate. However, there is no verified nearby development activity and the ZIP code is unknown, so any value or growth assumptions must be confirmed through manual local market review.","Unknown ZIP code and surrounding value; no confirmed development or revitalization activity; neighborhood crime and demand are unknown; structure condition, code issues, and occupancy status are not provided; potential for hidden liens, rehab costs, or demolition risk cannot be assessed from current data.",ZIP code; detailed neighborhood context and surrounding property values; current structure condition and habitability; occupancy status; any code enforcement or nuisance issues; tax and lien status beyond the auction amount; rental and resale demand in the immediate area.,"Obtain the exact ZIP and map the parcel to confirm neighborhood, then pull recent sales and rent comps within a tight radius, check county records for code violations or demolition orders, and, if feasible, conduct a drive-by or photo-based condition assessment before setting a maximum bid.",Medium
78810-84-11-09060,6.0,Strong Manual Review Candidate,True,Research First,False,nan,AI review failed validation; fallback rule-based review used.,ZIP unknown; development upside not clearly supported; no clear strict development overlap,reasoning_summary not grounded enough,"Drive-by, title review, and strict location verification",High
25050-03-34-03580,6.0,Strong Manual Review Candidate,True,Research First,False,nan,AI review failed validation; fallback rule-based review used.,ZIP unknown; development upside not clearly supported; no clear strict development overlap,reasoning_summary not grounded enough,"Drive-by, title review, and strict location verification",High
27775-03-36-02215,6.0,Strong Manual Review Candidate,True,Research First,False,nan,"The parcel at 501 N 89 AV E in Tulsa is a residential improvement (R IMP) in the City of Tulsa, Mingo Valley Sub No 1, with a bid cost of 4728.19 and strong data clarity. Rule-based scoring classifies it as a strong manual review candidate, but strict development matching finds no clear overlapping project or corridor, and development signal is low. This supports manual review for standard residential value and condition, not for development-driven upside.","Unknown ZIP code limits precise location and market context; no clear development overlap or verified investment activity nearby; development signal is low; surrounding value and crime risk are unknown; owner name is unknown, which may indicate title or contact complexity.",Exact ZIP code; detailed neighborhood and market comps; property condition and occupancy status; title status and any liens beyond tax; surrounding value indicators and crime risk; confirmation of any un-captured public or private projects near Mingo Valley Sub No 1.,"Manually verify exact location and ZIP, pull recent sales and assessed values for Mingo Valley Sub No 1 and nearby blocks, and obtain on-the-ground or street-level condition checks to determine whether the residential improvement justifies the 4728.19 bid in the absence of clear development catalysts.",Medium
63725-12-13-01130,6.0,Strong Manual Review Candidate,True,Research First,False,nan,"The parcel at 215 N ELGIN AV E in the City of Sperry is a residential improved property (R HS IMP) with a relatively low bid cost of 4742.42 and a clear legal description (LT 18 BLK 3 LOLLAR ADDN). Rule-based scoring flags it as a strong manual review candidate, supported by complete address data and strong property clarity. However, strict development matching finds no clear overlapping project or corridor, and development signal is low, so there is no substantiated development-driven upside. The unknown ZIP and limited context on surrounding values or crime risk increase uncertainty, but the small dollar exposure justifies closer manual review.",No confirmed nearby development or investment activity; ZIP code unknown; surrounding value and crime risk unknown; owner name unknown; small-town or low-demand submarket risk cannot be assessed from provided data.,"ZIP code; detailed property characteristics (structure condition, age, size, utilities); current occupancy or tenancy; surrounding sales or assessed values; local crime and school context; any municipal plans or infrastructure projects in Sperry or near N ELGIN AVE.","Verify the exact ZIP and map the parcel within Sperry, then obtain county assessor records and recent imagery to confirm structure condition and neighborhood quality, followed by checking local planning or council documents for any Sperry-area infrastructure or redevelopment plans that could affect this block.",Medium
54675-92-05-05450,5.8,Strong Manual Review Candidate,True,Research First,False,Weak match removed; previous match was based on generic location wording.,AI review failed validation; fallback rule-based review used.,ZIP unknown; development upside not clearly supported; no clear strict development overlap; weak generic development match removed,reasoning_summary not grounded enough,"Drive-by, title review, and strict location verification",High
18550-93-05-13060,6.0,Strong Manual Review Candidate,True,Research First,False,nan,"The parcel at 2505 E 8 ST S in Tulsa is a residential improvement (R IMP) with a relatively modest bid cost of 4,766.19 and high data confidence, making it a plausible candidate for closer review. Address and legal description are clear, which reduces basic data risk. However, there is no confirmed development match, the development signal is low, and the ZIP code and surrounding value context are unknown, so any upside from area growth cannot be substantiated from the provided data.",Unknown ZIP and surrounding value context; no clear strict development overlap or verified nearby investment activity; development match quality is low; crime risk and neighborhood conditions are unknown; ownership details are limited (owner name unknown).,ZIP code; detailed neighborhood and market context; condition of the residential improvement; confirmation of occupancy or structures on site; title status and liens beyond tax delinquency; crime and school data; any independent evidence of nearby public or private investment.,"Manually verify parcel location and neighborhood quality using mapping and county records, confirm existing improvements and property condition, and pull additional local planning, zoning, and sales data to assess value and risk before bidding.",High
29775-02-26-05800,6.0,Strong Manual Review Candidate,True,Research First,False,nan,"The parcel at 1923 N MAIN ST E in Tulsa is a residential improvement property with a bid cost of 4,778.85 and clear legal description and address, which supports basic clarity and makes it a strong manual review candidate. Rule-based scoring is relatively high (6.0), but there is no confirmed nearby public or private development activity and the development match strength is explicitly marked as No Clear Match with low quality. ZIP and detailed neighborhood context are missing, so upside from area growth cannot be assumed. Overall, the combination of low entry cost and clear parcel data justifies manual review, but not a positive investment classification at this stage.",Unknown ZIP and neighborhood context; no verified development or revitalization signal; condition of existing residential improvements is unknown; surrounding property values and crime risk are unknown; ownership listed as Unknown may complicate title or redemption issues.,Exact ZIP code; detailed neighborhood and corridor context; current structure condition and occupancy; recent comparable sales or assessed values nearby; confirmation of clear title and any liens beyond taxes; any code violations or demolition orders.,"Confirm precise location and ZIP, pull county assessor and GIS records for structure details and valuation, check for code enforcement or demolition history, and review title and lien status to determine whether the low bid cost reflects hidden physical or legal issues.",Medium
05075-93-24-08770,6.0,Strong Manual Review Candidate,True,Research First,False,nan,AI review failed validation; fallback rule-based review used.,ZIP unknown; development upside not clearly supported; no clear strict development overlap,reasoning_summary not grounded enough,"Drive-by, title review, and strict location verification",High
13775-02-12-01430,6.0,Strong Manual Review Candidate,True,Research First,False,nan,AI review failed validation; fallback rule-based review used.,ZIP unknown; development upside not clearly supported; no clear strict development overlap,reasoning_summary not grounded enough,"Drive-by, title review, and strict location verification",High
57370-72-13-63370,6.0,Strong Manual Review Candidate,True,Research First,False,nan,"The parcel at 1018 E 144 PL S in the City of Glenpool is a residential improvement (R IMP) lot in Kendalwood Estates Addn I with a relatively low bid cost of 4,845.40 and high data confidence. Address and property clarity are strong, making it a solid candidate for further investigation. However, there is no confirmed nearby public or private development activity tied to this specific area, and the ZIP code and surrounding value context are unknown, so any upside from development cannot be assumed.",Unknown ZIP and surrounding value context; no verified development or revitalization activity in the immediate area; development match quality is low with no clear overlap; crime risk is unknown; ownership details are unclear (owner name unknown).,Exact ZIP code; current market value and comps for Kendalwood Estates Addn I; condition and occupancy status of the residential improvement; confirmation of utilities and access; any code violations or liens beyond taxes; neighborhood crime and school context; evidence of nearby public or private investment.,"Manually verify the parcel’s exact location and ZIP, pull recent sales and assessed values for comparable properties in Kendalwood Estates Addn I, and obtain on-the-ground or photographic confirmation of structure condition and occupancy before considering a bid.",Medium
91407-14-07-52320,5.7,Strong Manual Review Candidate,True,Research First,False,nan,"The parcel is approximately 9.875 acres (A IMP) in the City of Owasso with a bid cost of 4849.58, which is a low entry point relative to the reported acreage and suggests potential value if the improvements and access are confirmed. Rule-based scoring flags it as a Strong Manual Review Candidate, supported by moderate property clarity and partial address quality. However, strict development matching finds no clear match and low-quality signals, so there is no substantiated external investment or corridor story to elevate its priority beyond intrinsic land/improvement value. Data confidence is only medium and the ZIP is unknown, so location precision and market context require human verification.",Unknown ZIP and partially specified address limit precise location and comp analysis; no clear strict development overlap or documented public/private investment nearby; development signal is low and match quality is low; improvement type and condition are not described despite A IMP classification; potential access issues given only a section-legal description and reference to road right-of-way; owner name listed as Unknown may complicate title and redemption research.,"Exact street number and ZIP code; confirmation of legal access from E 106 ST N; detailed description of existing improvements (type, use, condition, utilities); current zoning and allowable uses for W/2 W/2 SE SE LESS S16.5 FOR RD SEC 7 21 14; surrounding land use and comparable sale or assessed values; any liens, environmental issues, or easements beyond the road carve-out; confirmation that the 9.875 acres figure is accurate and not encumbered by additional rights-of-way.","Manually map the legal description to confirm the precise location, access from E 106 ST N, and that the 9.875 acres are usable; then pull county zoning, improvement records, and any available aerials to verify what the A IMP classification represents and whether the parcel’s size and use justify the 4849.58 bid as a low-risk land/improvement acquisition.",Medium
19275-03-34-02480,6.0,Strong Manual Review Candidate,True,Research First,False,nan,"The property at 1407 N BRADEN AV E in the City of Tulsa is a residential improvement (R IMP) with a relatively low bid cost of 4,850.84 and high data confidence, and the address and legal description are clear. Rule-based scoring classifies it as a strong manual review candidate. However, there is no confirmed nearby public or private development activity (development match strength is 'No Clear Match' with low quality), so any development-driven upside is unsubstantiated at this stage.","ZIP code is unknown; no verified surrounding value or crime risk data; no clear strict development overlap or documented investment activity; development signal is low, so appreciation potential from nearby projects is uncertain.",Exact ZIP code; detailed property condition; surrounding market values and rental potential; crime and neighborhood stability indicators; any liens or title complications beyond the tax issue.,"Manually confirm the exact location and ZIP, obtain on-the-ground or recent imagery/inspection for structure condition, and pull nearby sales/rent comps to validate whether the low bid cost aligns with local values and risk.",Medium
17950-92-04-05170,6.0,Strong Manual Review Candidate,True,Research First,False,nan,"The parcel at 4413 W 3 ST S in Tulsa is a residential improvement (R IMP) lot with a relatively low bid cost of 4,853.82 and high data confidence, making it a strong manual review candidate per rule-based scoring. Address and property clarity are strong, but there is no credible strict development match and surrounding value or crime risk are unknown, so upside from nearby investment cannot be assumed.","No clear development overlap or verified investment activity; ZIP code and precise neighborhood context are unknown; surrounding value and crime risk are not available; ownership details are unclear (owner name unknown), which may indicate potential title or notification complexities.",Exact ZIP code and neighborhood context; any confirmed nearby public or private development projects; current property condition and occupancy; title status and liens beyond tax delinquency; local market rents/sales for similar residential improvements.,"Manually map the parcel using the legal description (LT 5 BLK 5, HAYDEN-LEWIS SECOND ADDN, CITY OF TULSA) and address to confirm neighborhood quality, then pull local sales and rent comps and check county records for title, liens, and any code or nuisance issues.",Medium
62075-91-11-09360,6.0,Strong Manual Review Candidate,True,Research First,False,nan,"The parcel at 800 N MCKINLEY AV E in the Oak Ridge Addition, Sand Springs, is classified as residential improved (R IMP) with a bid cost of 4,857.51 and high extraction/data confidence. Address and legal description are clear, and rule-based scoring marks it as a strong manual review candidate. However, strict development matching finds no clear overlap with known projects and provides only a low-quality development signal, so any development upside is unsubstantiated. The unknown ZIP and lack of surrounding value or crime data further limit automated assessment.","No clear development or investment activity match; ZIP and precise market context unknown; surrounding value and crime risk are unknown; owner listed as unknown, which may indicate title or notification complexities; development signal explicitly low, so appreciation potential from nearby projects is not supported by current data.",Exact ZIP code; recent sales or assessed value context for the parcel and block; surrounding neighborhood value trends; crime and school context; condition of existing improvements; any liens or encumbrances beyond tax status; verification of ownership and occupancy status.,"Manually confirm parcel location and ZIP, then pull county assessor and recorder records for structure details, assessed value, ownership chain, and any additional liens; follow with a targeted neighborhood check (street-level imagery or in-person) to assess property condition and block stability.",Medium
17925-92-04-04250,6.0,Strong Manual Review Candidate,True,Research First,False,nan,"The property at 316 S 48 AV W in Tulsa is a residential improvement (R IMP) with a relatively low bid cost of 4,902.17 and high data confidence, making it a strong manual review candidate. Address and parcel details are clear, but the ZIP code and surrounding value context are unknown. Strict development matching shows no clear match and low-quality signals, so there is no confirmed development-driven upside.",Unknown ZIP and neighborhood context; no confirmed nearby public or private investment activity; surrounding value and crime risk are unknown; physical condition and occupancy status are not provided.,ZIP code; neighborhood and school context; property condition and age; current occupancy or tenancy; surrounding property values and market rents; any liens or code violations beyond tax status.,"Confirm the exact ZIP and neighborhood for 316 S 48 AV W, then pull recent sales and rent comps, verify structure type and condition via on-site or street-view inspection, and check for additional liens or code issues to validate whether the low bid cost reflects opportunity or underlying problems.",Medium
06625-92-27-02490,6.0,Strong Manual Review Candidate,True,Research First,False,nan,"The parcel at 4648 S 31 AV W in Tulsa is a residential improvement (R IMP) with clear address and legal description (Lots 14 and 15, Block 8, Carbondale, City of Tulsa). The bid cost of 4950.17 is moderate for an improved residential tax auction property, and rule-based scoring marks it as a strong manual review candidate. However, strict development matching finds no clear overlapping project or corridor, and development signal is low, so there is no evidence-based development upside. The unknown ZIP and lack of surrounding value or crime data mean location quality and risk must be verified manually.","No confirmed nearby development or investment activity; ZIP code unknown; surrounding value and crime risk unknown; property condition and occupancy status not provided; owner listed as unknown, which may complicate title or redemption review.","ZIP code; detailed neighborhood and market context; property condition, structure details, and utilities; occupancy status; title status and any additional liens; surrounding sales or rental benchmarks; crime and school context.","Manually verify the exact location and ZIP, pull county records for structure details and any additional liens, confirm occupancy and physical condition via drive-by or local contact, and assess neighborhood comparables to determine whether the moderate bid cost is justified absent clear development tailwinds.",High
45450-94-06-10580,6.0,Strong Manual Review Candidate,True,Research First,False,nan,"The parcel at 436 S 109 AV E in Tulsa is a residential improvement (R IMP) with clear legal description (LT 3 BK 19, WAGON WHEEL ADDN) and high extraction confidence. The bid cost of 4952.17 is moderate relative to the noted 8,050 figure, and rule-based scoring classifies it as a Strong Manual Review Candidate. However, strict development matching finds no clear nearby public or private investment activity, and development signal is low, so any value-add from area growth is unsubstantiated. Overall, the property merits manual review as a potentially straightforward residential lot/structure opportunity without documented development-driven upside.","ZIP code is unknown, limiting precise locational and comp analysis; no clear strict development overlap or identified surrounding value signal; development match quality is low with no specific project or corridor linkage; crime risk and neighborhood quality are unknown.",Exact ZIP code; details on existing structure condition and occupancy; lot size and building square footage; zoning specifics beyond R IMP label; recent sales or assessed value context; neighborhood crime and amenity profile; any unrecorded local infrastructure or private development plans.,"Confirm the exact ZIP and map the parcel within Tulsa to evaluate neighborhood context, then obtain county assessor records for structure details, lot size, and valuation history, followed by a drive-by or photo review to assess physical condition and any obvious code or occupancy issues.",High
17025-02-36-12170,6.0,Strong Manual Review Candidate,True,Research First,False,nan,"The parcel at 1173 N FRANKFORT AV E in the Greenwood Addn is a residential improvement (R IMP) with a bid cost of 4,974.16 and high extraction confidence. Rule-based scoring classifies it as a strong manual review candidate, driven by complete address data and strong property clarity. However, strict development matching finds no clear project or corridor overlap and only a low-quality match, so there is no substantiated development upside. The unknown ZIP and lack of surrounding value or crime data further limit automated assessment, warranting human review rather than an automated green light.","No clear or credible development match; ZIP code unknown; surrounding value and crime risk are unknown; owner information is not specified beyond 'Unknown'; development signal is low, so future appreciation potential from nearby projects is unsubstantiated.",Exact ZIP code; detailed neighborhood and market context; condition of the residential improvement; current occupancy or structures on-site; surrounding property values and comps; crime and nuisance profile; title status beyond tax auction; any code violations or liens beyond taxes.,"Manually verify the exact location and ZIP, inspect or obtain recent imagery of the structure, pull local sales and rent comps for Greenwood Addn, and check county records for title issues, code enforcement actions, and any unrecorded development or infrastructure plans affecting this block.",Medium
40850-02-12-07500,6.0,Strong Manual Review Candidate,True,Research First,False,nan,"The parcel at 534 E 48 PL N in Tulsa is a residential improvement (R IMP) lot in the Suburban Acres Third Addition with a bid cost of 4,985.56. Data extraction confidence is high, the address is complete, and property clarity is strong, which supports further review. However, there is no clear strict development match and development signal is low, so any value must be justified by property-level factors rather than area-wide investment trends.",Unknown ZIP and surrounding value context; no confirmed nearby public or private development activity; development match quality is low with no clear overlap; crime and neighborhood risk are unknown.,"Exact ZIP code; current structure condition and occupancy; neighborhood and block-level market values; crime and safety profile; code enforcement or lien issues beyond taxes; access, utilities, and any title complications.","Manually verify the parcel’s exact location and ZIP, then obtain recent photos or an on-site inspection to confirm structure condition and occupancy, followed by a check of local sales/rent comps and any additional liens or code violations.",High
56600-92-20-00740,6.8,Strong Manual Review Candidate,True,Research First,False,Weak match removed; previous match was based on generic location wording.,"The parcel at 3310 S 61 AV W (R IMP) has high data confidence, complete address, and strong property clarity with a bid cost of 4,992.83 against a referenced value of 76,289, which triggered a Strong Manual Review Candidate rule-based score of 5.8. However, strict development matching reports No Clear Match and Invalid Weak Match with a warning that the earlier overlap was only generic to Tulsa, so there is no verified development-driven upside. The combination of low entry price, improved property type, and solid data quality justifies manual review despite the lack of confirmed surrounding investment signals.",No credible development overlap; development signal is low; ZIP code is unknown; surrounding value and crime risk are unknown; upside case depends mainly on property-level economics rather than area-wide investment activity.,"ZIP code, detailed property characteristics (structure size, condition, year built, occupancy), neighborhood crime and market context, and any verified nearby public or private projects are not provided.","Manually verify the exact location and ZIP, pull property card and imagery to assess structure condition and occupancy, and check local planning or news sources for any specific projects near 3310 S 61 AV W or Berry Hill Acres that are not captured in the strict development matching.",High
04350-02-25-02620,6.0,Strong Manual Review Candidate,True,Research First,False,nan,"The parcel at 1537 N NORFOLK AV E in the Booker Washington Addition has high data confidence, a complete address, and a relatively low bid cost of 4,993.50 against a listed 9,000 value, which supports preliminary interest. Rule-based scoring classifies it as a Strong Manual Review Candidate. However, strict development matching finds no clear nearby public or private investment activity, and development signal is low, so any upside must be evaluated on property-specific factors rather than area-wide projects.","ZIP code is unknown; no verified surrounding value or crime data; no clear development or revitalization projects identified nearby; property type B IMP suggests an improvement but with no detail on condition, occupancy, or code status; owner listed as Unknown may indicate title or notification complexities.",Exact ZIP code; current structure condition and habitability; occupancy status; code enforcement or demolition orders; detailed title history and liens beyond taxes; utility status; comparable sales or rents in the immediate area; neighborhood crime and stability indicators.,"Confirm parcel location and ZIP in county GIS, then pull assessor and code-enforcement records to verify structure condition, any nuisance or demolition actions, and additional liens; follow with a quick market check of nearby sales/rents in the Booker Washington Addition to see if the 9,000 value and a ~5,000 bid are justified.",High
06100-02-26-00080,6.0,Strong Manual Review Candidate,True,Research First,False,nan,AI review failed validation; fallback rule-based review used.,ZIP unknown; development upside not clearly supported; no clear strict development overlap,reasoning_summary not grounded enough,"Drive-by, title review, and strict location verification",High
91316-13-16-06510,6.5,Strong Manual Review Candidate,True,Research First,False,Weak match removed; previous match was based on generic location wording.,"The parcel at 10500 N YALE AV E has high extraction confidence, a complete address, and a clear legal description indicating roughly 1.989 acres with a mobile home excluded. The rule-based system scores it 5.8 and flags it as a strong manual review candidate, supported by a moderate bid cost of 5,056.93 and strong property clarity. However, strict development matching finds no clear or valid nearby project, and the earlier generic Tulsa overlap was discarded as an invalid weak match. With ZIP and city unspecified and no confirmed surrounding value or crime data, the property merits manual review but cannot be elevated to a good-investment category at this stage.","No verified development or investment projects nearby; development signal explicitly low with an invalid weak match removed; ZIP and city are unknown, limiting location-specific valuation and risk assessment; surrounding value and crime risk are both unknown; mobile home is not included, so existing improvements may be limited or excluded from value.",Exact city and ZIP code; confirmation of current land use and access; details on utilities and zoning; any structures or improvements included beyond the excluded mobile home; surrounding property values and market demand; crime and neighborhood quality indicators.,"Manually confirm the precise location and jurisdiction of 10500 N YALE AV E (city and ZIP), then pull county records and mapping data to verify zoning, access, utilities, and any included improvements, followed by a check of recent nearby sales or assessments to gauge land value relative to the 5,056.93 bid cost.",High
08375-03-29-02800,6.0,Strong Manual Review Candidate,True,Research First,False,nan,"The parcel at 2141 N DELAWARE AV E (R HS IMP) has high data and extraction confidence, a complete address, and a moderate bid cost of 5,074.15, which collectively support its classification as a strong manual review candidate. However, strict development matching finds no clear project, neighborhood, or corridor overlap, and the development signal is low, so it should not be elevated based on speculative growth or public/private investment activity.",ZIP code is unknown; no confirmed surrounding value or crime data; no clear development or revitalization project overlap; development upside is not supported by current matching; owner name unknown may signal title or notification complexities.,Exact ZIP code; surrounding sales or value context; neighborhood crime and stability indicators; structure condition and occupancy status; any liens or code enforcement issues; confirmation of utilities and access.,"Manually verify parcel location and ZIP, then pull county records for title status, structures, and any liens or code issues; follow with a drive-by or recent imagery review to assess property condition and neighborhood stability before setting a maximum bid threshold.",High
41100-92-34-03610,6.0,Strong Manual Review Candidate,True,Research First,False,nan,"The parcel at 5902 S 31 AV W in Tulsa is clearly identified (high extraction confidence, complete address, R IMP residential improvement type) with a bid cost of 5,074.82 and a rule-based score of 6.0, which places it in the Strong Manual Review Candidate category. However, strict development matching found no specific overlapping project or corridor, and development signal is low. This makes the property suitable for further manual review as a potentially straightforward residential investment rather than a development-driven play.","ZIP code is unknown, limiting precise neighborhood and value context; no clear strict development overlap or documented investment activity to support appreciation from area improvements; surrounding value and crime risk are both unknown; owner name is unknown, which may signal additional title or notification complexity.",Exact ZIP code; detailed neighborhood and market context; structure condition and occupancy status; surrounding property values and rental levels; crime and code enforcement history; title status beyond tax delinquency; any pending liens or municipal issues.,"Confirm the exact ZIP and map the parcel to verify neighborhood context, then pull county records for title, liens, and structure details, followed by a drive-by or photo-based condition check to determine whether the residential improvement justifies the 5,074.82 bid level in the absence of clear development tailwinds.",High
22200-03-36-00370,6.0,Strong Manual Review Candidate,True,Research First,False,nan,"The property is a residential improved parcel (R HS IMP) in Tulsa with a complete address, clear legal description (LT 7 BLK 3, LAYMAN ACRES, CITY OF TULSA), and a relatively low bid cost of 5094.88. Rule-based scoring classifies it as a Strong Manual Review Candidate with high data confidence. However, strict development matching shows no clear match and low quality, so no development-driven upside can be assumed. Overall, the combination of low entry cost and clear parcel data justifies manual review, but not a positive investment classification at this stage.",ZIP code is unknown; no verified surrounding value or crime risk data; no clear development overlap or documented public/private investment nearby; development signal is low; upside case is unproven and must not rely on speculative area growth.,"Exact ZIP code; detailed neighborhood context; condition of improvements; surrounding property values and market demand; crime and nuisance profile; any liens or encumbrances beyond tax status; access, utilities, and zoning specifics beyond the R HS IMP label.","Confirm exact location and ZIP, then obtain on-the-ground or recent imagery to assess structure condition and occupancy, followed by a check of local comparables and title/encumbrance status to validate whether the low bid cost aligns with market value and risk.",Medium
43775-93-05-22530,8.0,Strong Manual Review Candidate,True,Research First,True,"Parcel at 208 S HARVARD AV E has a high-confidence, strong match to the Tulsa Market District / NOMA residential hub corridor along Route 66, where a 256-unit mixed-use residential hub has been developed as part of a broader revitalization effort focused on walkability, reactivation of vacant spaces, and new commercial activity.","The property is a residential improvement (R IMP) lot in the City of Tulsa (LT 5 BLK 11, UNIVERSITY PARK) with a complete street address and high extraction confidence. The bid cost of 5098.15 is moderate for a tax auction context and the rule-based system assigns a high score (8.0) with a Strong Manual Review Candidate category. A strict development match with high confidence links this parcel’s Harvard corridor location to the Tulsa Market District / NOMA residential hub initiative, which is explicitly described as part of a broader revitalization effort. This credible, high-quality development signal, combined with clear property data and positive surrounding value signal, supports elevating the parcel for closer underwriting.","ZIP code is unknown, limiting quick comparables and precise locational analysis; ownership details are unclear (Owner Name: Unknown), which may complicate title and redemption research; crime risk is unknown; no direct information on current structure condition, occupancy, or code issues despite the R IMP classification.",Exact ZIP code; current physical condition of improvements; occupancy status; detailed title history and any liens beyond tax delinquency; zoning specifics and any overlay districts; recent comparable sales or rents in the immediate Harvard / Tulsa Market District segment; confirmation of precise proximity to the NOMA hub and Route 66 frontage or access.,"Verify parcel mapping and zoning for LT 5 BLK 11 UNIVERSITY PARK at 208 S HARVARD AV E, then pull county records for title, liens, and structure details, followed by a targeted review of its exact location relative to the Tulsa Market District / NOMA hub to confirm that the property directly benefits from the identified revitalization corridor.",High
74985-94-20-10040,6.0,Strong Manual Review Candidate,True,Research First,False,nan,"The parcel at 12608 E 31 PL S in Tulsa is a residential improved property (R HS IMP) with clear legal description (LT 2 BLK 2, BRIARGLEN MEADOWS), complete address, and high extraction confidence. The bid cost of 5104.84 is moderate for an improved residential parcel, and rule-based scoring classifies it as a strong manual review candidate. However, strict development matching finds no clear overlapping project or corridor, and development signal is low, so any appreciation from nearby investment cannot be relied upon.","ZIP code is unknown, limiting precise neighborhood and value context; no confirmed public or private development activity nearby to support upside; development match quality is low with no clear match; surrounding value and crime risk are unknown.",Exact ZIP code; detailed neighborhood and market comps; structure condition and occupancy status; title issues beyond tax delinquency; code enforcement or liens; utilities and access details; any planned infrastructure or private projects not captured in the provided development data.,"Confirm the exact ZIP and neighborhood context for 12608 E 31 PL S, then obtain recent sales and rent comps plus a basic condition/occupancy check to determine whether the moderate bid cost of 5104.84 is justified for this improved residential parcel in Briarglen Meadows.",High
85315-72-15-46520,6.0,Strong Manual Review Candidate,True,Research First,False,nan,"The parcel at 14623 S VANCOUVER AV (LT 2 BLK 8 W, ROLLING MEADOWS II, CITY OF GLENPOOL) is a residential improved property (R HS IMP) with a bid cost of 5178.06. Data confidence is high, the address is complete, and the property type is clear, which supports the rule-based score of 6.0 and classification as a strong manual review candidate. However, there is no credible strict development match and no explicit surrounding value or crime data, so any value-add or appreciation potential from area investment cannot be confirmed from the provided information.","Unknown ZIP and broader market context; no clear strict development overlap or documented nearby investment activity; surrounding value and crime risk are unknown; ownership details are limited (owner name unknown), which may signal potential title or notification complexities.",Exact ZIP code; detailed neighborhood and market comps; condition of the improvements; occupancy status; title status and liens beyond tax; any known code violations; crime and school context; confirmation of utilities and access.,"Manually verify parcel and address with county records (including ZIP and GIS mapping), pull recent sales and assessed values in Rolling Meadows II and nearby Glenpool subdivisions, and obtain property condition and title reports to determine whether the improved residential asset justifies the 5178.06 bid in the absence of clear development tailwinds.",Medium
11575-03-35-04690,6.0,Strong Manual Review Candidate,True,Research First,False,nan,"The parcel at 7320 E LATIMER PL N in Tulsa is a residential improved property (R HS IMP) with a relatively low bid cost of 5,182.52 and high data confidence, making it a reasonable candidate for manual review. Address and property details are clear, and the rule-based system flags it as a strong manual review candidate. However, there is no confirmed development overlap or identified surrounding value signal, and the ZIP code is unknown, limiting location precision and upside assessment.","Unknown ZIP code and limited locational precision; no clear supporting development or revitalization activity; surrounding value and crime risk are unknown; ownership details are unclear (owner name unknown), which may indicate potential title or notification complexities.",Exact ZIP code; detailed neighborhood context; condition of the residential improvements; surrounding property values and market demand; crime and school data; any liens or encumbrances beyond tax status; confirmation of utilities and access.,"Verify the precise location and neighborhood context (including ZIP) via county GIS or mapping tools, then pull recent comparable sales and rent data for similar residential improved properties in the immediate area to assess realistic exit value relative to the 5,182.52 bid cost.",Medium
12060-94-08-20510,7.0,Strong Manual Review Candidate,True,Research First,False,nan,"The property is a residential improved parcel (R HS IMP) in the City of Tulsa, EAST PORT ADDN, with a relatively modest bid cost of 5185.69 and strong data clarity (complete address, clear legal description, high extraction confidence). Rule-based scoring classifies it as a Strong Manual Review Candidate. However, there is no confirmed nearby public or private development activity (development_match_strength is No Clear Match and quality is Low), so any development upside is unsubstantiated. The unknown ZIP and lack of surrounding value or crime data mean location quality and risk are not yet known.",ZIP code and precise neighborhood context are unknown; no verified development or revitalization activity nearby; surrounding property values and rental/sale demand are unknown; physical condition of the improvements is completely unknown; crime risk and local nuisance factors are not provided.,Exact ZIP code; neighborhood and school context; current physical condition of structures and land; recent comparable sales or assessed values; occupancy status; code violations or liens beyond the tax issue; crime and nuisance data; any planned infrastructure or private development not captured in the strict match.,"Manually confirm the exact location and ZIP, then pull recent comparable sales and assessed values for EAST PORT ADDN and nearby blocks to estimate after-tax-auction value; follow with a drive-by or photo-based condition check and a title/encumbrance review to identify any non-tax liens or code issues.",Medium
98434-84-34-00350,5.7,Strong Manual Review Candidate,True,Research First,False,nan,"The parcel is flagged by the rule-based system as a Strong Manual Review Candidate (score 4.7) with a moderate bid cost of 5186.14 and medium data confidence. The legal description indicates a partial NE/NE tract in the City of Broken Arrow, but the address and ZIP are unknown, and the property type is only coded as A without further detail. Strict development matching provides no usable signal (Unknown strength, Low quality, no project details), so no development-driven upside can be assumed. These factors justify manual review to clarify basic attributes and potential value, but the current information is too incomplete for a stronger preliminary rating.","1) Location uncertainty: address and ZIP are unknown, only a metes-and-bounds legal description in Broken Arrow is provided; 2) Configuration risk: partial NE/NE tract with complex boundary calls may result in irregular shape, limited access, or easement issues; 3) Development uncertainty: strict development match is Unknown strength and Low quality with no project details, so no confirmed public/private investment nearby; 4) Title/encumbrance risk: owner name listed as Unknown and no information on liens, access rights, or improvements; 5) Data quality: extraction confidence is Medium, increasing the chance of description or classification errors.",Exact site location (mapped coordinates or full street address and ZIP); current zoning and permitted uses; parcel size/acreage and shape; access/road frontage details; presence or absence of utilities and improvements; confirmation of current owner of record and any liens or encumbrances; verification of the legal description against county records; any recent sales or assessed value trends beyond the raw auction text.,"Use the parcel ID 98434-84-34-00350 and the legal description to pull the official parcel map and deed from Tulsa County records, confirm the exact boundaries, acreage, and access, then obtain zoning and use information from the City of Broken Arrow to determine whether the configuration and location support practical use or resale at a value that justifies the 5186.14 bid.",Medium
99027-90-27-68130,6.3,Strong Manual Review Candidate,True,Research First,False,Weak match removed; previous match was based on generic location wording.,"The parcel at 4321 S 225 AV W (Parcel 99027-90-27-68130) has a strong rule-based score (5.8) and high data confidence, with a complete address and clear property type (R IMP). The bid cost of 5198.99 against an indicated value line of 169,012 suggests potential pricing leverage worth manual review. However, strict development matching reports No Clear Match with an Invalid Weak Match warning, so there is no reliable evidence of surrounding development or infrastructure investment to enhance upside. Overall, this is a solid manual review candidate on pricing and clarity grounds, but not on documented development momentum.","No verified development or infrastructure projects nearby; prior development match was a weak generic Tulsa reference and has been discarded. ZIP code and city are not specified, limiting precise location and comp analysis. Owner name is unknown, which may complicate title research. Development signal is explicitly Low, and surrounding value and crime risk are both Unknown, increasing uncertainty about neighborhood quality and exit options.","Exact ZIP code and city designation; detailed site characteristics (acreage, access, utilities, zoning specifics); condition and details of the residential improvement; confirmation of market value beyond the single 169,012 figure; neighborhood context including surrounding property values and crime risk; any liens, encumbrances, or title issues beyond tax status.","Manually map the parcel using the legal description and address to confirm precise location, then pull county records for zoning, lot size, and improvement details, followed by a quick comp and neighborhood check to validate whether the apparent discount versus the 169,012 value line is real and whether local conditions support a viable resale or rental strategy.",High
30950-03-33-14960,6.0,Strong Manual Review Candidate,True,Research First,False,nan,"The parcel at 3337 E KING PL N in Tulsa is clearly identified with high data confidence, a complete address, and a residential improvement classification. The bid cost of 5203.47 is moderate for a Tulsa County tax auction, and rule-based scoring flags it as a strong manual review candidate. However, strict development matching found no clear overlap with any known project or corridor, and the development signal is low. With no ZIP code and no corroborated development activity, the property appears to be a straightforward residential investment candidate rather than a strategic development play, but the clarity of the record and manageable bid level justify human review.",Unknown ZIP code limits precise neighborhood and value context; no clear strict development overlap reduces confidence in future appreciation from area projects; development signal is low; owner listed as Unknown may indicate title or notification complexities.,Exact ZIP code and neighborhood context; current physical condition of the residential improvement; occupancy status; any code violations or liens beyond the tax issue; recent comparable sales or rental data; detailed title history and potential encumbrances.,"Confirm the exact location and ZIP code, then pull local parcel, zoning, and code-enforcement records to assess structure condition, compliance issues, and neighborhood context before considering a bid level above the minimum.",Medium
12150-93-11-01280,6.0,Strong Manual Review Candidate,True,Research First,False,nan,"The parcel at 7519 E 13 ST S in Tulsa is a residential improvement (R IMP) in the CITY OF TULSA | EASTMOOR PARK with a bid cost of 5,222.14. Data quality is high, the address is complete, and the property description is clear, which supports the rule-based score of 6.0 and classification as a strong manual review candidate. However, strict development matching found no clear overlap with known projects, and development signal is low, so any appreciation from nearby investment is unsubstantiated.",ZIP code is unknown; no verified nearby development or corridor investment to support upside; surrounding value and crime risk are unknown; owner listed as Unknown may indicate title or contact challenges.,Exact ZIP code; current and past assessed values; structure details and condition; occupancy status; surrounding sales and rental comps; code enforcement or nuisance history; title status and any additional liens beyond the tax obligation.,"Pull county assessor and recorder records for this parcel to confirm ZIP, building characteristics, assessed value history, and any additional liens, then perform a quick street-level or satellite review to gauge property condition and neighborhood context before deeper financial modeling.",High
56900-92-20-02220,6.8,Strong Manual Review Candidate,True,Research First,False,Weak match removed; previous match was based on generic location wording.,"The parcel at 6115 W 39 ST S (LT 9 BLK 2, Pleasure Acreage Second Addn) has high extraction confidence, a complete address, and is classified as R IMP, indicating an improved residential property. The rule-based system assigns a 5.8 score and flags it as a strong manual review candidate, with a moderate bid cost of 5,224.32 against an indicated value of 18,800. However, strict development matching shows no clear match and the earlier generic Tulsa overlap was removed as an invalid weak match, so there is no supported development upside. Overall, the property merits manual review on its own fundamentals, not on area development.","ZIP and city are unknown; no credible development or revitalization signal; surrounding value and crime risk are unknown; ownership details are unclear (owner name unknown); physical condition, occupancy, and title status are not provided.",Exact ZIP code and city; detailed neighborhood and surrounding value data; crime and safety indicators; current structure condition and occupancy; utility status and access; title report including liens and encumbrances; zoning specifics beyond R IMP classification; recent comparable sales or rental data.,"Obtain a full title search and tax status report, then verify the physical condition and occupancy of the improvement at 6115 W 39 ST S via drive-by or inspection, and supplement with basic neighborhood and comp checks to confirm whether the indicated value of 18,800 is realistic relative to the 5,224.32 bid cost.",High
54225-03-06-05290,6.8,Strong Manual Review Candidate,True,Research First,False,Weak match removed; previous match was based on generic location wording.,"The parcel at 6439 N WHEELING AV E (LT 6 BLK 2, STEBBINS RESUB B8 & PRT B7, TULSA COUNTY) has high data confidence, a complete address, and a relatively modest bid cost of 5,224.79, which together drive a strong rule-based manual review score (5.8). However, strict development matching reports no clear match and explicitly flags the earlier generic Tulsa overlap as an invalid weak match, so there is no substantiated development or revitalization signal to elevate its priority beyond a typical tax auction residential improvement opportunity.","ZIP code and city are unspecified; no credible nearby public or private development activity is confirmed; development match warning indicates prior signals were generic and unreliable; surrounding value and crime risk are both unknown, limiting context for neighborhood quality and resale or rental potential.","Exact ZIP code, city confirmation, property condition, structure details (size, age, bed/bath count), occupancy status, surrounding property values, neighborhood crime and school context, and any code enforcement or lien history are not provided.","Verify the precise location and neighborhood context for 6439 N WHEELING AV E using county GIS and assessor records, then obtain property-level details (improvement characteristics, photos, condition, and any code or lien issues) to determine whether the moderate bid cost is justified absent any confirmed development tailwinds.",High
34750-02-26-07380,6.5,Strong Manual Review Candidate,True,Research First,False,nan,"The parcel at 2516 N MARTIN LUTHER (LT-3-BLK-1 KING JR B, RESERVOIR HILL ADDN CITY OF TULSA) has high data confidence, a complete address, and is classified as R IMP, indicating an improved residential property. The bid cost of 5271.47 is moderate for a residential improvement and the rule-based system flags it as a Strong Manual Review Candidate. However, strict development matching finds no clear overlap with any identified project or corridor, and development signal is low, so there is no documented external development tailwind. Overall, the combination of clear property data and moderate pricing justifies manual review despite the absence of confirmed development upside.","ZIP code and city details are unknown in the dataset; no verified nearby development or investment activity to support appreciation; development match quality is low with no clear match; surrounding value and crime risk are unknown; owner name is unknown, which may signal title or notification complexities.","Exact ZIP code, confirmed city designation, surrounding property values, neighborhood crime and stability indicators, condition of the existing improvement, occupancy status, title status and liens beyond tax, and any current or planned public/private projects in the immediate Reservoir Hill area.","Manually confirm the parcel’s exact location and ZIP in county GIS, verify structure presence and condition via recent imagery or drive-by, pull full title and lien history, and check local planning or capital improvement documents for any projects affecting the Reservoir Hill Addition or N Martin Luther corridor.",High
07700-02-13-02200,6.0,Strong Manual Review Candidate,True,Research First,False,nan,"The parcel at 4026 N ELGIN AV E in Tulsa is a residential improvement (R IMP) lot with clear legal description (LT 10, CHANDLER-FRATES 4TH ADDN RESUB L1-20 B7), complete address, and high extraction confidence. The bid cost of 5279.47 is moderate for a residential-improved tax auction asset, and rule-based scoring classifies it as a strong manual review candidate. However, strict development matching finds no clear overlapping project or corridor, and development signal is low, so any upside must be evaluated purely on property-level and block-level fundamentals during manual review.","ZIP code is unknown, limiting precise market and comp analysis; no verified surrounding development or corridor investment to support appreciation assumptions; development match quality is low with no clear match, so relying on area growth would be speculative.",Exact ZIP code; current structure condition and occupancy; title issues beyond tax delinquency; neighborhood crime and stability indicators; recent comparable sales or rents; any code violations or liens; utility status and access details.,"Confirm the correct ZIP and pull parcel-level records (assessor, code enforcement, and any liens), then obtain recent photos or an on-site drive-by to assess structure condition and block quality before modeling potential rehab or hold scenarios.",High
10475-92-08-00680,6.0,Strong Manual Review Candidate,True,Research First,False,nan,"The parcel at 1125 S 56 AV W in Tulsa is a residential improvement (R IMP) lot in Cunningham Addn with a relatively low bid cost of 5,289.47 and high data confidence. Address and property details are clear, and rule-based scoring (6.0) flags it as a strong manual review candidate. However, strict development matching finds no clear overlap with known projects, so any development-driven upside is unsubstantiated. It merits manual review as a potentially affordable residential asset, not as a targeted development play.","ZIP code is unknown, limiting precise neighborhood and comp assessment; no confirmed development or corridor investment nearby; surrounding value and crime risk are unknown; owner name is unknown, which may signal title or notification complexities.",Exact ZIP code; detailed neighborhood context and comps; structure condition and occupancy status; title status and any additional liens; zoning specifics beyond R IMP label; tax and code enforcement history.,"Confirm exact parcel location and ZIP, then pull county records for structure details, zoning, liens, and code violations, followed by a drive-by or recent imagery review to assess physical condition and neighborhood stability.",Medium
55425-91-07-00270,6.2,Strong Manual Review Candidate,True,Research First,False,Weak match removed; previous match was based on generic location wording.,"The parcel at 1702 S 168 AV W (LT 20 BLK 2, RIVER VALLEY ESTATES AMD) has a clear address and legal description, residential improved type (R HS IMP), and a moderate bid cost of 5,297.09, which together justify manual review. Rule-based scoring categorizes it as a strong manual review candidate. However, there is no valid strict development match and the earlier generic Tulsa-based match was flagged as an invalid weak match, so there is no supported development-driven upside. Unknown ZIP, unknown surrounding value, and unknown crime risk keep overall conviction moderate rather than high.","No verified development or investment activity nearby; prior development match was removed as an invalid weak match. ZIP and neighborhood context are unknown, so surrounding property values and demand are unclear. Crime risk and local market conditions are not provided. Physical condition of the residential improvements is unknown, which could materially affect total investment cost relative to the 5,297.09 bid.",Exact ZIP code and neighborhood context; surrounding sales or assessed values; condition and age of the residential improvements; occupancy status; any code violations or liens beyond taxes; crime and school quality indicators; local infrastructure or amenity details not tied to a verified development match.,"Confirm precise location and ZIP, then pull county records and mapping imagery for 1702 S 168 AV W and LT 20 BLK 2 RIVER VALLEY ESTATES AMD to assess neighborhood quality and improvement condition; follow with a drive-by or on-site inspection to evaluate the structure and verify that expected land use aligns with R HS IMP.",Medium
31125-92-27-16750,6.0,Strong Manual Review Candidate,True,Research First,False,nan,"The parcel at 4235 S 26 AV W in Tulsa is a residential improvement (R IMP) with a relatively modest bid cost of 5,302.80 and high extraction confidence, indicating solid basic data quality. Rule-based scoring classifies it as a Strong Manual Review Candidate, driven by complete address information and strong property clarity. However, strict development matching finds no clear nearby public or private investment activity, and development signal is explicitly low, so there is no evidence-based development upside. Overall, it merits manual review as a potentially straightforward residential investment but not as a development-driven opportunity.","ZIP code is unknown, limiting precise location and comp analysis; no clear strict development overlap or documented surrounding investment activity; development signal is low; owner name is unknown, which may complicate title or notification steps.","Exact ZIP code, detailed neighborhood context, structure condition, occupancy status, market value and rent comps, tax/municipal liens beyond the auction amount, and any code enforcement or environmental issues are not provided.","Confirm exact location and ZIP, pull county assessor and GIS records for structure details and land size, check title and liens, and review neighborhood-level sales and rent data to determine whether the 5,302.80 bid cost is supported by local residential values in the Red Fork/Park Addition area.",High
91213-12-13-51390,6.8,Strong Manual Review Candidate,True,Research First,False,Weak match removed; previous match was based on generic location wording.,"The parcel has a complete address, clear legal description, and high data confidence, with a moderate bid cost of 5325.25 and a rule-based score indicating a strong manual review candidate. However, strict development matching shows no clear match and the only prior signal was an invalid weak generic Tulsa overlap, so there is no supported development-driven upside. The property should be manually reviewed on its own merits rather than for proximity to confirmed public or private investment.",Unknown ZIP and city context; no verified surrounding value or crime data; no credible development overlap; development upside not clearly supported; ownership details unclear beyond tax record; rural or edge-of-urban location risk implied by legal description without corroborating context.,"Exact ZIP code and city context; surrounding land use and comparable values; physical condition of improvements; access, utilities, and zoning specifics; any local infrastructure or private projects not captured in the provided development data.","Manually map the parcel using the legal description and address, confirm zoning and access, and check local sales or assessed values to determine whether the 5325.25 bid cost is supported absent any development premium.",High
29650-03-07-03370,6.0,Strong Manual Review Candidate,True,Research First,False,nan,"The parcel at 1380 E 54 ST N in Tulsa is a residential improvement (R IMP) with a bid cost of 5339.46 and high extraction confidence. Address quality is complete and property clarity is strong, leading to a rule-based score of 6.0 and classification as a strong manual review candidate. However, strict development matching found no clear overlap with known projects, so development-driven appreciation cannot be relied upon.",ZIP code is unknown; no verified nearby development or corridor investment; development match quality is low with no clear match; surrounding value and crime risk are unknown.,Exact ZIP code; details on structure condition and occupancy; surrounding property values and market rents; local crime and nuisance factors; any code violations or liens beyond the tax issue; utility and infrastructure status.,"Confirm physical condition and occupancy of the residential improvement, verify exact location and ZIP, pull local sales and rent comps, and check for additional liens or code issues to validate whether the moderate bid cost aligns with realistic resale or rental potential.",High
29650-03-07-03310,6.0,Strong Manual Review Candidate,True,Research First,False,nan,"The parcel at 1577 E 53 ST N in Tulsa is a residential improvement (R IMP) lot in the CITY OF TULSA | NORTHRIDGE ADDN with a relatively low bid cost of 5347.46 and high extraction confidence. Address and property clarity are strong, and rule-based scoring classifies it as a Strong Manual Review Candidate. However, strict development matching finds no clear overlapping project or corridor, and development signal is low, so there is no verified external development upside to elevate its priority beyond standard manual review.","ZIP code is unknown, limiting precise location and comp analysis; no clear strict development overlap or documented investment activity to support appreciation assumptions; development match quality is low; surrounding value and crime risk are both unknown.","Exact ZIP code, neighborhood market metrics, condition of the existing improvement, surrounding property values, and any local crime or code enforcement history are not provided.","Manually confirm the exact location and ZIP, then pull local sales/rent comps and verify structure condition and occupancy status before bidding beyond the minimum.",High
13850-93-05-10530,6.0,Strong Manual Review Candidate,True,Research First,False,nan,AI review failed validation; fallback rule-based review used.,ZIP unknown; development upside not clearly supported; no clear strict development overlap,reasoning_summary not grounded enough,"Drive-by, title review, and strict location verification",High
22100-92-28-03130,6.0,Strong Manual Review Candidate,True,Research First,False,nan,"The parcel at 3904 W 41 PL S in the City of Tulsa is classified as R HS IMP, indicating an improved residential property, with a relatively modest bid cost of 5,361.41 and a clear legal description (LT-10-BLK-7, LAUREL HGTS ADDN). Data confidence is high and address quality is complete, which supports basic underwriting and makes it a strong candidate for manual review. However, strict development matching found no clear project, corridor, or neighborhood overlap, and the development signal is low, so there is no evidence of special appreciation or redevelopment upside beyond typical residential use.","ZIP code is unknown, limiting precise neighborhood and value context; no clear strict development overlap or documented public/private investment nearby to support a strong growth thesis; surrounding value and crime risk are both unknown; owner name is unknown, which may signal additional title or notification complexity.",Exact ZIP code and neighborhood context; current physical condition of the improvement; occupancy status; detailed title history and any liens beyond tax delinquency; surrounding property values and rental levels; local crime and nuisance conditions; any code enforcement or demolition orders.,"Confirm the exact ZIP and map the parcel within Laurel Heights Addition, then obtain a current exterior condition check (drive-by or recent imagery) and a preliminary title review to identify any additional liens or legal complications before deciding on bidding strategy.",High
10175-93-02-01530,8.5,Strong Manual Review Candidate,True,Research First,True,"Strong, high-quality match to the Tulsa Market District / NOMA residential hub along Route 66, with documented multifamily/mixed-use investment and corridor revitalization efforts that may enhance surrounding residential values and demand.","The parcel at 444 S 66 AV E in Tulsa is a residential improved property (R HS IMP) in Crest View Estates with a relatively low bid cost of 5,366.03 and high extraction/data confidence. Rule-based scoring classifies it as a Strong Manual Review Candidate. There is a strong, high-confidence development match to the Tulsa Market District / NOMA residential hub along the 66 corridor, indicating active investment in walkability, residential density, and commercial activity nearby. This credible corridor overlap and positive surrounding value signal elevate its priority for manual review despite limited property-specific detail.","ZIP code is unknown, limiting quick market comp checks; physical condition, occupancy, and any code or title issues are not provided; exact proximity and connectivity to the Tulsa Market District / NOMA hub along Route 66 are not quantified; owner listed as Unknown may indicate additional title or notification complexities.","Exact ZIP code; detailed location context within Tulsa (distance and access to the Tulsa Market District / NOMA hub); current structure condition and age; occupancy status; any liens, code violations, or demolition orders; zoning specifics beyond the R HS IMP label; utility status and access; recent comparable sales or rents in Crest View Estates.","Verify precise parcel mapping and ZIP code, then confirm distance and access to the Tulsa Market District / NOMA corridor along Route 66; obtain county records for title status, liens, and any code enforcement history; inspect or obtain recent photos to assess structure condition and habitability; and review local sales/rent data for Crest View Estates to gauge whether the low bid cost aligns with a favorable risk-return profile.",High
27875-92-11-03570,6.0,Strong Manual Review Candidate,True,Research First,False,nan,"The property at 701 S PHOENIX AV W in Tulsa is a residential improvement (R IMP) with a relatively modest bid cost of 5,389.46 and high extraction confidence, making the basic data reliable. Rule-based scoring labels it a Strong Manual Review Candidate, driven by complete address data and strong property clarity. However, strict development matching found no clear overlap with known projects and the development signal is low, so there is no evidence-based development upside. The unknown ZIP and lack of surrounding value data add uncertainty, but the combination of low entry cost and clear parcel information justifies manual review.","No clear development overlap or documented investment activity; ZIP code is unknown, limiting precise location and comp analysis; surrounding value and crime risk are unknown; development signal is low, so appreciation potential from nearby projects is not supported by the data.",Exact ZIP code; details on structure condition and occupancy; surrounding property values and market context; crime and neighborhood risk indicators; any zoning or code enforcement issues.,"Manually confirm the exact location and ZIP, then obtain on-the-ground or assessor data on structure condition, occupancy, and any code violations to determine whether the low bid cost for this residential improvement justifies the risk in an area without documented development tailwinds.",High
45350-94-06-07290,6.0,Strong Manual Review Candidate,True,Research First,False,nan,"The parcel at 310 S 105 PL E in Tulsa is a residential improvement (R IMP) lot in Wagon Wheel Addition with a relatively low bid cost of 5,390.12 and high extraction/data confidence. Address and legal description are clear (LT 11 BK 3), supporting basic underwriting and title research. Rule-based scoring flags it as a strong manual review candidate, but strict development matching finds no clear nearby project or area, so there is no verified development-driven upside. Overall, it merits manual review as a potentially straightforward residential asset, not as a speculative development play.","ZIP code is unknown, limiting precise neighborhood and comp alignment; no confirmed development or revitalization activity nearby; surrounding value and crime risk are both unknown; owner name is unknown, which may signal additional title or notification complexity; development match quality is low with no clear overlap, reducing confidence in appreciation from external projects.",Exact ZIP code and micro-neighborhood context; condition and occupancy status of the residential improvement; any code violations or liens beyond the tax issue; detailed surrounding property values and rental levels; crime and school quality indicators; confirmation of clear title and any HOA or subdivision restrictions in Wagon Wheel Addition.,"Confirm the precise ZIP and map the parcel within Tulsa to assess neighborhood quality, then pull county records for title status, structures, and any additional liens or code issues; follow with a drive-by or recent imagery review to verify the condition of the residential improvement and surrounding housing stock.",High
78810-84-11-09070,6.0,Strong Manual Review Candidate,True,Research First,False,nan,"The parcel at 424 E COLLEGE ST N in Broken Arrow is a residential improvement (R IMP) with a bid cost of 5,428.12 and a stated 9,100 figure in the raw auction text, suggesting a relatively low entry cost for a fully described lot (ALL LT 12 BLK 15 & E15 OF LT 11, CITY OF BROKEN ARROW, COLLEGE ADDN). Address quality and property clarity are strong, and rule-based scoring classifies it as a Strong Manual Review Candidate. However, there is no credible strict development overlap and the ZIP is unknown, so location quality and upside are not confirmed. These factors support manual review but not an automatic upgrade to a high-priority investment.","ZIP code and precise neighborhood context are unknown; no verified development or revitalization activity tied to this specific area; property condition, occupancy status, and any structures on the R IMP parcel are not described; surrounding value and crime risk are unknown; owner name is unknown, which may signal title or notification complexities.","Exact ZIP code; detailed neighborhood and street-level context; current physical condition of any improvements; occupancy status; title status and any liens beyond taxes; confirmation of the 9,100 figure in the raw text (assessed value vs. other metric); surrounding property values and marketability.","Confirm the parcel’s exact location and ZIP, then pull county records and mapping to verify structures, zoning, and neighborhood context; follow with a title check for liens and a site or street-view inspection to assess condition and resale or rental potential relative to the 5,428.12 bid cost.",Medium
20725-93-03-06410,6.0,Strong Manual Review Candidate,True,Research First,False,nan,"The property at 6330 E 4 PL S in Tulsa is an improved residential parcel (R IMP) with a relatively low bid cost of 5,429.45 and a clear legal description (LT 5 BLK 1) and address, and the extraction confidence and data confidence are both High. Rule-based scoring classifies it as a Strong Manual Review Candidate, mainly due to the combination of low entry price and strong property clarity. However, there is no clear strict development overlap or identified surrounding value signal, and the ZIP code is unknown, limiting location-specific risk and upside assessment. These factors support elevating it for manual review but not treating it as a clearly strong or development-driven investment at this stage.","Unknown ZIP code and lack of precise neighborhood context; no documented development or investment activity nearby; surrounding value and crime risk are both unknown; physical condition, occupancy status, and any title, lien, or access issues are not provided; owner listed as Unknown may signal additional title or notification complexities.","ZIP code and precise neighborhood context; current market value and comparable sales or rents; property condition and occupancy; detailed title status including liens, code violations, and special assessments; utility access and any easements or encroachments; local crime and school quality indicators; confirmation of exact subdivision context beyond the brief legal description.","Confirm the exact location and ZIP code, then pull county records and mapping to verify neighborhood quality, recent sales, and estimated market value; follow with a title search for liens or encumbrances and, if feasible, an exterior inspection or recent imagery review to assess property condition before bidding.",High
41025-02-01-00530,6.0,Strong Manual Review Candidate,True,Research First,False,nan,"The parcel at 518 E 57 PL N in the City of Tulsa is a residential improvement (R IMP) with a reported lot size of 6,720 and a bid cost of 5,432.12. Data quality is high, the address is complete, and the property clarity is strong, which supports efficient follow-up. Rule-based scoring labels it a Strong Manual Review Candidate, but strict development matching finds no clear overlap with known projects, so development-driven appreciation cannot be assumed.","ZIP code is unknown; no verified nearby development or corridor project to support growth assumptions; development match quality is low with no clear match; surrounding value and crime risk are both unknown, limiting context for valuation and risk assessment.",Exact ZIP code; year built and condition of the residential improvement; occupancy status; any code violations or liens beyond the tax issue; surrounding property values and rental levels; neighborhood crime and school context; utility and infrastructure status.,"Manually confirm the parcel’s ZIP and neighborhood context, then obtain county/municipal records or on-the-ground photos to verify structure condition, occupancy, and any code or lien issues before estimating ARV or rental potential.",High
07225-02-13-00060,6.0,Strong Manual Review Candidate,True,Research First,False,nan,AI review failed validation; fallback rule-based review used.,ZIP unknown; development upside not clearly supported; no clear strict development overlap,reasoning_summary not grounded enough,"Drive-by, title review, and strict location verification",High
37800-93-02-09000,6.0,Strong Manual Review Candidate,True,Research First,False,nan,"The property at 6535 E 5 ST S in Tulsa is a residential improved parcel (R HS IMP) in the Sheridan Hills area with a relatively low bid cost of 5443.44 and high extraction/data confidence. Address and property details are clear, supporting the rule-based score of 6.0 and classification as a strong manual review candidate. However, there is no credible strict development match and surrounding value and crime risk are unknown, so any value-add or appreciation potential cannot be confirmed from the provided data alone.",ZIP code is unknown; no verified development or investment activity nearby; surrounding value and crime risk are unknown; owner listed as Unknown may complicate title or notification history; lack of detailed property condition information despite being classified as improved.,Exact ZIP code; current physical condition of improvements; occupancy status; detailed neighborhood and surrounding value data; crime and school context; any liens or encumbrances beyond the tax issue; confirmation of utilities and access.,"Manually verify the parcel’s exact location and ZIP, then obtain current photos or a drive-by inspection to assess structure condition and neighborhood quality, followed by a title and lien check specific to this parcel.",Medium
27300-93-14-10790,6.0,Strong Manual Review Candidate,True,Research First,False,nan,"The parcel at 7610 E 21 ST S in Tulsa is a residential improved property with a relatively low bid cost of 5,444.74 and high data confidence, making it a strong manual review candidate. Address and property type are clear, but there is no confirmed development overlap and the ZIP code is unknown, limiting assessment of surrounding value or targeted investment activity. Rule-based scoring already flags it as a strong manual review candidate, but without credible development signals it cannot be classified as a good investment at this stage.","Unknown ZIP and surrounding value; no clear strict development match or documented investment activity; development signal is low; crime and neighborhood risk are unknown; owner name is unknown, which may complicate title or notification history.",Exact ZIP code; neighborhood and corridor context; any verified nearby public or private development projects; condition of existing improvements; occupancy status; title status and liens beyond tax delinquency; crime and school context; current and potential market value.,"Manually map the parcel using the full address and legal description (LT 6 BLK 1, MICHAEL HGTS ADDN, CITY OF TULSA) to confirm ZIP and neighborhood, then pull county records for structure details, condition indicators, and any additional liens or code issues before assessing ARV and rent/ resale potential.",Medium
38200-92-26-00840,6.0,Strong Manual Review Candidate,True,Research First,False,nan,"The parcel at 4629 S UNION AV W (LT 2 BLK 1, CITY OF TULSA, SHROFF SUB) has high data confidence, a clear address, and is classified as R IMP, suggesting an improved residential property. The bid cost of 5454.78 is moderate relative to the indicated 9,750 value, which supports preliminary interest. Rule-based scoring labels it a Strong Manual Review Candidate, but there is no verified development overlap or surrounding value signal, and the ZIP is unknown, limiting location-specific assessment.",No clear development or corridor match; ZIP code unknown; surrounding value and crime risk are unknown; development signal is low; upside case cannot be supported by external investment activity based on current data.,Exact ZIP code; detailed neighborhood context; condition of improvements; surrounding property values and market activity; crime and school context; any planned public or private projects near S UNION AV W or within SHROFF SUB.,"Manually map the parcel using the full address and legal description to confirm neighborhood quality, verify structure type and condition, and compare bid cost to recent nearby sales or assessed values before considering a bid strategy.",High
76925-94-19-48280,6.0,Strong Manual Review Candidate,True,Research First,False,nan,"The parcel at 3712 S 109 AV E in Tulsa is a residential improvement (R IMP) with clear legal description (LT 20 BLK 9, SHANNON PARK SIXTH, CITY OF TULSA) and high extraction confidence. The bid cost of 5467.19 is moderate for a residential improved parcel, and rule-based scoring (6.0) flags it as a strong manual review candidate. However, strict development matching finds no clear nearby development or investment activity, and surrounding value and crime risk are unknown. The combination of clear property data and unknown neighborhood context supports manual review but not a high-confidence investment rating.","ZIP code is unknown, limiting precise neighborhood and comp analysis; no clear strict development overlap or documented investment activity; surrounding value and crime risk are unknown; physical condition, occupancy status, and title issues are not provided; owner name is listed as Unknown, which may indicate additional research is needed on ownership and liens.","Exact ZIP code; detailed neighborhood and market context; recent sales or value indicators for nearby properties; crime and school quality data; property condition, age, and any structures present; occupancy status; title report including liens, code violations, and special assessments.","Confirm the precise location and ZIP, then obtain a title search and any available county records (building permits, code violations) and, if possible, perform a drive-by or photo-based condition check to assess structure quality and neighborhood stability before bidding.",Medium
23850-93-15-11970,6.0,Strong Manual Review Candidate,True,Research First,False,nan,"The parcel at 4999 E 26 ST S in Tulsa is a residential improved property (R HS IMP) with a bid cost of 5,479.42 and high extraction confidence. Address quality and property clarity are strong, and the rule-based system assigns a relatively high score of 6.0, making it a strong manual review candidate. However, there is no verified nearby development activity (development match strength: No Clear Match, quality: Low), and the ZIP code and surrounding value context are unknown, so the asset cannot be elevated beyond a preliminary review candidate.",Unknown ZIP and surrounding value context; no clear strict development overlap or confirmed public/private investment nearby; development signal is low; crime and neighborhood risk are unknown; ownership details are unclear (Owner Name: Unknown).,Exact ZIP code; neighborhood and surrounding property values; any verified nearby public or private development projects; condition of existing improvements; clear ownership details; local crime and stability indicators.,"Manually confirm the precise location and ZIP, pull neighborhood sales and rent comps, verify title/ownership status, and check local planning or news sources for any real development activity near the Lortondale Addition before assigning a final investment rating.",Medium
74735-84-06-61950,6.0,Strong Manual Review Candidate,True,Research First,False,nan,"The parcel at 6623 S 107 AV E in Tulsa is a residential improved property (R HS IMP) with a relatively low bid cost of 5,491.99 and high data confidence, making it a strong manual review candidate. Address and property details are clear, but the ZIP code and surrounding value context are unknown, and there is no confirmed nearby public or private development activity to support additional upside.",Unknown ZIP and neighborhood context; no verified development or corridor match; surrounding property values and crime risk are unknown; owner information is unclear; development signal is low.,Exact ZIP code and neighborhood; surrounding sales or assessed values; property condition; occupancy status; title issues or liens beyond taxes; local crime and school context; any planned infrastructure or private development not captured in the strict match.,"Manually confirm the precise location and ZIP, then pull county assessor and GIS data for structure details, land size, and nearby valuations, followed by a drive-by or street-level imagery review to assess condition and neighborhood quality.",High
57320-14-33-14860,6.1,Mid Investment,True,Research First,False,Weak match removed; previous match was based on generic location wording.,"The property at 7536 N 145 AV E (LTS 9 & 10 BLK 1, PRAIRIE VIEW ACRES) has a moderate bid cost of 5515.42 and strong property clarity with a complete address, supporting a mid-level rule-based score (5.8). However, there is no credible strict development match and the earlier generic Tulsa overlap was flagged as an invalid weak match, so no development-driven upside can be assumed. Overall characteristics justify manual review but not top-tier prioritization.",No verified development activity or strict development overlap; development signal is low; ZIP code and surrounding value context are unknown; upside case relies mainly on parcel fundamentals rather than documented area investment.,"ZIP code, surrounding property value context, local market conditions, condition of improvements, and any confirmed public or private projects near PRAIRIE VIEW ACRES are not provided.","Manually verify physical condition of the improvements and neighborhood, obtain ZIP and comps for PRAIRIE VIEW ACRES, and check independent sources for any concrete public or private projects near the parcel before bidding.",High
11575-03-35-03730,6.0,Mid Investment,True,Research First,False,nan,"The parcel at 7350 E NEWTON ST N in Tulsa is a residential improvement (R IMP) lot in DOLLIE-MAC ADDN with a bid cost of 5516.78 and high data confidence. Address and property clarity are strong, and the rule-based system scores it as Mid Investment. However, there is no verified development overlap or surrounding value data, and the ZIP is unknown, limiting confidence in upside potential. These factors justify manual review rather than automatic prioritization.","Unknown ZIP code; no clear strict development or corridor match; surrounding value and crime risk are unknown; ownership details are unclear (Owner Name: Unknown), which may indicate title or notification complexities.","Exact ZIP code; neighborhood and surrounding property values; condition of the residential improvement; local crime and code enforcement history; any liens or encumbrances beyond the tax issue; confirmation of access, utilities, and zoning specifics within the CITY OF TULSA DOLLIE-MAC ADDN.","Verify the precise location and ZIP, then pull local sales and rent comps for DOLLIE-MAC ADDN and nearby blocks, and check county records for title issues, additional liens, and property condition indicators before assigning a higher investment priority.",Medium
07415-94-07-29470,6.0,Mid Investment,True,Research First,False,nan,AI review failed validation; fallback rule-based review used.,ZIP unknown; development upside not clearly supported; no clear strict development overlap,reasoning_summary not grounded enough,"Drive-by, title review, and strict location verification",High
35725-93-31-08440,6.0,Mid Investment,True,Research First,False,nan,"The property at 5737 S QUINCY AV E is a residential improvement (R IMP) in the City of Tulsa with a bid cost of 5,526.11 and a clear legal description (LOT-11-BLK-2, RIVERVIEW ACRES ADDN). Data confidence and property clarity are high, and the address is complete, which supports basic auction screening. However, there is no clear strict development overlap and the development match quality is low, so there is no supported external investment tailwind. The rule-based score of 6.0 places it in a mid investment category, warranting manual review but not automatic elevation to a top-tier target.","ZIP code is unknown; no verified surrounding value signal; no clear development or corridor match to support appreciation; physical condition, occupancy status, and any title or lien complications are unknown; crime risk is unknown.",Exact ZIP code; detailed neighborhood and surrounding value context; current structure condition and age; occupancy status; any additional liens or encumbrances beyond the tax issue; zoning specifics beyond R IMP classification; crime and school context; recent comparable sales or assessed values in RIVERVIEW ACRES ADDN.,"Confirm the precise location and ZIP, pull county records for structure details and any additional liens, and review recent comparable sales and neighborhood indicators in RIVERVIEW ACRES ADDN to determine whether the bid cost of 5,526.11 is supported by current and potential value.",High
16375-93-03-04910,6.0,Mid Investment,True,Research First,False,nan,"The parcel at 574 S MAPLEWOOD AV E is a residential improvement with a relatively low bid cost of 5,550.11 and high data confidence, which supports preliminary interest. Address and property clarity are strong, but the ZIP is unknown and there is no confirmed development activity or corridor match. Rule-based scoring places it in the Mid Investment category, warranting manual review but not elevation to a top-tier target.","Unknown ZIP and surrounding value; no clear development overlap or documented investment activity; physical condition, occupancy, and title status are unknown; neighborhood crime and market demand are not provided.","ZIP code; property condition; structure details (size, age, bed/bath); occupancy status; neighborhood and surrounding value indicators; crime risk specifics; any liens or title complications beyond tax status.","Manually verify the exact location and ZIP, pull recent comparable sales and assessed values for similar residential improvements in the immediate area, and obtain on-the-ground or photographic condition and neighborhood checks before bidding.",Medium
40325-94-17-06480,6.0,Mid Investment,True,Research First,False,nan,"The parcel at 2479 S 127 AV E in Tulsa is a residential improved property with clear address and legal description (LT 25 BLK 3, STACEY LYNN ADDN) and a moderate bid cost of 5,632.77. Rule-based scoring places it in a mid investment category, supported by strong property clarity and high data confidence. However, there is no clear strict development overlap and development match quality is low, so no additional upside from documented nearby projects can be assumed. The unknown ZIP and lack of surrounding value data reduce clarity on neighborhood quality and resale potential, but the improved residential status and modest entry cost justify manual review.","No confirmed development or revitalization activity nearby; ZIP and surrounding value context are unknown; crime risk is unknown; development match quality is low with no clear overlap, limiting confidence in future upside.",Exact ZIP code; neighborhood and surrounding value context; property condition and occupancy status; detailed crime and school data; any local infrastructure or private development plans not captured in the strict development matching.,"Manually verify the precise location and ZIP, inspect or obtain recent imagery to assess structure condition and occupancy, and cross-check local market comps and any city or private projects near the Stacey Lynn Addition that are not reflected in the current development match.",Medium
19275-03-34-02810,5.0,Mid Investment,True,Research First,False,nan,"The property is a residential improvement (R IMP) lot in Tulsa with a relatively low bid cost of 5644.76 and high extraction confidence, indicating clear basic data and a complete address. Rule-based scoring places it in a Mid Investment category, but strict development matching shows no clear overlap with known projects and a low-quality signal, so it cannot be treated as a development play. The combination of low entry cost and clear parcel data justifies manual review, but not elevation to a high-priority target.","Unknown ZIP code; no verified surrounding value or crime data; no clear development or revitalization activity identified nearby; owner listed as Unknown; development match quality is Low with No Clear Match, limiting confidence in future upside.",Exact ZIP code; detailed neighborhood context; condition and specifics of the residential improvement; surrounding property values and market demand; crime and environmental risk data; title status and any liens beyond tax obligations.,"Verify the precise location and ZIP, then obtain on-the-ground or satellite assessment of the structure and lot, followed by a title check for additional encumbrances and a basic market comp review for similar residential properties in the immediate area.",Medium
44325-03-36-04310,6.0,Mid Investment,True,Research First,False,nan,"The parcel at 9541 E NEWTON PL N in Tulsa is a residential improvement (R IMP) lot in VAN ACRES ADDN AMD, offered at a bid cost of 5,659.43. Address and property details are clear and extraction confidence is high, supporting basic viability for further review. However, strict development matching found no clear overlap with known projects and the development signal is low, so there is no substantiated development-driven upside. The unknown ZIP and lack of surrounding value or crime data limit contextual assessment, keeping this in a mid, not high, priority band.",No clear development or corridor match; ZIP and neighborhood context unknown; surrounding value and crime risk unknown; upside case relies mainly on generic residential use rather than documented nearby investment.,Exact ZIP code; neighborhood and school context; surrounding property values and market rents; physical condition of the improvement; occupancy status; title issues or liens beyond tax; local crime and code enforcement history.,"Confirm the precise ZIP and neighborhood context, then pull recent sales and rent comps for VAN ACRES ADDN AMD and inspect the physical condition and occupancy status of the improvement to determine realistic exit value versus the 5,659.43 bid cost.",High
15875-02-25-09420,6.0,Mid Investment,True,Research First,False,nan,"The parcel at 2431 N LANSING AV E in Tulsa is a residential improved property with a bid cost of 5709.25 and high extraction confidence, indicating reliable basic data and clear address/parcel information. The rule-based system assigns a score of 6.0 and categorizes it as Mid Investment, reflecting moderate attractiveness but not a standout opportunity. There is no clear strict development overlap and the development signal is low, so potential upside from nearby projects is not supported by the data provided.",No clear development or investment activity identified nearby; ZIP code is unknown; surrounding value and crime risk are unknown; owner name is unknown; lack of confirmed development upside limits justification for aggressive bidding.,"ZIP code, detailed neighborhood or corridor context, surrounding property value indicators, crime risk estimate, and any verified nearby public or private development projects are not provided.","Manually verify neighborhood conditions and comparable property values around 2431 N LANSING AV E, confirm the exact ZIP and local market context, and check for any documented public or private projects in the immediate area before deciding bid strategy.",High
04125-93-14-02940,6.0,Mid Investment,True,Research First,False,nan,"The parcel at 6743 E 26 PL S in Tulsa is a residential improved property (R HS IMP) with a bid cost of 5717.55 and high extraction confidence. Address and property details are clear, supporting a mid-level rule-based score of 6.0. However, there is no clear strict development overlap, development match quality is low, and surrounding value and crime risk are unknown. These factors justify manual review but not a high-priority classification.","ZIP code is unknown; no verified nearby development or investment activity; surrounding value and crime risk are unknown; ownership details are unclear (owner name unknown), which may indicate additional title or notification complexities.",Exact ZIP code; current market value and condition of the improvements; neighborhood crime and rental/owner-occupancy profile; any code violations or liens beyond tax delinquency; confirmation of access and status of the vacated street segment included in the legal description.,"Verify the precise location and ZIP, pull recent comparable sales or assessed values for Boman Acres 3rd Addn area, confirm structure type and condition via on-site inspection or recent imagery, and check county records for additional liens, code issues, or title complications related to the vacated street portion.",High
17925-92-04-03240,6.0,Mid Investment,True,Research First,False,nan,AI review failed validation; fallback rule-based review used.,ZIP unknown; development upside not clearly supported; no clear strict development overlap,reasoning_summary not grounded enough,"Drive-by, title review, and strict location verification",High
49850-92-28-05460,6.0,Mid Investment,True,Research First,False,nan,"The property is a residential improvement (R IMP) in the City of Tulsa with a complete address and strong property clarity. The bid cost of 5750.75 aligns with a mid-level rule-based score of 6.0, suggesting potential value but not a standout bargain. Strict development matching found no clear overlapping project or corridor and the development signal is low, so there is no validated external upside from nearby investment activity. Data confidence is high, but the unknown ZIP and lack of development match reduce priority.",ZIP code is unknown; no clear strict development overlap or verified nearby investment activity; development signal is low; owner information is unknown; surrounding value and crime risk are unknown.,Exact ZIP code; detailed property condition; surrounding property values and market context; crime and neighborhood risk indicators; title status and any liens beyond tax issues; occupancy status.,"Confirm the precise location and ZIP, then obtain on-the-ground or recent imagery-based condition assessment and a basic title check to evaluate structural condition, occupancy, and any additional encumbrances before bidding.",High
31125-92-27-17320,5.0,Mid Investment,True,Research First,False,nan,"The parcel at 4107 S SOUTHWEST BV W is a commercial improvement (C IMP) with a bid cost of 5,774.08 and high extraction confidence, giving good basic clarity on the asset. Rule-based scoring places it in a Mid Investment category, driven by moderate bid price, complete address, and strong property clarity. However, strict development matching finds no clear project or corridor overlap and only low-quality signals, so there is no verified development-driven upside. The unknown ZIP and lack of surrounding value or crime data limit context, warranting manual review rather than automatic prioritization or rejection.",No clear development overlap or verified investment activity; ZIP and surrounding value context are unknown; crime risk is unknown; owner listed as Unknown may complicate title or contact; commercial use may entail higher rehab or compliance costs not visible in current data.,Exact ZIP code; details on existing structure condition and use; surrounding property values and market rents; crime and nuisance history; zoning confirmation and any code violations; tax/assessment history beyond the bid amount; clarity on ownership and title status.,"Manually confirm parcel location and ZIP, pull county assessor and GIS records for structure details and zoning, and check for code violations or liens; then compare assessed value and any recent sales on the same block to the 5,774.08 bid to gauge margin before deciding on on-site inspection.",Medium
98225-82-25-36030,6.0,Mid Investment,True,Research First,False,nan,"The parcel at 10607 S ELWOOD AV W in the City of Jenks is classified as R IMP with strong property clarity and a complete address, and the bid cost of 5782.95 aligns with a mid-level rule-based score of 6.0. However, strict development matching found no clear overlapping project or corridor, and the development signal is low. With ZIP unknown and no surrounding value data, the property merits manual review as a mid-priority auction candidate rather than a top target.",No clear development overlap or verified investment activity; ZIP code and finer location context are unknown; surrounding value and crime risk are unknown; owner information is not specified; legal description is complex and may require survey or title review.,ZIP code; detailed surrounding property values; crime and neighborhood risk indicators; confirmation of current structures and condition despite R IMP classification; title status and any liens beyond tax; precise mapping of the legal description to a platted lot or survey.,"Manually map the legal description to confirm exact boundaries and access, verify the presence and condition of any residential improvements, obtain ZIP and neighborhood context, and pull title and lien reports to confirm encumbrances before considering a bid.",High
04125-93-14-02930,6.0,Mid Investment,True,Research First,False,nan,"The parcel at 6747 E 26 PL S in Tulsa is a residential improvement (R IMP) with a bid cost of 5,785.69 and high extraction/data confidence. Address and property details are clear, supporting basic underwriting and making it suitable for manual review. However, strict development matching found no clear overlap with known projects, and development signal is low, so there is no evidence-based development upside. Rule-based scoring places it in a mid investment category rather than a top priority asset.","Unknown ZIP and surrounding value context; no clear strict development overlap or verified nearby investment activity; development match quality is low; potential neighborhood, condition, and title issues are not addressed in the available data.",Exact ZIP code; neighborhood and surrounding property value context; property condition and occupancy status; title status and any additional liens; detailed crime and school data; confirmation of utilities and any code enforcement history.,"Manually verify neighborhood quality and comparable values around 6747 E 26 PL S, confirm ZIP and school/crime context, and obtain a title report to check for additional liens or encumbrances before deciding on bid strategy.",High
12375-92-04-01560,6.0,Mid Investment,True,Research First,False,nan,"The parcel at 530 N 42 AV W in Tulsa is a residential improvement (R IMP) with a relatively low bid cost of 5,786.08 and high extraction/data confidence. Address and property clarity are strong, supporting basic viability for further review. However, there is no clear strict development overlap and development signal is low, with unknown surrounding value and crime risk, so it cannot be treated as a high-upside or development-driven play.",No clear development match or verified investment activity nearby; ZIP code is unknown; surrounding value and crime risk are unknown; upside case is not supported by external development intelligence.,ZIP code; details on structure condition and occupancy; surrounding property values and market rents; neighborhood crime and stability indicators; any local infrastructure or private development plans not captured in the strict match.,"Manually verify the exact neighborhood context and physical condition of the residential improvement at 530 N 42 AV W, confirm the correct ZIP and comparable property values, and assess whether local market fundamentals justify the 5,786.08 bid in the absence of clear development tailwinds.",High
62250-91-22-02240,6.0,Mid Investment,True,Research First,False,nan,"The property is a residential improved parcel (R HS IMP) at 313 W 40 PL S in Sand Springs with a bid cost of 5,795.03 and a clear legal description in River View Gardens Addition. Data confidence and property clarity are high, and the address is complete, supporting basic viability for further review. However, strict development matching found no clear overlap with any known project or investment area, and the development signal is low. With a rule-based score of 6.0, this places the parcel in a mid investment category that warrants manual review but not top priority.","Unknown ZIP code and surrounding value context; no clear development or revitalization activity identified nearby; development match quality is low with no specific project or corridor overlap; crime and neighborhood risk are unknown; owner information is listed as Unknown, which may complicate title or notification steps.",ZIP code; detailed neighborhood and market comps; condition and specifics of the residential improvement; crime and safety profile; any local zoning or code issues; confirmation of ownership and title status beyond the auction record.,"Confirm the exact ZIP and map the parcel within Sand Springs to assess neighborhood quality and nearby land uses; verify the existence, type, and condition of the residential improvement via imagery or drive-by; pull recent sales and assessed values in River View Gardens Addition; and check for liens, code violations, or other title complications that could affect post-auction costs.",Medium
04375-92-12-00740,5.7,Mid Investment,True,Research First,False,nan,"The parcel on S BOSTON AV E (LT 22 BLK 1, BOSTON ADDN, CITY OF TULSA) has a relatively low bid cost of 5807.41 and a rule-based score of 4.7 categorized as Mid Investment, which supports preliminary interest. However, the address quality is only partial, ZIP is unknown, and property clarity is only moderate. Strict development matching found no clear project or corridor overlap and a low-quality match, so there is no validated development-driven upside. These mixed signals justify manual review but not a high-priority classification.","Unknown ZIP and only partial address verification; no clear strict development overlap or proven nearby investment activity; development signal is low; property details are limited to a basic legal description and type C classification; data confidence is only medium, increasing uncertainty about exact location and context.",Exact street number and full address on S BOSTON AV E; ZIP code; specific property use and zoning details beyond type C; any information on surrounding property values or crime risk; confirmation of parcel boundaries and physical condition.,"Manually locate the parcel using the legal description (LT 22 BLK 1, BOSTON ADDN, CITY OF TULSA) and county records to confirm the exact address, zoning, and physical context, then compare the 5,807.41 bid cost to recent nearby sales or assessed values to determine whether the mid-level rule-based score is justified.",Medium
27325-93-14-12410,6.0,Mid Investment,True,Research First,False,nan,"The parcel at 7924 E 21 ST S in Tulsa is a commercial improvement (C IMP) with a relatively low bid cost of 5,829.41 and high extraction confidence, indicating reliable core data. Address quality and property clarity are strong, supporting basic underwriting. However, the ZIP code and surrounding value context are unknown, and strict development matching found no clear overlap with known projects, limiting evidence of external upside. These factors support a mid-level score that warrants manual review but not a strong investment classification.",Unknown ZIP and surrounding value context; no clear strict development overlap or verified investment activity; crime risk estimate unknown; commercial nature may imply use or condition risks that are not visible from current data.,Exact ZIP code; details on building condition and current or prior use; surrounding property values and market context; any code enforcement or environmental issues; more precise neighborhood or corridor identification.,"Manually confirm the exact location and ZIP, then review local market comps and any city records (zoning, code violations, prior use) for this specific commercial site to assess realistic resale or income potential.",High
98402-84-02-01880,6.0,Mid Investment,True,Research First,False,nan,AI review failed validation; fallback rule-based review used.,ZIP unknown; development upside not clearly supported; no clear strict development overlap,reasoning_summary not grounded enough,"Drive-by, title review, and strict location verification",High
25050-03-34-06390,6.0,Mid Investment,True,Research First,False,nan,"The parcel at 5929 E KING ST N in the City of Tulsa is a residential improvement (R IMP) lot in MAPLEWOOD ADDN with a relatively low bid cost of 5,882.74 and strong property clarity and address completeness. Rule-based scoring places it in the Mid Investment category, but strict development matching finds no clear overlapping project or corridor, and surrounding value and crime risk are unknown. These factors justify a mid-level score and manual review, but not a high-priority or strong investment classification.","No clear development overlap or documented surrounding value; ZIP code is unknown; crime risk is unknown; development signal is low, limiting evidence of near-term upside.",Exact ZIP code; details on structure condition and occupancy; surrounding property values and market demand; crime and neighborhood stability indicators; any unlisted liens or code violations.,"Manually verify the exact location and ZIP, inspect county records for structure details and any additional liens or code issues, and compare recent sales and rental data for similar residential properties in MAPLEWOOD ADDN to determine realistic exit value relative to the 5,882.74 bid cost.",High
34375-92-22-05090,6.0,Mid Investment,True,Research First,False,nan,"The property at 3822 S 31 AV W in Tulsa is a residential improvement (R IMP) with a bid cost of 5,891.41 and clear legal description and address, yielding a mid-range rule-based score of 6.0. Data confidence is high and property clarity is strong, which supports preliminary interest. However, there is no clear strict development overlap, development signal is low, and the ZIP code and surrounding value context are unknown, limiting conviction and keeping this from being a top-priority target.","Unknown ZIP code and surrounding value context; no clear strict development match or verified nearby investment activity; development signal is low; crime and neighborhood risk are unknown; owner information is limited to 'Unknown', which may complicate title or occupancy assumptions.",ZIP code; neighborhood and surrounding property value context; crime and safety indicators; physical condition of the residential improvement; occupancy status; title status and any additional liens; detailed tax history; local rental or resale demand indicators.,"Confirm exact ZIP and neighborhood context, pull full county records for title and lien status, and obtain on-the-ground or street-level imagery/inspection to assess structure condition and surrounding block quality before deciding on bid strategy.",Medium
11600-93-30-07650,5.0,Mid Investment,True,Research First,False,nan,"The property is a residential improvement (R IMP) in Tulsa with a complete address and high extraction confidence, and the bid cost of 5893.97 aligns with a Rule-Based Score of 6.0 categorized as Mid Investment. However, the strict development matching shows No Clear Match with Low quality and a Low development signal, so there is no documented development-driven upside. Unknown ZIP and lack of surrounding value or crime data add uncertainty. These factors justify manual review but not a high automatic priority.","ZIP code is unknown; no clear strict development overlap or documented nearby investment activity; surrounding value and crime risk are unknown; property condition and actual market value are not provided; owner name is unknown, which may indicate potential title or contact complications.",Exact ZIP code; detailed neighborhood and surrounding value data; crime risk specifics; current physical condition of the residential improvement; interior and exterior inspection details; occupancy status; title status and any additional liens beyond the tax obligation; recent comparable sales or rental data.,"Confirm the precise ZIP and neighborhood context, then obtain a current on-site or third-party condition report and basic title check to identify additional liens or encumbrances, followed by a quick market check of comparable residential properties near 1426 E 42 ST S to determine whether the all-in acquisition cost meaningfully undercuts local values.",High
74850-94-19-17590,6.0,Mid Investment,True,Research First,False,nan,AI review failed validation; fallback rule-based review used.,ZIP unknown; development upside not clearly supported; no clear strict development overlap,reasoning_summary not grounded enough,"Drive-by, title review, and strict location verification",High
14625-93-12-00820,6.0,Mid Investment,True,Research First,False,nan,"The property at 1228 S 83 AV E in Tulsa is a residential improvement parcel with strong data clarity (complete address, clear legal description, high extraction confidence) and a moderate bid cost of 5972.06, which supports a mid-level investment score. However, strict development matching found no specific overlapping project or corridor, and surrounding value and crime risk are unknown. These gaps and the absence of a credible development signal keep it from being classified as a high-priority or clearly strong investment, but the solid data quality justifies manual review.","ZIP code is unknown; no confirmed nearby development or revitalization projects; surrounding value and crime risk are unknown; owner listed as Unknown may indicate potential title or contact complications; development match quality is low with no clear match, limiting confidence in upside from external investment.",Exact ZIP code; current physical condition of the improvements; occupancy status; detailed neighborhood and surrounding value context; crime and safety profile; any code violations or liens beyond the tax issue; market rent and resale potential for this specific block.,"Verify the precise location and ZIP, then obtain on-the-ground or recent imagery to assess structure condition and neighborhood context, followed by a title check for additional liens or encumbrances beyond the tax delinquency.",Medium
45350-94-06-07770,5.0,Mid Investment,True,Research First,False,nan,"The parcel at 138 S 107 AV E in Tulsa is a residential improvement (R IMP) with a bid cost of 5,972.06 and strong property/address clarity, which supports a mid-tier investment profile. Rule-based scoring is 6.0 (Mid Investment), and data confidence is high. However, there is no clear strict development overlap, development signal is low, and the ZIP code is unknown, limiting the ability to assess surrounding value or targeted growth. These factors justify manual review but not a top-priority ranking.",Unknown ZIP and surrounding value; no clear strict development match or documented nearby investment activity; development upside not clearly supported; crime risk and neighborhood context are unknown.,ZIP code; detailed neighborhood context; condition of the residential improvement; surrounding property values and market demand; crime and code enforcement history; any local infrastructure or private development plans not captured in the strict development matching.,"Verify the exact ZIP and neighborhood context for 138 S 107 AV E, then pull local sales/comparable values and basic condition indicators for the residential improvement to determine whether the mid bid cost aligns with typical land and structure value in this immediate area.",Medium
97328-73-28-61960,6.8,Mid Investment,True,Research First,False,Weak match removed; previous match was based on generic location wording.,"The parcel is a 2.5-acre unplatted residential-improved property with a complete street address and high extraction confidence, supporting basic clarity. The bid cost of 6008.44 aligns with a mid-level rule-based score (5.8) and a Mid Investment category. However, strict development matching finds no clear project or area tie-in, and the earlier generic Tulsa-based match was discarded as an invalid weak match. With ZIP and surrounding value unknown, there is insufficient evidence of external growth or redevelopment pressure, but the size, improvement status, and data quality justify manual review.","No verified nearby public or private development; prior development signal explicitly flagged as an invalid weak match; ZIP and surrounding value context unknown; crime risk unknown; unplatted status may introduce access, utility, or subdivision complexities; owner name listed as Unknown may complicate title and notification history.","Exact ZIP code; surrounding property values and land use context; condition and type of existing improvements; access, utilities, and zoning details; any current or planned infrastructure or development projects in the immediate area; title status and any liens beyond tax delinquency; environmental or floodplain considerations.","Confirm zoning and allowable uses for the 2.5-acre unplatted residential-improved parcel, then obtain a current title report and on-the-ground or satellite review to verify access, utilities, and improvement condition before assigning a final bid ceiling.",High
38975-92-33-02620,5.0,Mid Investment,True,Research First,False,nan,"The property at 3751 W 52 PL S in Tulsa is classified as R IMP, indicating an existing residential improvement, with a bid cost of 6022.06 and strong property clarity and complete address data. Rule-based scoring places it in the Mid Investment category. However, there is no clear strict development match and the development signal is low, with unknown surrounding value and crime risk. These factors support a mid-priority manual review rather than a high-priority or clearly strong investment classification.",ZIP code is unknown; no clear strict development overlap or documented nearby investment activity; surrounding value and crime risk are unknown; development upside is not clearly supported by the data provided.,Exact ZIP code; details on structure condition and occupancy; surrounding property values and market comps; neighborhood crime data; any confirmed public or private development projects in the immediate area.,"Verify the precise location and ZIP, then obtain on-the-ground or assessor data on structure condition, occupancy, and recent sales or assessed values for nearby residential parcels to confirm whether the low bid cost aligns with local market and risk profile.",High
62225-91-22-01600,6.0,Mid Investment,True,Research First,False,nan,AI review failed validation; fallback rule-based review used.,ZIP unknown; development upside not clearly supported; no clear strict development overlap,reasoning_summary not grounded enough,"Drive-by, title review, and strict location verification",High
61400-14-30-07430,5.0,Mid Investment,True,Research First,False,nan,"The parcel at 402 N CARLSBAD ST W in Owasso is a residential improvement (R IMP) with a bid cost of 6083.84 and strong property/address clarity. Rule-based scoring places it in a mid investment category, but strict development matching finds no clear overlapping project or corridor, so there is no validated development-driven upside. The unknown ZIP and lack of surrounding value or crime data reduce clarity, but the low entry cost and clear identification justify manual review.",No clear development overlap; ZIP code unknown; surrounding value and crime risk unknown; development signal explicitly low; potential that residential improvement condition or marketability cannot be assessed from available data.,ZIP code; any details on structure condition or size; surrounding property values; crime risk; confirmation of utilities and access; any verified nearby public or private investment projects.,"Manually verify the exact location and ZIP, then check local assessor and GIS records for structure details, condition, and recent sales on Carlsbad St and nearby blocks to gauge resale or rental potential before bidding.",Medium
57845-73-14-53600,4.5,Bad Investment,True,Avoid,False,nan,"The parcel at 14750 S GRANT ST W in the City of Bixby is classified as C IMP within MORRIS BRIGHT INDUSTRIAL PARK ADDN, suggesting a commercial/industrial improved property. The bid cost is relatively modest at 6144.71, and the address and legal description are clear, which supports basic property clarity. However, rule-based scoring categorizes it as a Bad Investment, driven by lack of ZIP data, unknown surrounding value and crime risk, and especially the absence of any credible strict development match or documented investment activity nearby. With no clear development overlap and low development signal, the property does not qualify as a strong or even neutral investment candidate but may warrant limited manual review because it is an improved commercial/industrial lot in an established addition.",No ZIP code; no clear strict development overlap or documented investment activity; rule-based category is Bad Investment; surrounding value and crime risk are unknown; development signal is low despite high data confidence.,ZIP code; details on existing improvements and condition; current and potential use; surrounding property values and market demand; environmental or industrial-specific risks; access and infrastructure details.,"Manually verify the exact location and ZIP, confirm the nature and condition of the improvements in MORRIS BRIGHT INDUSTRIAL PARK ADDN, and check local market demand for similar commercial/industrial properties before considering a bid.",High
08300-93-04-02320,6.0,Mid Investment,True,Research First,False,nan,"The parcel at 3311 E 5 PL S in Tulsa is a residential improvement property with a relatively low bid cost of 6,169.38 and high data confidence, including a complete address and clear legal description (LT 18 BLK 2, CHULA VISTA FIRST ADDN). Rule-based scoring places it in the Mid Investment category. However, there is no clear strict development match and the development signal is low, so potential appreciation from nearby projects is uncertain. These factors justify manual review but not elevation to a top-tier opportunity.",Unknown ZIP code and surrounding value; no clear supporting development activity; development match quality is low with no specific corridor or neighborhood overlap; crime risk and local market conditions are unknown.,Exact ZIP code; detailed neighborhood and surrounding property values; condition of the existing residential improvement; occupancy status; title issues or liens beyond tax delinquency; local crime and code enforcement history.,"Confirm precise location and ZIP, pull recent comparable sales and assessed values for CHULA VISTA FIRST ADDN and nearby blocks, verify structure condition via drive-by or recent imagery, and run a title and lien check to assess total encumbrances beyond the tax obligation.",Medium
74965-94-20-07530,6.0,Mid Investment,True,Research First,False,nan,AI review failed validation; fallback rule-based review used.,ZIP unknown; development upside not clearly supported; no clear strict development overlap,reasoning_summary not grounded enough,"Drive-by, title review, and strict location verification",High
34600-93-25-02750,6.0,Mid Investment,True,Research First,False,nan,"The property at 4926 S 86 AV E in Tulsa is a residential house improvement (R HS IMP) lot in Regency Park West with a bid cost of 6,246.97. Data quality is high, the address and parcel details are clear, and the rule-based score of 6.0 places it in the Mid Investment category. However, there is no clear strict development overlap, development match quality is low, and surrounding value and crime risk are unknown, so it should be treated as a moderate, not high, priority candidate for further review.",ZIP code unknown; no verified nearby public or private development activity; surrounding value and crime risk are unknown; development match quality is low with no clear match; upside from area growth is not supported by the provided data.,Exact ZIP code; property condition and occupancy status; surrounding property values and market trends; crime and neighborhood risk profile; any code violations or liens beyond the tax issue; interior and exterior inspection details.,"Verify the precise ZIP and map the parcel within Tulsa to assess neighborhood context, then obtain recent sales or value indicators for Regency Park West and inspect public records for liens, code issues, and property condition before deciding on bidding.",High
45350-94-06-06870,6.0,Mid Investment,True,Research First,False,nan,AI review failed validation; fallback rule-based review used.,ZIP unknown; development upside not clearly supported; no clear strict development overlap,reasoning_summary not grounded enough,"Drive-by, title review, and strict location verification",High
36525-94-02-00450,5.0,Mid Investment,True,Research First,False,nan,"The parcel at 142 S 169 AV E in Tulsa is a residential improved property (R HS IMP) with a bid cost of 6,294.01 and high extraction/data confidence. Address quality and property clarity are strong, and the rule-based system assigns a Mid Investment score of 6.0. However, strict development matching finds no clear overlap with any identified project area and the development signal is low, with surrounding value and crime risk unknown. These factors support a mid-level screening score and justify manual review, but not elevation to a top-tier opportunity.","Unknown ZIP and surrounding value context; no clear strict development overlap or documented investment activity; development signal low; crime risk not estimated; owner listed as Unknown, which may complicate title or notification history.",Exact ZIP code; detailed neighborhood and market context; condition of existing residential improvements; surrounding property values and occupancy; crime and school quality indicators; any liens or encumbrances beyond tax delinquency; zoning and code compliance status.,"Confirm exact location and ZIP, pull county assessor and recorder records for structure details and liens, verify zoning and code status, and perform a quick market check on nearby sales/rents to determine whether the improved residential nature justifies the bid relative to local values.",High
31100-93-02-05790,6.0,Mid Investment,True,Research First,False,nan,AI review failed validation; fallback rule-based review used.,ZIP unknown; development upside not clearly supported; no clear strict development overlap,reasoning_summary not grounded enough,"Drive-by, title review, and strict location verification",High
26390-94-16-15330,6.0,Mid Investment,True,Research First,False,nan,"The parcel at 2716 S 130 AV E in the City of Tulsa is a residential improvement (R IMP) in the Mayo Plaza Extended Addition with a bid cost of 6,353.46. Address and property details are clear and extraction confidence is high, supporting basic screening. Rule-based scoring places it in a mid investment category, but strict development matching finds no clear overlap with known projects and provides only a low-quality signal. With ZIP and surrounding value unknown, the property merits manual review as a mid-priority tax auction candidate rather than a top-tier target.",No clear development overlap or verified investment activity; ZIP and surrounding value context are unknown; development signal is low; future appreciation potential is uncertain; owner listed as unknown may complicate title research.,ZIP code; detailed neighborhood and surrounding value data; condition and occupancy of the residential improvement; any liens or title complications beyond tax delinquency; local crime and school context; recent comparable sales or rental data.,"Confirm exact location and ZIP, pull county records for title and lien status, and obtain on-the-ground or street-level verification of structure condition and neighborhood quality before assigning a final investment priority.",High
82170-84-21-72600,6.0,Mid Investment,True,Research First,False,nan,AI review failed validation; fallback rule-based review used.,ZIP unknown; development upside not clearly supported; no clear strict development overlap,reasoning_summary not grounded enough,"Drive-by, title review, and strict location verification",High
03312-03-20-04220,6.0,Mid Investment,True,Research First,False,nan,"The property is a commercial improvement (C IMP) at 2645 N LEWIS AV E in the City of Tulsa, consisting of two lots (10 & 11, Block 12, Ben C Franklin Addition). The bid cost of 6391.36 is relatively modest for a commercial-improvement type asset, and the address and legal description are clear, which supports basic screenability. Rule-based scoring places it in a Mid Investment category with a score of 6.0, indicating potential but not standout attractiveness. However, strict development matching found no clear corridor, neighborhood, or ZIP overlap with known projects, and the development signal is explicitly Low, so there is no documented external investment catalyst to upgrade its priority.","No clear or credible development match; development signal is Low. ZIP code is unknown, limiting location-specific valuation and risk assessment. Surrounding value and crime risk are both unknown, so neighborhood quality and demand cannot be inferred. Owner name is unknown, which may complicate title research or indicate record issues.","ZIP code, surrounding property value context, crime risk, detailed condition of the commercial improvements, current or prior use, occupancy status, zoning specifics beyond C IMP classification, and any liens or code enforcement issues are not provided.","Manually verify parcel location and neighborhood quality using county GIS and street-level imagery, then pull zoning and code-enforcement records for the Ben C Franklin Addition and this specific parcel to assess building condition, allowable uses, and any outstanding violations or liens before considering a bid.",High
61375-14-30-06240,5.0,Mid Investment,True,Research First,False,nan,"The parcel at 901 N ELM ST E, Owasso (LT 11 BLK 1, R IMP) has a relatively low bid cost of 6394.30 and strong property clarity with a complete address, which supports a mid-level rule-based score of 6.0. However, strict development matching finds no clear overlap with known projects and the development signal is low, so there is no substantiated external investment catalyst. Data confidence is high, but the unknown ZIP and lack of surrounding value or crime data limit context, keeping this in a mid, not top, priority tier.",No clear development or investment activity identified nearby; ZIP and surrounding value context are unknown; crime risk is unknown; owner details are unclear; development match quality is low and provides no verified upside.,"ZIP code, surrounding property value context, crime risk data, detailed condition of the residential improvement, ownership and title status beyond tax auction data, and any verified nearby development or infrastructure projects.","Manually verify the exact location and ZIP, inspect public records for title or lien complications, and obtain on-the-ground or photographic assessment of the residential improvement’s condition to determine realistic resale or rental potential.",Medium
04025-93-15-00650,6.0,Mid Investment,True,Research First,False,nan,"The property is a residential house with improvements (R HS IMP) in the City of Tulsa, located in BOMAN ACRES, with a relatively low bid cost of 6416.85 and high extraction/data confidence. Address and legal description are clear, supporting basic underwriting. However, there is no verified nearby development activity and the ZIP code is unknown, limiting insight into neighborhood dynamics and upside. Rule-based scoring places it in a mid investment category, appropriate for manual review but not automatic elevation.",Unknown ZIP and neighborhood context; no confirmed development or revitalization activity nearby; physical condition of the improvements is completely unknown; surrounding property values and crime risk are unknown; ownership listed as Unknown may signal potential title or notification complexities.,ZIP code; detailed neighborhood context; current physical condition of the house and any structures; occupancy status; recent comparable sales or assessed values; code enforcement or nuisance history; title status and any additional liens beyond taxes.,"Verify the exact location and ZIP in county GIS, then pull recent sales and assessed values for BOMAN ACRES and adjacent blocks, followed by a drive-by or photo review to assess structure condition and neighborhood quality before setting a maximum bid.",Medium
45625-93-21-16710,6.0,Mid Investment,True,Research First,False,nan,"The parcel at 3518 S SANDUSKY AV E in Tulsa is a residential improved property (R HS IMP) with a relatively low bid cost of 6,474.68 and high extraction confidence, indicating reliable core data and clear address information. Rule-based scoring places it in the Mid Investment category, primarily due to complete address quality and strong property clarity rather than any verified surrounding value or development catalysts. However, the strict development matching shows no clear overlap with known projects, and surrounding value and crime risk are both unknown, so the asset lacks documented external upside and requires human review to validate neighborhood quality, structure condition, and marketability.",ZIP code and precise neighborhood context are unknown; no clear development or revitalization activity is tied to this parcel; surrounding value and crime risk are not documented; owner information is unknown; legal description is partial and may require title and boundary verification.,Exact ZIP code; detailed neighborhood and market comps; structure condition and occupancy status; clear owner records; full legal description and survey/boundary details; any liens or encumbrances beyond tax status; crime and school context; confirmation of utilities and access.,"Manually verify the full legal description and parcel boundaries, obtain the correct ZIP and neighborhood context, and pull local sales and rent comps along with a drive-by or photo-based condition check to determine whether the low bid cost aligns with structural quality and market demand.",Medium
23600-93-24-15470,6.0,Mid Investment,True,Research First,False,nan,AI review failed validation; fallback rule-based review used.,ZIP unknown; development upside not clearly supported; no clear strict development overlap,reasoning_summary not grounded enough,"Drive-by, title review, and strict location verification",High
10800-93-01-04840,5.5,Mid Investment,True,Research First,False,nan,AI review failed validation; fallback rule-based review used.,ZIP unknown; development upside not clearly supported; no clear strict development overlap,reasoning_summary not grounded enough,"Drive-by, title review, and strict location verification",High
55980-74-05-47490,6.2,Mid Investment,True,Research First,False,Weak match removed; previous match was based on generic location wording.,"Rule-based scoring places this parcel in a mid investment category (score 5.2) driven by complete address data and strong property clarity. The bid cost of 6518.27 is moderate for a residential improvement, which can be attractive if the underlying asset and area prove sound. However, strict development matching shows no clear match and the only prior overlap was removed as an invalid weak match, so there is no reliable development or public/private investment catalyst identified. Unknown ZIP and lack of surrounding value or crime data further limit confidence, warranting manual review rather than automatic prioritization or rejection.","No verified development or investment activity nearby; prior generic Tulsa development match explicitly invalid. ZIP and neighborhood context are unknown, so local demand, school quality, and crime risk cannot be assessed from the data provided. Surrounding value signal is unknown, so the relationship between bid cost and likely market value is unclear. Title, liens, property condition, and access issues are not addressed in the available data.","Exact ZIP code; neighborhood and market context; surrounding property values and comps; crime and school indicators; zoning details; structure type, size, and condition; occupancy status; title report and any liens or encumbrances; confirmation of utilities and access.","Obtain full county records for this parcel, including ZIP, zoning, and any building/permit history, then pull recent comparable sales and assessed values in Willow Springs West Addn to benchmark the 6518.27 bid. Follow with a title search for liens or legal issues and, if feasible, a drive-by or exterior inspection to confirm property condition and neighborhood quality.",Medium
45575-93-04-21370,5.5,Mid Investment,True,Research First,False,nan,"The parcel at 234 S INDIANAPOLIS AV E is a residential improvement (R IMP) lot in the City of Tulsa, with a bid cost of 6542.71 and strong property clarity and address quality. Rule-based scoring places it in the Mid Investment category, but strict development matching finds no clear overlap with known projects and only a low development signal. The unknown ZIP and lack of confirmed surrounding value or crime data limit confidence in upside, yet the relatively modest bid and clear basic data justify manual review rather than dismissal.",No clear development overlap or documented investment activity; ZIP code unknown; surrounding value and crime risk are unknown; development signal is low; potential that the residential improvement may require significant rehab or have condition issues not reflected in the data.,"ZIP code; property condition and occupancy status; structure details (size, age, configuration); surrounding property values and market rents; neighborhood crime and stability indicators; any code violations or liens beyond taxes.","Verify the exact ZIP and neighborhood context for 234 S INDIANAPOLIS AV E, then pull county and city records for structure details, code enforcement history, and any additional liens, followed by a drive-by or street-level imagery review to assess property condition and block quality.",Medium
99301-93-01-11400,5.5,Mid Investment,True,Research First,False,nan,"The property is a commercial-improved parcel of approximately 0.56 acres in Tulsa with a clear address, strong property clarity, and high extraction confidence. The bid cost of 6555.34 is relatively low for a commercial-improved asset, which supports a mid-level screening score. However, there is no clear strict development overlap, no surrounding value signal, and the ZIP code is unknown, limiting confidence in upside potential. These factors justify a mid investment category and manual review rather than a strong or low priority classification.","No clear strict development match or verified nearby investment activity; ZIP code is unknown; surrounding value signal is unknown; crime risk is unknown; owner name is unknown; development signal is low, so appreciation potential is uncertain.","Exact ZIP code; details on existing commercial improvements (type, condition, occupancy); surrounding property values and land use; crime and neighborhood risk indicators; zoning specifics and any use restrictions; confirmation of access, utilities, and any encumbrances or liens beyond tax status.","Manually verify the parcel’s exact location and ZIP, confirm current use and condition of the commercial improvements, check zoning and allowable uses, and review nearby sales or rent levels to assess whether the low bid cost aligns with local market value and risk.",Medium
20300-92-03-06160,5.5,Mid Investment,True,Research First,False,nan,"The parcel at 1704 W RECONCILIATION (R IMP) has high data confidence, complete address quality, and strong property clarity, supporting a mid-level rule-based score of 5.5. The bid cost of 6557.34 is noted but the bid price signal is weak, and there is no credible strict development overlap or surrounding value data. These factors justify manual review but do not support classifying it as a top-tier or clearly good investment at this stage.",Unknown ZIP and surrounding value; no clear strict development match or documented development upside; weak bid price signal; crime risk and neighborhood context are unknown.,Exact ZIP code; neighborhood and market context; condition of improvements; surrounding property values and comps; crime risk details; any current or planned public/private projects near the parcel.,"Verify the precise location and ZIP, then obtain on-the-ground or mapping-based assessment of property condition and neighborhood context, followed by checking recent comparable sales and any local planning or investment activity not captured in the current development data.",Medium
17925-92-04-03930,5.5,Mid Investment,True,Research First,False,nan,"The property at 328 S 46 AV W in Tulsa is a residential improved lot (LOT 6 BLK 6, HAYDEN-LEWIS ADDN) with a bid cost of 6595.34 and high extraction/data confidence. Address and property clarity are strong, supporting basic viability for further review. However, there is no clear strict development match, development signal is low, and surrounding value and crime risk are unknown, so it remains a mid-tier candidate rather than a top priority.",Unknown ZIP code; no clear nearby public or private development activity; surrounding value signal unknown; crime risk estimate unknown; development match quality low with no specific project or corridor overlap.,"Exact ZIP code; surrounding property value context; crime and neighborhood stability indicators; physical condition of improvements; occupancy status; title issues, liens, or other encumbrances; local rental or resale demand.","Verify the exact ZIP and neighborhood context, then obtain on-the-ground or recent imagery to assess the condition of the residential improvements and surrounding properties, followed by a basic title and lien check to confirm no unexpected encumbrances relative to the 6595.34 bid cost.",High
98210-82-10-15720,5.1,Mid Investment,True,Research First,False,nan,"The parcel is a residential-type property of about 1.092 acres in the City of Tulsa with a bid cost of 6599.34 and a rule-based score of 4.1 categorized as Mid Investment. Data confidence is Medium and property clarity is Moderate, but the address is listed as ADDRESS UNKNOWN with an unknown ZIP, and ownership is Unknown. Strict development matching is Unknown with Low quality and Low confidence, so there is no reliable development-driven upside. These mixed signals justify manual review rather than dismissal or automatic prioritization.",Unknown street address and ZIP; owner listed as Unknown; no clear strict development overlap and Low development signal; development match quality Low with insufficient overlap data; potential difficulty in locating and accessing the parcel; surrounding value and crime risk are Unknown.,Exact street address and ZIP code; confirmation of parcel boundaries and access; current zoning details beyond generic residential type; verification of any structures or improvements; confirmation of surrounding land uses and values; any known liens or encumbrances beyond tax status; clearer development or infrastructure activity in the immediate area.,"Use the legal description and parcel ID 98210-82-10-15720 to pull the full county assessor and GIS records, confirm the precise location, access, and zoning, and verify whether there are any improvements or encumbrances before deciding on bidding priority.",Medium
90329-03-29-41780,8.2,Good Investment,True,Research First,True,"Strong, high-quality match to the Tulsa Market District / NOMA residential hub along Harvard, with documented efforts to revitalize vacant spaces, improve walkability, and support new commercial activity in the corridor, which elevates the strategic value of a C IMP parcel at this address.","The parcel at 1504 N HARVARD AV E is a commercial improvement (C IMP) property with clear address and legal description, and a relatively low bid cost of 6,614.00. Rule-based scoring is Mid Investment (7.5) with positive surrounding value signal and high data confidence. Critically, there is a strong, high-quality strict development match to the Tulsa Market District / NOMA residential hub along Harvard, where a 256-unit residential hub and broader corridor revitalization are underway. This credible corridor-level investment signal materially improves the parcel’s priority for investors seeking to benefit from Route 66/Harvard revitalization and increased walkability and commercial activity. The main data gaps are the unknown ZIP and lack of detailed property condition or income information, which require manual verification.","ZIP code unknown; no information on current structure condition, tenancy, or code compliance; owner listed as Unknown may complicate title and redemption research; commercial improvement use may require additional capital for rehab or repositioning to align with evolving mixed-use/residential-focused corridor plans.",Exact ZIP code; current building condition and occupancy; zoning specifics and any overlay tied to the Tulsa Market District; status of utilities and access; any liens beyond tax delinquency; detailed site dimensions beyond the abbreviated legal description.,"Confirm zoning and any Tulsa Market District/NOMA-related overlays for 1504 N HARVARD AV E, then obtain on-the-ground or recent imagery-based condition assessment and verify title/ownership status given the Unknown owner record before refining pro forma assumptions.",High
78540-84-14-02370,5.5,Mid Investment,True,Research First,False,nan,"The property at 514 W QUINCY ST S in Broken Arrow is a residential improved parcel (LT 1 BLK 3, BROKEN ARROW HGTS 3RD ADDN RESUB TR1-5 B6) with a bid cost of 6614.67 and high extraction confidence. Rule-based scoring places it in the Mid Investment category, supported by complete address data and strong property clarity. However, there is no clear strict development match and surrounding value and crime risk are unknown, so it should be treated as a mid-priority candidate that warrants manual review rather than a top-tier target.","ZIP code is unknown; no clear strict development overlap or documented nearby investment activity; surrounding value and crime risk are unknown; development signal is low, limiting evidence of upside beyond current residential use.","Exact ZIP code; detailed property characteristics (structure condition, size, year built, occupancy); surrounding market values and comps; local crime and neighborhood quality indicators; any current liens or title complications beyond tax status; zoning specifics and any local planning or infrastructure projects affecting this block.","Manually verify parcel details with county records (structure details, zoning, liens) and map the address to assess neighborhood context, recent sales, and rental potential before deciding on bid strategy.",High
61975-91-12-03150,6.0,Mid Investment,True,Research First,False,nan,"The parcel at 908 E FOREST DR N in the Oak Park Addition of Sand Springs is classified as a residential improvement (R IMP) with strong property clarity and a complete address, which supports basic viability for further review. The bid cost of 6681.26 is modest, aligning with the rule-based Mid Investment score of 5.5. However, there is no clear strict development overlap and the development signal is low, so external growth or redevelopment catalysts cannot be assumed. Unknown ZIP and surrounding value conditions add uncertainty, but the overall profile still justifies manual review rather than dismissal.","No clear strict development match or verified nearby investment activity; ZIP and surrounding value context are unknown; owner name is unknown; development signal is low, limiting confidence in appreciation or redevelopment upside.",Exact ZIP code; surrounding property values and neighborhood condition; structure details and condition for the residential improvement; title status and any liens beyond tax delinquency; local crime and school context; utility access and any code or zoning issues.,"Obtain county assessor and recorder records for this parcel to confirm structure details, year built, assessed value, and any additional liens, then review recent sales and condition indicators for nearby lots in the Oak Park Addition of Sand Springs to validate whether the low bid cost aligns with market value and risk.",Medium
12425-92-04-02590,5.5,Mid Investment,True,Research First,False,nan,"The parcel at 137 N 44 AV W in Tulsa is a residential improvement (R IMP) lot with a bid cost of 6,690.66 and a clear legal description (LT 13 BLK 7, EDISON ROAD IV ADDN, CITY OF TULSA). Rule-based scoring places it in the Mid Investment category, supported by complete address quality and strong property clarity. However, strict development matching shows no clear match and low development signal, so there is no verified nearby public or private investment to elevate its priority. The combination of modest entry cost and clear data justifies manual review, but not a top-tier ranking.",Unknown ZIP code; no clear strict development overlap or verified investment activity; development signal is low; surrounding value and crime risk are unknown.,Exact ZIP code; surrounding property values; neighborhood crime risk; physical condition of the improvement; occupancy status; title issues or liens beyond tax; zoning specifics and any code enforcement history.,"Verify the precise location and ZIP, then pull local sales and rent comps for EDISON ROAD IV ADDN and nearby blocks, and obtain a current exterior/drive-by condition check to assess structure viability relative to the 6,690.66 bid cost.",High
00725-03-33-00530,6.5,Mid Investment,True,Research First,False,nan,"The property is a residential improvement (R IMP) at 1326 N KNOXVILLE AV E in Tulsa with a bid cost of 6743.65 and a clear legal description (LT 2 CITY OF TULSA | ACME ACRE ADDN RESUB L41-42). Rule-based scoring places it in the Mid Investment range, supported by strong property clarity and complete address data. However, there is no clear strict development overlap and development match quality is low, so potential appreciation from nearby projects cannot be assumed. The unknown ZIP and lack of surrounding value or crime data add uncertainty, but the relatively low bid cost and solid data quality justify manual review rather than dismissal.",No clear development match or verified nearby investment activity; ZIP code unknown; surrounding value and crime risk are unknown; residential improvement status may imply rehab or condition issues that are not documented; limited information on neighborhood quality or rental/sale demand.,"Exact ZIP code; neighborhood and market context; property condition and occupancy status; structure details (square footage, bed/bath count, year built); any liens or title complications beyond taxes; recent comparable sales or rents; code enforcement or nuisance history; flood or other environmental risks.","Confirm parcel details and ZIP with county records, then obtain on-the-ground or photographic condition assessment and basic market comps (sales and rents) for the immediate area around 1326 N KNOXVILLE AV E to determine whether the rehab and holding costs are justified relative to the 6743.65 bid level.",Medium
40375-94-08-07940,6.5,Mid Investment,True,Research First,False,nan,"The parcel at 1640 S 128 AV E in Tulsa is a residential improvement (R IMP) with a bid cost of 6,791.32 and high extraction/data confidence. Rule-based scoring places it in a mid investment category, supported by complete address quality and strong property clarity. However, there is no clear strict development overlap and development signal is low, with unknown ZIP and surrounding value, so it cannot be elevated to a high-priority or development-driven play but is still suitable for manual review.","No clear strict development match or documented nearby investment activity; ZIP code and surrounding value are unknown; development signal is low; owner name unknown; potential market, condition, and title risks cannot be assessed from available data.","ZIP code; neighborhood and surrounding value context; property condition; structure details (size, age, configuration); occupancy status; title status and liens beyond tax; any local crime or stability indicators.","Confirm exact location and ZIP, pull assessor and GIS records for structure details and land characteristics, and run a title and lien check to validate encumbrances before assessing market value and potential exit strategies.",Medium
08150-94-08-00330,5.5,Mid Investment,True,Research First,False,nan,"The property at 11524 E 15 ST S in Tulsa is a residential improvement (R IMP) lot in the City of Tulsa, Cherokee Village, with a bid cost of 6800.65. Data quality is high, the address and legal description (LT 2 BLK 2) are clear, and the rule-based system assigns a Mid Investment score of 5.5, which supports manual review. However, there is no verified strict development overlap and the development signal is Low, so external growth or redevelopment pressure cannot be assumed. The unknown ZIP and lack of surrounding value or crime data add uncertainty, keeping this from being classified as a strong or clearly good investment.","No clear strict development or corridor match to support appreciation; ZIP code is unknown, limiting neighborhood-level risk and value assessment; surrounding value and crime risk are both unknown; ownership details are unclear (owner name listed as Unknown), which may indicate potential title or notification complexities; development signal is Low, so upside from nearby projects is not supported by the provided data.",Exact ZIP code; surrounding property value context; crime risk data; physical condition of the residential improvement; occupancy status; title status and any liens beyond the tax issue; detailed neighborhood characteristics within Cherokee Village; any recent sales or comps in the immediate area.,"Verify the precise ZIP and neighborhood context for 11524 E 15 ST S, then obtain on-the-ground or photographic condition information and a basic title check to confirm ownership status and any additional encumbrances before deciding on bidding strategy.",High
54425-02-02-04980,6.2,Mid Investment,True,Research First,False,Weak match removed; previous match was based on generic location wording.,"The parcel at 405 W 58 ST N (VINING ACRES, LT 6 BLK 2) is a residential property with improvements (R HS IMP) and a bid cost of 6819.31. Address and property details are clear and extraction confidence is high, supporting basic viability for further review. Rule-based scoring places it in a Mid Investment category. However, there is no valid strict development match, the earlier generic Tulsa overlap was discarded as an invalid weak match, and ZIP and surrounding value indicators are unknown. These factors limit confidence in upside and location quality, but the low entry cost and presence of improvements justify manual review rather than dismissal.","No clear development or revitalization activity identified nearby; prior development match was invalid and removed. ZIP code and surrounding value context are unknown, making neighborhood quality and marketability unclear. Crime risk and broader market indicators are also unknown. Owner name is listed as Unknown, which may signal potential title or notification complexities. Mobile home is explicitly excluded (MH NOT INCLUDED), so value may rely solely on land plus any remaining residential improvements, which are not described in detail.",Exact ZIP code; neighborhood and surrounding property values; condition and type of the residential improvements; occupancy status; detailed title report and any liens beyond tax; crime and school context; utility access and zoning specifics beyond R HS IMP classification.,"Verify parcel location and ZIP, then pull county records and recent sales in VINING ACRES to assess neighborhood values and confirm the nature and condition of the residential improvements. Follow with a title search to identify any non-tax encumbrances and confirm that the exclusion of the mobile home does not materially undermine the remaining collateral value.",Medium
20575-93-30-08990,8.2,Mid Investment,True,Research First,True,"Strong, high-quality match to the Tulsa Market District / NOMA residential hub along Peoria, with documented efforts to revitalize vacant spaces, improve walkability, and support new commercial activity in the corridor. The subject property at 4103 S PEORIA AV E appears to sit within this active investment corridor, giving it elevated strategic value for commercial or mixed-use positioning.","The parcel at 4103 S PEORIA AV E (LT 4 BLK 1, JENNINGS-ROBARDS ADDN, City of Tulsa) is a commercial improvement (C IMP) offered at a bid cost of 6,826.65. Data quality is high, with a complete address and clear legal description. Rule-based scoring places it in a Mid Investment category (7.5), but the strict development matching significantly upgrades its interest: there is a strong, high-quality match to the Tulsa Market District / NOMA residential hub along Peoria, where recent investment has focused on revitalizing vacant spaces and supporting new commercial activity. This corridor-level investment signal, combined with the low entry bid and clear property data, makes the asset a strong candidate for further manual review, particularly for investors targeting small commercial or mixed-use opportunities in emerging neighborhood hubs.","ZIP code is unknown, which slightly obscures precise locational analysis and may complicate quick comps or zoning checks. Owner name is listed as Unknown, which could signal potential title complexity or additional research needs. The property is classified only as C IMP without detail on building size, condition, or current tenancy, creating uncertainty about rehab costs, code compliance, and income potential. Crime risk is unknown, so neighborhood safety and perception must be independently verified. As a tax auction asset, there may be liens, code violations, or other encumbrances that are not reflected in the provided data.","Exact ZIP code; building size, age, and physical condition; current occupancy/tenant status; zoning specifics and any overlay districts within the Tulsa Market District; status of utilities and access; any outstanding liens, code violations, or special assessments; detailed mapping confirmation of its precise position within the Tulsa Market District/NOMA focus area; recent comparable sales or rents for similar C IMP properties along S Peoria.","Map 4103 S PEORIA AV E to confirm its exact location within the Tulsa Market District/NOMA corridor, then pull zoning and permitted uses for LT 4 BLK 1 (JENNINGS-ROBARDS ADDN). Follow with a title and lien search focused on tax, municipal, and code enforcement issues, and obtain on-the-ground or recent imagery to assess the condition and current use of the commercial improvement before setting a maximum bid.",High
24525-94-07-04110,6.0,Mid Investment,True,Research First,False,nan,"The parcel at 1622 S 108 AV E in Tulsa is a residential house with improvements (R HS IMP) and a relatively low bid cost of 6,830.15, which supports potential value if the structure is usable. Address and property clarity are strong and data confidence is high, which reduces basic data risk. However, there is no clear strict development overlap and the development signal is low, so there is no confirmed external investment catalyst. Overall rule-based score of 5.5 places it in a mid investment category, appropriate for manual review but not automatic prioritization.",Unknown ZIP code and surrounding value; no verified development or corridor investment nearby; condition of the house and occupancy status are unknown; crime and neighborhood risk are unknown; potential title or owner issues given owner name is listed as Unknown.,Exact ZIP code; neighborhood and comp values; physical condition of the improvements; occupancy and code enforcement status; detailed title report and any liens beyond taxes; local crime and school context; any nearby public or private projects not captured in the strict development match.,"Obtain GIS/assessor details for this parcel to confirm ZIP, neighborhood, building characteristics, and assessed value, then pull recent comparable sales and any code or nuisance records to gauge condition and resale or rental potential before deciding on bid strategy.",Medium
57628-73-15-20120,6.5,Mid Investment,True,Research First,False,nan,"The parcel at 14901 S YALE AV E in the City of Bixby has a complete address, clear legal description (LT 1 BLK 1, CITY OF BIXBY, CELEBRITY COUNTRY RESUB B2 SITRIN CENTER), and high extraction confidence. The rule-based system assigns a Mid Investment score (5.5) with strong property clarity and a weak but manageable bid cost signal at 6855.98. However, strict development matching finds no clear overlapping project or corridor, and development signal is low, so any growth or redevelopment thesis is unsubstantiated from the provided data. These factors justify manual review but not automatic elevation to a top-tier opportunity.",Unknown ZIP code; no confirmed surrounding value or crime data; no clear development overlap or documented investment activity; commercial-type property (C) may entail higher carrying and entitlement risks; upside case is not supported by the current development intelligence.,ZIP code; zoning specifics and allowable uses; parcel size and improvements (if any); current occupancy or use; surrounding property values and comps; infrastructure context; crime and demographic indicators; any city or private development plans not captured in the strict match.,"Manually verify zoning and current use for LT 1 BLK 1 in CELEBRITY COUNTRY RESUB B2 SITRIN CENTER at 14901 S YALE AV E, then obtain parcel size, improvement status, and recent comparable sales or lease data in the immediate Bixby area to determine whether the 6855.98 bid aligns with realistic exit or income potential.",Medium
12210-94-16-41680,5.5,Mid Investment,True,Research First,False,nan,AI review failed validation; fallback rule-based review used.,ZIP unknown; development upside not clearly supported; no clear strict development overlap,reasoning_summary not grounded enough,"Drive-by, title review, and strict location verification",High
54375-02-01-07910,5.2,Mid Investment,True,Research First,False,Weak match removed; previous match was based on generic location wording.,"The parcel at 1148 E 60 ST N (Parcel 54375-02-01-07910) has high data confidence, complete address information, and a clear legal description covering multiple lots (1–5, Block 6, Turley-Original Town), which supports basic clarity. The bid cost is $6,907.12 against a noted value reference of 17,500, contributing to a mid-level rule-based score of 5.2. However, there is no credible strict development match, and a previous generic Tulsa overlap was removed as an invalid weak match, so there is no substantiated development or surrounding value signal. These factors justify manual review but not elevation to a high-priority or clearly good investment category.","ZIP code and city are unspecified; no validated nearby public or private development activity; development match explicitly flagged as an invalid weak match; surrounding value and crime risk are unknown; property type listed only as C IMP without further detail, limiting clarity on current use or condition.",Exact ZIP code and city confirmation; on-the-ground property condition; detailed property type and improvements description; surrounding property values and market demand; crime and neighborhood risk indicators; any verified public or private investment or redevelopment plans in the immediate area.,"Confirm precise location and neighborhood context (including ZIP and city), then obtain recent imagery or a drive-by inspection to assess structure and land condition, followed by checking county or municipal records for any zoning, code issues, or documented investment or redevelopment activity near Turley-Original Town.",High
84830-72-11-53420,6.5,Mid Investment,True,Research First,False,nan,"The property is a residential improved lot (R HS IMP) in the City of Glenpool with clear address and legal description (LT 24 BLK 4, APPALOOSA ACRES SECOND). The bid cost of 6927.56 is modest for an improved residential parcel, and rule-based scoring places it in a Mid Investment category. However, there is no clear strict development overlap and the development signal is low, so no additional upside from nearby projects can be assumed. Data confidence is high, but missing ZIP and unknown owner require further verification.","Unknown ZIP code; owner name unknown; no confirmed surrounding value or crime risk data; no clear supporting development activity; potential physical condition issues typical of tax auction properties; possible title, lien, or redemption complications not covered in the provided data.",Exact ZIP code; current market value and comparable sales; property condition and occupancy status; detailed title report including liens and encumbrances; local code enforcement or nuisance history; utility status and any special assessments.,"Obtain a title search and lien check, confirm the correct ZIP and mapping of LT 24 BLK 4 APPALOOSA ACRES SECOND, inspect or virtually review the property condition, and compare the 6,927.56 bid cost to recent sales and assessed values for similar improved residential lots in the same subdivision.",High
45350-94-06-08780,5.5,Mid Investment,True,Research First,False,nan,"The parcel at 10623 E 4 ST S in the Wagon Wheel Addition is a residential improved property with a bid cost of 6,949.58 and high extraction/data confidence. Address and property clarity are strong, which supports basic viability for further review. However, there is no clear strict development overlap, development signal is low, and surrounding value and crime risk are unknown. These factors justify a mid-level score and a manual review flag, but not elevation to a top-tier opportunity.",Unknown ZIP code; no clear supporting development activity; surrounding value and crime risk are not available; development match quality is low with no specific corridor or neighborhood overlap.,Exact ZIP code; detailed neighborhood and market context; condition of the residential improvements; surrounding property values and rental/owner-occupancy patterns; crime and code-enforcement history; any liens or title complications beyond tax status.,"Verify the precise ZIP and neighborhood context, then obtain on-the-ground or recent imagery-based assessment of the structure’s condition and check local sales or assessed values in Wagon Wheel Addition to determine whether the bid cost of 6,949.58 is supported by likely resale or income potential.",High
80610-84-11-13910,5.5,Mid Investment,True,Research First,False,nan,AI review failed validation; fallback rule-based review used.,ZIP unknown; development upside not clearly supported; no clear strict development overlap,reasoning_summary not grounded enough,"Drive-by, title review, and strict location verification",High
36540-94-02-16310,5.5,Mid Investment,True,Research First,False,nan,AI review failed validation; fallback rule-based review used.,ZIP unknown; development upside not clearly supported; no clear strict development overlap,reasoning_summary not grounded enough,"Drive-by, title review, and strict location verification",High
98412-84-12-02870,6.2,Mid Investment,True,Research First,False,nan,"The parcel is a residential improvement (R IMP) in the City of Broken Arrow with a complete address and high extraction confidence, suggesting the asset itself is reasonably well-identified. The bid cost of 6982.63 is modest relative to the indicated value line (26,571), aligning with the rule-based Mid Investment score of 5.5. However, there is no clear strict development overlap and development match quality is low, so no external upside can be assumed. ZIP is unknown, which limits location precision, but city-level identification is present. Overall, the property merits manual review as a mid-priority candidate based on clarity and pricing, without any development-driven upgrade.",Unknown ZIP code limits precise location and comp analysis; no clear strict development match or documented surrounding value signal; development signal is low; owner name is unknown; crime risk and neighborhood quality are unknown.,"Exact ZIP code; detailed neighborhood context; structure details (year built, size, condition, occupancy); current owner identity and status; any liens or encumbrances beyond tax; crime and school context; recent comparable sales or assessed market value beyond the provided 26,571 figure.","Confirm exact parcel location and ZIP within Broken Arrow, then pull county assessor records for structure details, ownership, and any additional liens to evaluate whether the improvement and land value justify the 6,982.63 bid level.",Medium
57490-90-30-41030,5.5,Mid Investment,True,Research First,False,nan,AI review failed validation; fallback rule-based review used.,ZIP unknown; development upside not clearly supported; no clear strict development overlap,reasoning_summary not grounded enough,"Drive-by, title review, and strict location verification",High
85175-72-12-57030,6.5,Mid Investment,True,Research First,False,nan,"The parcel at 1277 E 139 ST S in the City of Glenpool is classified as residential improved (R HS IMP) with a bid cost of 7004.96 and a clear legal description (LT 6 BLK 2, KENDALWOOD III AMD). Rule-based scoring places it in a mid investment category, supported by complete address data and strong property clarity. However, there is no clear strict development match and development signal is low, with unknown ZIP and surrounding value context. These factors prevent treating it as a strong or development-driven opportunity but justify manual review due to the relatively modest bid level for an improved residential lot in an established subdivision.","No clear development overlap or documented nearby investment activity; ZIP code and surrounding value signals are unknown; crime risk is unknown; actual condition of the residential improvement is unverified; potential title, code enforcement, or occupancy complications typical of tax auction properties; limited upside visibility beyond baseline residential use in an existing subdivision.","ZIP code; year built and size of improvements; current physical condition of structures and land; recent comparable sales or assessed value; occupancy status; any liens, code violations, or special assessments; HOA or subdivision restrictions for Kendalwood III Amd; local crime and school context; utility status and access details.","Obtain county assessor and recorder records for this parcel to confirm improvement details, assessed value, ownership/title status, and any liens or code issues, then compare to the ~7005 bid cost to determine margin and whether an on-site or drive-by inspection is warranted.",Medium
46000-93-30-11430,6.0,Mid Investment,True,Research First,False,nan,"The parcel at 1558 E 41 ST S in Tulsa is a residential improvement (R IMP) with a clear address, high extraction confidence, and a relatively modest bid cost of 7025.18. Rule-based scoring places it in a Mid Investment category, and property clarity is strong. However, there is no confirmed development activity nearby, ZIP code is unknown, and surrounding value and crime risk are not provided. These gaps prevent elevating it beyond a mid-potential screen, but the combination of an improved residential asset and clear records justifies manual review.","Unknown ZIP and neighborhood context; no verified surrounding value or crime risk data; no clear development or revitalization signal; property condition, occupancy status, and title issues are unknown; bid cost may not be supported by local market value without further analysis.",Exact ZIP code; neighborhood and school context; recent comparable sales or assessed value; property condition (interior and exterior); occupancy status; any code violations or liens beyond the tax issue; detailed crime and demographic data; confirmation of any nearby infrastructure or private investment not captured in the strict development match.,"Manually verify the precise location and ZIP, pull county assessor data for valuation and structure details, check for additional liens or code violations, and review recent nearby sales to determine whether the 7025.18 bid cost is supported by market value and rental or resale potential.",Medium
12145-94-09-44920,5.5,Mid Investment,True,Research First,False,nan,"The parcel at 1733 S 141 AV E in Tulsa is a residential improvement (R IMP) lot with a bid cost of 7033.29 and strong property clarity and address completeness. Rule-based scoring places it in the Mid Investment category, warranting manual review. However, strict development matching shows no clear match and low-quality signals, so there is no validated development-driven upside in the data. The unknown ZIP and absence of surrounding value or crime data introduce uncertainty that must be resolved in manual due diligence.",ZIP code unknown; no confirmed surrounding value data; no clear strict development overlap or documented public/private investment nearby; development signal low; crime risk estimate unknown.,Exact ZIP code; neighborhood and market context; condition of the residential improvement; surrounding property values and rental/exit potential; title status and any liens beyond tax; local crime and nuisance factors; zoning and any code enforcement issues.,"Verify the precise location and ZIP, pull parcel and title records for encumbrances, and obtain on-the-ground or recent imagery-based assessment of the structure and surrounding block to evaluate condition, resale/rental potential, and local comparables.",High
14175-03-33-03800,5.5,Mid Investment,True,Research First,False,nan,"The property at 131 N MARION AV E, Tulsa, is a residential improvement parcel with strong property clarity and complete address data, and a moderate bid cost of 7064.62 relative to a noted 10,500 value on the source page. Rule-based scoring places it in the Mid Investment category, warranting manual review. However, there is no clear strict development overlap, ZIP is unknown, and surrounding value and crime risk are unknown, so the asset cannot be elevated to a high-priority or clearly good investment tier based on the provided data alone.","Unknown ZIP code and neighborhood context; no verified surrounding value or crime risk data; no clear development or revitalization signal; owner details effectively unknown; reliance on tax auction data only with no condition, occupancy, or title complication information provided.","ZIP code; neighborhood and market comps; property condition and occupancy status; title status and any additional liens; detailed improvement characteristics (size, age, structure type); crime and school context; confirmation of any nearby public or private investment activity.","Confirm the exact location and ZIP, then pull local sales and rent comps for similar residential improvements in the immediate area, followed by a title and lien check and a basic exterior condition/occupancy review to determine whether the bid cost of 7064.62 aligns with realistic resale or hold value.",Medium
16375-93-03-05080,5.5,Mid Investment,True,Research First,False,nan,"The parcel at 5939 E 7 ST S in Tulsa is a residential improved property with a bid cost of 7,071.29 and high extraction/data confidence. Address quality is complete and property clarity is strong, supporting basic viability for further review. However, strict development matching shows no clear match and low quality, and surrounding value and crime risk are unknown. These factors justify a mid-level rule-based score and a mid-priority classification that warrants manual review but not elevation to top-tier status.",Unknown ZIP code; no clear development overlap or documented surrounding value; low development signal; crime risk not estimated; owner name unknown.,Exact ZIP code; detailed neighborhood context; surrounding property values and comps; crime and school data; property condition and occupancy status; title status and any liens beyond tax issues.,"Confirm the precise ZIP and neighborhood context, then pull local sales and rent comps and verify physical condition and occupancy to determine whether the bid cost of 7,071.29 is justified relative to likely resale or rental value.",Medium
08675-93-01-02070,6.2,Mid Investment,True,Research First,False,nan,"The property is a residential improved (R HS IMP) lot in Tulsa with a complete address, clear legal description, and high extraction confidence, which supports basic viability for further review. The bid cost of 7105.95 aligns with a mid-level rule-based score (5.5), suggesting neither a clear bargain nor an obvious overpay based solely on the provided data. However, there is no confirmed development activity nearby, the development signal is low, and the ZIP and surrounding value context are unknown, limiting confidence in appreciation or exit potential. These mixed but generally stable signals justify manual review but not a strong investment classification.","Unknown ZIP code and surrounding value context; no clear strict development overlap or documented public/private investment nearby; development signal rated low; surrounding value and crime risk both unknown; owner listed as unknown, which may indicate title or notification complexities.",Exact ZIP code; surrounding sales or assessed values; neighborhood crime and stability indicators; condition of existing improvements; occupancy status; title status and any additional liens; zoning confirmation beyond R HS IMP label; utility and access details.,"Confirm parcel location and ZIP in county GIS, then pull assessor and recorder data to verify structure details, assessed value, liens, and ownership history; follow with a drive-by or recent imagery review to assess improvement condition and neighborhood quality before setting a maximum bid.",Medium
30800-93-07-13130,5.5,Mid Investment,True,Research First,False,nan,"The parcel at 1716 S ST LOUIS AV E in Tulsa is a residential improvement (R IMP) with a relatively modest bid cost of 7119.92 and high extraction confidence. Address quality and property clarity are strong, supporting basic viability for further review. However, strict development matching finds no clear overlap with known projects and only a low development signal, and the ZIP code is unknown, limiting context on surrounding values or risk. These factors place the property in a mid-tier category that warrants manual review but not top priority.",No clear development overlap or documented surrounding value signal; ZIP code unknown; development signal explicitly low; potential lack of identifiable upside beyond baseline residential use.,ZIP code; surrounding value indicators; crime risk details; physical condition of improvements; occupancy status; title issues or liens beyond tax status; zoning specifics within ORCUTT ADDN.,"Verify exact ZIP and neighborhood context, then obtain on-the-ground or recent imagery-based condition assessment of the residential improvements and confirm title, liens, and zoning constraints within ORCUTT ADDN.",High
04175-93-14-07050,6.5,Mid Investment,True,Research First,False,nan,"The parcel at 7721 E 30 PL S in Tulsa is a residential improvement (R IMP) with a bid cost of 7,152.78 and high extraction/data confidence. Address quality and property clarity are strong, supporting basic viability for further review. However, there is no clear strict development overlap, development match quality is low, and surrounding value and crime risk are unknown. These factors keep it in a mid, not high, priority band and justify manual review rather than automatic promotion or rejection.","Unknown ZIP and surrounding value; no clear public or private development activity nearby; low development signal; crime risk not estimated; owner listed as unknown, which may indicate title or contact complications.",Exact ZIP code; neighborhood and market context; condition and occupancy of the residential improvement; detailed title status and liens beyond tax delinquency; any recent sales or value benchmarks; crime and school context.,"Confirm parcel location and ZIP in county GIS, then pull assessor and recorder data to verify structure details, year built, assessed value, and any additional liens or encumbrances before considering on-site or drive-by inspection.",Medium
61500-91-27-00840,5.5,Mid Investment,True,Research First,False,nan,"The parcel is a residential improved property (R IMP) in the City of Sand Springs, specifically in ANGUS VALLEY ACRES, with a complete address and high data confidence. The rule-based system assigns a mid investment score (5.5), supported by strong property clarity and a modest bid cost of 7162.16. However, there is no clear strict development overlap and the development signal is low, with unknown ZIP and surrounding value, limiting evidence of broader growth or value uplift. These mixed signals justify manual review but not automatic elevation to a top-priority target.","No clear strict development match or verified investment activity nearby; ZIP code and surrounding value context are unknown; development signal is low; crime risk estimate is unknown; owner name is unknown, which may complicate title or notification steps.",Exact ZIP code; surrounding property value context; any verified nearby public or private development projects; detailed property condition; occupancy status; title status and liens beyond tax delinquency; local crime and neighborhood stability indicators.,"Manually confirm parcel location and ZIP, then pull local sales and rent comps for ANGUS VALLEY ACRES and nearby Sand Springs residential areas, followed by a basic title and property condition check to determine whether the improved residential structure justifies the bid relative to local values.",Medium
85375-72-14-01945,5.5,Mid Investment,True,Research First,False,nan,AI review failed validation; fallback rule-based review used.,ZIP unknown; development upside not clearly supported; no clear strict development overlap,reasoning_summary not grounded enough,"Drive-by, title review, and strict location verification",High
42025-93-07-18720,6.2,Mid Investment,True,Research First,False,nan,"The property at 1711 E 13 PL S in Tulsa is an improved residential (R HS IMP) lot with a clear legal description and complete address, and the data extraction confidence is high. The bid cost of 7,230.61 is moderate for an improved residential asset, and the rule-based system classifies it as Mid Investment with a score of 5.5. However, there is no clear strict development match, development signal is low, and the ZIP and surrounding value context are unknown. These factors prevent elevating it to a high-priority or development-driven play, but the clarity of the asset type and address justify manual review.","Unknown ZIP and surrounding value context; no clear supporting development or revitalization activity; crime risk and neighborhood quality are unknown; physical condition, code issues, and occupancy status are not provided; potential title, lien, or redemption complications typical of tax auction properties are not yet evaluated.","ZIP code; neighborhood and surrounding value indicators; property size and structure details (square footage, year built, bed/bath count); current physical condition and occupancy; code enforcement or nuisance history; detailed title report and any additional liens; local crime and school context; recent comparable sales or rents.","Obtain parcel-level assessor data and a current exterior inspection (drive-by or photos) to confirm structure presence, condition, and basic characteristics, then pull a title and lien check specific to tax sale risks and gather recent nearby sales/rent comps to determine whether the 7,230.61 bid cost is supported by local market value.",Medium
61940-91-27-37160,5.5,Mid Investment,True,Research First,False,nan,"The parcel at 603 W 47 PL S in Sand Springs is a residential improvement (R IMP) lot in Limestone Estates with a bid cost of 7,258.08. Address and property clarity are strong and data confidence is high, supporting basic viability for further review. However, there is no clear strict development overlap, development signal is low, ZIP and surrounding value are unknown, and crime risk is not estimated. These factors keep the opportunity in a mid, not high, investment category and warrant targeted manual review rather than automatic prioritization.",No confirmed development activity or corridor alignment; ZIP code and surrounding value context are unknown; crime risk is unknown; ownership details are unclear (owner name unknown); limited information on structure condition or occupancy despite being classified as residential improvement.,Exact ZIP code; detailed neighborhood and surrounding property values; condition and age of any existing improvements; occupancy status; title and lien status beyond tax delinquency; crime and school context; any planned public infrastructure or private projects near Limestone Estates.,"Verify parcel details with county records (including ZIP, ownership, and any additional liens), then obtain on-the-ground or recent imagery-based assessment of the structure and neighborhood to evaluate condition, marketability, and rent/resale potential before bidding.",High
46875-93-03-13050,5.5,Mid Investment,True,Research First,False,nan,"The parcel at 5101 E 11 ST S in Tulsa is a commercial improvement (C IMP) with a bid cost of 7,273.93 and strong property clarity and complete address, which supports a mid-level rule-based score of 5.5. However, there is no clear strict development match, development signal is low, and the ZIP is unknown, so potential upside from surrounding investment cannot be confirmed. These factors justify manual review but not elevation to a high-priority or good-investment category.","No clear strict development overlap or verified nearby investment activity; development signal is low; ZIP code is unknown, limiting context on surrounding values and risk; owner name is unknown; commercial use may entail higher rehab, compliance, or vacancy risk that cannot be evaluated from current data.","ZIP code; any details on building condition, age, or use; surrounding property values or comps; crime and area risk; occupancy status; title issues or liens beyond tax status; zoning specifics beyond generic commercial improvement classification.","Manually verify the exact location and ZIP, confirm zoning and allowed commercial uses for LOT 7 BLK 29 WHITE CITY ADDN, and obtain on-the-ground or listing data on structure condition and surrounding property values before bidding.",High
22775-94-17-02590,6.5,Mid Investment,True,Research First,False,nan,"The parcel at 2325 S 119 AV E in Tulsa is a residential improvement (R IMP) with a relatively low bid cost of 7,281.27 and high data confidence. Address and property clarity are strong, and the rule-based system scores it as Mid Investment. However, there is no clear strict development overlap and development signal is low, with ZIP and surrounding value unknown. These factors support keeping it in the pipeline but not elevating it to a top-tier target without further manual review.",No confirmed development activity nearby; ZIP and surrounding value are unknown; crime risk is unknown; ownership details are unclear; limited context on structure condition or neighborhood quality.,Exact ZIP code; neighborhood and surrounding value context; property condition and occupancy status; detailed ownership information; any code violations or liens; crime and school context.,"Manually verify the exact location and ZIP, pull county records for structure details and ownership, and review recent sales and rent comps in the immediate area to determine whether the low bid cost aligns with acceptable risk and potential returns.",Medium
20300-92-03-04570,5.5,Mid Investment,True,Research First,False,nan,"The property is a residential improved parcel (R HS IMP) at 1707 W EASTON PL N in Tulsa with a bid cost of 7,303.81. Address quality and property clarity are strong, and rule-based scoring places it in the Mid Investment category. However, there is no clear strict development overlap and development signal is low, with unknown ZIP and surrounding value, so it should not be treated as a high-upside or development-driven play but is still worth manual review due to its clarity and manageable bid level.",No clear development match or verified investment activity nearby; ZIP and surrounding value are unknown; development upside is not supported by the data; crime risk is unknown.,"Exact ZIP code, surrounding property value context, neighborhood crime risk, physical condition of improvements, occupancy status, and any liens or code violations are not provided.","Verify the precise ZIP and neighborhood context, inspect or obtain recent imagery of the structure to assess condition, and check county records for liens, code issues, or demolition history before deciding on bidding.",High
17950-92-04-04930,5.5,Mid Investment,True,Research First,False,nan,"The parcel at 134 S 42 AV W in Tulsa is a residential improvement (R IMP) with a bid cost of 7,308.60 and high extraction confidence. Address quality and property clarity are strong, supporting basic viability for further review. However, there is no clear strict development match and the development signal is low, so broader growth or redevelopment upside is not supported by the provided data. Overall rule-based scoring places it in the mid investment range, warranting manual review but not top-tier prioritization.","Unknown ZIP code and surrounding value; no clear public or private development activity nearby; development match quality is low with no specific overlap; potential neighborhood, crime, and market risks cannot be assessed from available data.",ZIP code; surrounding property values and comps; neighborhood and crime context; physical condition of the improvement; occupancy status; title issues or liens beyond tax status; zoning specifics beyond generic R IMP classification.,"Confirm exact ZIP and map the parcel to evaluate neighborhood context, then obtain basic property condition and occupancy information and check for additional liens or title complications before deciding on bid strategy.",Medium
46525-94-05-05250,6.0,Mid Investment,True,Research First,False,nan,"The parcel at 293 S 118 AV E in the City of Tulsa is a residential improvement (R IMP) lot in WESTERN VILLAGE SECOND ADDN with a relatively low bid cost of 7,315.38. Address and property clarity are strong and overall rule-based scoring places it in a Mid Investment category. However, there is no clear strict development overlap, surrounding value and crime risk are unknown, and the ZIP code is missing, limiting location-specific evaluation. These factors support manual review but not elevation to a high-priority or good-investment classification.",Unknown ZIP and neighborhood context; no confirmed development or revitalization activity nearby; surrounding value and crime risk are unknown; ownership listed as Unknown may indicate title or notification complexities; development signal is low with no clear match.,ZIP code; neighborhood and market context; condition of the residential improvement; occupancy status; title status and any liens beyond tax; surrounding property values and rental/exit potential; local crime and code enforcement history.,"Confirm exact location and ZIP, then pull county records and mapping to verify structure type and condition, check title and any additional liens, and compare bid cost of 7,315.38 to recent sales and assessed values for similar lots in WESTERN VILLAGE SECOND ADDN.",Medium
23850-93-15-12810,5.5,Mid Investment,True,Research First,False,nan,AI review failed validation; fallback rule-based review used.,ZIP unknown; development upside not clearly supported; no clear strict development overlap,reasoning_summary not grounded enough,"Drive-by, title review, and strict location verification",High
04025-93-15-00140,6.2,Mid Investment,True,Research First,False,nan,"The parcel at 2640 S SHERIDAN RD E is classified as R HS IMP (residential with improvements) with a relatively low bid cost of 7,339.85 and high data confidence. Address quality is complete and property clarity is strong, which supports basic auction viability. However, strict development matching shows No Clear Match with Low quality, and surrounding value and crime risk are both unknown. The rule-based system places it in a Mid Investment category with a score of 5.5, aligning with a moderate but not compelling opportunity that warrants human review rather than automatic prioritization.","ZIP code is unknown, limiting location-specific valuation and risk assessment; no clear strict development overlap or documented nearby investment activity to support upside; surrounding value and crime risk are unknown; owner listed as Unknown may complicate title or notification history; residential improvements are not described in detail, so condition and functional value are uncertain.","Exact ZIP code; details on the residential improvements (structure type, size, condition, year built); surrounding property values and neighborhood context; crime and code-enforcement history; any liens or encumbrances beyond tax delinquency; zoning confirmation and any use restrictions.","Verify the precise location and ZIP, then pull county assessor and recorder records for structure details, valuation history, and liens; review aerial imagery and street-level views for condition and neighborhood context; confirm zoning and permitted uses; and estimate realistic resale or rental value relative to the 7,339.85 bid cost before elevating priority.",Medium
37425-04-21-00950,3.8,Bad Investment,True,Avoid,False,nan,"The parcel on E APACHE ST N in the Sewell Industrial District is classified as property type C with a bid cost of 7,347.26. The rule-based system scores it 4.1 and categorizes it as a bad investment, driven by an unknown ZIP code, only partial address quality, and moderate property clarity. Strict development matching shows no clear overlap with any identified project or corridor, and the development signal is low. These factors, combined with only medium data confidence, suggest limited visible upside and elevated uncertainty.",Unknown ZIP code; incomplete address verification; no clear strict development overlap or documented public/private investment nearby; development upside not supported by current data; only medium extraction and data confidence for the auction record.,Exact street number and full address details; ZIP code; confirmation of current land use and improvements (if any); zoning specifics beyond generic property type C; surrounding property values and market activity; environmental or industrial-use constraints in the Sewell Industrial District.,"Manually confirm the full situs address and ZIP with county records, then pull zoning and current-use details for the Sewell Industrial District parcel to determine whether the commercial/industrial classification and location justify the 7,347.26 bid despite weak development signals.",Medium
26275-93-09-07670,5.0,Mid Investment,True,Research First,False,nan,"The property is a commercial improvement (C IMP) in the City of Tulsa with a complete address and high data confidence, and the bid cost of 7361.93 is relatively modest for an improved commercial parcel. Rule-based scoring places it in a mid investment category, justifying manual review. However, there is no clear strict development overlap, development match quality is low, and surrounding value and crime risk are unknown, so any upside from nearby investment cannot be assumed.","ZIP code is unknown, limiting precise location and comp analysis; no clear strict development or corridor match to support appreciation potential; surrounding value and crime risk are unknown; owner listed as unknown may signal title or notification complexities; commercial use may involve higher rehab, compliance, or vacancy risk that cannot be evaluated from current data.","Exact ZIP code; detailed location context (corridor, corner, traffic exposure); building condition and occupancy; surrounding property values and land use; crime and nuisance profile; zoning specifics and any code enforcement history; tax, lien, and title status beyond the auction listing.","Confirm exact location and ZIP, then pull county records for structure details, zoning, and any code or lien issues; follow with a drive-by or recent imagery review to assess building condition and surrounding commercial activity before setting a maximum bid.",Medium
77200-94-21-16190,6.2,Mid Investment,True,Research First,False,nan,"The parcel at 3217 S 140 AV E in Tulsa is a residential improvement (R IMP) lot in the SUMMERFIELD addition with a relatively modest bid cost of 7,393.92 and strong property clarity and address completeness. Rule-based scoring places it in a Mid Investment category, suggesting it is not a clear standout but is potentially viable as a standard residential investment candidate. However, the ZIP code is unknown, ownership is listed as Unknown, and strict development matching reports No Clear Match with low match quality, so there is no confirmed area-wide investment catalyst. These factors support a mid-level AI review score and a recommendation for manual review focused on verifying physical condition, occupancy, and neighborhood context before proceeding.",Unknown ZIP and incomplete locational context; no clear surrounding value or crime risk estimates; no confirmed development or revitalization activity nearby; owner listed as Unknown which may signal title or notification complexity; bid price signal only weakly favorable without supporting market data.,ZIP code and precise neighborhood market data; current structure condition and habitability; occupancy status and any existing tenants; title status and any additional liens beyond the tax obligation; recent comparable sales and rental rates in the immediate area; code enforcement or nuisance history for the property.,"Confirm exact location and ZIP, then pull county records for title and lien checks, verify structure type and condition via drive-by or recent imagery, and obtain neighborhood-level sales and rent comps to determine whether the 7,393.92 bid aligns with realistic resale or rental value.",Medium
61000-14-31-00520,5.5,Mid Investment,True,Research First,False,nan,AI review failed validation; fallback rule-based review used.,ZIP unknown; development upside not clearly supported; no clear strict development overlap,reasoning_summary not grounded enough,"Drive-by, title review, and strict location verification",High
22350-93-31-06310,6.0,Mid Investment,True,Research First,False,nan,"The parcel at 1608 E 54 ST S in Tulsa is listed as R IMP, indicating a residential improvement rather than vacant land, with a relatively modest bid cost of 7,464.70 and high extraction confidence. Address quality and property clarity are strong, and the rule-based system categorizes it as Mid Investment with a score of 5.5, supporting preliminary interest. However, the ZIP code and surrounding value context are unknown, and strict development matching finds no clear overlap with any identified project or corridor, so there is no documented development-driven upside. These mixed signals justify a mid-level AI review score and a recommendation for human follow-up rather than dismissal.","Unknown ZIP and surrounding value context; no clear strict development overlap or documented investment activity; development signal rated Low; potential neighborhood, crime, or condition issues cannot be evaluated from the data; bid price signal only Weak, so margin and resale/rent assumptions are uncertain.",Exact ZIP code; neighborhood and school context; any recent sales or assessed value data; property condition and occupancy status; detailed surrounding property values and crime risk; confirmation of utilities and code/permit history.,"Manually confirm the precise location and ZIP, then pull county assessor and recent sales data for comparable properties on and around E 54 ST S to gauge value versus the 7,464.70 bid, followed by a drive-by or street-level imagery review to assess property condition and block quality.",Medium
90308-03-08-08590,5.5,Mid Investment,True,Research First,False,nan,"The parcel at 2661 E 54 ST N in Tulsa has a complete address and strong property clarity, with an improved property type and a mid-range bid cost of 7542.57, which supports a mid-level investment score. However, strict development matching found no clear overlap with any known project or corridor, and the development signal is Low. Combined with an unknown ZIP code, these factors limit confidence in upside potential, but the overall data quality is high enough to justify manual review.","Unknown ZIP code; no clear strict development overlap or identified nearby projects; development signal Low; upside potential not clearly supported by external investment activity; owner listed as Unknown, which may complicate title or notification history.",Exact ZIP code; details on structure condition and current use; surrounding property values and neighborhood context; crime risk and local market demand; any liens or encumbrances beyond the tax delinquency.,"Confirm the precise location and ZIP, then pull county records for structure details, photos, and any additional liens; review neighborhood comparables and occupancy conditions on surrounding parcels to assess realistic resale or rental potential before bidding.",Medium
81210-84-15-63180,5.5,Mid Investment,True,Research First,False,nan,"The property at 1657 S PINE AV W in Broken Arrow is classified as residential improved (R HS IMP) with a bid cost of 7,554.54 and high extraction/data confidence. Address quality and property clarity are strong, supporting basic viability for further review. However, there is no clear strict development overlap, development signal is low, and surrounding value and crime risk are unknown. These factors justify a mid-level score and manual review, but not a strong investment classification.",Unknown ZIP code; no clear supporting development activity; surrounding value and crime risk are unknown; owner listed as unknown; limited context on structure condition or occupancy despite being marked as improved.,Exact ZIP code; detailed neighborhood and surrounding value data; property condition and age; occupancy status; title issues or liens beyond tax status; zoning specifics beyond general residential classification; any verified nearby public or private investment projects.,"Verify full property profile via county records, including ZIP, zoning details, structure characteristics, and title status, then perform a localized market and neighborhood check (sales comps, rent levels, and on-the-ground condition) to determine whether the mid-level rule-based score justifies bidding at or above the current bid cost.",High
55200-91-10-03090,5.2,Mid Investment,True,Research First,False,Weak match removed; previous match was based on generic location wording.,AI review failed validation; fallback rule-based review used.,ZIP unknown; development upside not clearly supported; no clear strict development overlap; weak generic development match removed,reasoning_summary not grounded enough,"Drive-by, title review, and strict location verification",High
18950-93-33-02280,5.5,Mid Investment,True,Research First,False,nan,AI review failed validation; fallback rule-based review used.,ZIP unknown; development upside not clearly supported; no clear strict development overlap,reasoning_summary not grounded enough,"Drive-by, title review, and strict location verification",High
12145-94-09-42810,5.5,Mid Investment,True,Research First,False,nan,"The parcel at 1532 S 140 AV E in Tulsa is a residential improvement (R IMP) lot in EASTLAND PARK with a relatively low bid cost of 7,605.90 and strong property clarity and complete address data. Rule-based scoring places it in the Mid Investment category, warranting manual review. However, strict development matching shows no clear match and low match quality, so there is no supported development-driven upside, and the unknown ZIP adds location risk.","No clear development overlap or identified public/private investment nearby; development signal is low; ZIP code is unknown, limiting precise location and comp assessment; upside appears based mainly on basic residential use rather than documented area improvements.","Exact ZIP code; detailed neighborhood and surrounding value context; property condition and occupancy status; structure details (size, age, configuration); any liens or title complications beyond tax status; local crime and school context.","Manually confirm the exact location and ZIP for 1532 S 140 AV E, then pull parcel-level records (assessor and GIS) to verify structure details, current condition, and any additional liens or encumbrances before ranking this against other mid-tier residential opportunities.",High
91236-12-36-47530,8.0,Good Investment,True,Research First,True,"Strong, high-quality match to the Tulsa Market District / NOMA residential hub along the Peoria corridor, where a 256‑unit project and broader revitalization efforts signal improving walkability, infill activity, and commercial potential.","The parcel at 7002 N PEORIA AV E is a commercial improvement property with clear legal description and high extraction confidence, offered at a bid cost of 7,624.18. Rule-based scoring places it in the Mid Investment band (7.5), but the strong, high-quality development match to the Tulsa Market District / NOMA residential hub along Peoria elevates its profile. The development signal is explicitly High, and surrounding value signal is Positive, suggesting this corridor is benefiting from targeted revitalization and new residential/commercial activity. Address quality and property clarity are strong, and data confidence is high, which reduces basic information risk despite the missing ZIP. These combined factors justify treating the parcel as a higher-priority candidate for further underwriting and site-level review.","ZIP code and city are not specified; exact micro-location context (block-level condition, access, and adjacent uses) is unknown. The legal description references multiple carve-outs for railroad right-of-way and road right-of-way (LESS 1.533ACS FOR RR R/W & LESS N15 THEREOF FOR RD & LESS E40 THEREOF FOR RD), which may reduce usable area or complicate site planning. Ownership details are listed as Unknown, which may signal potential title complexity that needs verification.","Exact ZIP code, city confirmation, parcel acreage after all right-of-way deductions, current structure condition and use, zoning designation and any corridor overlays, utility status, environmental or contamination history, and confirmation of clear title and any liens beyond the tax delinquency.","Obtain county GIS and assessor records to confirm net usable acreage, current improvements, and zoning; then cross-check the parcel’s exact position relative to the Tulsa Market District / NOMA activity nodes along Peoria to validate that it directly benefits from the corridor’s revitalization rather than sitting on a fringe or isolated segment.",High
38125-92-27-17970,5.5,Mid Investment,True,Research First,False,nan,"The parcel at 4427 S ZENITH AV W in Tulsa is a residential improved property (R IMP) with a complete address, clear legal description (LT 7 BK 2, Sherwood Forest, City of Tulsa), and high extraction/data confidence. The bid cost of 7627.90 is moderate and aligns with a mid-tier risk/return profile. However, strict development matching found no clear overlapping project or corridor, and the development signal is low, so there is no validated external development driver to elevate its priority. Overall, it merits manual review but not top-tier prioritization.","ZIP code is unknown, limiting precise neighborhood and value context; no clear strict development overlap or verified nearby investment activity; development match quality is low; surrounding value and crime risk are both unknown; owner listed as unknown may indicate potential title or notification complexities.","Exact ZIP code and neighborhood context; current market value and condition of the residential improvements; surrounding property values and rental/owner-occupancy patterns; crime and school quality indicators; any liens, code violations, or occupancy status; detailed title history and redemption/encumbrance status.","Confirm the precise ZIP and neighborhood for 4427 S ZENITH AV W, then pull county assessor and recorder data to verify structure details, assessed value, ownership history, and any liens or code issues; follow with a drive-by or recent imagery review to assess physical condition and block-level stability.",High
78260-84-12-00420,5.5,Mid Investment,True,Research First,False,nan,AI review failed validation; fallback rule-based review used.,ZIP unknown; development upside not clearly supported; no clear strict development overlap,reasoning_summary not grounded enough,"Drive-by, title review, and strict location verification",High
85240-72-13-61990,6.0,Mid Investment,True,Research First,False,nan,"The parcel at 14269 S QUINCE ST E in the City of Glenpool is listed as an R IMP property with a bid cost of 7,677.90 and a clear legal description (LT 7 BLK 1, PARK LANE PLACE). Address quality and property clarity are strong, and data confidence is high, which supports basic investment screening. However, the strict development match is classified as No Clear Match with low quality and low development signal, and the ZIP code and surrounding value context are unknown. These factors limit conviction and keep the asset in a mid, not high, priority band, but the presence of an existing improvement at a sub‑$10k bid level still justifies manual review.","No confirmed development or investment activity in the immediate area; development signal is low with no clear match. ZIP code and surrounding value indicators are unknown, limiting location and comp analysis. Owner name is unknown, which may signal title or notification complexities. Overall upside is not clearly supported beyond the basic presence of an improvement.","ZIP code; details on the existing residential improvement (size, condition, year built, occupancy); surrounding property values and neighborhood context; any liens or encumbrances beyond taxes; confirmation of utilities and access; crime and school context; more precise development or infrastructure plans for the area.","Verify parcel location and context using county GIS and tax records (including ZIP and neighborhood), then pull property card or assessor data to confirm structure details and condition; follow with a title search for liens and a drive-by or recent imagery review to assess physical condition and neighborhood quality before bidding.",High
43800-93-04-19590,6.0,Mid Investment,True,Research First,False,nan,"The property at 512 S QUEBEC AV E in Tulsa is a residential improvement (R IMP) with a relatively modest bid cost of 7753.89 and strong property clarity and address completeness. Rule-based scoring places it in a mid investment category, suggesting it is not an obvious outlier risk based solely on auction data. However, there is no clear strict development overlap and the development signal is low, so any upside from area investment cannot be assumed. The unknown ZIP and lack of surrounding value or crime data mean location quality and risk are not well constrained, justifying manual review rather than dismissal.","Unknown ZIP and neighborhood context; no confirmed development or revitalization activity nearby; surrounding value and crime risk are unknown; physical condition, code issues, and occupancy status are not provided; bid cost may still be high relative to unknown property condition and market value.",ZIP code; detailed neighborhood and market context; property size and structure details; current physical condition and repair needs; occupancy/tenant status; any code violations or liens beyond the tax issue; recent comparable sales or rental data; crime and school context.,"Manually verify the exact location and ZIP, then review local market comps and conduct a drive-by or photo-based condition check to assess structure quality and neighborhood stability before considering a bid at or near 7753.89.",Medium
47075-93-30-12810,6.2,Mid Investment,True,Research First,False,nan,"The parcel at 1356 E 44 ST S in Tulsa is a residential improved property (R HS IMP) with a relatively low bid cost of 7,827.99 and high data confidence, which supports basic investment viability and justifies manual review. Address and property clarity are strong, reducing ambiguity about what is being auctioned. However, the ZIP code and surrounding value context are unknown, and strict development matching shows no clear match and low quality, so there is no reliable evidence of external development-driven upside. Overall rule-based scoring places it in a mid investment category, warranting closer human evaluation rather than dismissal.","Unknown ZIP and surrounding value conditions; no verified development or revitalization activity nearby; development signal explicitly low with no clear match; crime risk estimate unknown; potential neighborhood, market liquidity, and property condition risks cannot be assessed from current data.",Exact ZIP code; neighborhood and school context; recent comparable sales and rent levels; property condition and occupancy status; code enforcement or nuisance history; detailed tax/assessment history beyond the bid amount; any local infrastructure or private development plans not captured in the strict match data.,"Confirm the precise ZIP and neighborhood, then pull recent sales and rental comps for similar residential improved properties nearby; obtain county assessor and code records to check structure details, condition indicators, and any violations; and, if those are acceptable, schedule a drive-by or third-party exterior inspection to validate physical and block-level conditions before bidding.",Medium
42675-93-02-15780,5.5,Mid Investment,True,Research First,False,nan,AI review failed validation; fallback rule-based review used.,ZIP unknown; development upside not clearly supported; no clear strict development overlap,reasoning_summary not grounded enough,"Drive-by, title review, and strict location verification",High
74850-94-19-17270,5.5,Mid Investment,True,Research First,False,nan,AI review failed validation; fallback rule-based review used.,ZIP unknown; development upside not clearly supported; no clear strict development overlap,reasoning_summary not grounded enough,"Drive-by, title review, and strict location verification",High
74955-94-20-02740,5.5,Mid Investment,True,Research First,False,nan,AI review failed validation; fallback rule-based review used.,ZIP unknown; development upside not clearly supported; no clear strict development overlap,reasoning_summary not grounded enough,"Drive-by, title review, and strict location verification",High
07900-94-18-00140,5.5,Mid Investment,True,Research First,False,nan,"The property is a residential improved parcel (R IMP) at 2117 S 102 AV E in Tulsa with a bid cost of 7,964.53, clear address and legal description (LT 14 BLK 1, CHARYL LYNN ACRES), and high data confidence. Rule-based scoring places it in the Mid Investment category. However, there is no clear strict development match and development signal is low, with unknown surrounding value and crime risk. These factors justify manual review but not elevation to a top-priority opportunity.","No clear nearby public or private development activity identified; ZIP code is unknown, limiting neighborhood and value context; surrounding value and crime risk are unknown; development upside is not clearly supported by any strict match.",ZIP code; neighborhood and market context; condition and occupancy status of the residential improvements; surrounding property values and rental levels; crime and school context; any liens or title complications beyond tax status.,"Confirm the exact ZIP and neighborhood, then pull local sales and rent comps and verify the physical condition and occupancy of the improvements to determine whether the roughly 7,964.53 bid aligns with realistic resale or income potential.",High
28725-92-34-02190,5.5,Mid Investment,True,Research First,False,nan,AI review failed validation; fallback rule-based review used.,ZIP unknown; development upside not clearly supported; no clear strict development overlap,reasoning_summary not grounded enough,"Drive-by, title review, and strict location verification",High
49900-93-21-18650,5.5,Mid Investment,True,Research First,False,nan,AI review failed validation; fallback rule-based review used.,ZIP unknown; development upside not clearly supported; no clear strict development overlap,reasoning_summary not grounded enough,"Drive-by, title review, and strict location verification",High
58000-73-25-00270,5.5,Mid Investment,True,Research First,False,nan,AI review failed validation; fallback rule-based review used.,ZIP unknown; development upside not clearly supported; no clear strict development overlap,reasoning_summary not grounded enough,"Drive-by, title review, and strict location verification",High
