parcel_id,owner_name,property_address,city,state,zip_code,legal_description,bid_cost,property_type,source_page,raw_text,extraction_confidence,extraction_notes,residential_likelihood,filter_included,duplicate_removed,filter_reason,development_match_strength,development_match_quality,development_match_warning,matched_development_area,matched_project_or_area_name,matched_project_type,matched_investment_signal_strength,development_source_url,development_source_title,development_summary,development_match_reason,development_confidence,previous_development_match_strength,rule_based_score,rule_based_category,bid_price_signal,address_quality_signal,property_clarity_signal,development_signal,surrounding_value_signal,crime_risk_estimate,data_confidence,rule_based_reasoning,key_rule_based_risks
40850-02-12-06130,Unknown,641 E 50 ST N,Tulsa,OK,Unknown,LT 4 BLK 2,3005.03,R IMP,108,"734 40850-02-12-06130 641 E 50 ST N 13,160 R IMP 3,005.03 332.25 | LT 4 BLK 2 CITY OF TULSA | SUBURBAN ACRES THIRD ADDN",High,parsed cleanly,High,True,False,Included because bid_cost 3005.03 is within range and residential_likelihood=High,No Clear Match,Low,,Unknown,Unknown,Unknown,Unknown,Unknown,Unknown,Unknown,"No specific street, corridor, neighborhood, or ZIP overlap found",Medium,No Clear Match,6.7,Strong Manual Review Candidate,Strong,Complete,Strong,Low,Unknown,Unknown,High,"Bid cost 3005.03, parcel_id 40850-02-12-06130, address quality Complete, property clarity Strong, strict development match No Clear Match, match quality Low, development signal Low, data confidence High.",ZIP unknown; development upside not clearly supported; no clear strict development overlap
34300-03-32-15230,Unknown,135 N COLUMBIA AV E,Tulsa,OK,Unknown,LT 24 BLK 4,3005.69,R IMP,88,"595 34300-03-32-15230 135 N COLUMBIA AV E 7,000 R IMP 3,005.69 363.75 | LT 24 BLK 4 CITY OF TULSA | REDDIN ADDN",High,parsed cleanly,High,True,False,Included because bid_cost 3005.69 is within range and residential_likelihood=High,No Clear Match,Low,,Unknown,Unknown,Unknown,Unknown,Unknown,Unknown,Unknown,"No specific street, corridor, neighborhood, or ZIP overlap found",Medium,No Clear Match,6.7,Strong Manual Review Candidate,Strong,Complete,Strong,Low,Unknown,Unknown,High,"Bid cost 3005.69, parcel_id 34300-03-32-15230, address quality Complete, property clarity Strong, strict development match No Clear Match, match quality Low, development signal Low, data confidence High.",ZIP unknown; development upside not clearly supported; no clear strict development overlap
29675-03-07-09890,Unknown,2017 E 49 ST N,Tulsa,OK,Unknown,LT 11 BLK 25,3010.1,R IMP,78,"533 29675-03-07-09890 2017 E 49 ST N 7,020 R IMP 3,010.10 411.00 | LT 11 BLK 25 CITY OF TULSA | NORTHRIDGE SECOND ADDN AMD",High,parsed cleanly,High,True,False,Included because bid_cost 3010.10 is within range and residential_likelihood=High,No Clear Match,Low,,Unknown,Unknown,Unknown,Unknown,Unknown,Unknown,Unknown,"No specific street, corridor, neighborhood, or ZIP overlap found",Medium,No Clear Match,6.7,Strong Manual Review Candidate,Strong,Complete,Strong,Low,Unknown,Unknown,High,"Bid cost 3010.10, parcel_id 29675-03-07-09890, address quality Complete, property clarity Strong, strict development match No Clear Match, match quality Low, development signal Low, data confidence High.",ZIP unknown; development upside not clearly supported; no clear strict development overlap
16250-92-05-01100,Unknown,426 S 55 AV W,Tulsa,OK,Unknown,LT 6 BLK 5,3012.36,R IMP,35,"238 16250-92-05-01100 426 S 55 AV W 7,500 R IMP 3,012.36 363.75 | LT 6 BLK 5 CITY OF TULSA | GLEN ACRES SUB-WEKIWA",High,parsed cleanly,High,True,False,Included because bid_cost 3012.36 is within range and residential_likelihood=High,No Clear Match,Low,,Unknown,Unknown,Unknown,Unknown,Unknown,Unknown,Unknown,"No specific street, corridor, neighborhood, or ZIP overlap found",Medium,No Clear Match,6.7,Strong Manual Review Candidate,Strong,Complete,Strong,Low,Unknown,Unknown,High,"Bid cost 3012.36, parcel_id 16250-92-05-01100, address quality Complete, property clarity Strong, strict development match No Clear Match, match quality Low, development signal Low, data confidence High.",ZIP unknown; development upside not clearly supported; no clear strict development overlap
41025-02-01-06220,Unknown,5914 N ELGIN AV E,Tulsa,OK,Unknown,LT 2 BLK 16,3015.03,R IMP,114,"771 41025-02-01-06220 5914 N ELGIN AV E 7,140 R IMP 3,015.03 332.25 | LT 2 BLK 16 CITY OF TULSA | SUBURBAN HILLS ADDN",High,parsed cleanly,High,True,False,Included because bid_cost 3015.03 is within range and residential_likelihood=High,No Clear Match,Low,,Unknown,Unknown,Unknown,Unknown,Unknown,Unknown,Unknown,"No specific street, corridor, neighborhood, or ZIP overlap found",Medium,No Clear Match,6.7,Strong Manual Review Candidate,Strong,Complete,Strong,Low,Unknown,Unknown,High,"Bid cost 3015.03, parcel_id 41025-02-01-06220, address quality Complete, property clarity Strong, strict development match No Clear Match, match quality Low, development signal Low, data confidence High.",ZIP unknown; development upside not clearly supported; no clear strict development overlap
41025-02-01-01230,Unknown,5607 N FRANKFORT AV E,Tulsa,OK,Unknown,LT-24-BLK-13,3021.69,R IMP,112,"758 41025-02-01-01230 5607 N FRANKFORT AV E 10,010 R IMP 3,021.69 348.00 | LT-24-BLK-13 CITY OF TULSA | SUBURBAN HILLS ADDN",High,parsed cleanly,High,True,False,Included because bid_cost 3021.69 is within range and residential_likelihood=High,No Clear Match,Low,,Unknown,Unknown,Unknown,Unknown,Unknown,Unknown,Unknown,"No specific street, corridor, neighborhood, or ZIP overlap found",Medium,No Clear Match,6.7,Strong Manual Review Candidate,Strong,Complete,Strong,Low,Unknown,Unknown,High,"Bid cost 3021.69, parcel_id 41025-02-01-01230, address quality Complete, property clarity Strong, strict development match No Clear Match, match quality Low, development signal Low, data confidence High.",ZIP unknown; development upside not clearly supported; no clear strict development overlap
34300-03-32-14790,Unknown,124 N DELAWARE AV E,Tulsa,OK,Unknown,LT 10 BLK 3,3029.62,R HS IMP,88,"593 34300-03-32-14790 124 N DELAWARE AV E 7,000 R HS IMP 3,029.62 426.75 | LT 10 BLK 3 CITY OF TULSA | REDDIN ADDN",High,parsed cleanly,High,True,False,Included because bid_cost 3029.62 is within range and residential_likelihood=High,No Clear Match,Low,,Unknown,Unknown,Unknown,Unknown,Unknown,Unknown,Unknown,"No specific street, corridor, neighborhood, or ZIP overlap found",Medium,No Clear Match,6.7,Strong Manual Review Candidate,Strong,Complete,Strong,Low,Unknown,Unknown,High,"Bid cost 3029.62, parcel_id 34300-03-32-14790, address quality Complete, property clarity Strong, strict development match No Clear Match, match quality Low, development signal Low, data confidence High.",ZIP unknown; development upside not clearly supported; no clear strict development overlap
26725-02-25-17680,Unknown,412 E UTE ST N,Tulsa,OK,Unknown,LOT-3-BLK-6,3047.69,R IMP,62,"419 26725-02-25-17680 412 E UTE ST N 9,000 R IMP 3,047.69 584.25 | LOT-3-BLK-6 CITY OF TULSA | MEADOWBROOK ADDN",High,parsed cleanly,High,True,False,Included because bid_cost 3047.69 is within range and residential_likelihood=High,No Clear Match,Low,,Unknown,Unknown,Unknown,Unknown,Unknown,Unknown,Unknown,"No specific street, corridor, neighborhood, or ZIP overlap found",Medium,No Clear Match,6.7,Strong Manual Review Candidate,Strong,Complete,Strong,Low,Unknown,Unknown,High,"Bid cost 3047.69, parcel_id 26725-02-25-17680, address quality Complete, property clarity Strong, strict development match No Clear Match, match quality Low, development signal Low, data confidence High.",ZIP unknown; development upside not clearly supported; no clear strict development overlap
29775-02-26-04910,Unknown,2220 N DENVER BV W,Tulsa,OK,Unknown,LT 21 BLK 8,3047.69,R IMP,79,"537 29775-02-26-04910 2220 N DENVER BV W 9,180 R IMP 3,047.69 348.00 | LT 21 BLK 8 CITY OF TULSA | OAK CLIFF ADDN",High,parsed cleanly,High,True,False,Included because bid_cost 3047.69 is within range and residential_likelihood=High,No Clear Match,Low,,Unknown,Unknown,Unknown,Unknown,Unknown,Unknown,Unknown,"No specific street, corridor, neighborhood, or ZIP overlap found",Medium,No Clear Match,6.7,Strong Manual Review Candidate,Strong,Complete,Strong,Low,Unknown,Unknown,High,"Bid cost 3047.69, parcel_id 29775-02-26-04910, address quality Complete, property clarity Strong, strict development match No Clear Match, match quality Low, development signal Low, data confidence High.",ZIP unknown; development upside not clearly supported; no clear strict development overlap
41025-02-01-04500,Unknown,537 E 59 PL N,Tulsa,OK,Unknown,LT 11 BLK 4,3047.69,R IMP,112,"761 41025-02-01-04500 537 E 59 PL N 7,680 R IMP 3,047.69 316.50 | LT 11 BLK 4 CITY OF TULSA | SUBURBAN HILLS ADDN",High,parsed cleanly,High,True,False,Included because bid_cost 3047.69 is within range and residential_likelihood=High,No Clear Match,Low,,Unknown,Unknown,Unknown,Unknown,Unknown,Unknown,Unknown,"No specific street, corridor, neighborhood, or ZIP overlap found",Medium,No Clear Match,6.7,Strong Manual Review Candidate,Strong,Complete,Strong,Low,Unknown,Unknown,High,"Bid cost 3047.69, parcel_id 41025-02-01-04500, address quality Complete, property clarity Strong, strict development match No Clear Match, match quality Low, development signal Low, data confidence High.",ZIP unknown; development upside not clearly supported; no clear strict development overlap
92224-22-24-13020,Unknown,15100 N PEORIA AV,Unknown,OK,Unknown,BEG 292N SECR NE TH W605 N430 E313 SE127 E255 TULSA COUNTY,3059.81,A HS IMP,190,"1292 92224-22-24-13020 15100 N PEORIA AV 222,156 A HS IMP 3,059.81 316.50 | BEG 292N SECR NE TH W605 N430 E313 SE127 E255 TULSA COUNTY | S310 POB LESS E16.5 FOR RD SEC 24 22 12 5.102ACS",High,parsed cleanly,Medium,True,False,Included because bid_cost 3059.81 is within range and residential_likelihood=Medium,Strong Match,High,,Tulsa Market District,Tulsa Market District / NOMA residential hub,Multifamily / Mixed-use neighborhood hub,High,https://partnertulsa.org/community-partner-profile-how-noma-is-creating-community-along-the-mother-road/,Community Partner Profile: How NOMA is Creating Community Along the Mother Road - PartnerTulsa,"NOMA added a 256-unit residential hub in the Tulsa Market District along Route 66 and was described as part of a broader effort to revitalize vacant spaces, improve walkability, and support new commercial activity in the corridor.",Specific street/corridor overlap: PEORIA,High,Strong Match,8.7,Good Investment,Strong,Complete,Strong,High,Positive,Unknown,High,"Bid cost 3059.81, parcel_id 92224-22-24-13020, address quality Complete, property clarity Strong, strict development match Strong Match, match quality High, development signal High, data confidence High.",ZIP unknown
44200-02-11-04390,Unknown,4696 N BOULDER AV W,Tulsa,OK,Unknown,LT 2 BLK 18,3075.02,R IMP,123,"839 44200-02-11-04390 4696 N BOULDER AV W 7,020 R IMP 3,075.02 348.00 | LT 2 BLK 18 CITY OF TULSA | VALLEY VIEW ACRES",High,parsed cleanly,High,True,False,Included because bid_cost 3075.02 is within range and residential_likelihood=High,No Clear Match,Low,,Unknown,Unknown,Unknown,Unknown,Unknown,Unknown,Unknown,"No specific street, corridor, neighborhood, or ZIP overlap found",Medium,No Clear Match,6.7,Strong Manual Review Candidate,Strong,Complete,Strong,Low,Unknown,Unknown,High,"Bid cost 3075.02, parcel_id 44200-02-11-04390, address quality Complete, property clarity Strong, strict development match No Clear Match, match quality Low, development signal Low, data confidence High.",ZIP unknown; development upside not clearly supported; no clear strict development overlap
44200-02-11-05670,Unknown,313 W 47 ST N,Tulsa,OK,Unknown,LT 14 BLK 22,3081.02,R IMP,124,"842 44200-02-11-05670 313 W 47 ST N 7,020 R IMP 3,081.02 332.25 | LT 14 BLK 22 CITY OF TULSA | VALLEY VIEW ACRES",High,parsed cleanly,High,True,False,Included because bid_cost 3081.02 is within range and residential_likelihood=High,No Clear Match,Low,,Unknown,Unknown,Unknown,Unknown,Unknown,Unknown,Unknown,"No specific street, corridor, neighborhood, or ZIP overlap found",Medium,No Clear Match,6.7,Strong Manual Review Candidate,Strong,Complete,Strong,Low,Unknown,Unknown,High,"Bid cost 3081.02, parcel_id 44200-02-11-05670, address quality Complete, property clarity Strong, strict development match No Clear Match, match quality Low, development signal Low, data confidence High.",ZIP unknown; development upside not clearly supported; no clear strict development overlap
47700-02-26-09610,Unknown,2525 N MAIN ST E,Tulsa,OK,Unknown,LT-9-BLK-3,3082.54,R HS IMP,136,"927 47700-02-26-09610 2525 N MAIN ST E 6,144 R HS IMP 3,082.54 363.75 | LT-9-BLK-3 CITY OF TULSA | WINTER VIEW HGTS",High,parsed cleanly,High,True,False,Included because bid_cost 3082.54 is within range and residential_likelihood=High,No Clear Match,Low,,Unknown,Unknown,Unknown,Unknown,Unknown,Unknown,Unknown,"No specific street, corridor, neighborhood, or ZIP overlap found",Medium,No Clear Match,6.7,Strong Manual Review Candidate,Strong,Complete,Strong,Low,Unknown,Unknown,High,"Bid cost 3082.54, parcel_id 47700-02-26-09610, address quality Complete, property clarity Strong, strict development match No Clear Match, match quality Low, development signal Low, data confidence High.",ZIP unknown; development upside not clearly supported; no clear strict development overlap
13800-02-12-02160,Unknown,4726 N FRANKFORT AV E,Tulsa,OK,Unknown,LT 9 BLK 7,3086.51,R HS IMP,30,"202 13800-02-12-02160 4726 N FRANKFORT AV E 11,475 R HS IMP 3,086.51 332.25 | LT 9 BLK 7 CITY OF TULSA | FAIRHILL 2ND ADDN",High,parsed cleanly,High,True,False,Included because bid_cost 3086.51 is within range and residential_likelihood=High,No Clear Match,Low,,Unknown,Unknown,Unknown,Unknown,Unknown,Unknown,Unknown,"No specific street, corridor, neighborhood, or ZIP overlap found",Medium,No Clear Match,6.7,Strong Manual Review Candidate,Strong,Complete,Strong,Low,Unknown,Unknown,High,"Bid cost 3086.51, parcel_id 13800-02-12-02160, address quality Complete, property clarity Strong, strict development match No Clear Match, match quality Low, development signal Low, data confidence High.",ZIP unknown; development upside not clearly supported; no clear strict development overlap
36090-03-08-00970,Unknown,4721 N BIRMINGHAM PL E,Tulsa,OK,Unknown,LT 4 BK 5,3087.69,R IMP,92,"622 36090-03-08-00970 4721 N BIRMINGHAM PL E 10,664 R IMP 3,087.69 316.50 | LT 4 BK 5 CITY OF TULSA | ROBINWOOD ADDN RESUB B1&5",High,parsed cleanly,High,True,False,Included because bid_cost 3087.69 is within range and residential_likelihood=High,No Clear Match,Low,,Unknown,Unknown,Unknown,Unknown,Unknown,Unknown,Unknown,"No specific street, corridor, neighborhood, or ZIP overlap found",Medium,No Clear Match,6.7,Strong Manual Review Candidate,Strong,Complete,Strong,Low,Unknown,Unknown,High,"Bid cost 3087.69, parcel_id 36090-03-08-00970, address quality Complete, property clarity Strong, strict development match No Clear Match, match quality Low, development signal Low, data confidence High.",ZIP unknown; development upside not clearly supported; no clear strict development overlap
05450-02-25-27030,Unknown,610 E YOUNG PL N,Tulsa,OK,Unknown,LT 5 BLK 4,3089.69,R IMP,12,"79 05450-02-25-27030 610 E YOUNG PL N 6,860 R IMP 3,089.69 316.50 | LT 5 BLK 4 CITY OF TULSA | BROOKDALE RESUB B4 & PRT B5 HOMEBUILDERS",High,parsed cleanly,High,True,False,Included because bid_cost 3089.69 is within range and residential_likelihood=High,No Clear Match,Low,,Unknown,Unknown,Unknown,Unknown,Unknown,Unknown,Unknown,"No specific street, corridor, neighborhood, or ZIP overlap found",Medium,No Clear Match,6.7,Strong Manual Review Candidate,Strong,Complete,Strong,Low,Unknown,Unknown,High,"Bid cost 3089.69, parcel_id 05450-02-25-27030, address quality Complete, property clarity Strong, strict development match No Clear Match, match quality Low, development signal Low, data confidence High.",ZIP unknown; development upside not clearly supported; no clear strict development overlap
34750-02-26-08160,Unknown,2507 N MAIN ST E,Tulsa,OK,Unknown,PRT LTS 9 & 10 BEG SWC LT 9 TH NLY65 ELY TO SECR,3097.02,R IMP,89,"604 34750-02-26-08160 2507 N MAIN ST E 7,535 R IMP 3,097.02 332.25 | PRT LTS 9 & 10 BEG SWC LT 9 TH NLY65 ELY TO SECR CITY OF TULSA | LT 10 S41 WLY TO POB BLK 5",High,parsed cleanly,High,True,False,Included because bid_cost 3097.02 is within range and residential_likelihood=High,No Clear Match,Low,,Unknown,Unknown,Unknown,Unknown,Unknown,Unknown,Unknown,"No specific street, corridor, neighborhood, or ZIP overlap found",Medium,No Clear Match,6.7,Strong Manual Review Candidate,Strong,Complete,Strong,Low,Unknown,Unknown,High,"Bid cost 3097.02, parcel_id 34750-02-26-08160, address quality Complete, property clarity Strong, strict development match No Clear Match, match quality Low, development signal Low, data confidence High.",ZIP unknown; development upside not clearly supported; no clear strict development overlap
19725-03-30-11560,Unknown,1743 E YOUNG PL N,Tulsa,OK,Unknown,LT 9 BLK 1,3098.35,R IMP,41,"278 19725-03-30-11560 1743 E YOUNG PL N 8,911 R IMP 3,098.35 316.50 | LT 9 BLK 1 CITY OF TULSA | HUNT'S SUB RESUB L18-33 B5 & L1-12 B6 ROBERTS",High,parsed cleanly,High,True,False,Included because bid_cost 3098.35 is within range and residential_likelihood=High,No Clear Match,Low,,Unknown,Unknown,Unknown,Unknown,Unknown,Unknown,Unknown,"No specific street, corridor, neighborhood, or ZIP overlap found",Medium,No Clear Match,6.7,Strong Manual Review Candidate,Strong,Complete,Strong,Low,Unknown,Unknown,High,"Bid cost 3098.35, parcel_id 19725-03-30-11560, address quality Complete, property clarity Strong, strict development match No Clear Match, match quality Low, development signal Low, data confidence High.",ZIP unknown; development upside not clearly supported; no clear strict development overlap
78810-84-11-09860,Unknown,514 E DALLAS ST S,Broken Arrow,OK,Unknown,LTS 10 & 11 BLK 25,3103.2,R HS IMP,175,"1195 78810-84-11-09860 514 E DALLAS ST S 14,000 R HS IMP 3,103.20 316.50 | LTS 10 & 11 BLK 25 CITY OF BROKEN ARROW | COLLEGE ADDN",High,parsed cleanly,High,True,False,Included because bid_cost 3103.20 is within range and residential_likelihood=High,No Clear Match,Low,,Unknown,Unknown,Unknown,Unknown,Unknown,Unknown,Unknown,"No specific street, corridor, neighborhood, or ZIP overlap found",Medium,No Clear Match,6.7,Strong Manual Review Candidate,Strong,Complete,Strong,Low,Unknown,Unknown,High,"Bid cost 3103.20, parcel_id 78810-84-11-09860, address quality Complete, property clarity Strong, strict development match No Clear Match, match quality Low, development signal Low, data confidence High.",ZIP unknown; development upside not clearly supported; no clear strict development overlap
40825-02-13-08350,Unknown,4355 N GARRISON AV E,Tulsa,OK,Unknown,LT 29 BLK 6,3109.68,R IMP,107,"726 40825-02-13-08350 4355 N GARRISON AV E 8,160 R IMP 3,109.68 332.25 | LT 29 BLK 6 CITY OF TULSA | SUBURBAN ACRES SECOND",High,parsed cleanly,High,True,False,Included because bid_cost 3109.68 is within range and residential_likelihood=High,No Clear Match,Low,,Unknown,Unknown,Unknown,Unknown,Unknown,Unknown,Unknown,"No specific street, corridor, neighborhood, or ZIP overlap found",Medium,No Clear Match,6.7,Strong Manual Review Candidate,Strong,Complete,Strong,Low,Unknown,Unknown,High,"Bid cost 3109.68, parcel_id 40825-02-13-08350, address quality Complete, property clarity Strong, strict development match No Clear Match, match quality Low, development signal Low, data confidence High.",ZIP unknown; development upside not clearly supported; no clear strict development overlap
23175-03-30-13610,Unknown,2526 N QUAKER AV E,Tulsa,OK,Unknown,LT 6 BLK 4,3115.02,R IMP,50,"342 23175-03-30-13610 2526 N QUAKER AV E 7,000 R IMP 3,115.02 316.50 | LT 6 BLK 4 CITY OF TULSA | LINCOLN HGTS",High,parsed cleanly,High,True,False,Included because bid_cost 3115.02 is within range and residential_likelihood=High,No Clear Match,Low,,Unknown,Unknown,Unknown,Unknown,Unknown,Unknown,Unknown,"No specific street, corridor, neighborhood, or ZIP overlap found",Medium,No Clear Match,6.7,Strong Manual Review Candidate,Strong,Complete,Strong,Low,Unknown,Unknown,High,"Bid cost 3115.02, parcel_id 23175-03-30-13610, address quality Complete, property clarity Strong, strict development match No Clear Match, match quality Low, development signal Low, data confidence High.",ZIP unknown; development upside not clearly supported; no clear strict development overlap
44200-02-11-03560,Unknown,4690 N BOSTON AV E,Tulsa,OK,Unknown,LT 3 BLK 16,3117.68,R IMP,123,"837 44200-02-11-03560 4690 N BOSTON AV E 7,020 R IMP 3,117.68 363.75 | LT 3 BLK 16 CITY OF TULSA | VALLEY VIEW ACRES",High,parsed cleanly,High,True,False,Included because bid_cost 3117.68 is within range and residential_likelihood=High,No Clear Match,Low,,Unknown,Unknown,Unknown,Unknown,Unknown,Unknown,Unknown,"No specific street, corridor, neighborhood, or ZIP overlap found",Medium,No Clear Match,6.7,Strong Manual Review Candidate,Strong,Complete,Strong,Low,Unknown,Unknown,High,"Bid cost 3117.68, parcel_id 44200-02-11-03560, address quality Complete, property clarity Strong, strict development match No Clear Match, match quality Low, development signal Low, data confidence High.",ZIP unknown; development upside not clearly supported; no clear strict development overlap
90327-03-27-26880,Unknown,2011 N YALE AV E,Tulsa,OK,Unknown,BG 46.95N SWC NW NW SW TH E111.25 NELY205.31,3120.35,C IMP,185,"1259 90327-03-27-26880 2011 N YALE AV E 35,483 C IMP 3,120.35 411.00 | BG 46.95N SWC NW NW SW TH E111.25 NELY205.31 CITY OF TULSA | NWLY218.53 S245.05 POB SEC 27 20 13 .815AC",High,parsed cleanly,Medium,True,False,Included because bid_cost 3120.35 is within range and residential_likelihood=Medium,No Clear Match,Low,,Unknown,Unknown,Unknown,Unknown,Unknown,Unknown,Unknown,"No specific street, corridor, neighborhood, or ZIP overlap found",Medium,No Clear Match,6.7,Strong Manual Review Candidate,Strong,Complete,Strong,Low,Unknown,Unknown,High,"Bid cost 3120.35, parcel_id 90327-03-27-26880, address quality Complete, property clarity Strong, strict development match No Clear Match, match quality Low, development signal Low, data confidence High.",ZIP unknown; development upside not clearly supported; no clear strict development overlap
25500-03-29-06000,Unknown,1831 N BIRMINGHAM PL E,Tulsa,OK,Unknown,N.1/2 OF LT 3 BLK 4,3123.68,R IMP,59,"398 25500-03-29-06000 1831 N BIRMINGHAM PL E 9,648 R IMP 3,123.68 348.00 | N.1/2 OF LT 3 BLK 4 CITY OF TULSA | MARTIN ADDN",High,parsed cleanly,High,True,False,Included because bid_cost 3123.68 is within range and residential_likelihood=High,No Clear Match,Low,,Unknown,Unknown,Unknown,Unknown,Unknown,Unknown,Unknown,"No specific street, corridor, neighborhood, or ZIP overlap found",Medium,No Clear Match,6.7,Strong Manual Review Candidate,Strong,Complete,Strong,Low,Unknown,Unknown,High,"Bid cost 3123.68, parcel_id 25500-03-29-06000, address quality Complete, property clarity Strong, strict development match No Clear Match, match quality Low, development signal Low, data confidence High.",ZIP unknown; development upside not clearly supported; no clear strict development overlap
41025-02-01-04490,Unknown,543 E 59 PL N,Tulsa,OK,Unknown,LT 10 BLK 4,3123.68,R IMP,112,"760 41025-02-01-04490 543 E 59 PL N 7,680 R IMP 3,123.68 316.50 | LT 10 BLK 4 CITY OF TULSA | SUBURBAN HILLS ADDN",High,parsed cleanly,High,True,False,Included because bid_cost 3123.68 is within range and residential_likelihood=High,No Clear Match,Low,,Unknown,Unknown,Unknown,Unknown,Unknown,Unknown,Unknown,"No specific street, corridor, neighborhood, or ZIP overlap found",Medium,No Clear Match,6.7,Strong Manual Review Candidate,Strong,Complete,Strong,Low,Unknown,Unknown,High,"Bid cost 3123.68, parcel_id 41025-02-01-04490, address quality Complete, property clarity Strong, strict development match No Clear Match, match quality Low, development signal Low, data confidence High.",ZIP unknown; development upside not clearly supported; no clear strict development overlap
91408-14-08-10310,Unknown,11702 E 116 ST N,Unknown,OK,Unknown,E90 SE NE NW NW & SW NW NE NW & LESS E30 SW TULSA COUNTY,3139.44,R,190,"1289 91408-14-08-10310 11702 E 116 ST N 118,457 R 3,139.44 316.50 | E90 SE NE NW NW & SW NW NE NW & LESS E30 SW TULSA COUNTY | NW NE NW & LESS .232AC FOR RD SEC 8 21 14",High,parsed cleanly,High,True,False,Included because bid_cost 3139.44 is within range and residential_likelihood=High,No Clear Match,Invalid Weak Match,Weak match removed; previous match was based on generic location wording.,Unknown,Unknown,Unknown,Unknown,Unknown,Unknown,Unknown,Weak generic overlap only: TULSA,Medium,Strong Match,6.5,Strong Manual Review Candidate,Strong,Complete,Strong,Low,Unknown,Unknown,High,"Bid cost 3139.44, parcel_id 91408-14-08-10310, address quality Complete, property clarity Strong, strict development match No Clear Match, match quality Invalid Weak Match, development signal Low, data confidence High.",ZIP unknown; development upside not clearly supported; no clear strict development overlap; weak generic development match removed
53775-02-02-00220,Unknown,6105 N MAIN ST E,Tulsa,OK,Unknown,LT 22 BK 1,3140.32,R HS IMP,142,"967 53775-02-02-00220 6105 N MAIN ST E 8,024 R HS IMP 3,140.32 363.75 | LT 22 BK 1 CITY OF TULSA | NORTHGATE ADDN",High,parsed cleanly,High,True,False,Included because bid_cost 3140.32 is within range and residential_likelihood=High,No Clear Match,Low,,Unknown,Unknown,Unknown,Unknown,Unknown,Unknown,Unknown,"No specific street, corridor, neighborhood, or ZIP overlap found",Medium,No Clear Match,6.7,Strong Manual Review Candidate,Strong,Complete,Strong,Low,Unknown,Unknown,High,"Bid cost 3140.32, parcel_id 53775-02-02-00220, address quality Complete, property clarity Strong, strict development match No Clear Match, match quality Low, development signal Low, data confidence High.",ZIP unknown; development upside not clearly supported; no clear strict development overlap
23125-02-25-15350,Unknown,1864 N OWASSO AV E,Tulsa,OK,Unknown,LT 5 BLK 7,3140.35,R IMP,50,"337 23125-02-25-15350 1864 N OWASSO AV E 6,900 R IMP 3,140.35 332.25 | LT 5 BLK 7 CITY OF TULSA | LIBERTY 2ND ADDN",High,parsed cleanly,High,True,False,Included because bid_cost 3140.35 is within range and residential_likelihood=High,No Clear Match,Low,,Unknown,Unknown,Unknown,Unknown,Unknown,Unknown,Unknown,"No specific street, corridor, neighborhood, or ZIP overlap found",Medium,No Clear Match,6.7,Strong Manual Review Candidate,Strong,Complete,Strong,Low,Unknown,Unknown,High,"Bid cost 3140.35, parcel_id 23125-02-25-15350, address quality Complete, property clarity Strong, strict development match No Clear Match, match quality Low, development signal Low, data confidence High.",ZIP unknown; development upside not clearly supported; no clear strict development overlap
40800-02-13-04700,Unknown,4309 N KENOSHA AV E,Tulsa,OK,Unknown,LT 22 BK 1,3142.35,R IMP,106,"715 40800-02-13-04700 4309 N KENOSHA AV E 9,802 R IMP 3,142.35 316.50 | LT 22 BK 1 CITY OF TULSA | SUBURBAN ACRES AMD",High,parsed cleanly,High,True,False,Included because bid_cost 3142.35 is within range and residential_likelihood=High,No Clear Match,Low,,Unknown,Unknown,Unknown,Unknown,Unknown,Unknown,Unknown,"No specific street, corridor, neighborhood, or ZIP overlap found",Medium,No Clear Match,6.7,Strong Manual Review Candidate,Strong,Complete,Strong,Low,Unknown,Unknown,High,"Bid cost 3142.35, parcel_id 40800-02-13-04700, address quality Complete, property clarity Strong, strict development match No Clear Match, match quality Low, development signal Low, data confidence High.",ZIP unknown; development upside not clearly supported; no clear strict development overlap
07600-02-24-01200,Unknown,820 E 36 ST N,Tulsa,OK,Unknown,LTS 1 & 2 BLK 3,3152.35,C IMP,15,"103 07600-02-24-01200 820 E 36 ST N 15,600 C IMP 3,152.35 348.00 | LTS 1 & 2 BLK 3 CITY OF TULSA | CHANDLER FRATES SECOND ADDN",High,parsed cleanly,Medium,True,False,Included because bid_cost 3152.35 is within range and residential_likelihood=Medium,No Clear Match,Low,,Unknown,Unknown,Unknown,Unknown,Unknown,Unknown,Unknown,"No specific street, corridor, neighborhood, or ZIP overlap found",Medium,No Clear Match,6.7,Strong Manual Review Candidate,Strong,Complete,Strong,Low,Unknown,Unknown,High,"Bid cost 3152.35, parcel_id 07600-02-24-01200, address quality Complete, property clarity Strong, strict development match No Clear Match, match quality Low, development signal Low, data confidence High.",ZIP unknown; development upside not clearly supported; no clear strict development overlap
44200-02-11-01790,Unknown,137 W 50 PL N,Tulsa,OK,Unknown,LT 17 BLK 8,3153.01,R IMP,122,"828 44200-02-11-01790 137 W 50 PL N 7,020 R IMP 3,153.01 332.25 | LT 17 BLK 8 CITY OF TULSA | VALLEY VIEW ACRES",High,parsed cleanly,High,True,False,Included because bid_cost 3153.01 is within range and residential_likelihood=High,No Clear Match,Low,,Unknown,Unknown,Unknown,Unknown,Unknown,Unknown,Unknown,"No specific street, corridor, neighborhood, or ZIP overlap found",Medium,No Clear Match,6.7,Strong Manual Review Candidate,Strong,Complete,Strong,Low,Unknown,Unknown,High,"Bid cost 3153.01, parcel_id 44200-02-11-01790, address quality Complete, property clarity Strong, strict development match No Clear Match, match quality Low, development signal Low, data confidence High.",ZIP unknown; development upside not clearly supported; no clear strict development overlap
44200-02-11-01470,Unknown,113 E 49 ST N,Tulsa,OK,Unknown,LT 25 BLK 6,3160.35,R IMP,122,"826 44200-02-11-01470 113 E 49 ST N 7,020 R IMP 3,160.35 332.25 | LT 25 BLK 6 CITY OF TULSA | VALLEY VIEW ACRES",High,parsed cleanly,High,True,False,Included because bid_cost 3160.35 is within range and residential_likelihood=High,No Clear Match,Low,,Unknown,Unknown,Unknown,Unknown,Unknown,Unknown,Unknown,"No specific street, corridor, neighborhood, or ZIP overlap found",Medium,No Clear Match,6.7,Strong Manual Review Candidate,Strong,Complete,Strong,Low,Unknown,Unknown,High,"Bid cost 3160.35, parcel_id 44200-02-11-01470, address quality Complete, property clarity Strong, strict development match No Clear Match, match quality Low, development signal Low, data confidence High.",ZIP unknown; development upside not clearly supported; no clear strict development overlap
29775-02-26-05550,Unknown,2120 N MARTIN LUTHER,Unknown,OK,Unknown,LT 1 BLK 13 KING JR B,3174.97,R IMP,79,"540 29775-02-26-05550 2120 N MARTIN LUTHER 7,150 R IMP 3,174.97 348.00 | LT 1 BLK 13 KING JR B | OAK CLIFF ADDN CITY OF TULSA",High,parsed cleanly,High,True,False,Included because bid_cost 3174.97 is within range and residential_likelihood=High,No Clear Match,Low,,Unknown,Unknown,Unknown,Unknown,Unknown,Unknown,Unknown,"No specific street, corridor, neighborhood, or ZIP overlap found",Medium,No Clear Match,6.7,Strong Manual Review Candidate,Strong,Complete,Strong,Low,Unknown,Unknown,High,"Bid cost 3174.97, parcel_id 29775-02-26-05550, address quality Complete, property clarity Strong, strict development match No Clear Match, match quality Low, development signal Low, data confidence High.",ZIP unknown; development upside not clearly supported; no clear strict development overlap
16050-93-06-08050,Unknown,1810 E 2 ST S,Tulsa,OK,Unknown,E.60' OF LT 19 BLK 12,3179.68,R IMP,35,"234 16050-93-06-08050 1810 E 2 ST S 3,000 R IMP 3,179.68 332.25 | E.60' OF LT 19 BLK 12 CITY OF TULSA | GILLETTE-HALL ADDN",High,parsed cleanly,High,True,False,Included because bid_cost 3179.68 is within range and residential_likelihood=High,No Clear Match,Low,,Unknown,Unknown,Unknown,Unknown,Unknown,Unknown,Unknown,"No specific street, corridor, neighborhood, or ZIP overlap found",Medium,No Clear Match,6.7,Strong Manual Review Candidate,Strong,Complete,Strong,Low,Unknown,Unknown,High,"Bid cost 3179.68, parcel_id 16050-93-06-08050, address quality Complete, property clarity Strong, strict development match No Clear Match, match quality Low, development signal Low, data confidence High.",ZIP unknown; development upside not clearly supported; no clear strict development overlap
09725-03-30-08040,Unknown,2043 E XYLER ST N,Tulsa,OK,Unknown,LT 15 BLK 4,3183.01,R IMP,21,"141 09725-03-30-08040 2043 E XYLER ST N 6,105 R IMP 3,183.01 348.00 | LT 15 BLK 4 CITY OF TULSA | COOTS 2ND ADDN AMD",High,parsed cleanly,High,True,False,Included because bid_cost 3183.01 is within range and residential_likelihood=High,No Clear Match,Low,,Unknown,Unknown,Unknown,Unknown,Unknown,Unknown,Unknown,"No specific street, corridor, neighborhood, or ZIP overlap found",Medium,No Clear Match,6.7,Strong Manual Review Candidate,Strong,Complete,Strong,Low,Unknown,Unknown,High,"Bid cost 3183.01, parcel_id 09725-03-30-08040, address quality Complete, property clarity Strong, strict development match No Clear Match, match quality Low, development signal Low, data confidence High.",ZIP unknown; development upside not clearly supported; no clear strict development overlap
37375-03-32-16320,Unknown,2601 E MARSHALL ST N,Tulsa,OK,Unknown,LT 20 BLK 1,3183.01,R IMP,94,"638 37375-03-32-16320 2601 E MARSHALL ST N 9,577 R IMP 3,183.01 332.25 | LT 20 BLK 1 CITY OF TULSA | SEQUOYAH PLACE SUB OF CHEROKEE ACRES",High,parsed cleanly,High,True,False,Included because bid_cost 3183.01 is within range and residential_likelihood=High,No Clear Match,Low,,Unknown,Unknown,Unknown,Unknown,Unknown,Unknown,Unknown,"No specific street, corridor, neighborhood, or ZIP overlap found",Medium,No Clear Match,6.7,Strong Manual Review Candidate,Strong,Complete,Strong,Low,Unknown,Unknown,High,"Bid cost 3183.01, parcel_id 37375-03-32-16320, address quality Complete, property clarity Strong, strict development match No Clear Match, match quality Low, development signal Low, data confidence High.",ZIP unknown; development upside not clearly supported; no clear strict development overlap
44200-02-14-06630,Unknown,18 E 44 PL N,Tulsa,OK,Unknown,LOT-2-BLK-29,3183.01,R IMP,124,"844 44200-02-14-06630 18 E 44 PL N 10,908 R IMP 3,183.01 332.25 | LOT-2-BLK-29 CITY OF TULSA | VALLEY VIEW ACRES",High,parsed cleanly,High,True,False,Included because bid_cost 3183.01 is within range and residential_likelihood=High,No Clear Match,Low,,Unknown,Unknown,Unknown,Unknown,Unknown,Unknown,Unknown,"No specific street, corridor, neighborhood, or ZIP overlap found",Medium,No Clear Match,6.7,Strong Manual Review Candidate,Strong,Complete,Strong,Low,Unknown,Unknown,High,"Bid cost 3183.01, parcel_id 44200-02-14-06630, address quality Complete, property clarity Strong, strict development match No Clear Match, match quality Low, development signal Low, data confidence High.",ZIP unknown; development upside not clearly supported; no clear strict development overlap
44650-92-04-13070,Unknown,4805 W ARCHER ST N,Tulsa,OK,Unknown,LTS 80 & 81 BLK G,3183.01,R HS IMP,130,"883 44650-92-04-13070 4805 W ARCHER ST N 14,000 R HS IMP 3,183.01 316.50 | LTS 80 & 81 BLK G CITY OF TULSA | VERN HGTS SUB",High,parsed cleanly,High,True,False,Included because bid_cost 3183.01 is within range and residential_likelihood=High,Strong Match,High,,Greenwood District,Greenwood District revitalization and Black Tech Street momentum,Innovation district / community development,Medium,https://partnertulsa.org/,Home - PartnerTulsa,"PartnerTulsa highlights Greenwood District revitalization and Black Tech Street as part of Tulsa’s broader commercial and community development story, suggesting continued investment and visibility in the area.",Specific street/corridor overlap: ARCHER,Medium,Strong Match,8.0,Strong Manual Review Candidate,Strong,Complete,Strong,Medium,Possible Upside,Unknown,High,"Bid cost 3183.01, parcel_id 44650-92-04-13070, address quality Complete, property clarity Strong, strict development match Strong Match, match quality High, development signal Medium, data confidence High.",ZIP unknown
44250-02-12-14920,Unknown,5531 N FRANKFORT PL E,Tulsa,OK,Unknown,LT 15 BLK 53,3183.64,R IMP,127,"861 44250-02-12-14920 5531 N FRANKFORT PL E 11,210 R IMP 3,183.64 332.25 | LT 15 BLK 53 CITY OF TULSA | VALLEY VIEW ACRES THIRD ADDN",High,parsed cleanly,High,True,False,Included because bid_cost 3183.64 is within range and residential_likelihood=High,No Clear Match,Low,,Unknown,Unknown,Unknown,Unknown,Unknown,Unknown,Unknown,"No specific street, corridor, neighborhood, or ZIP overlap found",Medium,No Clear Match,6.7,Strong Manual Review Candidate,Strong,Complete,Strong,Low,Unknown,Unknown,High,"Bid cost 3183.64, parcel_id 44250-02-12-14920, address quality Complete, property clarity Strong, strict development match No Clear Match, match quality Low, development signal Low, data confidence High.",ZIP unknown; development upside not clearly supported; no clear strict development overlap
44200-02-11-03530,Unknown,4697 N BOSTON AV E,Tulsa,OK,Unknown,LT 42 BLK 15,3193.01,R IMP,123,"836 44200-02-11-03530 4697 N BOSTON AV E 7,020 R IMP 3,193.01 332.25 | LT 42 BLK 15 CITY OF TULSA | VALLEY VIEW ACRES",High,parsed cleanly,High,True,False,Included because bid_cost 3193.01 is within range and residential_likelihood=High,No Clear Match,Low,,Unknown,Unknown,Unknown,Unknown,Unknown,Unknown,Unknown,"No specific street, corridor, neighborhood, or ZIP overlap found",Medium,No Clear Match,6.7,Strong Manual Review Candidate,Strong,Complete,Strong,Low,Unknown,Unknown,High,"Bid cost 3193.01, parcel_id 44200-02-11-03530, address quality Complete, property clarity Strong, strict development match No Clear Match, match quality Low, development signal Low, data confidence High.",ZIP unknown; development upside not clearly supported; no clear strict development overlap
44225-02-12-09330,Unknown,711 E 51 PL N,Tulsa,OK,Unknown,LT 12 BLK 34,3199.68,R IMP,124,"845 44225-02-12-09330 711 E 51 PL N 7,980 R IMP 3,199.68 332.25 | LT 12 BLK 34 CITY OF TULSA | VALLEY VIEW ACRES SECOND ADDN",High,parsed cleanly,High,True,False,Included because bid_cost 3199.68 is within range and residential_likelihood=High,No Clear Match,Low,,Unknown,Unknown,Unknown,Unknown,Unknown,Unknown,Unknown,"No specific street, corridor, neighborhood, or ZIP overlap found",Medium,No Clear Match,6.7,Strong Manual Review Candidate,Strong,Complete,Strong,Low,Unknown,Unknown,High,"Bid cost 3199.68, parcel_id 44225-02-12-09330, address quality Complete, property clarity Strong, strict development match No Clear Match, match quality Low, development signal Low, data confidence High.",ZIP unknown; development upside not clearly supported; no clear strict development overlap
54325-92-31-02630,Unknown,7118 W 60 ST S,Unknown,OK,Unknown,LT 7 W1/2 & ALL LT 8 9 BK 54 TULSA COUNTY,3211.01,R IMP,145,"988 54325-92-31-02630 7118 W 60 ST S 8,190 R IMP 3,211.01 332.25 | LT 7 W1/2 & ALL LT 8 9 BK 54 TULSA COUNTY | TANEHA",High,parsed cleanly,High,True,False,Included because bid_cost 3211.01 is within range and residential_likelihood=High,No Clear Match,Invalid Weak Match,Weak match removed; previous match was based on generic location wording.,Unknown,Unknown,Unknown,Unknown,Unknown,Unknown,Unknown,Weak generic overlap only: TULSA,Medium,Strong Match,6.5,Strong Manual Review Candidate,Strong,Complete,Strong,Low,Unknown,Unknown,High,"Bid cost 3211.01, parcel_id 54325-92-31-02630, address quality Complete, property clarity Strong, strict development match No Clear Match, match quality Invalid Weak Match, development signal Low, data confidence High.",ZIP unknown; development upside not clearly supported; no clear strict development overlap; weak generic development match removed
52550-92-33-05285,Unknown,4535 W 57 ST S,City Of Sapulpa Structure Removed,OK,Unknown,LT 17 BLK 1,3222.34,R,139,"944 52550-92-33-05285 4535 W 57 ST S 38,864 R 3,222.34 332.25 | LT 17 BLK 1 CITY OF SAPULPA STRUCTURE REMOVED | BOZARTH ACRES",High,parsed cleanly,High,True,False,Included because bid_cost 3222.34 is within range and residential_likelihood=High,No Clear Match,Low,,Unknown,Unknown,Unknown,Unknown,Unknown,Unknown,Unknown,"No specific street, corridor, neighborhood, or ZIP overlap found",Medium,No Clear Match,6.7,Strong Manual Review Candidate,Strong,Complete,Strong,Low,Unknown,Unknown,High,"Bid cost 3222.34, parcel_id 52550-92-33-05285, address quality Complete, property clarity Strong, strict development match No Clear Match, match quality Low, development signal Low, data confidence High.",ZIP unknown; development upside not clearly supported; no clear strict development overlap
07725-02-13-02930,Unknown,918 E 37 ST N,Tulsa,OK,Unknown,LT 4 BLK 11,3234.47,R HS IMP,17,"112 07725-02-13-02930 918 E 37 ST N 10,707 R HS IMP 3,234.47 363.75 | LT 4 BLK 11 CITY OF TULSA | CHANDLER-FRATES FIFTH ADDN",High,parsed cleanly,High,True,False,Included because bid_cost 3234.47 is within range and residential_likelihood=High,No Clear Match,Low,,Unknown,Unknown,Unknown,Unknown,Unknown,Unknown,Unknown,"No specific street, corridor, neighborhood, or ZIP overlap found",Medium,No Clear Match,6.7,Strong Manual Review Candidate,Strong,Complete,Strong,Low,Unknown,Unknown,High,"Bid cost 3234.47, parcel_id 07725-02-13-02930, address quality Complete, property clarity Strong, strict development match No Clear Match, match quality Low, development signal Low, data confidence High.",ZIP unknown; development upside not clearly supported; no clear strict development overlap
79200-84-14-04250,Unknown,215 W JACKSON ST S,Broken Arrow,OK,Unknown,LT 5 BLK 12,3244.88,R HS IMP,175,"1197 79200-84-14-04250 215 W JACKSON ST S 7,140 R HS IMP 3,244.88 363.75 | LT 5 BLK 12 CITY OF BROKEN ARROW | FEARS ADDN",High,parsed cleanly,High,True,False,Included because bid_cost 3244.88 is within range and residential_likelihood=High,No Clear Match,Low,,Unknown,Unknown,Unknown,Unknown,Unknown,Unknown,Unknown,"No specific street, corridor, neighborhood, or ZIP overlap found",Medium,No Clear Match,6.7,Strong Manual Review Candidate,Strong,Complete,Strong,Low,Unknown,Unknown,High,"Bid cost 3244.88, parcel_id 79200-84-14-04250, address quality Complete, property clarity Strong, strict development match No Clear Match, match quality Low, development signal Low, data confidence High.",ZIP unknown; development upside not clearly supported; no clear strict development overlap
07675-02-13-01140,Unknown,4018 N GARRISON AV E,Tulsa,OK,Unknown,LT 1 BLK 5,3245.67,R HS IMP,16,"106 07675-02-13-01140 4018 N GARRISON AV E 8,265 R HS IMP 3,245.67 316.50 | LT 1 BLK 5 CITY OF TULSA | CHANDLER FRATES FOURTH ADDN",High,parsed cleanly,High,True,False,Included because bid_cost 3245.67 is within range and residential_likelihood=High,No Clear Match,Low,,Unknown,Unknown,Unknown,Unknown,Unknown,Unknown,Unknown,"No specific street, corridor, neighborhood, or ZIP overlap found",Medium,No Clear Match,6.7,Strong Manual Review Candidate,Strong,Complete,Strong,Low,Unknown,Unknown,High,"Bid cost 3245.67, parcel_id 07675-02-13-01140, address quality Complete, property clarity Strong, strict development match No Clear Match, match quality Low, development signal Low, data confidence High.",ZIP unknown; development upside not clearly supported; no clear strict development overlap
49650-03-34-13420,Unknown,4932 E HASKELL ST N,Tulsa,OK,Unknown,LT 4 BLK 3,3249.0,R IMP,137,"933 49650-03-34-13420 4932 E HASKELL ST N 7,280 R IMP 3,249.00 363.75 | LT 4 BLK 3 CITY OF TULSA | YALE CREST ADDN",High,parsed cleanly,High,True,False,Included because bid_cost 3249.00 is within range and residential_likelihood=High,No Clear Match,Low,,Unknown,Unknown,Unknown,Unknown,Unknown,Unknown,Unknown,"No specific street, corridor, neighborhood, or ZIP overlap found",Medium,No Clear Match,6.7,Strong Manual Review Candidate,Strong,Complete,Strong,Low,Unknown,Unknown,High,"Bid cost 3249.00, parcel_id 49650-03-34-13420, address quality Complete, property clarity Strong, strict development match No Clear Match, match quality Low, development signal Low, data confidence High.",ZIP unknown; development upside not clearly supported; no clear strict development overlap
41025-02-01-06510,Unknown,5744 N FRANKFORT AV E,Tulsa,OK,Unknown,LT 13 BLK 18,3259.67,R IMP,114,"773 41025-02-01-06510 5744 N FRANKFORT AV E 8,253 R IMP 3,259.67 332.25 | LT 13 BLK 18 CITY OF TULSA | SUBURBAN HILLS ADDN",High,parsed cleanly,High,True,False,Included because bid_cost 3259.67 is within range and residential_likelihood=High,No Clear Match,Low,,Unknown,Unknown,Unknown,Unknown,Unknown,Unknown,Unknown,"No specific street, corridor, neighborhood, or ZIP overlap found",Medium,No Clear Match,6.7,Strong Manual Review Candidate,Strong,Complete,Strong,Low,Unknown,Unknown,High,"Bid cost 3259.67, parcel_id 41025-02-01-06510, address quality Complete, property clarity Strong, strict development match No Clear Match, match quality Low, development signal Low, data confidence High.",ZIP unknown; development upside not clearly supported; no clear strict development overlap
15500-03-32-04800,Unknown,1313 N DELAWARE AV E,Tulsa,OK,Unknown,LT 4 BLK 7,3267.45,R HS IMP,33,"223 15500-03-32-04800 1313 N DELAWARE AV E 7,200 R HS IMP 3,267.45 332.25 | LT 4 BLK 7 CITY OF TULSA | FRIENDLY HOMES ADDN",High,parsed cleanly,High,True,False,Included because bid_cost 3267.45 is within range and residential_likelihood=High,No Clear Match,Low,,Unknown,Unknown,Unknown,Unknown,Unknown,Unknown,Unknown,"No specific street, corridor, neighborhood, or ZIP overlap found",Medium,No Clear Match,6.7,Strong Manual Review Candidate,Strong,Complete,Strong,Low,Unknown,Unknown,High,"Bid cost 3267.45, parcel_id 15500-03-32-04800, address quality Complete, property clarity Strong, strict development match No Clear Match, match quality Low, development signal Low, data confidence High.",ZIP unknown; development upside not clearly supported; no clear strict development overlap
05825-03-30-01260,Unknown,2039 N QUAKER AV E,Tulsa,OK,Unknown,LT 1 LESS N 5 FOR ST BLK 2,3268.33,R IMP,12,"81 05825-03-30-01260 2039 N QUAKER AV E 11,620 R IMP 3,268.33 348.00 | LT 1 LESS N 5 FOR ST BLK 2 CITY OF TULSA | BULLETTE HGTS ADDN",High,parsed cleanly,High,True,False,Included because bid_cost 3268.33 is within range and residential_likelihood=High,No Clear Match,Low,,Unknown,Unknown,Unknown,Unknown,Unknown,Unknown,Unknown,"No specific street, corridor, neighborhood, or ZIP overlap found",Medium,No Clear Match,6.7,Strong Manual Review Candidate,Strong,Complete,Strong,Low,Unknown,Unknown,High,"Bid cost 3268.33, parcel_id 05825-03-30-01260, address quality Complete, property clarity Strong, strict development match No Clear Match, match quality Low, development signal Low, data confidence High.",ZIP unknown; development upside not clearly supported; no clear strict development overlap
37650-02-12-04530,Unknown,868 E 52 PL N,Tulsa,OK,Unknown,LOT-5-BLK-5,3271.21,R IMP,96,"648 37650-02-12-04530 868 E 52 PL N 7,200 R IMP 3,271.21 332.25 | LOT-5-BLK-5 CITY OF TULSA | SHARON HGTS ADDN",High,parsed cleanly,High,True,False,Included because bid_cost 3271.21 is within range and residential_likelihood=High,No Clear Match,Low,,Unknown,Unknown,Unknown,Unknown,Unknown,Unknown,Unknown,"No specific street, corridor, neighborhood, or ZIP overlap found",Medium,No Clear Match,6.7,Strong Manual Review Candidate,Strong,Complete,Strong,Low,Unknown,Unknown,High,"Bid cost 3271.21, parcel_id 37650-02-12-04530, address quality Complete, property clarity Strong, strict development match No Clear Match, match quality Low, development signal Low, data confidence High.",ZIP unknown; development upside not clearly supported; no clear strict development overlap
49700-03-34-14030,Unknown,5107 E HASKELL PL N,Tulsa,OK,Unknown,LT 10 BLK 1,3272.62,R IMP,137,"934 49700-03-34-14030 5107 E HASKELL PL N 7,560 R IMP 3,272.62 316.50 | LT 10 BLK 1 CITY OF TULSA | YALE CREST THIRD ADDN",High,parsed cleanly,High,True,False,Included because bid_cost 3272.62 is within range and residential_likelihood=High,No Clear Match,Low,,Unknown,Unknown,Unknown,Unknown,Unknown,Unknown,Unknown,"No specific street, corridor, neighborhood, or ZIP overlap found",Medium,No Clear Match,6.7,Strong Manual Review Candidate,Strong,Complete,Strong,Low,Unknown,Unknown,High,"Bid cost 3272.62, parcel_id 49700-03-34-14030, address quality Complete, property clarity Strong, strict development match No Clear Match, match quality Low, development signal Low, data confidence High.",ZIP unknown; development upside not clearly supported; no clear strict development overlap
32325-92-24-04910,Unknown,1114 E 33 PL S,Tulsa,OK,Unknown,E1/2 OF LT 6 BK 2,3277.02,R HS IMP,85,"578 32325-92-24-04910 1114 E 33 PL S 9,240 R HS IMP 3,277.02 316.50 | E1/2 OF LT 6 BK 2 CITY OF TULSA | PEEBLES ADDN",High,parsed cleanly,High,True,False,Included because bid_cost 3277.02 is within range and residential_likelihood=High,No Clear Match,Low,,Unknown,Unknown,Unknown,Unknown,Unknown,Unknown,Unknown,"No specific street, corridor, neighborhood, or ZIP overlap found",Medium,No Clear Match,6.7,Strong Manual Review Candidate,Strong,Complete,Strong,Low,Unknown,Unknown,High,"Bid cost 3277.02, parcel_id 32325-92-24-04910, address quality Complete, property clarity Strong, strict development match No Clear Match, match quality Low, development signal Low, data confidence High.",ZIP unknown; development upside not clearly supported; no clear strict development overlap
44200-02-11-01060,Unknown,34 W 50 ST N,Tulsa,OK,Unknown,LT 16 BLK 5,3286.33,R IMP,121,"824 44200-02-11-01060 34 W 50 ST N 8,307 R IMP 3,286.33 316.50 | LT 16 BLK 5 CITY OF TULSA | VALLEY VIEW ACRES",High,parsed cleanly,High,True,False,Included because bid_cost 3286.33 is within range and residential_likelihood=High,No Clear Match,Low,,Unknown,Unknown,Unknown,Unknown,Unknown,Unknown,Unknown,"No specific street, corridor, neighborhood, or ZIP overlap found",Medium,No Clear Match,6.7,Strong Manual Review Candidate,Strong,Complete,Strong,Low,Unknown,Unknown,High,"Bid cost 3286.33, parcel_id 44200-02-11-01060, address quality Complete, property clarity Strong, strict development match No Clear Match, match quality Low, development signal Low, data confidence High.",ZIP unknown; development upside not clearly supported; no clear strict development overlap
17675-02-24-07570,Unknown,750 E 32 PL N,Tulsa,OK,Unknown,LT 36 BLK 4,3310.33,R IMP,37,"251 17675-02-24-07570 750 E 32 PL N 7,800 R IMP 3,310.33 332.25 | LT 36 BLK 4 CITY OF TULSA | HARTFORD HILLS ADDN",High,parsed cleanly,High,True,False,Included because bid_cost 3310.33 is within range and residential_likelihood=High,No Clear Match,Low,,Unknown,Unknown,Unknown,Unknown,Unknown,Unknown,Unknown,"No specific street, corridor, neighborhood, or ZIP overlap found",Medium,No Clear Match,6.7,Strong Manual Review Candidate,Strong,Complete,Strong,Low,Unknown,Unknown,High,"Bid cost 3310.33, parcel_id 17675-02-24-07570, address quality Complete, property clarity Strong, strict development match No Clear Match, match quality Low, development signal Low, data confidence High.",ZIP unknown; development upside not clearly supported; no clear strict development overlap
25500-03-29-06060,Unknown,2625 E TECUMSEH ST N,Tulsa,OK,Unknown,W.84 OF LT 1 BLK 5,3310.33,R IMP,59,"399 25500-03-29-06060 2625 E TECUMSEH ST N 11,172 R IMP 3,310.33 332.25 | W.84 OF LT 1 BLK 5 CITY OF TULSA | MARTIN ADDN",High,parsed cleanly,High,True,False,Included because bid_cost 3310.33 is within range and residential_likelihood=High,No Clear Match,Low,,Unknown,Unknown,Unknown,Unknown,Unknown,Unknown,Unknown,"No specific street, corridor, neighborhood, or ZIP overlap found",Medium,No Clear Match,6.7,Strong Manual Review Candidate,Strong,Complete,Strong,Low,Unknown,Unknown,High,"Bid cost 3310.33, parcel_id 25500-03-29-06060, address quality Complete, property clarity Strong, strict development match No Clear Match, match quality Low, development signal Low, data confidence High.",ZIP unknown; development upside not clearly supported; no clear strict development overlap
17675-02-24-08030,Unknown,3130 N HARTFORD PL E,Tulsa,OK,Unknown,LT 13 BLK 6,3311.0,R IMP,37,"252 17675-02-24-08030 3130 N HARTFORD PL E 7,140 R IMP 3,311.00 332.25 | LT 13 BLK 6 CITY OF TULSA | HARTFORD HILLS ADDN",High,parsed cleanly,High,True,False,Included because bid_cost 3311.00 is within range and residential_likelihood=High,No Clear Match,Low,,Unknown,Unknown,Unknown,Unknown,Unknown,Unknown,Unknown,"No specific street, corridor, neighborhood, or ZIP overlap found",Medium,No Clear Match,6.7,Strong Manual Review Candidate,Strong,Complete,Strong,Low,Unknown,Unknown,High,"Bid cost 3311.00, parcel_id 17675-02-24-08030, address quality Complete, property clarity Strong, strict development match No Clear Match, match quality Low, development signal Low, data confidence High.",ZIP unknown; development upside not clearly supported; no clear strict development overlap
44200-02-11-03380,Unknown,4627 N BOSTON AV E,Tulsa,OK,Unknown,LT 27 BLK 15,3311.0,R IMP,123,"835 44200-02-11-03380 4627 N BOSTON AV E 7,020 R IMP 3,311.00 332.25 | LT 27 BLK 15 CITY OF TULSA | VALLEY VIEW ACRES",High,parsed cleanly,High,True,False,Included because bid_cost 3311.00 is within range and residential_likelihood=High,No Clear Match,Low,,Unknown,Unknown,Unknown,Unknown,Unknown,Unknown,Unknown,"No specific street, corridor, neighborhood, or ZIP overlap found",Medium,No Clear Match,6.7,Strong Manual Review Candidate,Strong,Complete,Strong,Low,Unknown,Unknown,High,"Bid cost 3311.00, parcel_id 44200-02-11-03380, address quality Complete, property clarity Strong, strict development match No Clear Match, match quality Low, development signal Low, data confidence High.",ZIP unknown; development upside not clearly supported; no clear strict development overlap
25375-03-29-05240,Unknown,3215 E XYLER ST N,Tulsa,OK,Unknown,LT 10 BLK 1,3313.8,R HS IMP,58,"396 25375-03-29-05240 3215 E XYLER ST N 8,340 R HS IMP 3,313.80 348.00 | LT 10 BLK 1 CITY OF TULSA | MARION TERRACE ADDN",High,parsed cleanly,High,True,False,Included because bid_cost 3313.80 is within range and residential_likelihood=High,No Clear Match,Low,,Unknown,Unknown,Unknown,Unknown,Unknown,Unknown,Unknown,"No specific street, corridor, neighborhood, or ZIP overlap found",Medium,No Clear Match,6.7,Strong Manual Review Candidate,Strong,Complete,Strong,Low,Unknown,Unknown,High,"Bid cost 3313.80, parcel_id 25375-03-29-05240, address quality Complete, property clarity Strong, strict development match No Clear Match, match quality Low, development signal Low, data confidence High.",ZIP unknown; development upside not clearly supported; no clear strict development overlap
90306-03-06-24020,Unknown,1641 E 56 ST N,Unknown,OK,Unknown,TR BEG 161.25 W OF SE COR SW QTR.TH N660W TULSA COUNTY,3314.33,R IMP,183,"1249 90306-03-06-24020 1641 E 56 ST N 106,425 R IMP 3,314.33 332.25 | TR BEG 161.25 W OF SE COR SW QTR.TH N660W TULSA COUNTY | 161.25 S 660 E 161.25 TO BEG SEC 6-20-13",High,parsed cleanly,High,True,False,Included because bid_cost 3314.33 is within range and residential_likelihood=High,No Clear Match,Invalid Weak Match,Weak match removed; previous match was based on generic location wording.,Unknown,Unknown,Unknown,Unknown,Unknown,Unknown,Unknown,Weak generic overlap only: TULSA,Medium,Strong Match,6.5,Strong Manual Review Candidate,Strong,Complete,Strong,Low,Unknown,Unknown,High,"Bid cost 3314.33, parcel_id 90306-03-06-24020, address quality Complete, property clarity Strong, strict development match No Clear Match, match quality Invalid Weak Match, development signal Low, data confidence High.",ZIP unknown; development upside not clearly supported; no clear strict development overlap; weak generic development match removed
24275-93-06-15110,Unknown,1435 E ADMIRAL BV N,Tulsa,OK,Unknown,LT 20 BLK 6,3321.66,C IMP,55,"372 24275-93-06-15110 1435 E ADMIRAL BV N 6,500 C IMP 3,321.66 332.25 | LT 20 BLK 6 CITY OF TULSA | LYNCH & FORSYTHE'S ADDN",High,parsed cleanly,Medium,True,False,Included because bid_cost 3321.66 is within range and residential_likelihood=Medium,No Clear Match,Low,,Unknown,Unknown,Unknown,Unknown,Unknown,Unknown,Unknown,"No specific street, corridor, neighborhood, or ZIP overlap found",Medium,No Clear Match,6.7,Strong Manual Review Candidate,Strong,Complete,Strong,Low,Unknown,Unknown,High,"Bid cost 3321.66, parcel_id 24275-93-06-15110, address quality Complete, property clarity Strong, strict development match No Clear Match, match quality Low, development signal Low, data confidence High.",ZIP unknown; development upside not clearly supported; no clear strict development overlap
44250-02-12-15190,Unknown,549 E 54 PL N,Tulsa,OK,Unknown,LT 17 BLK 54,3327.0,R IMP,127,"865 44250-02-12-15190 549 E 54 PL N 7,200 R IMP 3,327.00 332.25 | LT 17 BLK 54 CITY OF TULSA | VALLEY VIEW ACRES THIRD ADDN",High,parsed cleanly,High,True,False,Included because bid_cost 3327.00 is within range and residential_likelihood=High,No Clear Match,Low,,Unknown,Unknown,Unknown,Unknown,Unknown,Unknown,Unknown,"No specific street, corridor, neighborhood, or ZIP overlap found",Medium,No Clear Match,6.7,Strong Manual Review Candidate,Strong,Complete,Strong,Low,Unknown,Unknown,High,"Bid cost 3327.00, parcel_id 44250-02-12-15190, address quality Complete, property clarity Strong, strict development match No Clear Match, match quality Low, development signal Low, data confidence High.",ZIP unknown; development upside not clearly supported; no clear strict development overlap
29650-03-07-03460,Unknown,1338 E 54 ST N,Tulsa,OK,Unknown,LT 13 BLK 2,3327.66,R IMP,76,"515 29650-03-07-03460 1338 E 54 ST N 7,200 R IMP 3,327.66 332.25 | LT 13 BLK 2 CITY OF TULSA | NORTHRIDGE ADDN",High,parsed cleanly,High,True,False,Included because bid_cost 3327.66 is within range and residential_likelihood=High,No Clear Match,Low,,Unknown,Unknown,Unknown,Unknown,Unknown,Unknown,Unknown,"No specific street, corridor, neighborhood, or ZIP overlap found",Medium,No Clear Match,6.7,Strong Manual Review Candidate,Strong,Complete,Strong,Low,Unknown,Unknown,High,"Bid cost 3327.66, parcel_id 29650-03-07-03460, address quality Complete, property clarity Strong, strict development match No Clear Match, match quality Low, development signal Low, data confidence High.",ZIP unknown; development upside not clearly supported; no clear strict development overlap
53825-02-02-01310,Unknown,7 E 63 ST N,Tulsa,OK,Unknown,LT 16 BK 4,3327.66,R IMP,142,"968 53825-02-02-01310 7 E 63 ST N 7,860 R IMP 3,327.66 316.50 | LT 16 BK 4 CITY OF TULSA | NORTHGATE SECOND ADDN",High,parsed cleanly,High,True,False,Included because bid_cost 3327.66 is within range and residential_likelihood=High,No Clear Match,Low,,Unknown,Unknown,Unknown,Unknown,Unknown,Unknown,Unknown,"No specific street, corridor, neighborhood, or ZIP overlap found",Medium,No Clear Match,6.7,Strong Manual Review Candidate,Strong,Complete,Strong,Low,Unknown,Unknown,High,"Bid cost 3327.66, parcel_id 53825-02-02-01310, address quality Complete, property clarity Strong, strict development match No Clear Match, match quality Low, development signal Low, data confidence High.",ZIP unknown; development upside not clearly supported; no clear strict development overlap
46465-92-11-31880,Unknown,2034 S PHOENIX AV W,Tulsa,OK,Unknown,LT 30 BLK 1,3329.0,R IMP,134,"911 46465-92-11-31880 2034 S PHOENIX AV W 6,844 R IMP 3,329.00 363.75 | LT 30 BLK 1 CITY OF TULSA | WEST TULSA TOWNHOUSE ADDN",High,parsed cleanly,High,True,False,Included because bid_cost 3329.00 is within range and residential_likelihood=High,No Clear Match,Low,,Unknown,Unknown,Unknown,Unknown,Unknown,Unknown,Unknown,"No specific street, corridor, neighborhood, or ZIP overlap found",Medium,No Clear Match,6.7,Strong Manual Review Candidate,Strong,Complete,Strong,Low,Unknown,Unknown,High,"Bid cost 3329.00, parcel_id 46465-92-11-31880, address quality Complete, property clarity Strong, strict development match No Clear Match, match quality Low, development signal Low, data confidence High.",ZIP unknown; development upside not clearly supported; no clear strict development overlap
91316-13-16-06210,Unknown,10428 N YALE AV E,Unknown,OK,Unknown,S134 N842 E647 E/2 NE SEC 16 21 13 1.990ACS TULSA COUNTY,3339.41,B IMP,188,"1280 91316-13-16-06210 10428 N YALE AV E 86,698 B IMP 3,339.41 411.00 | S134 N842 E647 E/2 NE SEC 16 21 13 1.990ACS TULSA COUNTY | UNPLATTED",High,parsed cleanly,Medium,True,False,Included because bid_cost 3339.41 is within range and residential_likelihood=Medium,No Clear Match,Invalid Weak Match,Weak match removed; previous match was based on generic location wording.,Unknown,Unknown,Unknown,Unknown,Unknown,Unknown,Unknown,Weak generic overlap only: TULSA,Medium,Strong Match,6.5,Strong Manual Review Candidate,Strong,Complete,Strong,Low,Unknown,Unknown,High,"Bid cost 3339.41, parcel_id 91316-13-16-06210, address quality Complete, property clarity Strong, strict development match No Clear Match, match quality Invalid Weak Match, development signal Low, data confidence High.",ZIP unknown; development upside not clearly supported; no clear strict development overlap; weak generic development match removed
91236-12-36-01030,Unknown,7403 N IROQUOIS AV E,Unknown,OK,Unknown,E/2 W/2 NW NE LESS S330 THEREOF & LESS W30 TULSA COUNTY,3357.23,R HS IMP,187,"1274 91236-12-36-01030 7403 N IROQUOIS AV E 297,079 R HS IMP 3,357.23 332.25 | E/2 W/2 NW NE LESS S330 THEREOF & LESS W30 TULSA COUNTY | THEREOF SEC 36 21 12 6.818ACS",High,parsed cleanly,High,True,False,Included because bid_cost 3357.23 is within range and residential_likelihood=High,No Clear Match,Invalid Weak Match,Weak match removed; previous match was based on generic location wording.,Unknown,Unknown,Unknown,Unknown,Unknown,Unknown,Unknown,Weak generic overlap only: TULSA,Medium,Strong Match,6.5,Strong Manual Review Candidate,Strong,Complete,Strong,Low,Unknown,Unknown,High,"Bid cost 3357.23, parcel_id 91236-12-36-01030, address quality Complete, property clarity Strong, strict development match No Clear Match, match quality Invalid Weak Match, development signal Low, data confidence High.",ZIP unknown; development upside not clearly supported; no clear strict development overlap; weak generic development match removed
24200-03-28-04080,Unknown,1803 N INDIANAPOLIS AV,Unknown,OK,Unknown,LT 13 BLK 12 E,3365.01,R HS IMP,53,"363 24200-03-28-04080 1803 N INDIANAPOLIS AV 7,850 R HS IMP 3,365.01 348.00 | LT 13 BLK 12 E | LOUISVILLE HGTS ADDN B9-30 CITY OF TULSA",High,parsed cleanly,High,True,False,Included because bid_cost 3365.01 is within range and residential_likelihood=High,No Clear Match,Low,,Unknown,Unknown,Unknown,Unknown,Unknown,Unknown,Unknown,"No specific street, corridor, neighborhood, or ZIP overlap found",Medium,No Clear Match,6.7,Strong Manual Review Candidate,Strong,Complete,Strong,Low,Unknown,Unknown,High,"Bid cost 3365.01, parcel_id 24200-03-28-04080, address quality Complete, property clarity Strong, strict development match No Clear Match, match quality Low, development signal Low, data confidence High.",ZIP unknown; development upside not clearly supported; no clear strict development overlap
12175-92-03-02290,Unknown,3034 W CAMERON ST N,Tulsa,OK,Unknown,LT 1 BLK 11,3366.33,R IMP,28,"185 12175-92-03-02290 3034 W CAMERON ST N 9,125 R IMP 3,366.33 316.50 | LT 1 BLK 11 CITY OF TULSA | EASTON HGTS ADDN",High,parsed cleanly,High,True,False,Included because bid_cost 3366.33 is within range and residential_likelihood=High,No Clear Match,Low,,Unknown,Unknown,Unknown,Unknown,Unknown,Unknown,Unknown,"No specific street, corridor, neighborhood, or ZIP overlap found",Medium,No Clear Match,6.7,Strong Manual Review Candidate,Strong,Complete,Strong,Low,Unknown,Unknown,High,"Bid cost 3366.33, parcel_id 12175-92-03-02290, address quality Complete, property clarity Strong, strict development match No Clear Match, match quality Low, development signal Low, data confidence High.",ZIP unknown; development upside not clearly supported; no clear strict development overlap
07675-02-13-01590,Unknown,4013 N ELGIN AV E,Tulsa,OK,Unknown,PT LT 12 BLK 6 BEG SWC LT 12 NE159.80 NW61.30,3368.32,R IMP,16,"108 07675-02-13-01590 4013 N ELGIN AV E 14,504 R IMP 3,368.32 316.50 | PT LT 12 BLK 6 BEG SWC LT 12 NE159.80 NW61.30 CITY OF TULSA | W136.85 S123.05 TO BEG",High,parsed cleanly,High,True,False,Included because bid_cost 3368.32 is within range and residential_likelihood=High,No Clear Match,Low,,Unknown,Unknown,Unknown,Unknown,Unknown,Unknown,Unknown,"No specific street, corridor, neighborhood, or ZIP overlap found",Medium,No Clear Match,6.7,Strong Manual Review Candidate,Strong,Complete,Strong,Low,Unknown,Unknown,High,"Bid cost 3368.32, parcel_id 07675-02-13-01590, address quality Complete, property clarity Strong, strict development match No Clear Match, match quality Low, development signal Low, data confidence High.",ZIP unknown; development upside not clearly supported; no clear strict development overlap
04550-03-32-02430,Unknown,813 N FLORENCE AV E,Tulsa,OK,Unknown,LT 4 BLK 1,3368.99,R IMP,10,"66 04550-03-32-02430 813 N FLORENCE AV E 5,980 R IMP 3,368.99 332.25 | LT 4 BLK 1 CITY OF TULSA | BOYCE SUB W/2 L16 GARDEN ACRES SUB",High,parsed cleanly,High,True,False,Included because bid_cost 3368.99 is within range and residential_likelihood=High,No Clear Match,Low,,Unknown,Unknown,Unknown,Unknown,Unknown,Unknown,Unknown,"No specific street, corridor, neighborhood, or ZIP overlap found",Medium,No Clear Match,6.7,Strong Manual Review Candidate,Strong,Complete,Strong,Low,Unknown,Unknown,High,"Bid cost 3368.99, parcel_id 04550-03-32-02430, address quality Complete, property clarity Strong, strict development match No Clear Match, match quality Low, development signal Low, data confidence High.",ZIP unknown; development upside not clearly supported; no clear strict development overlap
26250-92-05-02570,Unknown,4914 W 1 ST S,Tulsa,OK,Unknown,LT-3-BLK-2,3382.32,R IMP,61,"413 26250-92-05-02570 4914 W 1 ST S 8,400 R IMP 3,382.32 348.00 | LT-3-BLK-2 CITY OF TULSA | MAYFAIR ADDN",High,parsed cleanly,High,True,False,Included because bid_cost 3382.32 is within range and residential_likelihood=High,No Clear Match,Low,,Unknown,Unknown,Unknown,Unknown,Unknown,Unknown,Unknown,"No specific street, corridor, neighborhood, or ZIP overlap found",Medium,No Clear Match,6.7,Strong Manual Review Candidate,Strong,Complete,Strong,Low,Unknown,Unknown,High,"Bid cost 3382.32, parcel_id 26250-92-05-02570, address quality Complete, property clarity Strong, strict development match No Clear Match, match quality Low, development signal Low, data confidence High.",ZIP unknown; development upside not clearly supported; no clear strict development overlap
44225-02-12-10920,Unknown,5308 N FRANKFORT PL E,Tulsa,OK,Unknown,LT 3 BLK 41,3386.99,R IMP,125,"848 44225-02-12-10920 5308 N FRANKFORT PL E 7,860 R IMP 3,386.99 332.25 | LT 3 BLK 41 CITY OF TULSA | VALLEY VIEW ACRES SECOND ADDN",High,parsed cleanly,High,True,False,Included because bid_cost 3386.99 is within range and residential_likelihood=High,No Clear Match,Low,,Unknown,Unknown,Unknown,Unknown,Unknown,Unknown,Unknown,"No specific street, corridor, neighborhood, or ZIP overlap found",Medium,No Clear Match,6.7,Strong Manual Review Candidate,Strong,Complete,Strong,Low,Unknown,Unknown,High,"Bid cost 3386.99, parcel_id 44225-02-12-10920, address quality Complete, property clarity Strong, strict development match No Clear Match, match quality Low, development signal Low, data confidence High.",ZIP unknown; development upside not clearly supported; no clear strict development overlap
29625-02-36-21010,Unknown,419 E NEWTON PL N,Tulsa,OK,Unknown,E25 LT 16 & ALL LT 17 & S5 VAC ALLEY ADJ TO NL,3388.99,R IMP,75,"512 29625-02-36-21010 419 E NEWTON PL N 11,625 R IMP 3,388.99 379.50 | E25 LT 16 & ALL LT 17 & S5 VAC ALLEY ADJ TO NL CITY OF TULSA | THEREOF BLK 5",High,parsed cleanly,High,True,False,Included because bid_cost 3388.99 is within range and residential_likelihood=High,No Clear Match,Low,,Unknown,Unknown,Unknown,Unknown,Unknown,Unknown,Unknown,"No specific street, corridor, neighborhood, or ZIP overlap found",Medium,No Clear Match,6.7,Strong Manual Review Candidate,Strong,Complete,Strong,Low,Unknown,Unknown,High,"Bid cost 3388.99, parcel_id 29625-02-36-21010, address quality Complete, property clarity Strong, strict development match No Clear Match, match quality Low, development signal Low, data confidence High.",ZIP unknown; development upside not clearly supported; no clear strict development overlap
10450-03-19-50550,Unknown,3128 N TROOST PL E,Tulsa,OK,Unknown,LT 6 BLK 1,3389.11,R HS IMP,22,"148 10450-03-19-50550 3128 N TROOST PL E 9,760 R HS IMP 3,389.11 348.00 | LT 6 BLK 1 CITY OF TULSA | CUL-DE-SAC LANE ADDN",High,parsed cleanly,High,True,False,Included because bid_cost 3389.11 is within range and residential_likelihood=High,No Clear Match,Low,,Unknown,Unknown,Unknown,Unknown,Unknown,Unknown,Unknown,"No specific street, corridor, neighborhood, or ZIP overlap found",Medium,No Clear Match,6.7,Strong Manual Review Candidate,Strong,Complete,Strong,Low,Unknown,Unknown,High,"Bid cost 3389.11, parcel_id 10450-03-19-50550, address quality Complete, property clarity Strong, strict development match No Clear Match, match quality Low, development signal Low, data confidence High.",ZIP unknown; development upside not clearly supported; no clear strict development overlap
28025-93-11-08980,Unknown,1942 S 74 AV E,Tulsa,OK,Unknown,LT 7 BLK 8,3392.99,R HS IMP,67,"455 28025-93-11-08980 1942 S 74 AV E 8,385 R HS IMP 3,392.99 332.25 | LT 7 BLK 8 CITY OF TULSA | MOELLER HGTS",High,parsed cleanly,High,True,False,Included because bid_cost 3392.99 is within range and residential_likelihood=High,No Clear Match,Low,,Unknown,Unknown,Unknown,Unknown,Unknown,Unknown,Unknown,"No specific street, corridor, neighborhood, or ZIP overlap found",Medium,No Clear Match,6.7,Strong Manual Review Candidate,Strong,Complete,Strong,Low,Unknown,Unknown,High,"Bid cost 3392.99, parcel_id 28025-93-11-08980, address quality Complete, property clarity Strong, strict development match No Clear Match, match quality Low, development signal Low, data confidence High.",ZIP unknown; development upside not clearly supported; no clear strict development overlap
37650-02-12-04250,Unknown,834 E 53 ST N,Tulsa,OK,Unknown,LOT-10-BLK-4,3394.99,R IMP,96,"647 37650-02-12-04250 834 E 53 ST N 7,560 R IMP 3,394.99 348.00 | LOT-10-BLK-4 CITY OF TULSA | SHARON HGTS ADDN",High,parsed cleanly,High,True,False,Included because bid_cost 3394.99 is within range and residential_likelihood=High,No Clear Match,Low,,Unknown,Unknown,Unknown,Unknown,Unknown,Unknown,Unknown,"No specific street, corridor, neighborhood, or ZIP overlap found",Medium,No Clear Match,6.7,Strong Manual Review Candidate,Strong,Complete,Strong,Low,Unknown,Unknown,High,"Bid cost 3394.99, parcel_id 37650-02-12-04250, address quality Complete, property clarity Strong, strict development match No Clear Match, match quality Low, development signal Low, data confidence High.",ZIP unknown; development upside not clearly supported; no clear strict development overlap
40825-02-13-08480,Unknown,4346 N HARTFORD AV E,Tulsa,OK,Unknown,LT 8 BLK 7,3394.99,R IMP,108,"728 40825-02-13-08480 4346 N HARTFORD AV E 8,160 R IMP 3,394.99 316.50 | LT 8 BLK 7 CITY OF TULSA | SUBURBAN ACRES SECOND",High,parsed cleanly,High,True,False,Included because bid_cost 3394.99 is within range and residential_likelihood=High,No Clear Match,Low,,Unknown,Unknown,Unknown,Unknown,Unknown,Unknown,Unknown,"No specific street, corridor, neighborhood, or ZIP overlap found",Medium,No Clear Match,6.7,Strong Manual Review Candidate,Strong,Complete,Strong,Low,Unknown,Unknown,High,"Bid cost 3394.99, parcel_id 40825-02-13-08480, address quality Complete, property clarity Strong, strict development match No Clear Match, match quality Low, development signal Low, data confidence High.",ZIP unknown; development upside not clearly supported; no clear strict development overlap
18650-93-06-12970,Unknown,348 S ZUNIS AV E,Tulsa,OK,Unknown,LT 12 BLK 13,3418.25,R HS IMP,39,"266 18650-93-06-12970 348 S ZUNIS AV E 6,750 R HS IMP 3,418.25 379.50 | LT 12 BLK 13 CITY OF TULSA | HILLCREST ADDN",High,parsed cleanly,High,True,False,Included because bid_cost 3418.25 is within range and residential_likelihood=High,No Clear Match,Low,,Unknown,Unknown,Unknown,Unknown,Unknown,Unknown,Unknown,"No specific street, corridor, neighborhood, or ZIP overlap found",Medium,No Clear Match,6.7,Strong Manual Review Candidate,Strong,Complete,Strong,Low,Unknown,Unknown,High,"Bid cost 3418.25, parcel_id 18650-93-06-12970, address quality Complete, property clarity Strong, strict development match No Clear Match, match quality Low, development signal Low, data confidence High.",ZIP unknown; development upside not clearly supported; no clear strict development overlap
28475-03-33-14410,Unknown,1211 N VANDALIA AV E,Tulsa,OK,Unknown,LT 15 BLK 7,3437.28,R IMP,68,"463 28475-03-33-14410 1211 N VANDALIA AV E 6,850 R IMP 3,437.28 348.00 | LT 15 BLK 7 CITY OF TULSA | MORGAN HOMES",High,parsed cleanly,High,True,False,Included because bid_cost 3437.28 is within range and residential_likelihood=High,No Clear Match,Low,,Unknown,Unknown,Unknown,Unknown,Unknown,Unknown,Unknown,"No specific street, corridor, neighborhood, or ZIP overlap found",Medium,No Clear Match,6.7,Strong Manual Review Candidate,Strong,Complete,Strong,Low,Unknown,Unknown,High,"Bid cost 3437.28, parcel_id 28475-03-33-14410, address quality Complete, property clarity Strong, strict development match No Clear Match, match quality Low, development signal Low, data confidence High.",ZIP unknown; development upside not clearly supported; no clear strict development overlap
29675-03-07-09230,Unknown,1901 E 50 PL N,Tulsa,OK,Unknown,LT 25 BLK 22,3437.65,R IMP,78,"532 29675-03-07-09230 1901 E 50 PL N 7,560 R IMP 3,437.65 332.25 | LT 25 BLK 22 CITY OF TULSA | NORTHRIDGE SECOND ADDN AMD",High,parsed cleanly,High,True,False,Included because bid_cost 3437.65 is within range and residential_likelihood=High,No Clear Match,Low,,Unknown,Unknown,Unknown,Unknown,Unknown,Unknown,Unknown,"No specific street, corridor, neighborhood, or ZIP overlap found",Medium,No Clear Match,6.7,Strong Manual Review Candidate,Strong,Complete,Strong,Low,Unknown,Unknown,High,"Bid cost 3437.65, parcel_id 29675-03-07-09230, address quality Complete, property clarity Strong, strict development match No Clear Match, match quality Low, development signal Low, data confidence High.",ZIP unknown; development upside not clearly supported; no clear strict development overlap
90330-03-30-22140,Unknown,2049 E ZION ST N,Tulsa,OK,Unknown,W 60 N 150 S 340 W/2 W/2 NW NE NE SEC 30 20 13,3437.65,R IMP,185,"1261 90330-03-30-22140 2049 E ZION ST N 9,000 R IMP 3,437.65 348.00 | W 60 N 150 S 340 W/2 W/2 NW NE NE SEC 30 20 13 CITY OF TULSA | UNPLATTED",High,parsed cleanly,High,True,False,Included because bid_cost 3437.65 is within range and residential_likelihood=High,No Clear Match,Low,,Unknown,Unknown,Unknown,Unknown,Unknown,Unknown,Unknown,"No specific street, corridor, neighborhood, or ZIP overlap found",Medium,No Clear Match,6.7,Strong Manual Review Candidate,Strong,Complete,Strong,Low,Unknown,Unknown,High,"Bid cost 3437.65, parcel_id 90330-03-30-22140, address quality Complete, property clarity Strong, strict development match No Clear Match, match quality Low, development signal Low, data confidence High.",ZIP unknown; development upside not clearly supported; no clear strict development overlap
90201-02-01-25920,Unknown,502 E 61 ST N,Tulsa,OK,Unknown,E/2 W/2 NW NE SW & E/2 NW NE SW LESS N170 E140,3446.32,R IMP,181,"1238 90201-02-01-25920 502 E 61 ST N 307,100 R IMP 3,446.32 316.50 | E/2 W/2 NW NE SW & E/2 NW NE SW LESS N170 E140 CITY OF TULSA | THEREOF SEC 1 20 12 7.050ACS",High,parsed cleanly,High,True,False,Included because bid_cost 3446.32 is within range and residential_likelihood=High,No Clear Match,Low,,Unknown,Unknown,Unknown,Unknown,Unknown,Unknown,Unknown,"No specific street, corridor, neighborhood, or ZIP overlap found",Medium,No Clear Match,6.7,Strong Manual Review Candidate,Strong,Complete,Strong,Low,Unknown,Unknown,High,"Bid cost 3446.32, parcel_id 90201-02-01-25920, address quality Complete, property clarity Strong, strict development match No Clear Match, match quality Low, development signal Low, data confidence High.",ZIP unknown; development upside not clearly supported; no clear strict development overlap
44200-02-11-03600,Unknown,4672 N BOSTON AV E,Tulsa,OK,Unknown,LT 7 BLK 16,3450.32,R IMP,123,"838 44200-02-11-03600 4672 N BOSTON AV E 7,020 R IMP 3,450.32 332.25 | LT 7 BLK 16 CITY OF TULSA | VALLEY VIEW ACRES",High,parsed cleanly,High,True,False,Included because bid_cost 3450.32 is within range and residential_likelihood=High,No Clear Match,Low,,Unknown,Unknown,Unknown,Unknown,Unknown,Unknown,Unknown,"No specific street, corridor, neighborhood, or ZIP overlap found",Medium,No Clear Match,6.7,Strong Manual Review Candidate,Strong,Complete,Strong,Low,Unknown,Unknown,High,"Bid cost 3450.32, parcel_id 44200-02-11-03600, address quality Complete, property clarity Strong, strict development match No Clear Match, match quality Low, development signal Low, data confidence High.",ZIP unknown; development upside not clearly supported; no clear strict development overlap
08450-03-29-03260,Unknown,2901 E WOODROW ST N,Tulsa,OK,Unknown,LT 4 BLK 1,3456.98,R IMP,18,"123 08450-03-29-03260 2901 E WOODROW ST N 6,384 R IMP 3,456.98 411.00 | LT 4 BLK 1 CITY OF TULSA | CITY VIEW ADDN RESUB B12",High,parsed cleanly,High,True,False,Included because bid_cost 3456.98 is within range and residential_likelihood=High,No Clear Match,Low,,Unknown,Unknown,Unknown,Unknown,Unknown,Unknown,Unknown,"No specific street, corridor, neighborhood, or ZIP overlap found",Medium,No Clear Match,6.7,Strong Manual Review Candidate,Strong,Complete,Strong,Low,Unknown,Unknown,High,"Bid cost 3456.98, parcel_id 08450-03-29-03260, address quality Complete, property clarity Strong, strict development match No Clear Match, match quality Low, development signal Low, data confidence High.",ZIP unknown; development upside not clearly supported; no clear strict development overlap
19725-03-30-11590,Unknown,1729 E YOUNG PL N,Tulsa,OK,Unknown,LT-12-BLK-1,3471.65,R IMP,41,"279 19725-03-30-11590 1729 E YOUNG PL N 8,540 R IMP 3,471.65 348.00 | LT-12-BLK-1 CITY OF TULSA | HUNT'S SUB RESUB L18-33 B5 & L1-12 B6 ROBERTS",High,parsed cleanly,High,True,False,Included because bid_cost 3471.65 is within range and residential_likelihood=High,No Clear Match,Low,,Unknown,Unknown,Unknown,Unknown,Unknown,Unknown,Unknown,"No specific street, corridor, neighborhood, or ZIP overlap found",Medium,No Clear Match,6.7,Strong Manual Review Candidate,Strong,Complete,Strong,Low,Unknown,Unknown,High,"Bid cost 3471.65, parcel_id 19725-03-30-11590, address quality Complete, property clarity Strong, strict development match No Clear Match, match quality Low, development signal Low, data confidence High.",ZIP unknown; development upside not clearly supported; no clear strict development overlap
38575-03-28-12560,Unknown,2443 N VANDALIA AV E,Tulsa,OK,Unknown,LOT 7 BLK 9,3480.31,R IMP,98,"665 38575-03-28-12560 2443 N VANDALIA AV E 7,380 R IMP 3,480.31 348.00 | LOT 7 BLK 9 CITY OF TULSA | SMITHDALE",High,parsed cleanly,High,True,False,Included because bid_cost 3480.31 is within range and residential_likelihood=High,No Clear Match,Low,,Unknown,Unknown,Unknown,Unknown,Unknown,Unknown,Unknown,"No specific street, corridor, neighborhood, or ZIP overlap found",Medium,No Clear Match,6.7,Strong Manual Review Candidate,Strong,Complete,Strong,Low,Unknown,Unknown,High,"Bid cost 3480.31, parcel_id 38575-03-28-12560, address quality Complete, property clarity Strong, strict development match No Clear Match, match quality Low, development signal Low, data confidence High.",ZIP unknown; development upside not clearly supported; no clear strict development overlap
07675-02-13-01610,Unknown,421 E 40 ST N,Tulsa,OK,Unknown,LT 14 BLK 6,3505.64,R IMP,16,"109 07675-02-13-01610 421 E 40 ST N 7,749 R IMP 3,505.64 316.50 | LT 14 BLK 6 CITY OF TULSA | CHANDLER FRATES FOURTH ADDN",High,parsed cleanly,High,True,False,Included because bid_cost 3505.64 is within range and residential_likelihood=High,No Clear Match,Low,,Unknown,Unknown,Unknown,Unknown,Unknown,Unknown,Unknown,"No specific street, corridor, neighborhood, or ZIP overlap found",Medium,No Clear Match,6.7,Strong Manual Review Candidate,Strong,Complete,Strong,Low,Unknown,Unknown,High,"Bid cost 3505.64, parcel_id 07675-02-13-01610, address quality Complete, property clarity Strong, strict development match No Clear Match, match quality Low, development signal Low, data confidence High.",ZIP unknown; development upside not clearly supported; no clear strict development overlap
23000-03-27-08140,Unknown,APACHE & N YALE AV E,Tulsa,OK,Unknown,LTS 2 & 3 & N/2 LT 4 & E635.5 S/2 LT 4 & E635.5 LT 5,3509.05,C,49,"331 23000-03-27-08140 APACHE & N YALE AV E 297,810 C 3,509.05 302.25 | LTS 2 & 3 & N/2 LT 4 & E635.5 S/2 LT 4 & E635.5 LT 5 CITY OF TULSA | BLK 3",Medium,partial or unknown address,Low,True,False,Included because bid_cost 3509.05 is within range and residential_likelihood=Low,No Clear Match,Low,,Unknown,Unknown,Unknown,Unknown,Unknown,Unknown,Unknown,"No specific street, corridor, neighborhood, or ZIP overlap found",Medium,No Clear Match,5.2,Strong Manual Review Candidate,Strong,Partial,Moderate,Low,Unknown,Unknown,Medium,"Bid cost 3509.05, parcel_id 23000-03-27-08140, address quality Partial, property clarity Moderate, strict development match No Clear Match, match quality Low, development signal Low, data confidence Medium.",ZIP unknown; development upside not clearly supported; no clear strict development overlap; address not fully verified
44200-02-11-02340,Unknown,110 W 49 PL N,Tulsa,OK,Unknown,LT 2 BLK 11,3520.98,R IMP,122,"831 44200-02-11-02340 110 W 49 PL N 7,020 R IMP 3,520.98 332.25 | LT 2 BLK 11 CITY OF TULSA | VALLEY VIEW ACRES",High,parsed cleanly,High,True,False,Included because bid_cost 3520.98 is within range and residential_likelihood=High,No Clear Match,Low,,Unknown,Unknown,Unknown,Unknown,Unknown,Unknown,Unknown,"No specific street, corridor, neighborhood, or ZIP overlap found",Medium,No Clear Match,6.7,Strong Manual Review Candidate,Strong,Complete,Strong,Low,Unknown,Unknown,High,"Bid cost 3520.98, parcel_id 44200-02-11-02340, address quality Complete, property clarity Strong, strict development match No Clear Match, match quality Low, development signal Low, data confidence High.",ZIP unknown; development upside not clearly supported; no clear strict development overlap
27550-93-08-18710,Unknown,1239 S ATLANTA PL E,Tulsa,OK,Unknown,LT 9 BLK 1,3527.85,R HS IMP,66,"447 27550-93-08-18710 1239 S ATLANTA PL E 7,000 R HS IMP 3,527.85 348.00 | LT 9 BLK 1 CITY OF TULSA | MILES ADDN RESUB L2 B1& L2 B2 & ALL B4 FAIR",High,parsed cleanly,High,True,False,Included because bid_cost 3527.85 is within range and residential_likelihood=High,No Clear Match,Low,,Unknown,Unknown,Unknown,Unknown,Unknown,Unknown,Unknown,"No specific street, corridor, neighborhood, or ZIP overlap found",Medium,No Clear Match,6.7,Strong Manual Review Candidate,Strong,Complete,Strong,Low,Unknown,Unknown,High,"Bid cost 3527.85, parcel_id 27550-93-08-18710, address quality Complete, property clarity Strong, strict development match No Clear Match, match quality Low, development signal Low, data confidence High.",ZIP unknown; development upside not clearly supported; no clear strict development overlap
07600-02-24-00740,Unknown,3353 N LANSING PL E,Tulsa,OK,Unknown,LT 10 BLK 1,3530.98,R IMP,15,"101 07600-02-24-00740 3353 N LANSING PL E 8,520 R IMP 3,530.98 363.75 | LT 10 BLK 1 CITY OF TULSA | CHANDLER FRATES SECOND ADDN",High,parsed cleanly,High,True,False,Included because bid_cost 3530.98 is within range and residential_likelihood=High,No Clear Match,Low,,Unknown,Unknown,Unknown,Unknown,Unknown,Unknown,Unknown,"No specific street, corridor, neighborhood, or ZIP overlap found",Medium,No Clear Match,6.7,Strong Manual Review Candidate,Strong,Complete,Strong,Low,Unknown,Unknown,High,"Bid cost 3530.98, parcel_id 07600-02-24-00740, address quality Complete, property clarity Strong, strict development match No Clear Match, match quality Low, development signal Low, data confidence High.",ZIP unknown; development upside not clearly supported; no clear strict development overlap
30125-03-28-10360,Unknown,4117 E XYLER ST N,Tulsa,OK,Unknown,LT 12 BLK 1,3536.03,R IMP,80,"544 30125-03-28-10360 4117 E XYLER ST N 7,000 R IMP 3,536.03 316.50 | LT 12 BLK 1 CITY OF TULSA | OAK RIDGE ADDN - TULSA",High,parsed cleanly,High,True,False,Included because bid_cost 3536.03 is within range and residential_likelihood=High,No Clear Match,Low,,Unknown,Unknown,Unknown,Unknown,Unknown,Unknown,Unknown,"No specific street, corridor, neighborhood, or ZIP overlap found",Medium,No Clear Match,6.7,Strong Manual Review Candidate,Strong,Complete,Strong,Low,Unknown,Unknown,High,"Bid cost 3536.03, parcel_id 30125-03-28-10360, address quality Complete, property clarity Strong, strict development match No Clear Match, match quality Low, development signal Low, data confidence High.",ZIP unknown; development upside not clearly supported; no clear strict development overlap
44200-02-11-02050,Unknown,106 W 50 ST N,Tulsa,OK,Unknown,LT 1 BLK 10,3538.05,R IMP,122,"830 44200-02-11-02050 106 W 50 ST N 8,190 R IMP 3,538.05 348.00 | LT 1 BLK 10 CITY OF TULSA | VALLEY VIEW ACRES",High,parsed cleanly,High,True,False,Included because bid_cost 3538.05 is within range and residential_likelihood=High,No Clear Match,Low,,Unknown,Unknown,Unknown,Unknown,Unknown,Unknown,Unknown,"No specific street, corridor, neighborhood, or ZIP overlap found",Medium,No Clear Match,6.7,Strong Manual Review Candidate,Strong,Complete,Strong,Low,Unknown,Unknown,High,"Bid cost 3538.05, parcel_id 44200-02-11-02050, address quality Complete, property clarity Strong, strict development match No Clear Match, match quality Low, development signal Low, data confidence High.",ZIP unknown; development upside not clearly supported; no clear strict development overlap
13200-02-26-00860,Unknown,1516 N MAIN ST W,Tulsa,OK,Unknown,LT 9 BLK 2,3541.13,R HS IMP,29,"197 13200-02-26-00860 1516 N MAIN ST W 6,950 R HS IMP 3,541.13 348.00 | LT 9 BLK 2 CITY OF TULSA | ENGLEWOOD ADDN",High,parsed cleanly,High,True,False,Included because bid_cost 3541.13 is within range and residential_likelihood=High,No Clear Match,Low,,Unknown,Unknown,Unknown,Unknown,Unknown,Unknown,Unknown,"No specific street, corridor, neighborhood, or ZIP overlap found",Medium,No Clear Match,6.7,Strong Manual Review Candidate,Strong,Complete,Strong,Low,Unknown,Unknown,High,"Bid cost 3541.13, parcel_id 13200-02-26-00860, address quality Complete, property clarity Strong, strict development match No Clear Match, match quality Low, development signal Low, data confidence High.",ZIP unknown; development upside not clearly supported; no clear strict development overlap
01800-03-35-01450,Unknown,7569 E OKLAHOMA PL N,Tulsa,OK,Unknown,LT 5 BLK 5,3546.22,R HS IMP,3,"20 01800-03-35-01450 7569 E OKLAHOMA PL N 7,200 R HS IMP 3,546.22 316.50 | LT 5 BLK 5 CITY OF TULSA | ANNAHLEE HGTS",High,parsed cleanly,High,True,False,Included because bid_cost 3546.22 is within range and residential_likelihood=High,No Clear Match,Low,,Unknown,Unknown,Unknown,Unknown,Unknown,Unknown,Unknown,"No specific street, corridor, neighborhood, or ZIP overlap found",Medium,No Clear Match,6.7,Strong Manual Review Candidate,Strong,Complete,Strong,Low,Unknown,Unknown,High,"Bid cost 3546.22, parcel_id 01800-03-35-01450, address quality Complete, property clarity Strong, strict development match No Clear Match, match quality Low, development signal Low, data confidence High.",ZIP unknown; development upside not clearly supported; no clear strict development overlap
61475-91-11-02110,Unknown,526 N WASHINGTON AV E,Sand Springs,OK,Unknown,LT 1 BLK 15,3548.97,R HS IMP,161,"1096 61475-91-11-02110 526 N WASHINGTON AV E 7,000 R HS IMP 3,548.97 379.50 | LT 1 BLK 15 CITY OF SAND SPRINGS | SAND SPRINGS-ORIGINAL TOWN",High,parsed cleanly,High,True,False,Included because bid_cost 3548.97 is within range and residential_likelihood=High,No Clear Match,Low,,Unknown,Unknown,Unknown,Unknown,Unknown,Unknown,Unknown,"No specific street, corridor, neighborhood, or ZIP overlap found",Medium,No Clear Match,6.7,Strong Manual Review Candidate,Strong,Complete,Strong,Low,Unknown,Unknown,High,"Bid cost 3548.97, parcel_id 61475-91-11-02110, address quality Complete, property clarity Strong, strict development match No Clear Match, match quality Low, development signal Low, data confidence High.",ZIP unknown; development upside not clearly supported; no clear strict development overlap
29650-03-07-06110,Unknown,1354 E 51 ST N,Tulsa,OK,Unknown,LT 10 BLK 9,3567.99,R HS IMP,77,"525 29650-03-07-06110 1354 E 51 ST N 7,620 R HS IMP 3,567.99 316.50 | LT 10 BLK 9 CITY OF TULSA | NORTHRIDGE ADDN",High,parsed cleanly,High,True,False,Included because bid_cost 3567.99 is within range and residential_likelihood=High,No Clear Match,Low,,Unknown,Unknown,Unknown,Unknown,Unknown,Unknown,Unknown,"No specific street, corridor, neighborhood, or ZIP overlap found",Medium,No Clear Match,6.7,Strong Manual Review Candidate,Strong,Complete,Strong,Low,Unknown,Unknown,High,"Bid cost 3567.99, parcel_id 29650-03-07-06110, address quality Complete, property clarity Strong, strict development match No Clear Match, match quality Low, development signal Low, data confidence High.",ZIP unknown; development upside not clearly supported; no clear strict development overlap
40850-02-12-06950,Unknown,524 E 49 PL N,Tulsa,OK,Unknown,LT 9 BLK 4,3578.85,R IMP,109,"737 40850-02-12-06950 524 E 49 PL N 7,200 R IMP 3,578.85 363.75 | LT 9 BLK 4 CITY OF TULSA | SUBURBAN ACRES THIRD ADDN",High,parsed cleanly,High,True,False,Included because bid_cost 3578.85 is within range and residential_likelihood=High,No Clear Match,Low,,Unknown,Unknown,Unknown,Unknown,Unknown,Unknown,Unknown,"No specific street, corridor, neighborhood, or ZIP overlap found",Medium,No Clear Match,6.7,Strong Manual Review Candidate,Strong,Complete,Strong,Low,Unknown,Unknown,High,"Bid cost 3578.85, parcel_id 40850-02-12-06950, address quality Complete, property clarity Strong, strict development match No Clear Match, match quality Low, development signal Low, data confidence High.",ZIP unknown; development upside not clearly supported; no clear strict development overlap
53675-92-32-01900,Unknown,5805 S 64 AV W,Unknown,OK,Unknown,LOTS-12-TO-16-INCL.BLK-5 TULSA COUNTY,3580.08,R IMP,141,"963 53675-92-32-01900 5805 S 64 AV W 16,250 R IMP 3,580.08 316.50 | LOTS-12-TO-16-INCL.BLK-5 TULSA COUNTY | NEW TANEHA",High,parsed cleanly,High,True,False,Included because bid_cost 3580.08 is within range and residential_likelihood=High,No Clear Match,Invalid Weak Match,Weak match removed; previous match was based on generic location wording.,Unknown,Unknown,Unknown,Unknown,Unknown,Unknown,Unknown,Weak generic overlap only: TULSA,Medium,Strong Match,6.5,Strong Manual Review Candidate,Strong,Complete,Strong,Low,Unknown,Unknown,High,"Bid cost 3580.08, parcel_id 53675-92-32-01900, address quality Complete, property clarity Strong, strict development match No Clear Match, match quality Invalid Weak Match, development signal Low, data confidence High.",ZIP unknown; development upside not clearly supported; no clear strict development overlap; weak generic development match removed
38605-92-05-04540,Unknown,5145 W 6 ST S,Tulsa,OK,Unknown,W.110 S 1/2 LOT 7 BLK 2,3582.97,R IMP,99,"667 38605-92-05-04540 5145 W 6 ST S 7,260 R IMP 3,582.97 348.00 | W.110 S 1/2 LOT 7 BLK 2 CITY OF TULSA | SMITH'S SUB",High,parsed cleanly,High,True,False,Included because bid_cost 3582.97 is within range and residential_likelihood=High,No Clear Match,Low,,Unknown,Unknown,Unknown,Unknown,Unknown,Unknown,Unknown,"No specific street, corridor, neighborhood, or ZIP overlap found",Medium,No Clear Match,6.7,Strong Manual Review Candidate,Strong,Complete,Strong,Low,Unknown,Unknown,High,"Bid cost 3582.97, parcel_id 38605-92-05-04540, address quality Complete, property clarity Strong, strict development match No Clear Match, match quality Low, development signal Low, data confidence High.",ZIP unknown; development upside not clearly supported; no clear strict development overlap
24200-03-28-06670,Unknown,1588 N OSWEGO AV E,Tulsa,OK,Unknown,LOT 3 BLK 27,3607.63,R IMP,54,"364 24200-03-28-06670 1588 N OSWEGO AV E 7,200 R IMP 3,607.63 332.25 | LOT 3 BLK 27 CITY OF TULSA | LOUISVILLE HGTS ADDN B9-30",High,parsed cleanly,High,True,False,Included because bid_cost 3607.63 is within range and residential_likelihood=High,No Clear Match,Low,,Unknown,Unknown,Unknown,Unknown,Unknown,Unknown,Unknown,"No specific street, corridor, neighborhood, or ZIP overlap found",Medium,No Clear Match,6.7,Strong Manual Review Candidate,Strong,Complete,Strong,Low,Unknown,Unknown,High,"Bid cost 3607.63, parcel_id 24200-03-28-06670, address quality Complete, property clarity Strong, strict development match No Clear Match, match quality Low, development signal Low, data confidence High.",ZIP unknown; development upside not clearly supported; no clear strict development overlap
28975-03-28-09640,Unknown,3756 E VIRGIN PL N,Tulsa,OK,Unknown,LOT 3 BLK 9,3624.3,R IMP,70,"476 28975-03-28-09640 3756 E VIRGIN PL N 7,200 R IMP 3,624.30 332.25 | LOT 3 BLK 9 CITY OF TULSA | NEW HAVEN ADDN",High,parsed cleanly,High,True,False,Included because bid_cost 3624.30 is within range and residential_likelihood=High,No Clear Match,Low,,Unknown,Unknown,Unknown,Unknown,Unknown,Unknown,Unknown,"No specific street, corridor, neighborhood, or ZIP overlap found",Medium,No Clear Match,6.7,Strong Manual Review Candidate,Strong,Complete,Strong,Low,Unknown,Unknown,High,"Bid cost 3624.30, parcel_id 28975-03-28-09640, address quality Complete, property clarity Strong, strict development match No Clear Match, match quality Low, development signal Low, data confidence High.",ZIP unknown; development upside not clearly supported; no clear strict development overlap
07675-02-13-01570,Unknown,4021 N ELGIN AV E,Tulsa,OK,Unknown,LT 11 BLK 6,3624.97,R IMP,16,"107 07675-02-13-01570 4021 N ELGIN AV E 6,530 R IMP 3,624.97 348.00 | LT 11 BLK 6 CITY OF TULSA | CHANDLER FRATES FOURTH ADDN",High,parsed cleanly,High,True,False,Included because bid_cost 3624.97 is within range and residential_likelihood=High,No Clear Match,Low,,Unknown,Unknown,Unknown,Unknown,Unknown,Unknown,Unknown,"No specific street, corridor, neighborhood, or ZIP overlap found",Medium,No Clear Match,6.7,Strong Manual Review Candidate,Strong,Complete,Strong,Low,Unknown,Unknown,High,"Bid cost 3624.97, parcel_id 07675-02-13-01570, address quality Complete, property clarity Strong, strict development match No Clear Match, match quality Low, development signal Low, data confidence High.",ZIP unknown; development upside not clearly supported; no clear strict development overlap
22025-03-35-07520,Unknown,1226 N 67 AV E,Tulsa,OK,Unknown,LT 9 BLK 2,3629.63,R IMP,46,"314 22025-03-35-07520 1226 N 67 AV E 7,356 R IMP 3,629.63 411.00 | LT 9 BLK 2 CITY OF TULSA | LANE ADDN OF L12 AVIATION VIEW SUB",High,parsed cleanly,High,True,False,Included because bid_cost 3629.63 is within range and residential_likelihood=High,No Clear Match,Low,,Unknown,Unknown,Unknown,Unknown,Unknown,Unknown,Unknown,"No specific street, corridor, neighborhood, or ZIP overlap found",Medium,No Clear Match,6.7,Strong Manual Review Candidate,Strong,Complete,Strong,Low,Unknown,Unknown,High,"Bid cost 3629.63, parcel_id 22025-03-35-07520, address quality Complete, property clarity Strong, strict development match No Clear Match, match quality Low, development signal Low, data confidence High.",ZIP unknown; development upside not clearly supported; no clear strict development overlap
25525-03-29-06940,Unknown,2012 N COLUMBIA AV E,Tulsa,OK,Unknown,LT 6 BLK 6,3645.63,R HS IMP,59,"400 25525-03-29-06940 2012 N COLUMBIA AV E 7,632 R HS IMP 3,645.63 363.75 | LT 6 BLK 6 CITY OF TULSA | MARTIN ADDN RESUB PRT L1 & ALL L2-5 B6",High,parsed cleanly,High,True,False,Included because bid_cost 3645.63 is within range and residential_likelihood=High,No Clear Match,Low,,Unknown,Unknown,Unknown,Unknown,Unknown,Unknown,Unknown,"No specific street, corridor, neighborhood, or ZIP overlap found",Medium,No Clear Match,6.7,Strong Manual Review Candidate,Strong,Complete,Strong,Low,Unknown,Unknown,High,"Bid cost 3645.63, parcel_id 25525-03-29-06940, address quality Complete, property clarity Strong, strict development match No Clear Match, match quality Low, development signal Low, data confidence High.",ZIP unknown; development upside not clearly supported; no clear strict development overlap
34750-02-26-08560,Unknown,15 W ZION ST N,Tulsa,OK,Unknown,LOT-13-BLK-8,3651.63,R HS IMP,89,"605 34750-02-26-08560 15 W ZION ST N 8,540 R HS IMP 3,651.63 997.25 | LOT-13-BLK-8 CITY OF TULSA | RESERVOIR HILL ADDN",High,parsed cleanly,High,True,False,Included because bid_cost 3651.63 is within range and residential_likelihood=High,No Clear Match,Low,,Unknown,Unknown,Unknown,Unknown,Unknown,Unknown,Unknown,"No specific street, corridor, neighborhood, or ZIP overlap found",Medium,No Clear Match,6.7,Strong Manual Review Candidate,Strong,Complete,Strong,Low,Unknown,Unknown,High,"Bid cost 3651.63, parcel_id 34750-02-26-08560, address quality Complete, property clarity Strong, strict development match No Clear Match, match quality Low, development signal Low, data confidence High.",ZIP unknown; development upside not clearly supported; no clear strict development overlap
30200-02-26-07150,Unknown,1902 N DENVER AV W,Tulsa,OK,Unknown,LT 7 BLK 3,3688.29,R HS IMP,80,"547 30200-02-26-07150 1902 N DENVER AV W 9,100 R HS IMP 3,688.29 395.25 | LT 7 BLK 3 CITY OF TULSA | OAK TERRACE ADDN",High,parsed cleanly,High,True,False,Included because bid_cost 3688.29 is within range and residential_likelihood=High,No Clear Match,Low,,Unknown,Unknown,Unknown,Unknown,Unknown,Unknown,Unknown,"No specific street, corridor, neighborhood, or ZIP overlap found",Medium,No Clear Match,6.7,Strong Manual Review Candidate,Strong,Complete,Strong,Low,Unknown,Unknown,High,"Bid cost 3688.29, parcel_id 30200-02-26-07150, address quality Complete, property clarity Strong, strict development match No Clear Match, match quality Low, development signal Low, data confidence High.",ZIP unknown; development upside not clearly supported; no clear strict development overlap
21600-02-35-08590,Unknown,1348 N MAIN ST W,Tulsa,OK,Unknown,LT 28 BLK 1,3695.33,R HS IMP,44,"299 21600-02-35-08590 1348 N MAIN ST W 6,165 R HS IMP 3,695.33 379.50 | LT 28 BLK 1 CITY OF TULSA | KRAATZ-GERLACH ADDN",High,parsed cleanly,High,True,False,Included because bid_cost 3695.33 is within range and residential_likelihood=High,No Clear Match,Low,,Unknown,Unknown,Unknown,Unknown,Unknown,Unknown,Unknown,"No specific street, corridor, neighborhood, or ZIP overlap found",Medium,No Clear Match,6.7,Strong Manual Review Candidate,Strong,Complete,Strong,Low,Unknown,Unknown,High,"Bid cost 3695.33, parcel_id 21600-02-35-08590, address quality Complete, property clarity Strong, strict development match No Clear Match, match quality Low, development signal Low, data confidence High.",ZIP unknown; development upside not clearly supported; no clear strict development overlap
35925-03-30-16670,Unknown,1745 E WOODROW ST N,Tulsa,OK,Unknown,LT 18 BLK 15,3700.96,R IMP,91,"619 35925-03-30-16670 1745 E WOODROW ST N 8,320 R IMP 3,700.96 1,099.75 | LT 18 BLK 15 CITY OF TULSA | ROBERTS ADDN B7 & B13-17",High,parsed cleanly,High,True,False,Included because bid_cost 3700.96 is within range and residential_likelihood=High,No Clear Match,Low,,Unknown,Unknown,Unknown,Unknown,Unknown,Unknown,Unknown,"No specific street, corridor, neighborhood, or ZIP overlap found",Medium,No Clear Match,6.7,Strong Manual Review Candidate,Strong,Complete,Strong,Low,Unknown,Unknown,High,"Bid cost 3700.96, parcel_id 35925-03-30-16670, address quality Complete, property clarity Strong, strict development match No Clear Match, match quality Low, development signal Low, data confidence High.",ZIP unknown; development upside not clearly supported; no clear strict development overlap
63700-12-13-00540,Unknown,118 S BRYAN ST E,City Of Sperry,OK,Unknown,S/2 LT 3 BLK 2,3711.82,R IMP,166,"1137 63700-12-13-00540 118 S BRYAN ST E 7,007 R IMP 3,711.82 332.25 | S/2 LT 3 BLK 2 CITY OF SPERRY | LAKESIDE ADDN",High,parsed cleanly,High,True,False,Included because bid_cost 3711.82 is within range and residential_likelihood=High,No Clear Match,Low,,Unknown,Unknown,Unknown,Unknown,Unknown,Unknown,Unknown,"No specific street, corridor, neighborhood, or ZIP overlap found",Medium,No Clear Match,6.7,Strong Manual Review Candidate,Strong,Complete,Strong,Low,Unknown,Unknown,High,"Bid cost 3711.82, parcel_id 63700-12-13-00540, address quality Complete, property clarity Strong, strict development match No Clear Match, match quality Low, development signal Low, data confidence High.",ZIP unknown; development upside not clearly supported; no clear strict development overlap
55200-91-10-01250,Unknown,904 N INDUSTRIAL AV W,Unknown,OK,Unknown,LOT-2-BLK-9 TULSA COUNTY,3714.51,R IMP,150,"1023 55200-91-10-01250 904 N INDUSTRIAL AV W 20,000 R IMP 3,714.51 332.25 | LOT-2-BLK-9 TULSA COUNTY | CHARLES PAGE HOME ACRES NO 2 & RESUB PRT B10",High,parsed cleanly,High,True,False,Included because bid_cost 3714.51 is within range and residential_likelihood=High,No Clear Match,Invalid Weak Match,Weak match removed; previous match was based on generic location wording.,Unknown,Unknown,Unknown,Unknown,Unknown,Unknown,Unknown,"Weak generic overlap only: INDUSTRIAL, TULSA",Medium,Strong Match,6.5,Bad Investment,Strong,Complete,Strong,Low,Unknown,Unknown,High,"Bid cost 3714.51, parcel_id 55200-91-10-01250, address quality Complete, property clarity Strong, strict development match No Clear Match, match quality Invalid Weak Match, development signal Low, data confidence High.",ZIP unknown; development upside not clearly supported; no clear strict development overlap; weak generic development match removed
90404-04-04-64010,Unknown,14025 E 58 ST N,Unknown,OK,Unknown,BEG 656 N & 1323.32 W SEC SE TH N 660 W 330.83 S TULSA COUNTY,3715.23,R,185,"1263 90404-04-04-64010 14025 E 58 ST N 218,236 R 3,715.23 348.00 | BEG 656 N & 1323.32 W SEC SE TH N 660 W 330.83 S TULSA COUNTY | 660 E 330.83 TO BEG SEC 4 20 14",High,parsed cleanly,High,True,False,Included because bid_cost 3715.23 is within range and residential_likelihood=High,No Clear Match,Invalid Weak Match,Weak match removed; previous match was based on generic location wording.,Unknown,Unknown,Unknown,Unknown,Unknown,Unknown,Unknown,Weak generic overlap only: TULSA,Medium,Strong Match,6.5,Strong Manual Review Candidate,Strong,Complete,Strong,Low,Unknown,Unknown,High,"Bid cost 3715.23, parcel_id 90404-04-04-64010, address quality Complete, property clarity Strong, strict development match No Clear Match, match quality Invalid Weak Match, development signal Low, data confidence High.",ZIP unknown; development upside not clearly supported; no clear strict development overlap; weak generic development match removed
44200-02-11-01080,Unknown,103 W 49 PL N,Tulsa,OK,Unknown,LT 18 BLK 5,3715.62,R IMP,121,"825 44200-02-11-01080 103 W 49 PL N 7,020 R IMP 3,715.62 379.50 | LT 18 BLK 5 CITY OF TULSA | VALLEY VIEW ACRES",High,parsed cleanly,High,True,False,Included because bid_cost 3715.62 is within range and residential_likelihood=High,No Clear Match,Low,,Unknown,Unknown,Unknown,Unknown,Unknown,Unknown,Unknown,"No specific street, corridor, neighborhood, or ZIP overlap found",Medium,No Clear Match,6.7,Strong Manual Review Candidate,Strong,Complete,Strong,Low,Unknown,Unknown,High,"Bid cost 3715.62, parcel_id 44200-02-11-01080, address quality Complete, property clarity Strong, strict development match No Clear Match, match quality Low, development signal Low, data confidence High.",ZIP unknown; development upside not clearly supported; no clear strict development overlap
98224-82-24-37060,Unknown,919 W MAIN ST N,City Of Jenks,OK,Unknown,PRT NW SE BEG 197W NEC NW SE TH W234 SELY242,3727.8,R HS IMP,195,"1320 98224-82-24-37060 919 W MAIN ST N 12,114 R HS IMP 3,727.80 316.50 | PRT NW SE BEG 197W NEC NW SE TH W234 SELY242 CITY OF JENKS | NLY124.87 LESS BEG 1519.61W & 105.21S NEC SE TH",High,parsed cleanly,High,True,False,Included because bid_cost 3727.80 is within range and residential_likelihood=High,No Clear Match,Low,,Unknown,Unknown,Unknown,Unknown,Unknown,Unknown,Unknown,"No specific street, corridor, neighborhood, or ZIP overlap found",Medium,No Clear Match,6.7,Strong Manual Review Candidate,Strong,Complete,Strong,Low,Unknown,Unknown,High,"Bid cost 3727.80, parcel_id 98224-82-24-37060, address quality Complete, property clarity Strong, strict development match No Clear Match, match quality Low, development signal Low, data confidence High.",ZIP unknown; development upside not clearly supported; no clear strict development overlap
17925-92-04-03330,Unknown,330 S 43 AV W,Tulsa,OK,Unknown,LOT 6 BLK 3,3745.62,R HS IMP,38,"256 17925-92-04-03330 330 S 43 AV W 8,400 R HS IMP 3,745.62 316.50 | LOT 6 BLK 3 CITY OF TULSA | HAYDEN-LEWIS ADDN",High,parsed cleanly,High,True,False,Included because bid_cost 3745.62 is within range and residential_likelihood=High,No Clear Match,Low,,Unknown,Unknown,Unknown,Unknown,Unknown,Unknown,Unknown,"No specific street, corridor, neighborhood, or ZIP overlap found",Medium,No Clear Match,6.7,Strong Manual Review Candidate,Strong,Complete,Strong,Low,Unknown,Unknown,High,"Bid cost 3745.62, parcel_id 17925-92-04-03330, address quality Complete, property clarity Strong, strict development match No Clear Match, match quality Low, development signal Low, data confidence High.",ZIP unknown; development upside not clearly supported; no clear strict development overlap
49600-03-17-06000,Unknown,2738 E 45 ST N,Tulsa,OK,Unknown,LT 12 BLK 1,3766.83,R IMP,137,"932 49600-03-17-06000 2738 E 45 ST N 7,440 R IMP 3,766.83 348.00 | LT 12 BLK 1 CITY OF TULSA | YAHOLA HGTS ADDN",High,parsed cleanly,High,True,False,Included because bid_cost 3766.83 is within range and residential_likelihood=High,No Clear Match,Low,,Unknown,Unknown,Unknown,Unknown,Unknown,Unknown,Unknown,"No specific street, corridor, neighborhood, or ZIP overlap found",Medium,No Clear Match,6.7,Strong Manual Review Candidate,Strong,Complete,Strong,Low,Unknown,Unknown,High,"Bid cost 3766.83, parcel_id 49600-03-17-06000, address quality Complete, property clarity Strong, strict development match No Clear Match, match quality Low, development signal Low, data confidence High.",ZIP unknown; development upside not clearly supported; no clear strict development overlap
59900-24-20-00058,Unknown,1115 N 15 ST W,Collinsville,OK,Unknown,LT 10 & S/2 LT 11 BLK 6,3771.34,R HS IMP,158,"1078 59900-24-20-00058 1115 N 15 ST W 10,500 R HS IMP 3,771.34 332.25 | LT 10 & S/2 LT 11 BLK 6 CITY OF COLLINSVILLE | EVANS' ADDN",High,parsed cleanly,High,True,False,Included because bid_cost 3771.34 is within range and residential_likelihood=High,No Clear Match,Low,,Unknown,Unknown,Unknown,Unknown,Unknown,Unknown,Unknown,"No specific street, corridor, neighborhood, or ZIP overlap found",Medium,No Clear Match,6.7,Strong Manual Review Candidate,Strong,Complete,Strong,Low,Unknown,Unknown,High,"Bid cost 3771.34, parcel_id 59900-24-20-00058, address quality Complete, property clarity Strong, strict development match No Clear Match, match quality Low, development signal Low, data confidence High.",ZIP unknown; development upside not clearly supported; no clear strict development overlap
09175-93-05-05710,Unknown,2520 E 6 ST S,Tulsa,OK,Unknown,LT 8 BLK 9 & N61 W/2 LT 3 BLK 8 HIGHLANDS ADDN,3780.86,R HS IMP,19,"130 09175-93-05-05710 2520 E 6 ST S 7,500 R HS IMP 3,780.86 348.00 | LT 8 BLK 9 & N61 W/2 LT 3 BLK 8 HIGHLANDS ADDN CITY OF TULSA | COLLEGE VIEW ADDN AMD",High,parsed cleanly,High,True,False,Included because bid_cost 3780.86 is within range and residential_likelihood=High,No Clear Match,Low,,Unknown,Unknown,Unknown,Unknown,Unknown,Unknown,Unknown,"No specific street, corridor, neighborhood, or ZIP overlap found",Medium,No Clear Match,6.7,Strong Manual Review Candidate,Strong,Complete,Strong,Low,Unknown,Unknown,High,"Bid cost 3780.86, parcel_id 09175-93-05-05710, address quality Complete, property clarity Strong, strict development match No Clear Match, match quality Low, development signal Low, data confidence High.",ZIP unknown; development upside not clearly supported; no clear strict development overlap
90326-03-26-20930,Unknown,6945 E PINE ST N,Tulsa,OK,Unknown,E145 OF S264 OF SW SE SW SEC 26 20 13 LESS S50,3812.95,C IMP,184,"1258 90326-03-26-20930 6945 E PINE ST N 31,030 C IMP 3,812.95 316.50 | E145 OF S264 OF SW SE SW SEC 26 20 13 LESS S50 CITY OF TULSA | UNPLATTED",High,parsed cleanly,Medium,True,False,Included because bid_cost 3812.95 is within range and residential_likelihood=Medium,No Clear Match,Low,,Unknown,Unknown,Unknown,Unknown,Unknown,Unknown,Unknown,"No specific street, corridor, neighborhood, or ZIP overlap found",Medium,No Clear Match,6.7,Strong Manual Review Candidate,Strong,Complete,Strong,Low,Unknown,Unknown,High,"Bid cost 3812.95, parcel_id 90326-03-26-20930, address quality Complete, property clarity Strong, strict development match No Clear Match, match quality Low, development signal Low, data confidence High.",ZIP unknown; development upside not clearly supported; no clear strict development overlap
00775-02-25-00730,Unknown,325 E YOUNG PL N,Tulsa,OK,Unknown,E84 LT 8 BLK 4,3819.61,R IMP,1,"7 00775-02-25-00730 325 E YOUNG PL N 11,760 R IMP 3,819.61 332.25 | E84 LT 8 BLK 4 CITY OF TULSA | ACRE GARDENS",High,parsed cleanly,High,True,False,Included because bid_cost 3819.61 is within range and residential_likelihood=High,No Clear Match,Low,,Unknown,Unknown,Unknown,Unknown,Unknown,Unknown,Unknown,"No specific street, corridor, neighborhood, or ZIP overlap found",Medium,No Clear Match,6.7,Strong Manual Review Candidate,Strong,Complete,Strong,Low,Unknown,Unknown,High,"Bid cost 3819.61, parcel_id 00775-02-25-00730, address quality Complete, property clarity Strong, strict development match No Clear Match, match quality Low, development signal Low, data confidence High.",ZIP unknown; development upside not clearly supported; no clear strict development overlap
41950-02-24-12580,Unknown,3209 N GARRISON AV E,Tulsa,OK,Unknown,LT 12 BLK 2,3819.61,R IMP,116,"788 41950-02-24-12580 3209 N GARRISON AV E 8,704 R IMP 3,819.61 316.50 | LT 12 BLK 2 CITY OF TULSA | TEEL TERRACE",High,parsed cleanly,High,True,False,Included because bid_cost 3819.61 is within range and residential_likelihood=High,No Clear Match,Low,,Unknown,Unknown,Unknown,Unknown,Unknown,Unknown,Unknown,"No specific street, corridor, neighborhood, or ZIP overlap found",Medium,No Clear Match,6.7,Strong Manual Review Candidate,Strong,Complete,Strong,Low,Unknown,Unknown,High,"Bid cost 3819.61, parcel_id 41950-02-24-12580, address quality Complete, property clarity Strong, strict development match No Clear Match, match quality Low, development signal Low, data confidence High.",ZIP unknown; development upside not clearly supported; no clear strict development overlap
04925-03-35-02930,Unknown,7107 E NEWTON PL N,Tulsa,OK,Unknown,LT 4 BLK 1,3836.94,R IMP,10,"67 04925-03-35-02930 7107 E NEWTON PL N 7,840 R IMP 3,836.94 348.00 | LT 4 BLK 1 CITY OF TULSA | BREWER ADDN",High,parsed cleanly,High,True,False,Included because bid_cost 3836.94 is within range and residential_likelihood=High,No Clear Match,Low,,Unknown,Unknown,Unknown,Unknown,Unknown,Unknown,Unknown,"No specific street, corridor, neighborhood, or ZIP overlap found",Medium,No Clear Match,6.7,Strong Manual Review Candidate,Strong,Complete,Strong,Low,Unknown,Unknown,High,"Bid cost 3836.94, parcel_id 04925-03-35-02930, address quality Complete, property clarity Strong, strict development match No Clear Match, match quality Low, development signal Low, data confidence High.",ZIP unknown; development upside not clearly supported; no clear strict development overlap
36075-03-08-00420,Unknown,2548 E 48 ST N,Tulsa,OK,Unknown,LT 7 BK 4,3840.44,R HS IMP,92,"621 36075-03-08-00420 2548 E 48 ST N 8,520 R HS IMP 3,840.44 316.50 | LT 7 BK 4 CITY OF TULSA | ROBINWOOD",High,parsed cleanly,High,True,False,Included because bid_cost 3840.44 is within range and residential_likelihood=High,No Clear Match,Low,,Unknown,Unknown,Unknown,Unknown,Unknown,Unknown,Unknown,"No specific street, corridor, neighborhood, or ZIP overlap found",Medium,No Clear Match,6.7,Strong Manual Review Candidate,Strong,Complete,Strong,Low,Unknown,Unknown,High,"Bid cost 3840.44, parcel_id 36075-03-08-00420, address quality Complete, property clarity Strong, strict development match No Clear Match, match quality Low, development signal Low, data confidence High.",ZIP unknown; development upside not clearly supported; no clear strict development overlap
45600-94-16-00400,Unknown,2216 S 131 AV E,Tulsa,OK,Unknown,LT 23 BLK 1,3844.67,R IMP,133,"905 45600-94-16-00400 2216 S 131 AV E 8,400 R IMP 3,844.67 316.50 | LT 23 BLK 1 CITY OF TULSA | WALNUT RIDGE RESUB L8-11 & 14-18 SMITTLE ADDN",High,parsed cleanly,High,True,False,Included because bid_cost 3844.67 is within range and residential_likelihood=High,No Clear Match,Low,,Unknown,Unknown,Unknown,Unknown,Unknown,Unknown,Unknown,"No specific street, corridor, neighborhood, or ZIP overlap found",Medium,No Clear Match,6.7,Strong Manual Review Candidate,Strong,Complete,Strong,Low,Unknown,Unknown,High,"Bid cost 3844.67, parcel_id 45600-94-16-00400, address quality Complete, property clarity Strong, strict development match No Clear Match, match quality Low, development signal Low, data confidence High.",ZIP unknown; development upside not clearly supported; no clear strict development overlap
44325-03-36-04550,Unknown,9165 E NEWTON PL N,Tulsa,OK,Unknown,LOT 23 BLK 7,3854.94,R HS IMP,128,"873 44325-03-36-04550 9165 E NEWTON PL N 10,320 R HS IMP 3,854.94 332.25 | LOT 23 BLK 7 CITY OF TULSA | VAN ACRES ADDN AMD",High,parsed cleanly,High,True,False,Included because bid_cost 3854.94 is within range and residential_likelihood=High,No Clear Match,Low,,Unknown,Unknown,Unknown,Unknown,Unknown,Unknown,Unknown,"No specific street, corridor, neighborhood, or ZIP overlap found",Medium,No Clear Match,6.7,Strong Manual Review Candidate,Strong,Complete,Strong,Low,Unknown,Unknown,High,"Bid cost 3854.94, parcel_id 44325-03-36-04550, address quality Complete, property clarity Strong, strict development match No Clear Match, match quality Low, development signal Low, data confidence High.",ZIP unknown; development upside not clearly supported; no clear strict development overlap
56625-92-20-01430,Unknown,3190 S 57 AV W,Tulsa,OK,Unknown,LT 15 BLK B,3901.6,R IMP,153,"1044 56625-92-20-01430 3190 S 57 AV W 34,200 R IMP 3,901.60 474.00 | LT 15 BLK B CITY OF TULSA | BERRY HILL GARDENS",High,parsed cleanly,High,True,False,Included because bid_cost 3901.60 is within range and residential_likelihood=High,No Clear Match,Low,,Unknown,Unknown,Unknown,Unknown,Unknown,Unknown,Unknown,"No specific street, corridor, neighborhood, or ZIP overlap found",Medium,No Clear Match,6.7,Strong Manual Review Candidate,Strong,Complete,Strong,Low,Unknown,Unknown,High,"Bid cost 3901.60, parcel_id 56625-92-20-01430, address quality Complete, property clarity Strong, strict development match No Clear Match, match quality Low, development signal Low, data confidence High.",ZIP unknown; development upside not clearly supported; no clear strict development overlap
29650-03-07-05860,Unknown,1513 E 51 ST N,Tulsa,OK,Unknown,LT 21 BLK 8,3904.27,R IMP,77,"523 29650-03-07-05860 1513 E 51 ST N 7,200 R IMP 3,904.27 363.75 | LT 21 BLK 8 CITY OF TULSA | NORTHRIDGE ADDN",High,parsed cleanly,High,True,False,Included because bid_cost 3904.27 is within range and residential_likelihood=High,No Clear Match,Low,,Unknown,Unknown,Unknown,Unknown,Unknown,Unknown,Unknown,"No specific street, corridor, neighborhood, or ZIP overlap found",Medium,No Clear Match,6.7,Strong Manual Review Candidate,Strong,Complete,Strong,Low,Unknown,Unknown,High,"Bid cost 3904.27, parcel_id 29650-03-07-05860, address quality Complete, property clarity Strong, strict development match No Clear Match, match quality Low, development signal Low, data confidence High.",ZIP unknown; development upside not clearly supported; no clear strict development overlap
00575-93-06-01170,Unknown,511 S VICTOR AV E,Tulsa,OK,Unknown,LTS 43 & 44 BLK 8,3910.27,R IMP,1,"3 00575-93-06-01170 511 S VICTOR AV E 7,000 R IMP 3,910.27 504.50 | LTS 43 & 44 BLK 8 CITY OF TULSA | ABDO'S ADDN",High,parsed cleanly,High,True,False,Included because bid_cost 3910.27 is within range and residential_likelihood=High,No Clear Match,Low,,Unknown,Unknown,Unknown,Unknown,Unknown,Unknown,Unknown,"No specific street, corridor, neighborhood, or ZIP overlap found",Medium,No Clear Match,6.7,Strong Manual Review Candidate,Strong,Complete,Strong,Low,Unknown,Unknown,High,"Bid cost 3910.27, parcel_id 00575-93-06-01170, address quality Complete, property clarity Strong, strict development match No Clear Match, match quality Low, development signal Low, data confidence High.",ZIP unknown; development upside not clearly supported; no clear strict development overlap
11000-83-06-00270,Unknown,1394 E 66 PL S,Tulsa,OK,Unknown,E25 N130 LT 12 & N130 LT 13 BLK 2,3946.95,R HS IMP,24,"158 11000-83-06-00270 1394 E 66 PL S 15,690 R HS IMP 3,946.95 395.25 | E25 N130 LT 12 & N130 LT 13 BLK 2 CITY OF TULSA | DELL ROSE PLACE RESUB L1-3 B2 L1-4 B1 KEIM",High,parsed cleanly,High,True,False,Included because bid_cost 3946.95 is within range and residential_likelihood=High,Strong Match,High,,Tulsa Market District,Tulsa Market District / NOMA residential hub,Multifamily / Mixed-use neighborhood hub,High,https://partnertulsa.org/community-partner-profile-how-noma-is-creating-community-along-the-mother-road/,Community Partner Profile: How NOMA is Creating Community Along the Mother Road - PartnerTulsa,"NOMA added a 256-unit residential hub in the Tulsa Market District along Route 66 and was described as part of a broader effort to revitalize vacant spaces, improve walkability, and support new commercial activity in the corridor.",Specific street/corridor overlap: 66,High,No Clear Match,8.7,Good Investment,Strong,Complete,Strong,High,Positive,Unknown,High,"Bid cost 3946.95, parcel_id 11000-83-06-00270, address quality Complete, property clarity Strong, strict development match Strong Match, match quality High, development signal High, data confidence High.",ZIP unknown
90306-03-06-46920,Unknown,ADDRESS UNKNOWN,Unknown,OK,Unknown,PRT N/2 SW SE BEG NWC TH E700 S330 W700 N330 TULSA COUNTY,3954.21,C,183,"1250 90306-03-06-46920 ADDRESS UNKNOWN 217,589 C 3,954.21 286.50 | PRT N/2 SW SE BEG NWC TH E700 S330 W700 N330 TULSA COUNTY | LESS W30 FOR RD THEREOF SEC 6 20 13 5.07ACS",Medium,partial or unknown address,Low,True,False,Included because bid_cost 3954.21 is within range and residential_likelihood=Low,No Clear Match,Invalid Weak Match,Weak match removed; previous match was based on generic location wording.,Unknown,Unknown,Unknown,Unknown,Unknown,Unknown,Unknown,Weak generic overlap only: TULSA,Medium,Strong Match,5.1,Strong Manual Review Candidate,Strong,Partial,Moderate,Low,Unknown,Unknown,Medium,"Bid cost 3954.21, parcel_id 90306-03-06-46920, address quality Partial, property clarity Moderate, strict development match No Clear Match, match quality Invalid Weak Match, development signal Low, data confidence Medium.",ZIP unknown; development upside not clearly supported; no clear strict development overlap; weak generic development match removed; address not fully verified
20300-92-03-05280,Unknown,1903 W CAMERON ST N,Tulsa,OK,Unknown,LT 12 BLK 14,3958.93,R IMP,42,"286 20300-92-03-05280 1903 W CAMERON ST N 7,000 R IMP 3,958.93 316.50 | LT 12 BLK 14 CITY OF TULSA | IRVING PLACE",High,parsed cleanly,High,True,False,Included because bid_cost 3958.93 is within range and residential_likelihood=High,No Clear Match,Low,,Unknown,Unknown,Unknown,Unknown,Unknown,Unknown,Unknown,"No specific street, corridor, neighborhood, or ZIP overlap found",Medium,No Clear Match,6.7,Strong Manual Review Candidate,Strong,Complete,Strong,Low,Unknown,Unknown,High,"Bid cost 3958.93, parcel_id 20300-92-03-05280, address quality Complete, property clarity Strong, strict development match No Clear Match, match quality Low, development signal Low, data confidence High.",ZIP unknown; development upside not clearly supported; no clear strict development overlap
49800-03-34-15300,Unknown,1145 N CANTON AV E,Tulsa,OK,Unknown,LT 12 BLK 4,3978.26,R IMP,138,"937 49800-03-34-15300 1145 N CANTON AV E 7,700 R IMP 3,978.26 332.25 | LT 12 BLK 4 CITY OF TULSA | YALE TERRACE ADDN",High,parsed cleanly,High,True,False,Included because bid_cost 3978.26 is within range and residential_likelihood=High,No Clear Match,Low,,Unknown,Unknown,Unknown,Unknown,Unknown,Unknown,Unknown,"No specific street, corridor, neighborhood, or ZIP overlap found",Medium,No Clear Match,6.7,Strong Manual Review Candidate,Strong,Complete,Strong,Low,Unknown,Unknown,High,"Bid cost 3978.26, parcel_id 49800-03-34-15300, address quality Complete, property clarity Strong, strict development match No Clear Match, match quality Low, development signal Low, data confidence High.",ZIP unknown; development upside not clearly supported; no clear strict development overlap
23900-03-27-09360,Unknown,1532 N KINGSTON PL E,Tulsa,OK,Unknown,LOT-9-BLK-6,3982.26,R IMP,53,"361 23900-03-27-09360 1532 N KINGSTON PL E 8,400 R IMP 3,982.26 332.25 | LOT-9-BLK-6 CITY OF TULSA | LOSEY'S ADDN",High,parsed cleanly,High,True,False,Included because bid_cost 3982.26 is within range and residential_likelihood=High,No Clear Match,Low,,Unknown,Unknown,Unknown,Unknown,Unknown,Unknown,Unknown,"No specific street, corridor, neighborhood, or ZIP overlap found",Medium,No Clear Match,6.7,Strong Manual Review Candidate,Strong,Complete,Strong,Low,Unknown,Unknown,High,"Bid cost 3982.26, parcel_id 23900-03-27-09360, address quality Complete, property clarity Strong, strict development match No Clear Match, match quality Low, development signal Low, data confidence High.",ZIP unknown; development upside not clearly supported; no clear strict development overlap
40325-94-17-06900,Unknown,2519 S 126 AV E,Tulsa,OK,Unknown,LT 29 BLK 4,3988.93,R IMP,103,"698 40325-94-17-06900 2519 S 126 AV E 7,320 R IMP 3,988.93 316.50 | LT 29 BLK 4 CITY OF TULSA | STACEY LYNN ADDN",High,parsed cleanly,High,True,False,Included because bid_cost 3988.93 is within range and residential_likelihood=High,No Clear Match,Low,,Unknown,Unknown,Unknown,Unknown,Unknown,Unknown,Unknown,"No specific street, corridor, neighborhood, or ZIP overlap found",Medium,No Clear Match,6.7,Strong Manual Review Candidate,Strong,Complete,Strong,Low,Unknown,Unknown,High,"Bid cost 3988.93, parcel_id 40325-94-17-06900, address quality Complete, property clarity Strong, strict development match No Clear Match, match quality Low, development signal Low, data confidence High.",ZIP unknown; development upside not clearly supported; no clear strict development overlap
13775-02-12-01490,Unknown,4641 N HARTFORD AV E,Tulsa,OK,Unknown,LT 29 LESS BEG NEC W20 SELY ON STR LINE TO,3989.6,R IMP,30,"201 13775-02-12-01490 4641 N HARTFORD AV E 10,800 R IMP 3,989.60 332.25 | LT 29 LESS BEG NEC W20 SELY ON STR LINE TO CITY OF TULSA | SECR N60 POB BLK 4",High,parsed cleanly,High,True,False,Included because bid_cost 3989.60 is within range and residential_likelihood=High,No Clear Match,Low,,Unknown,Unknown,Unknown,Unknown,Unknown,Unknown,Unknown,"No specific street, corridor, neighborhood, or ZIP overlap found",Medium,No Clear Match,6.7,Strong Manual Review Candidate,Strong,Complete,Strong,Low,Unknown,Unknown,High,"Bid cost 3989.60, parcel_id 13775-02-12-01490, address quality Complete, property clarity Strong, strict development match No Clear Match, match quality Low, development signal Low, data confidence High.",ZIP unknown; development upside not clearly supported; no clear strict development overlap
02350-03-35-02480,Unknown,6521 E LATIMER PL N,Tulsa,OK,Unknown,E80 OF S140 LT 3 BLK 1 LESS E5 & S5 FOR ST,3996.66,R HS IMP,5,"29 02350-03-35-02480 6521 E LATIMER PL N 10,125 R HS IMP 3,996.66 363.75 | E80 OF S140 LT 3 BLK 1 LESS E5 & S5 FOR ST CITY OF TULSA | AVIATION VIEW SUB",High,parsed cleanly,High,True,False,Included because bid_cost 3996.66 is within range and residential_likelihood=High,No Clear Match,Low,,Unknown,Unknown,Unknown,Unknown,Unknown,Unknown,Unknown,"No specific street, corridor, neighborhood, or ZIP overlap found",Medium,No Clear Match,6.7,Strong Manual Review Candidate,Strong,Complete,Strong,Low,Unknown,Unknown,High,"Bid cost 3996.66, parcel_id 02350-03-35-02480, address quality Complete, property clarity Strong, strict development match No Clear Match, match quality Low, development signal Low, data confidence High.",ZIP unknown; development upside not clearly supported; no clear strict development overlap
16275-92-05-01670,Unknown,501 S 57 AV W,Tulsa,OK,Unknown,LT 20,4022.9,R HS IMP,36,"239 16275-92-05-01670 501 S 57 AV W 6,500 R HS IMP 4,022.90 316.50 | LT 20 CITY OF TULSA | GLEN ACRES SUB REV B7-WEKIWA",High,parsed cleanly,High,True,False,Included because bid_cost 4022.90 is within range and residential_likelihood=High,No Clear Match,Low,,Unknown,Unknown,Unknown,Unknown,Unknown,Unknown,Unknown,"No specific street, corridor, neighborhood, or ZIP overlap found",Medium,No Clear Match,6.7,Strong Manual Review Candidate,Strong,Complete,Strong,Low,Unknown,Unknown,High,"Bid cost 4022.90, parcel_id 16275-92-05-01670, address quality Complete, property clarity Strong, strict development match No Clear Match, match quality Low, development signal Low, data confidence High.",ZIP unknown; development upside not clearly supported; no clear strict development overlap
17675-02-24-07550,Unknown,3179 N IROQUOIS AV E,Tulsa,OK,Unknown,LT 34 BLK 4,4023.59,R IMP,37,"250 17675-02-24-07550 3179 N IROQUOIS AV E 7,200 R IMP 4,023.59 316.50 | LT 34 BLK 4 CITY OF TULSA | HARTFORD HILLS ADDN",High,parsed cleanly,High,True,False,Included because bid_cost 4023.59 is within range and residential_likelihood=High,No Clear Match,Low,,Unknown,Unknown,Unknown,Unknown,Unknown,Unknown,Unknown,"No specific street, corridor, neighborhood, or ZIP overlap found",Medium,No Clear Match,6.7,Strong Manual Review Candidate,Strong,Complete,Strong,Low,Unknown,Unknown,High,"Bid cost 4023.59, parcel_id 17675-02-24-07550, address quality Complete, property clarity Strong, strict development match No Clear Match, match quality Low, development signal Low, data confidence High.",ZIP unknown; development upside not clearly supported; no clear strict development overlap
34300-03-32-14720,Unknown,152 N DELAWARE AV E,Tulsa,OK,Unknown,LT 3 BLK 3,4028.93,R IMP,88,"592 34300-03-32-14720 152 N DELAWARE AV E 7,000 R IMP 4,028.93 348.00 | LT 3 BLK 3 CITY OF TULSA | REDDIN ADDN",High,parsed cleanly,High,True,False,Included because bid_cost 4028.93 is within range and residential_likelihood=High,No Clear Match,Low,,Unknown,Unknown,Unknown,Unknown,Unknown,Unknown,Unknown,"No specific street, corridor, neighborhood, or ZIP overlap found",Medium,No Clear Match,6.7,Strong Manual Review Candidate,Strong,Complete,Strong,Low,Unknown,Unknown,High,"Bid cost 4028.93, parcel_id 34300-03-32-14720, address quality Complete, property clarity Strong, strict development match No Clear Match, match quality Low, development signal Low, data confidence High.",ZIP unknown; development upside not clearly supported; no clear strict development overlap
49725-03-34-14590,Unknown,4902 E EASTON ST N,Tulsa,OK,Unknown,LT 11 BLK 2,4040.26,R IMP,137,"935 49725-03-34-14590 4902 E EASTON ST N 8,680 R IMP 4,040.26 332.25 | LT 11 BLK 2 CITY OF TULSA | YALE CREST EXT",High,parsed cleanly,High,True,False,Included because bid_cost 4040.26 is within range and residential_likelihood=High,No Clear Match,Low,,Unknown,Unknown,Unknown,Unknown,Unknown,Unknown,Unknown,"No specific street, corridor, neighborhood, or ZIP overlap found",Medium,No Clear Match,6.7,Strong Manual Review Candidate,Strong,Complete,Strong,Low,Unknown,Unknown,High,"Bid cost 4040.26, parcel_id 49725-03-34-14590, address quality Complete, property clarity Strong, strict development match No Clear Match, match quality Low, development signal Low, data confidence High.",ZIP unknown; development upside not clearly supported; no clear strict development overlap
07725-02-13-02870,Unknown,3917 N LANSING AV E,Tulsa,OK,Unknown,LT 34 BLK 10,4067.59,R IMP,17,"111 07725-02-13-02870 3917 N LANSING AV E 8,990 R IMP 4,067.59 316.50 | LT 34 BLK 10 CITY OF TULSA | CHANDLER-FRATES FIFTH ADDN",High,parsed cleanly,High,True,False,Included because bid_cost 4067.59 is within range and residential_likelihood=High,No Clear Match,Low,,Unknown,Unknown,Unknown,Unknown,Unknown,Unknown,Unknown,"No specific street, corridor, neighborhood, or ZIP overlap found",Medium,No Clear Match,6.7,Strong Manual Review Candidate,Strong,Complete,Strong,Low,Unknown,Unknown,High,"Bid cost 4067.59, parcel_id 07725-02-13-02870, address quality Complete, property clarity Strong, strict development match No Clear Match, match quality Low, development signal Low, data confidence High.",ZIP unknown; development upside not clearly supported; no clear strict development overlap
63125-91-11-15420,Unknown,607 N WILSON AV W,Sand Springs,OK,Unknown,LT 11 BLK 8,4068.06,R IMP,164,"1120 63125-91-11-15420 607 N WILSON AV W 6,500 R IMP 4,068.06 316.50 | LT 11 BLK 8 CITY OF SAND SPRINGS | WEST-SIDE ADDN",High,parsed cleanly,High,True,False,Included because bid_cost 4068.06 is within range and residential_likelihood=High,No Clear Match,Low,,Unknown,Unknown,Unknown,Unknown,Unknown,Unknown,Unknown,"No specific street, corridor, neighborhood, or ZIP overlap found",Medium,No Clear Match,6.7,Strong Manual Review Candidate,Strong,Complete,Strong,Low,Unknown,Unknown,High,"Bid cost 4068.06, parcel_id 63125-91-11-15420, address quality Complete, property clarity Strong, strict development match No Clear Match, match quality Low, development signal Low, data confidence High.",ZIP unknown; development upside not clearly supported; no clear strict development overlap
99203-92-03-14350,Unknown,2822 W EASTON ST N,Tulsa,OK,Unknown,BEG 25S & 1230W NEC SE NW TH W53.3 S140 E54.06,4081.97,R IMP,201,"1353 99203-92-03-14350 2822 W EASTON ST N 7,405 R IMP 4,081.97 348.00 | BEG 25S & 1230W NEC SE NW TH W53.3 S140 E54.06 CITY OF TULSA | N140 POB SEC 3 19 12 .17AC",High,parsed cleanly,High,True,False,Included because bid_cost 4081.97 is within range and residential_likelihood=High,No Clear Match,Low,,Unknown,Unknown,Unknown,Unknown,Unknown,Unknown,Unknown,"No specific street, corridor, neighborhood, or ZIP overlap found",Medium,No Clear Match,6.7,Strong Manual Review Candidate,Strong,Complete,Strong,Low,Unknown,Unknown,High,"Bid cost 4081.97, parcel_id 99203-92-03-14350, address quality Complete, property clarity Strong, strict development match No Clear Match, match quality Low, development signal Low, data confidence High.",ZIP unknown; development upside not clearly supported; no clear strict development overlap
23125-02-25-14790,Unknown,2016 N NORFOLK AV E,Tulsa,OK,Unknown,LT 3 BLK 3,4116.25,R IMP,49,"333 23125-02-25-14790 2016 N NORFOLK AV E 6,900 R IMP 4,116.25 332.25 | LT 3 BLK 3 CITY OF TULSA | LIBERTY 2ND ADDN",High,parsed cleanly,High,True,False,Included because bid_cost 4116.25 is within range and residential_likelihood=High,No Clear Match,Low,,Unknown,Unknown,Unknown,Unknown,Unknown,Unknown,Unknown,"No specific street, corridor, neighborhood, or ZIP overlap found",Medium,No Clear Match,6.7,Strong Manual Review Candidate,Strong,Complete,Strong,Low,Unknown,Unknown,High,"Bid cost 4116.25, parcel_id 23125-02-25-14790, address quality Complete, property clarity Strong, strict development match No Clear Match, match quality Low, development signal Low, data confidence High.",ZIP unknown; development upside not clearly supported; no clear strict development overlap
37800-93-02-09080,Unknown,6526 E 5 ST S,Tulsa,OK,Unknown,LT 6 BLK 5,4146.25,R IMP,97,"655 37800-93-02-09080 6526 E 5 ST S 6,700 R IMP 4,146.25 363.75 | LT 6 BLK 5 CITY OF TULSA | SHERIDAN HILLS",High,parsed cleanly,High,True,False,Included because bid_cost 4146.25 is within range and residential_likelihood=High,No Clear Match,Low,,Unknown,Unknown,Unknown,Unknown,Unknown,Unknown,Unknown,"No specific street, corridor, neighborhood, or ZIP overlap found",Medium,No Clear Match,6.7,Strong Manual Review Candidate,Strong,Complete,Strong,Low,Unknown,Unknown,High,"Bid cost 4146.25, parcel_id 37800-93-02-09080, address quality Complete, property clarity Strong, strict development match No Clear Match, match quality Low, development signal Low, data confidence High.",ZIP unknown; development upside not clearly supported; no clear strict development overlap
15125-03-33-05670,Unknown,1433 N TOLEDO AV E,Tulsa,OK,Unknown,LT 19 BLK 2,4159.58,R IMP,32,"214 15125-03-33-05670 1433 N TOLEDO AV E 7,261 R IMP 4,159.58 332.25 | LT 19 BLK 2 CITY OF TULSA | FRANCISCAN ADDN",High,parsed cleanly,High,True,False,Included because bid_cost 4159.58 is within range and residential_likelihood=High,No Clear Match,Low,,Unknown,Unknown,Unknown,Unknown,Unknown,Unknown,Unknown,"No specific street, corridor, neighborhood, or ZIP overlap found",Medium,No Clear Match,6.7,Strong Manual Review Candidate,Strong,Complete,Strong,Low,Unknown,Unknown,High,"Bid cost 4159.58, parcel_id 15125-03-33-05670, address quality Complete, property clarity Strong, strict development match No Clear Match, match quality Low, development signal Low, data confidence High.",ZIP unknown; development upside not clearly supported; no clear strict development overlap
26825-93-01-08300,Unknown,9126 E 4 ST S,Tulsa,OK,Unknown,LT 14 BLK 10,4163.58,R HS IMP,64,"435 26825-93-01-08300 9126 E 4 ST S 7,320 R HS IMP 4,163.58 379.50 | LT 14 BLK 10 CITY OF TULSA | MEADOWOOD ADDN",High,parsed cleanly,High,True,False,Included because bid_cost 4163.58 is within range and residential_likelihood=High,No Clear Match,Low,,Unknown,Unknown,Unknown,Unknown,Unknown,Unknown,Unknown,"No specific street, corridor, neighborhood, or ZIP overlap found",Medium,No Clear Match,6.7,Strong Manual Review Candidate,Strong,Complete,Strong,Low,Unknown,Unknown,High,"Bid cost 4163.58, parcel_id 26825-93-01-08300, address quality Complete, property clarity Strong, strict development match No Clear Match, match quality Low, development signal Low, data confidence High.",ZIP unknown; development upside not clearly supported; no clear strict development overlap
26825-93-01-07370,Unknown,172 S 91 AV E,Tulsa,OK,Unknown,LT 20 BLK 7,4166.25,R HS IMP,64,"434 26825-93-01-07370 172 S 91 AV E 7,564 R HS IMP 4,166.25 316.50 | LT 20 BLK 7 CITY OF TULSA | MEADOWOOD ADDN",High,parsed cleanly,High,True,False,Included because bid_cost 4166.25 is within range and residential_likelihood=High,No Clear Match,Low,,Unknown,Unknown,Unknown,Unknown,Unknown,Unknown,Unknown,"No specific street, corridor, neighborhood, or ZIP overlap found",Medium,No Clear Match,6.7,Strong Manual Review Candidate,Strong,Complete,Strong,Low,Unknown,Unknown,High,"Bid cost 4166.25, parcel_id 26825-93-01-07370, address quality Complete, property clarity Strong, strict development match No Clear Match, match quality Low, development signal Low, data confidence High.",ZIP unknown; development upside not clearly supported; no clear strict development overlap
36525-94-02-01380,Unknown,135 S 166 AV E,Tulsa,OK,Unknown,LT 5 BLK 7,4189.58,R HS IMP,93,"631 36525-94-02-01380 135 S 166 AV E 7,872 R HS IMP 4,189.58 316.50 | LT 5 BLK 7 CITY OF TULSA | ROSE DEW ADDN",High,parsed cleanly,High,True,False,Included because bid_cost 4189.58 is within range and residential_likelihood=High,No Clear Match,Low,,Unknown,Unknown,Unknown,Unknown,Unknown,Unknown,Unknown,"No specific street, corridor, neighborhood, or ZIP overlap found",Medium,No Clear Match,6.7,Strong Manual Review Candidate,Strong,Complete,Strong,Low,Unknown,Unknown,High,"Bid cost 4189.58, parcel_id 36525-94-02-01380, address quality Complete, property clarity Strong, strict development match No Clear Match, match quality Low, development signal Low, data confidence High.",ZIP unknown; development upside not clearly supported; no clear strict development overlap
20300-92-03-05240,Unknown,1919 W CAMERON ST N,Tulsa,OK,Unknown,LT 8 BLK 14,4192.5,R HS IMP,42,"285 20300-92-03-05240 1919 W CAMERON ST N 7,000 R HS IMP 4,192.50 332.25 | LT 8 BLK 14 CITY OF TULSA | IRVING PLACE",High,parsed cleanly,High,True,False,Included because bid_cost 4192.50 is within range and residential_likelihood=High,No Clear Match,Low,,Unknown,Unknown,Unknown,Unknown,Unknown,Unknown,Unknown,"No specific street, corridor, neighborhood, or ZIP overlap found",Medium,No Clear Match,6.7,Strong Manual Review Candidate,Strong,Complete,Strong,Low,Unknown,Unknown,High,"Bid cost 4192.50, parcel_id 20300-92-03-05240, address quality Complete, property clarity Strong, strict development match No Clear Match, match quality Low, development signal Low, data confidence High.",ZIP unknown; development upside not clearly supported; no clear strict development overlap
91225-12-25-41510,Unknown,ADDRESS UNKNOWN,Unknown,OK,Unknown,W/2 SW NE & N20 SE NE & N20 E660 SW NE & SE NW TULSA COUNTY,4211.16,R,187,"1273 91225-12-25-41510 ADDRESS UNKNOWN 2,513,412 R 4,211.16 270.75 | W/2 SW NE & N20 SE NE & N20 E660 SW NE & SE NW TULSA COUNTY | LESS ALL LAND LYING S OF CL DELAWARE CR & E880",Medium,partial or unknown address,High,True,False,Included because bid_cost 4211.16 is within range and residential_likelihood=High,No Clear Match,Invalid Weak Match,Weak match removed; previous match was based on generic location wording.,Unknown,Unknown,Unknown,Unknown,Unknown,Unknown,Unknown,Weak generic overlap only: TULSA,Medium,Strong Match,5.1,Strong Manual Review Candidate,Strong,Partial,Moderate,Low,Unknown,Unknown,Medium,"Bid cost 4211.16, parcel_id 91225-12-25-41510, address quality Partial, property clarity Moderate, strict development match No Clear Match, match quality Invalid Weak Match, development signal Low, data confidence Medium.",ZIP unknown; development upside not clearly supported; no clear strict development overlap; weak generic development match removed; address not fully verified
91236-12-36-50430,Unknown,6834 N PEORIA AV E,Unknown,OK,Unknown,N/2 SE NE SE LESS .766AC FOR RR R/W & LESS E50 TULSA COUNTY,4220.53,C IMP,188,"1278 91236-12-36-50430 6834 N PEORIA AV E 168,128 C IMP 4,220.53 316.50 | N/2 SE NE SE LESS .766AC FOR RR R/W & LESS E50 TULSA COUNTY | FOR RD SEC 36 21 12 3.859ACS",High,parsed cleanly,Medium,True,False,Included because bid_cost 4220.53 is within range and residential_likelihood=Medium,Strong Match,High,,Tulsa Market District,Tulsa Market District / NOMA residential hub,Multifamily / Mixed-use neighborhood hub,High,https://partnertulsa.org/community-partner-profile-how-noma-is-creating-community-along-the-mother-road/,Community Partner Profile: How NOMA is Creating Community Along the Mother Road - PartnerTulsa,"NOMA added a 256-unit residential hub in the Tulsa Market District along Route 66 and was described as part of a broader effort to revitalize vacant spaces, improve walkability, and support new commercial activity in the corridor.",Specific street/corridor overlap: PEORIA,High,Strong Match,8.7,Good Investment,Strong,Complete,Strong,High,Positive,Unknown,High,"Bid cost 4220.53, parcel_id 91236-12-36-50430, address quality Complete, property clarity Strong, strict development match Strong Match, match quality High, development signal High, data confidence High.",ZIP unknown
43925-03-35-15210,Unknown,7311 E KING ST N,Tulsa,OK,Unknown,LT 16 BLK 8,4227.57,R IMP,120,"818 43925-03-35-15210 7311 E KING ST N 7,728 R IMP 4,227.57 332.25 | LT 16 BLK 8 CITY OF TULSA | VAL-CHARLES ADDN",High,parsed cleanly,High,True,False,Included because bid_cost 4227.57 is within range and residential_likelihood=High,No Clear Match,Low,,Unknown,Unknown,Unknown,Unknown,Unknown,Unknown,Unknown,"No specific street, corridor, neighborhood, or ZIP overlap found",Medium,No Clear Match,6.7,Strong Manual Review Candidate,Strong,Complete,Strong,Low,Unknown,Unknown,High,"Bid cost 4227.57, parcel_id 43925-03-35-15210, address quality Complete, property clarity Strong, strict development match No Clear Match, match quality Low, development signal Low, data confidence High.",ZIP unknown; development upside not clearly supported; no clear strict development overlap
99229-92-29-38016,Unknown,ADDRESS UNKNOWN,Unknown,OK,Unknown,BEG 660S & 664E NWC NE NW TH S317.50 E295.65 TULSA COUNTY,4232.91,R,202,"1362 99229-92-29-38016 ADDRESS UNKNOWN 93,869 R 4,232.91 349.50 | BEG 660S & 664E NWC NE NW TH S317.50 E295.65 TULSA COUNTY | N317.50 W295.65 POB SEC 29 19 12 2.155ACS",Medium,partial or unknown address,High,True,False,Included because bid_cost 4232.91 is within range and residential_likelihood=High,No Clear Match,Invalid Weak Match,Weak match removed; previous match was based on generic location wording.,Unknown,Unknown,Unknown,Unknown,Unknown,Unknown,Unknown,Weak generic overlap only: TULSA,Medium,Strong Match,5.1,Strong Manual Review Candidate,Strong,Partial,Moderate,Low,Unknown,Unknown,Medium,"Bid cost 4232.91, parcel_id 99229-92-29-38016, address quality Partial, property clarity Moderate, strict development match No Clear Match, match quality Invalid Weak Match, development signal Low, data confidence Medium.",ZIP unknown; development upside not clearly supported; no clear strict development overlap; weak generic development match removed; address not fully verified
29350-03-07-02400,Unknown,2131 E 46 ST N,Tulsa,OK,Unknown,LT-9-BLK-1,4235.57,R IMP,70,"479 29350-03-07-02400 2131 E 46 ST N 101,265 R IMP 4,235.57 348.00 | LT-9-BLK-1 CITY OF TULSA | NORTH HIGHLAND ACRES ADDN",High,parsed cleanly,High,True,False,Included because bid_cost 4235.57 is within range and residential_likelihood=High,No Clear Match,Low,,Unknown,Unknown,Unknown,Unknown,Unknown,Unknown,Unknown,"No specific street, corridor, neighborhood, or ZIP overlap found",Medium,No Clear Match,6.7,Strong Manual Review Candidate,Strong,Complete,Strong,Low,Unknown,Unknown,High,"Bid cost 4235.57, parcel_id 29350-03-07-02400, address quality Complete, property clarity Strong, strict development match No Clear Match, match quality Low, development signal Low, data confidence High.",ZIP unknown; development upside not clearly supported; no clear strict development overlap
44250-02-12-14150,Unknown,710 E 54 PL N,Tulsa,OK,Unknown,LT 9 BLK 51,4235.57,R IMP,126,"857 44250-02-12-14150 710 E 54 PL N 7,200 R IMP 4,235.57 332.25 | LT 9 BLK 51 CITY OF TULSA | VALLEY VIEW ACRES THIRD ADDN",High,parsed cleanly,High,True,False,Included because bid_cost 4235.57 is within range and residential_likelihood=High,No Clear Match,Low,,Unknown,Unknown,Unknown,Unknown,Unknown,Unknown,Unknown,"No specific street, corridor, neighborhood, or ZIP overlap found",Medium,No Clear Match,6.7,Strong Manual Review Candidate,Strong,Complete,Strong,Low,Unknown,Unknown,High,"Bid cost 4235.57, parcel_id 44250-02-12-14150, address quality Complete, property clarity Strong, strict development match No Clear Match, match quality Low, development signal Low, data confidence High.",ZIP unknown; development upside not clearly supported; no clear strict development overlap
35900-03-30-15790,Unknown,2504 N XANTHUS AV E,Tulsa,OK,Unknown,LT 5BLK 5,4236.24,R IMP,91,"616 35900-03-30-15790 2504 N XANTHUS AV E 7,425 R IMP 4,236.24 332.25 | LT 5BLK 5 CITY OF TULSA | ROBERTS ADDN B1-3 PRT B4 & B5-6",High,parsed cleanly,High,True,False,Included because bid_cost 4236.24 is within range and residential_likelihood=High,No Clear Match,Low,,Unknown,Unknown,Unknown,Unknown,Unknown,Unknown,Unknown,"No specific street, corridor, neighborhood, or ZIP overlap found",Medium,No Clear Match,6.7,Strong Manual Review Candidate,Strong,Complete,Strong,Low,Unknown,Unknown,High,"Bid cost 4236.24, parcel_id 35900-03-30-15790, address quality Complete, property clarity Strong, strict development match No Clear Match, match quality Low, development signal Low, data confidence High.",ZIP unknown; development upside not clearly supported; no clear strict development overlap
44200-02-11-01560,Unknown,141 W 50 CT N,Tulsa,OK,Unknown,LTS 7 & 8 BLK 7,4239.57,R IMP,122,"827 44200-02-11-01560 141 W 50 CT N 14,208 R IMP 4,239.57 316.50 | LTS 7 & 8 BLK 7 CITY OF TULSA | VALLEY VIEW ACRES",High,parsed cleanly,High,True,False,Included because bid_cost 4239.57 is within range and residential_likelihood=High,No Clear Match,Low,,Unknown,Unknown,Unknown,Unknown,Unknown,Unknown,Unknown,"No specific street, corridor, neighborhood, or ZIP overlap found",Medium,No Clear Match,6.7,Strong Manual Review Candidate,Strong,Complete,Strong,Low,Unknown,Unknown,High,"Bid cost 4239.57, parcel_id 44200-02-11-01560, address quality Complete, property clarity Strong, strict development match No Clear Match, match quality Low, development signal Low, data confidence High.",ZIP unknown; development upside not clearly supported; no clear strict development overlap
27775-03-36-02105,Unknown,823 N 89 AV E,Tulsa,OK,Unknown,S80 LT 2 BLK 6,4243.04,R HS IMP,66,"448 27775-03-36-02105 823 N 89 AV E 23,200 R HS IMP 4,243.04 332.25 | S80 LT 2 BLK 6 CITY OF TULSA | MINGO VALLEY SUB NO 1",High,parsed cleanly,High,True,False,Included because bid_cost 4243.04 is within range and residential_likelihood=High,No Clear Match,Low,,Unknown,Unknown,Unknown,Unknown,Unknown,Unknown,Unknown,"No specific street, corridor, neighborhood, or ZIP overlap found",Medium,No Clear Match,6.7,Strong Manual Review Candidate,Strong,Complete,Strong,Low,Unknown,Unknown,High,"Bid cost 4243.04, parcel_id 27775-03-36-02105, address quality Complete, property clarity Strong, strict development match No Clear Match, match quality Low, development signal Low, data confidence High.",ZIP unknown; development upside not clearly supported; no clear strict development overlap
35900-03-30-15590,Unknown,2012 E ZION ST N,Tulsa,OK,Unknown,LT 7 BLK 3,4244.24,R IMP,91,"614 35900-03-30-15590 2012 E ZION ST N 7,169 R IMP 4,244.24 332.25 | LT 7 BLK 3 CITY OF TULSA | ROBERTS ADDN B1-3 PRT B4 & B5-6",High,parsed cleanly,High,True,False,Included because bid_cost 4244.24 is within range and residential_likelihood=High,No Clear Match,Low,,Unknown,Unknown,Unknown,Unknown,Unknown,Unknown,Unknown,"No specific street, corridor, neighborhood, or ZIP overlap found",Medium,No Clear Match,6.7,Strong Manual Review Candidate,Strong,Complete,Strong,Low,Unknown,Unknown,High,"Bid cost 4244.24, parcel_id 35900-03-30-15590, address quality Complete, property clarity Strong, strict development match No Clear Match, match quality Low, development signal Low, data confidence High.",ZIP unknown; development upside not clearly supported; no clear strict development overlap
40825-02-13-09510,Unknown,4137 N FRANKFORT AV E,Tulsa,OK,Unknown,LT 35 BLK 9,4244.24,R IMP,108,"731 40825-02-13-09510 4137 N FRANKFORT AV E 7,380 R IMP 4,244.24 332.25 | LT 35 BLK 9 CITY OF TULSA | SUBURBAN ACRES SECOND",High,parsed cleanly,High,True,False,Included because bid_cost 4244.24 is within range and residential_likelihood=High,No Clear Match,Low,,Unknown,Unknown,Unknown,Unknown,Unknown,Unknown,Unknown,"No specific street, corridor, neighborhood, or ZIP overlap found",Medium,No Clear Match,6.7,Strong Manual Review Candidate,Strong,Complete,Strong,Low,Unknown,Unknown,High,"Bid cost 4244.24, parcel_id 40825-02-13-09510, address quality Complete, property clarity Strong, strict development match No Clear Match, match quality Low, development signal Low, data confidence High.",ZIP unknown; development upside not clearly supported; no clear strict development overlap
23900-03-27-09230,Unknown,1555 N JOPLIN AV E,Tulsa,OK,Unknown,LT-27-BLK-5,4269.57,R IMP,53,"360 23900-03-27-09230 1555 N JOPLIN AV E 8,400 R IMP 4,269.57 316.50 | LT-27-BLK-5 CITY OF TULSA | LOSEY'S ADDN",High,parsed cleanly,High,True,False,Included because bid_cost 4269.57 is within range and residential_likelihood=High,No Clear Match,Low,,Unknown,Unknown,Unknown,Unknown,Unknown,Unknown,Unknown,"No specific street, corridor, neighborhood, or ZIP overlap found",Medium,No Clear Match,6.7,Strong Manual Review Candidate,Strong,Complete,Strong,Low,Unknown,Unknown,High,"Bid cost 4269.57, parcel_id 23900-03-27-09230, address quality Complete, property clarity Strong, strict development match No Clear Match, match quality Low, development signal Low, data confidence High.",ZIP unknown; development upside not clearly supported; no clear strict development overlap
30200-02-26-07080,Unknown,1916 N ELWOOD AV W,Tulsa,OK,Unknown,S 2' LT 9 & ALL LT 10 & N 12' LT 11 BLK 2,4269.57,R IMP,80,"546 30200-02-26-07080 1916 N ELWOOD AV W 9,792 R IMP 4,269.57 363.75 | S 2' LT 9 & ALL LT 10 & N 12' LT 11 BLK 2 CITY OF TULSA | OAK TERRACE ADDN",High,parsed cleanly,High,True,False,Included because bid_cost 4269.57 is within range and residential_likelihood=High,No Clear Match,Low,,Unknown,Unknown,Unknown,Unknown,Unknown,Unknown,Unknown,"No specific street, corridor, neighborhood, or ZIP overlap found",Medium,No Clear Match,6.7,Strong Manual Review Candidate,Strong,Complete,Strong,Low,Unknown,Unknown,High,"Bid cost 4269.57, parcel_id 30200-02-26-07080, address quality Complete, property clarity Strong, strict development match No Clear Match, match quality Low, development signal Low, data confidence High.",ZIP unknown; development upside not clearly supported; no clear strict development overlap
25650-03-34-12590,Unknown,816 N HUDSON AV E,Tulsa,OK,Unknown,LT 8 BLK 4,4278.23,R IMP,60,"404 25650-03-34-12590 816 N HUDSON AV E 8,424 R IMP 4,278.23 316.50 | LT 8 BLK 4 CITY OF TULSA | MARY ELLEN SECOND",High,parsed cleanly,High,True,False,Included because bid_cost 4278.23 is within range and residential_likelihood=High,No Clear Match,Low,,Unknown,Unknown,Unknown,Unknown,Unknown,Unknown,Unknown,"No specific street, corridor, neighborhood, or ZIP overlap found",Medium,No Clear Match,6.7,Strong Manual Review Candidate,Strong,Complete,Strong,Low,Unknown,Unknown,High,"Bid cost 4278.23, parcel_id 25650-03-34-12590, address quality Complete, property clarity Strong, strict development match No Clear Match, match quality Low, development signal Low, data confidence High.",ZIP unknown; development upside not clearly supported; no clear strict development overlap
37050-03-35-12510,Unknown,6615 E NEWTON PL N,Tulsa,OK,Unknown,LT 15 BLK 6,4306.72,R IMP,94,"634 37050-03-35-12510 6615 E NEWTON PL N 12,000 R IMP 4,306.72 316.50 | LT 15 BLK 6 CITY OF TULSA | SAINT PETER AND PAUL SUB",High,parsed cleanly,High,True,False,Included because bid_cost 4306.72 is within range and residential_likelihood=High,No Clear Match,Low,,Unknown,Unknown,Unknown,Unknown,Unknown,Unknown,Unknown,"No specific street, corridor, neighborhood, or ZIP overlap found",Medium,No Clear Match,6.7,Strong Manual Review Candidate,Strong,Complete,Strong,Low,Unknown,Unknown,High,"Bid cost 4306.72, parcel_id 37050-03-35-12510, address quality Complete, property clarity Strong, strict development match No Clear Match, match quality Low, development signal Low, data confidence High.",ZIP unknown; development upside not clearly supported; no clear strict development overlap
34300-03-32-15710,Unknown,121 N BIRMINGHAM AV E,Tulsa,OK,Unknown,LT 18 BLK 6,4307.27,R IMP,88,"596 34300-03-32-15710 121 N BIRMINGHAM AV E 7,000 R IMP 4,307.27 316.50 | LT 18 BLK 6 CITY OF TULSA | REDDIN ADDN",High,parsed cleanly,High,True,False,Included because bid_cost 4307.27 is within range and residential_likelihood=High,No Clear Match,Low,,Unknown,Unknown,Unknown,Unknown,Unknown,Unknown,Unknown,"No specific street, corridor, neighborhood, or ZIP overlap found",Medium,No Clear Match,6.7,Strong Manual Review Candidate,Strong,Complete,Strong,Low,Unknown,Unknown,High,"Bid cost 4307.27, parcel_id 34300-03-32-15710, address quality Complete, property clarity Strong, strict development match No Clear Match, match quality Low, development signal Low, data confidence High.",ZIP unknown; development upside not clearly supported; no clear strict development overlap
19650-03-35-06970,Unknown,6943 E NEWTON PL N,Tulsa,OK,Unknown,LT 12 BLK 3,4312.23,R IMP,41,"277 19650-03-35-06970 6943 E NEWTON PL N 9,600 R IMP 4,312.23 332.25 | LT 12 BLK 3 CITY OF TULSA | HUFFMAN HGTS",High,parsed cleanly,High,True,False,Included because bid_cost 4312.23 is within range and residential_likelihood=High,No Clear Match,Low,,Unknown,Unknown,Unknown,Unknown,Unknown,Unknown,Unknown,"No specific street, corridor, neighborhood, or ZIP overlap found",Medium,No Clear Match,6.7,Strong Manual Review Candidate,Strong,Complete,Strong,Low,Unknown,Unknown,High,"Bid cost 4312.23, parcel_id 19650-03-35-06970, address quality Complete, property clarity Strong, strict development match No Clear Match, match quality Low, development signal Low, data confidence High.",ZIP unknown; development upside not clearly supported; no clear strict development overlap
41675-03-35-13900,Unknown,7122 E MARSHALL ST N,Tulsa,OK,Unknown,LT 7 BLK 7,4326.35,R HS IMP,116,"786 41675-03-35-13900 7122 E MARSHALL ST N 7,560 R HS IMP 4,326.35 395.25 | LT 7 BLK 7 CITY OF TULSA | SUN VALLEY SECOND ADDN",High,parsed cleanly,High,True,False,Included because bid_cost 4326.35 is within range and residential_likelihood=High,No Clear Match,Low,,Unknown,Unknown,Unknown,Unknown,Unknown,Unknown,Unknown,"No specific street, corridor, neighborhood, or ZIP overlap found",Medium,No Clear Match,6.7,Strong Manual Review Candidate,Strong,Complete,Strong,Low,Unknown,Unknown,High,"Bid cost 4326.35, parcel_id 41675-03-35-13900, address quality Complete, property clarity Strong, strict development match No Clear Match, match quality Low, development signal Low, data confidence High.",ZIP unknown; development upside not clearly supported; no clear strict development overlap
37800-93-02-09760,Unknown,7111 E 5 PL S,Tulsa,OK,Unknown,LT 15 W 12 1/2 LT 16 BLK 8,4333.7,R HS IMP,97,"656 37800-93-02-09760 7111 E 5 PL S 8,431 R HS IMP 4,333.70 316.50 | LT 15 W 12 1/2 LT 16 BLK 8 CITY OF TULSA | SHERIDAN HILLS",High,parsed cleanly,High,True,False,Included because bid_cost 4333.70 is within range and residential_likelihood=High,No Clear Match,Low,,Unknown,Unknown,Unknown,Unknown,Unknown,Unknown,Unknown,"No specific street, corridor, neighborhood, or ZIP overlap found",Medium,No Clear Match,6.7,Strong Manual Review Candidate,Strong,Complete,Strong,Low,Unknown,Unknown,High,"Bid cost 4333.70, parcel_id 37800-93-02-09760, address quality Complete, property clarity Strong, strict development match No Clear Match, match quality Low, development signal Low, data confidence High.",ZIP unknown; development upside not clearly supported; no clear strict development overlap
53725-02-01-03030,Unknown,905 E 64 ST N,Unknown,OK,Unknown,LT 5 BLK 7 TULSA COUNTY,4348.07,R IMP,142,"965 53725-02-01-03030 905 E 64 ST N 40,000 R IMP 4,348.07 316.50 | LT 5 BLK 7 TULSA COUNTY | NORTH TURLEY ADDN",High,parsed cleanly,High,True,False,Included because bid_cost 4348.07 is within range and residential_likelihood=High,No Clear Match,Invalid Weak Match,Weak match removed; previous match was based on generic location wording.,Unknown,Unknown,Unknown,Unknown,Unknown,Unknown,Unknown,Weak generic overlap only: TULSA,Medium,Strong Match,6.5,Strong Manual Review Candidate,Strong,Complete,Strong,Low,Unknown,Unknown,High,"Bid cost 4348.07, parcel_id 53725-02-01-03030, address quality Complete, property clarity Strong, strict development match No Clear Match, match quality Invalid Weak Match, development signal Low, data confidence High.",ZIP unknown; development upside not clearly supported; no clear strict development overlap; weak generic development match removed
10225-93-02-04460,Unknown,209 S 72 AV E,Tulsa,OK,Unknown,LT 19 BLK 8,4357.56,R IMP,22,"146 10225-93-02-04460 209 S 72 AV E 8,400 R IMP 4,357.56 363.75 | LT 19 BLK 8 CITY OF TULSA | 3RD CRESTVIEW ESTATES",High,parsed cleanly,High,True,False,Included because bid_cost 4357.56 is within range and residential_likelihood=High,No Clear Match,Low,,Unknown,Unknown,Unknown,Unknown,Unknown,Unknown,Unknown,"No specific street, corridor, neighborhood, or ZIP overlap found",Medium,No Clear Match,6.7,Strong Manual Review Candidate,Strong,Complete,Strong,Low,Unknown,Unknown,High,"Bid cost 4357.56, parcel_id 10225-93-02-04460, address quality Complete, property clarity Strong, strict development match No Clear Match, match quality Low, development signal Low, data confidence High.",ZIP unknown; development upside not clearly supported; no clear strict development overlap
02400-03-32-00700,Unknown,516 N BIRMINGHAM AV E,Tulsa,OK,Unknown,E9.9 OF LTS 3 & 4 & ALL LTS 5 & 6 BLK 1 SUB OF,4376.22,R IMP,5,"30 02400-03-32-00700 516 N BIRMINGHAM AV E 15,000 R IMP 4,376.22 332.25 | E9.9 OF LTS 3 & 4 & ALL LTS 5 & 6 BLK 1 SUB OF CITY OF TULSA | N193.6 OF BLK 1 CHEROKEE HGTS 2ND",High,parsed cleanly,High,True,False,Included because bid_cost 4376.22 is within range and residential_likelihood=High,No Clear Match,Low,,Unknown,Unknown,Unknown,Unknown,Unknown,Unknown,Unknown,"No specific street, corridor, neighborhood, or ZIP overlap found",Medium,No Clear Match,6.7,Strong Manual Review Candidate,Strong,Complete,Strong,Low,Unknown,Unknown,High,"Bid cost 4376.22, parcel_id 02400-03-32-00700, address quality Complete, property clarity Strong, strict development match No Clear Match, match quality Low, development signal Low, data confidence High.",ZIP unknown; development upside not clearly supported; no clear strict development overlap
12875-94-08-06230,Unknown,11804 E 14 ST S,Tulsa,OK,Unknown,W1/2 LT 2 BLK 9 LESS S25 FOR ST,4378.6,R IMP,29,"192 12875-94-08-06230 11804 E 14 ST S 28,454 R IMP 4,378.60 316.50 | W1/2 LT 2 BLK 9 LESS S25 FOR ST CITY OF TULSA | ELM HURST",High,parsed cleanly,High,True,False,Included because bid_cost 4378.60 is within range and residential_likelihood=High,No Clear Match,Low,,Unknown,Unknown,Unknown,Unknown,Unknown,Unknown,Unknown,"No specific street, corridor, neighborhood, or ZIP overlap found",Medium,No Clear Match,6.7,Strong Manual Review Candidate,Strong,Complete,Strong,Low,Unknown,Unknown,High,"Bid cost 4378.60, parcel_id 12875-94-08-06230, address quality Complete, property clarity Strong, strict development match No Clear Match, match quality Low, development signal Low, data confidence High.",ZIP unknown; development upside not clearly supported; no clear strict development overlap
79600-84-11-12350,Unknown,412 W GALVESTON ST S,Broken Arrow,OK,Unknown,LTS 18 & 19 BLK 12,4382.22,R IMP,175,"1198 79600-84-11-12350 412 W GALVESTON ST S 7,000 R IMP 4,382.22 316.50 | LTS 18 & 19 BLK 12 CITY OF BROKEN ARROW | HOMESTEAD ADDN",High,parsed cleanly,High,True,False,Included because bid_cost 4382.22 is within range and residential_likelihood=High,No Clear Match,Low,,Unknown,Unknown,Unknown,Unknown,Unknown,Unknown,Unknown,"No specific street, corridor, neighborhood, or ZIP overlap found",Medium,No Clear Match,6.7,Strong Manual Review Candidate,Strong,Complete,Strong,Low,Unknown,Unknown,High,"Bid cost 4382.22, parcel_id 79600-84-11-12350, address quality Complete, property clarity Strong, strict development match No Clear Match, match quality Low, development signal Low, data confidence High.",ZIP unknown; development upside not clearly supported; no clear strict development overlap
29675-03-07-10040,Unknown,4823 N XANTHUS AV E,Tulsa,OK,Unknown,LT 11 BLK 26,4393.48,R IMP,79,"534 29675-03-07-10040 4823 N XANTHUS AV E 7,252 R IMP 4,393.48 332.25 | LT 11 BLK 26 CITY OF TULSA | NORTHRIDGE SECOND ADDN AMD",High,parsed cleanly,High,True,False,Included because bid_cost 4393.48 is within range and residential_likelihood=High,No Clear Match,Low,,Unknown,Unknown,Unknown,Unknown,Unknown,Unknown,Unknown,"No specific street, corridor, neighborhood, or ZIP overlap found",Medium,No Clear Match,6.7,Strong Manual Review Candidate,Strong,Complete,Strong,Low,Unknown,Unknown,High,"Bid cost 4393.48, parcel_id 29675-03-07-10040, address quality Complete, property clarity Strong, strict development match No Clear Match, match quality Low, development signal Low, data confidence High.",ZIP unknown; development upside not clearly supported; no clear strict development overlap
25200-03-35-07780,Unknown,6780 E INDEPENDENCE,Unknown,OK,Unknown,LT 1 BLK 2 MAPLEWOOD 2ND ALSO LT 1 BLK 22 W ST N,4404.05,R HS IMP,58,"392 25200-03-35-07780 6780 E INDEPENDENCE 8,260 R HS IMP 4,404.05 332.25 | LT 1 BLK 2 MAPLEWOOD 2ND ALSO LT 1 BLK 22 W ST N | PART VAL CHARLES ALL ASSESSED IN MAPLEWOOD CITY OF TULSA",High,parsed cleanly,High,True,False,Included because bid_cost 4404.05 is within range and residential_likelihood=High,No Clear Match,Low,,Unknown,Unknown,Unknown,Unknown,Unknown,Unknown,Unknown,"No specific street, corridor, neighborhood, or ZIP overlap found",Medium,No Clear Match,6.7,Strong Manual Review Candidate,Strong,Complete,Strong,Low,Unknown,Unknown,High,"Bid cost 4404.05, parcel_id 25200-03-35-07780, address quality Complete, property clarity Strong, strict development match No Clear Match, match quality Low, development signal Low, data confidence High.",ZIP unknown; development upside not clearly supported; no clear strict development overlap
37800-93-02-09990,Unknown,7107 E 6 ST S,Tulsa,OK,Unknown,LT 14 BLK 9,4406.22,R IMP,97,"657 37800-93-02-09990 7107 E 6 ST S 6,700 R IMP 4,406.22 348.00 | LT 14 BLK 9 CITY OF TULSA | SHERIDAN HILLS",High,parsed cleanly,High,True,False,Included because bid_cost 4406.22 is within range and residential_likelihood=High,No Clear Match,Low,,Unknown,Unknown,Unknown,Unknown,Unknown,Unknown,Unknown,"No specific street, corridor, neighborhood, or ZIP overlap found",Medium,No Clear Match,6.7,Strong Manual Review Candidate,Strong,Complete,Strong,Low,Unknown,Unknown,High,"Bid cost 4406.22, parcel_id 37800-93-02-09990, address quality Complete, property clarity Strong, strict development match No Clear Match, match quality Low, development signal Low, data confidence High.",ZIP unknown; development upside not clearly supported; no clear strict development overlap
25225-03-35-09460,Unknown,7849 E KING PL N,Tulsa,OK,Unknown,LT 9 BLK 1,4414.22,R IMP,58,"393 25225-03-35-09460 7849 E KING PL N 7,366 R IMP 4,414.22 348.00 | LT 9 BLK 1 CITY OF TULSA | MAPLEWOOD THIRD ADDN",High,parsed cleanly,High,True,False,Included because bid_cost 4414.22 is within range and residential_likelihood=High,No Clear Match,Low,,Unknown,Unknown,Unknown,Unknown,Unknown,Unknown,Unknown,"No specific street, corridor, neighborhood, or ZIP overlap found",Medium,No Clear Match,6.7,Strong Manual Review Candidate,Strong,Complete,Strong,Low,Unknown,Unknown,High,"Bid cost 4414.22, parcel_id 25225-03-35-09460, address quality Complete, property clarity Strong, strict development match No Clear Match, match quality Low, development signal Low, data confidence High.",ZIP unknown; development upside not clearly supported; no clear strict development overlap
41650-03-35-13120,Unknown,6923 E MARSHALL PL N,Tulsa,OK,Unknown,LT 17 BLK 2,4414.22,R IMP,116,"785 41650-03-35-13120 6923 E MARSHALL PL N 7,560 R IMP 4,414.22 348.00 | LT 17 BLK 2 CITY OF TULSA | SUN VALLEY ADDN",High,parsed cleanly,High,True,False,Included because bid_cost 4414.22 is within range and residential_likelihood=High,No Clear Match,Low,,Unknown,Unknown,Unknown,Unknown,Unknown,Unknown,Unknown,"No specific street, corridor, neighborhood, or ZIP overlap found",Medium,No Clear Match,6.7,Strong Manual Review Candidate,Strong,Complete,Strong,Low,Unknown,Unknown,High,"Bid cost 4414.22, parcel_id 41650-03-35-13120, address quality Complete, property clarity Strong, strict development match No Clear Match, match quality Low, development signal Low, data confidence High.",ZIP unknown; development upside not clearly supported; no clear strict development overlap
42675-93-02-14170,Unknown,7447 E 1 ST S,Tulsa,OK,Unknown,LT 11 BLK 4,4426.92,R HS IMP,117,"792 42675-93-02-14170 7447 E 1 ST S 7,440 R HS IMP 4,426.92 348.00 | LT 11 BLK 4 CITY OF TULSA | TOMMY-LEE ADDN",High,parsed cleanly,High,True,False,Included because bid_cost 4426.92 is within range and residential_likelihood=High,No Clear Match,Low,,Unknown,Unknown,Unknown,Unknown,Unknown,Unknown,Unknown,"No specific street, corridor, neighborhood, or ZIP overlap found",Medium,No Clear Match,6.7,Strong Manual Review Candidate,Strong,Complete,Strong,Low,Unknown,Unknown,High,"Bid cost 4426.92, parcel_id 42675-93-02-14170, address quality Complete, property clarity Strong, strict development match No Clear Match, match quality Low, development signal Low, data confidence High.",ZIP unknown; development upside not clearly supported; no clear strict development overlap
97424-74-24-21620,Unknown,15104 S 193 AV E,Unknown,OK,Unknown,N266.87 GOV LT 1 SEC 24 17 14 8.07ACS TULSA COUNTY,4463.58,R HS IMP,194,"1314 97424-74-24-21620 15104 S 193 AV E 351,529 R HS IMP 4,463.58 363.75 | N266.87 GOV LT 1 SEC 24 17 14 8.07ACS TULSA COUNTY | UNPLATTED",High,parsed cleanly,High,True,False,Included because bid_cost 4463.58 is within range and residential_likelihood=High,No Clear Match,Invalid Weak Match,Weak match removed; previous match was based on generic location wording.,Unknown,Unknown,Unknown,Unknown,Unknown,Unknown,Unknown,Weak generic overlap only: TULSA,Medium,Strong Match,6.5,Strong Manual Review Candidate,Strong,Complete,Strong,Low,Unknown,Unknown,High,"Bid cost 4463.58, parcel_id 97424-74-24-21620, address quality Complete, property clarity Strong, strict development match No Clear Match, match quality Invalid Weak Match, development signal Low, data confidence High.",ZIP unknown; development upside not clearly supported; no clear strict development overlap; weak generic development match removed
11225-02-24-03490,Unknown,643 E MOHAWK BV N,Tulsa,OK,Unknown,LT 14 BLK 11,4481.55,R IMP,24,"160 11225-02-24-03490 643 E MOHAWK BV N 10,125 R IMP 4,481.55 348.00 | LT 14 BLK 11 CITY OF TULSA | DEVONSHIRE PLACE RESUB B9-13",High,parsed cleanly,High,True,False,Included because bid_cost 4481.55 is within range and residential_likelihood=High,No Clear Match,Low,,Unknown,Unknown,Unknown,Unknown,Unknown,Unknown,Unknown,"No specific street, corridor, neighborhood, or ZIP overlap found",Medium,No Clear Match,6.7,Strong Manual Review Candidate,Strong,Complete,Strong,Low,Unknown,Unknown,High,"Bid cost 4481.55, parcel_id 11225-02-24-03490, address quality Complete, property clarity Strong, strict development match No Clear Match, match quality Low, development signal Low, data confidence High.",ZIP unknown; development upside not clearly supported; no clear strict development overlap
34600-93-25-02050,Unknown,4732 S 85 AV E,Tulsa,OK,Unknown,LT 56 BK 2,4491.48,R HS IMP,89,"601 34600-93-25-02050 4732 S 85 AV E 7,740 R HS IMP 4,491.48 474.00 | LT 56 BK 2 CITY OF TULSA | REGENCY PARK WEST",High,parsed cleanly,High,True,False,Included because bid_cost 4491.48 is within range and residential_likelihood=High,No Clear Match,Low,,Unknown,Unknown,Unknown,Unknown,Unknown,Unknown,Unknown,"No specific street, corridor, neighborhood, or ZIP overlap found",Medium,No Clear Match,6.7,Strong Manual Review Candidate,Strong,Complete,Strong,Low,Unknown,Unknown,High,"Bid cost 4491.48, parcel_id 34600-93-25-02050, address quality Complete, property clarity Strong, strict development match No Clear Match, match quality Low, development signal Low, data confidence High.",ZIP unknown; development upside not clearly supported; no clear strict development overlap
37775-93-03-07050,Unknown,6126 E 3 ST S,Tulsa,OK,Unknown,LOT 5 BLK 2,4503.56,R IMP,97,"653 37775-93-03-07050 6126 E 3 ST S 9,112 R IMP 4,503.56 130.00 | LOT 5 BLK 2 CITY OF TULSA | SHERIDAN HGTS ADDN",High,parsed cleanly,High,True,False,Included because bid_cost 4503.56 is within range and residential_likelihood=High,No Clear Match,Low,,Unknown,Unknown,Unknown,Unknown,Unknown,Unknown,Unknown,"No specific street, corridor, neighborhood, or ZIP overlap found",Medium,No Clear Match,6.0,Strong Manual Review Candidate,Moderate,Complete,Strong,Low,Unknown,Unknown,High,"Bid cost 4503.56, parcel_id 37775-93-03-07050, address quality Complete, property clarity Strong, strict development match No Clear Match, match quality Low, development signal Low, data confidence High.",ZIP unknown; development upside not clearly supported; no clear strict development overlap
53450-02-01-01960,Unknown,5602 N PEORIA AV E,Unknown,OK,Unknown,TRACT 1 TULSA COUNTY,4526.74,C IMP,141,"958 53450-02-01-01960 5602 N PEORIA AV E 22,500 C IMP 4,526.74 332.25 | TRACT 1 TULSA COUNTY | KRUGER TRACTS",High,parsed cleanly,Medium,True,False,Included because bid_cost 4526.74 is within range and residential_likelihood=Medium,Strong Match,High,,Tulsa Market District,Tulsa Market District / NOMA residential hub,Multifamily / Mixed-use neighborhood hub,High,https://partnertulsa.org/community-partner-profile-how-noma-is-creating-community-along-the-mother-road/,Community Partner Profile: How NOMA is Creating Community Along the Mother Road - PartnerTulsa,"NOMA added a 256-unit residential hub in the Tulsa Market District along Route 66 and was described as part of a broader effort to revitalize vacant spaces, improve walkability, and support new commercial activity in the corridor.",Specific street/corridor overlap: PEORIA,High,Strong Match,8.0,Strong Manual Review Candidate,Moderate,Complete,Strong,High,Positive,Unknown,High,"Bid cost 4526.74, parcel_id 53450-02-01-01960, address quality Complete, property clarity Strong, strict development match Strong Match, match quality High, development signal High, data confidence High.",ZIP unknown
00575-93-06-00950,Unknown,401 S VICTOR AV E,Tulsa,OK,Unknown,LTS 25 & 26 LESS ST BLK-7,4526.88,R IMP,1,"2 00575-93-06-00950 401 S VICTOR AV E 5,600 R IMP 4,526.88 379.50 | LTS 25 & 26 LESS ST BLK-7 CITY OF TULSA | ABDO'S ADDN",High,parsed cleanly,High,True,False,Included because bid_cost 4526.88 is within range and residential_likelihood=High,No Clear Match,Low,,Unknown,Unknown,Unknown,Unknown,Unknown,Unknown,Unknown,"No specific street, corridor, neighborhood, or ZIP overlap found",Medium,No Clear Match,6.0,Strong Manual Review Candidate,Moderate,Complete,Strong,Low,Unknown,Unknown,High,"Bid cost 4526.88, parcel_id 00575-93-06-00950, address quality Complete, property clarity Strong, strict development match No Clear Match, match quality Low, development signal Low, data confidence High.",ZIP unknown; development upside not clearly supported; no clear strict development overlap
49800-03-34-14990,Unknown,1241 N ALLEGHENY AV E,Tulsa,OK,Unknown,LT 11 BLK 2,4540.87,R IMP,138,"936 49800-03-34-14990 1241 N ALLEGHENY AV E 7,830 R IMP 4,540.87 316.50 | LT 11 BLK 2 CITY OF TULSA | YALE TERRACE ADDN",High,parsed cleanly,High,True,False,Included because bid_cost 4540.87 is within range and residential_likelihood=High,No Clear Match,Low,,Unknown,Unknown,Unknown,Unknown,Unknown,Unknown,Unknown,"No specific street, corridor, neighborhood, or ZIP overlap found",Medium,No Clear Match,6.0,Strong Manual Review Candidate,Moderate,Complete,Strong,Low,Unknown,Unknown,High,"Bid cost 4540.87, parcel_id 49800-03-34-14990, address quality Complete, property clarity Strong, strict development match No Clear Match, match quality Low, development signal Low, data confidence High.",ZIP unknown; development upside not clearly supported; no clear strict development overlap
60513-73-08-70260,Unknown,13610 S 21 CT E,City Of Jenks,OK,Unknown,LOT 62 BLOCK 3,4548.16,R,159,"1082 60513-73-08-70260 13610 S 21 CT E 8,235 R 4,548.16 318.00 | LOT 62 BLOCK 3 CITY OF JENKS | TORREY LAKES",High,parsed cleanly,High,True,False,Included because bid_cost 4548.16 is within range and residential_likelihood=High,No Clear Match,Low,,Unknown,Unknown,Unknown,Unknown,Unknown,Unknown,Unknown,"No specific street, corridor, neighborhood, or ZIP overlap found",Medium,No Clear Match,6.0,Strong Manual Review Candidate,Moderate,Complete,Strong,Low,Unknown,Unknown,High,"Bid cost 4548.16, parcel_id 60513-73-08-70260, address quality Complete, property clarity Strong, strict development match No Clear Match, match quality Low, development signal Low, data confidence High.",ZIP unknown; development upside not clearly supported; no clear strict development overlap
07410-94-07-23780,Unknown,1525 S 112 AV E,Tulsa,OK,Unknown,LT 9 BLK 6,4554.87,R IMP,15,"98 07410-94-07-23780 1525 S 112 AV E 3,967 R IMP 4,554.87 348.00 | LT 9 BLK 6 CITY OF TULSA | CENTURY 21 EAST",High,parsed cleanly,High,True,False,Included because bid_cost 4554.87 is within range and residential_likelihood=High,No Clear Match,Low,,Unknown,Unknown,Unknown,Unknown,Unknown,Unknown,Unknown,"No specific street, corridor, neighborhood, or ZIP overlap found",Medium,No Clear Match,6.0,Strong Manual Review Candidate,Moderate,Complete,Strong,Low,Unknown,Unknown,High,"Bid cost 4554.87, parcel_id 07410-94-07-23780, address quality Complete, property clarity Strong, strict development match No Clear Match, match quality Low, development signal Low, data confidence High.",ZIP unknown; development upside not clearly supported; no clear strict development overlap
90212-02-12-25800,Unknown,1130 E 50 PL N,Tulsa,OK,Unknown,TR 25 W140 E1180 S305 N/2 N/2 SE SEC 12 20 12,4580.87,R IMP,181,"1240 90212-02-12-25800 1130 E 50 PL N 42,689 R IMP 4,580.87 332.25 | TR 25 W140 E1180 S305 N/2 N/2 SE SEC 12 20 12 CITY OF TULSA | .980AC",High,parsed cleanly,High,True,False,Included because bid_cost 4580.87 is within range and residential_likelihood=High,No Clear Match,Low,,Unknown,Unknown,Unknown,Unknown,Unknown,Unknown,Unknown,"No specific street, corridor, neighborhood, or ZIP overlap found",Medium,No Clear Match,6.0,Strong Manual Review Candidate,Moderate,Complete,Strong,Low,Unknown,Unknown,High,"Bid cost 4580.87, parcel_id 90212-02-12-25800, address quality Complete, property clarity Strong, strict development match No Clear Match, match quality Low, development signal Low, data confidence High.",ZIP unknown; development upside not clearly supported; no clear strict development overlap
22100-92-28-02330,Unknown,4109 S 41 AV W,Tulsa,OK,Unknown,LT-9-BLK-1,4589.54,R IMP,47,"316 22100-92-28-02330 4109 S 41 AV W 8,525 R IMP 4,589.54 316.50 | LT-9-BLK-1 CITY OF TULSA | LAUREL HGTS ADDN",High,parsed cleanly,High,True,False,Included because bid_cost 4589.54 is within range and residential_likelihood=High,No Clear Match,Low,,Unknown,Unknown,Unknown,Unknown,Unknown,Unknown,Unknown,"No specific street, corridor, neighborhood, or ZIP overlap found",Medium,No Clear Match,6.0,Strong Manual Review Candidate,Moderate,Complete,Strong,Low,Unknown,Unknown,High,"Bid cost 4589.54, parcel_id 22100-92-28-02330, address quality Complete, property clarity Strong, strict development match No Clear Match, match quality Low, development signal Low, data confidence High.",ZIP unknown; development upside not clearly supported; no clear strict development overlap
44325-03-36-03990,Unknown,9415 E NEWTON ST N,Tulsa,OK,Unknown,LOT 25 BLK 5,4649.22,R HS IMP,128,"871 44325-03-36-03990 9415 E NEWTON ST N 8,100 R HS IMP 4,649.22 411.00 | LOT 25 BLK 5 CITY OF TULSA | VAN ACRES ADDN AMD",High,parsed cleanly,High,True,False,Included because bid_cost 4649.22 is within range and residential_likelihood=High,No Clear Match,Low,,Unknown,Unknown,Unknown,Unknown,Unknown,Unknown,Unknown,"No specific street, corridor, neighborhood, or ZIP overlap found",Medium,No Clear Match,6.0,Strong Manual Review Candidate,Moderate,Complete,Strong,Low,Unknown,Unknown,High,"Bid cost 4649.22, parcel_id 44325-03-36-03990, address quality Complete, property clarity Strong, strict development match No Clear Match, match quality Low, development signal Low, data confidence High.",ZIP unknown; development upside not clearly supported; no clear strict development overlap
25150-03-34-10030,Unknown,1059 N IRVINGTON AV E,Tulsa,OK,Unknown,LT 8 BLK 22,4655.65,R HS IMP,58,"391 25150-03-34-10030 1059 N IRVINGTON AV E 7,080 R HS IMP 4,655.65 316.50 | LT 8 BLK 22 CITY OF TULSA | MAPLEWOOD EXTENDED ADDN",High,parsed cleanly,High,True,False,Included because bid_cost 4655.65 is within range and residential_likelihood=High,No Clear Match,Low,,Unknown,Unknown,Unknown,Unknown,Unknown,Unknown,Unknown,"No specific street, corridor, neighborhood, or ZIP overlap found",Medium,No Clear Match,6.0,Strong Manual Review Candidate,Moderate,Complete,Strong,Low,Unknown,Unknown,High,"Bid cost 4655.65, parcel_id 25150-03-34-10030, address quality Complete, property clarity Strong, strict development match No Clear Match, match quality Low, development signal Low, data confidence High.",ZIP unknown; development upside not clearly supported; no clear strict development overlap
09000-92-27-06570,Unknown,2111 W 41 PL S,Tulsa,OK,Unknown,LT 10 BLK 1,4666.86,R IMP,19,"128 09000-92-27-06570 2111 W 41 PL S 7,000 R IMP 4,666.86 348.00 | LT 10 BLK 1 CITY OF TULSA | CLINTON HOME ADDN",High,parsed cleanly,High,True,False,Included because bid_cost 4666.86 is within range and residential_likelihood=High,No Clear Match,Low,,Unknown,Unknown,Unknown,Unknown,Unknown,Unknown,Unknown,"No specific street, corridor, neighborhood, or ZIP overlap found",Medium,No Clear Match,6.0,Strong Manual Review Candidate,Moderate,Complete,Strong,Low,Unknown,Unknown,High,"Bid cost 4666.86, parcel_id 09000-92-27-06570, address quality Complete, property clarity Strong, strict development match No Clear Match, match quality Low, development signal Low, data confidence High.",ZIP unknown; development upside not clearly supported; no clear strict development overlap
46825-03-33-18040,Unknown,1312 N SANDUSKY AV E,Tulsa,OK,Unknown,LT 10 BLK 1,4668.86,R IMP,134,"915 46825-03-33-18040 1312 N SANDUSKY AV E 7,000 R IMP 4,668.86 348.00 | LT 10 BLK 1 CITY OF TULSA | WESTROPE THIRD",High,parsed cleanly,High,True,False,Included because bid_cost 4668.86 is within range and residential_likelihood=High,No Clear Match,Low,,Unknown,Unknown,Unknown,Unknown,Unknown,Unknown,Unknown,"No specific street, corridor, neighborhood, or ZIP overlap found",Medium,No Clear Match,6.0,Strong Manual Review Candidate,Moderate,Complete,Strong,Low,Unknown,Unknown,High,"Bid cost 4668.86, parcel_id 46825-03-33-18040, address quality Complete, property clarity Strong, strict development match No Clear Match, match quality Low, development signal Low, data confidence High.",ZIP unknown; development upside not clearly supported; no clear strict development overlap
43800-93-04-19370,Unknown,420 S QUEBEC AV E,Tulsa,OK,Unknown,LT 5 BLK 2,4670.86,R IMP,120,"815 43800-93-04-19370 420 S QUEBEC AV E 6,600 R IMP 4,670.86 348.00 | LT 5 BLK 2 CITY OF TULSA | UNIVERSITY PLACE",High,parsed cleanly,High,True,False,Included because bid_cost 4670.86 is within range and residential_likelihood=High,No Clear Match,Low,,Unknown,Unknown,Unknown,Unknown,Unknown,Unknown,Unknown,"No specific street, corridor, neighborhood, or ZIP overlap found",Medium,No Clear Match,6.0,Strong Manual Review Candidate,Moderate,Complete,Strong,Low,Unknown,Unknown,High,"Bid cost 4670.86, parcel_id 43800-93-04-19370, address quality Complete, property clarity Strong, strict development match No Clear Match, match quality Low, development signal Low, data confidence High.",ZIP unknown; development upside not clearly supported; no clear strict development overlap
36150-93-04-13930,Unknown,220 S URBANA AV E,Tulsa,OK,Unknown,LT 153 BK 2,4698.86,R IMP,92,"624 36150-93-04-13930 220 S URBANA AV E 7,150 R IMP 4,698.86 316.50 | LT 153 BK 2 CITY OF TULSA | RODGERS HGTS SUB",High,parsed cleanly,High,True,False,Included because bid_cost 4698.86 is within range and residential_likelihood=High,No Clear Match,Low,,Unknown,Unknown,Unknown,Unknown,Unknown,Unknown,Unknown,"No specific street, corridor, neighborhood, or ZIP overlap found",Medium,No Clear Match,6.0,Strong Manual Review Candidate,Moderate,Complete,Strong,Low,Unknown,Unknown,High,"Bid cost 4698.86, parcel_id 36150-93-04-13930, address quality Complete, property clarity Strong, strict development match No Clear Match, match quality Low, development signal Low, data confidence High.",ZIP unknown; development upside not clearly supported; no clear strict development overlap
78810-84-11-09060,Unknown,416 E COLLEGE ST N,Broken Arrow,OK,Unknown,ALL LT 10 & W35 LT 11 BLK 15,4710.03,R HS IMP,175,"1193 78810-84-11-09060 416 E COLLEGE ST N 11,900 R HS IMP 4,710.03 316.50 | ALL LT 10 & W35 LT 11 BLK 15 CITY OF BROKEN ARROW | COLLEGE ADDN",High,parsed cleanly,High,True,False,Included because bid_cost 4710.03 is within range and residential_likelihood=High,No Clear Match,Low,,Unknown,Unknown,Unknown,Unknown,Unknown,Unknown,Unknown,"No specific street, corridor, neighborhood, or ZIP overlap found",Medium,No Clear Match,6.0,Strong Manual Review Candidate,Moderate,Complete,Strong,Low,Unknown,Unknown,High,"Bid cost 4710.03, parcel_id 78810-84-11-09060, address quality Complete, property clarity Strong, strict development match No Clear Match, match quality Low, development signal Low, data confidence High.",ZIP unknown; development upside not clearly supported; no clear strict development overlap
25050-03-34-03580,Unknown,1455 N KINGSTON PL E,Tulsa,OK,Unknown,LT 1 BLK 1,4724.19,R IMP,57,"389 25050-03-34-03580 1455 N KINGSTON PL E 10,800 R IMP 4,724.19 316.50 | LT 1 BLK 1 CITY OF TULSA | MAPLEWOOD ADDN",High,parsed cleanly,High,True,False,Included because bid_cost 4724.19 is within range and residential_likelihood=High,No Clear Match,Low,,Unknown,Unknown,Unknown,Unknown,Unknown,Unknown,Unknown,"No specific street, corridor, neighborhood, or ZIP overlap found",Medium,No Clear Match,6.0,Strong Manual Review Candidate,Moderate,Complete,Strong,Low,Unknown,Unknown,High,"Bid cost 4724.19, parcel_id 25050-03-34-03580, address quality Complete, property clarity Strong, strict development match No Clear Match, match quality Low, development signal Low, data confidence High.",ZIP unknown; development upside not clearly supported; no clear strict development overlap
27775-03-36-02215,Unknown,501 N 89 AV E,Tulsa,OK,Unknown,LT 4 BLK 7,4728.19,R IMP,66,"449 27775-03-36-02215 501 N 89 AV E 39,150 R IMP 4,728.19 363.75 | LT 4 BLK 7 CITY OF TULSA | MINGO VALLEY SUB NO 1",High,parsed cleanly,High,True,False,Included because bid_cost 4728.19 is within range and residential_likelihood=High,No Clear Match,Low,,Unknown,Unknown,Unknown,Unknown,Unknown,Unknown,Unknown,"No specific street, corridor, neighborhood, or ZIP overlap found",Medium,No Clear Match,6.0,Strong Manual Review Candidate,Moderate,Complete,Strong,Low,Unknown,Unknown,High,"Bid cost 4728.19, parcel_id 27775-03-36-02215, address quality Complete, property clarity Strong, strict development match No Clear Match, match quality Low, development signal Low, data confidence High.",ZIP unknown; development upside not clearly supported; no clear strict development overlap
63725-12-13-01130,Unknown,215 N ELGIN AV E,City Of Sperry,OK,Unknown,LT 18 BLK 3,4742.42,R HS IMP,167,"1138 63725-12-13-01130 215 N ELGIN AV E 7,800 R HS IMP 4,742.42 348.00 | LT 18 BLK 3 CITY OF SPERRY | LOLLAR ADDN",High,parsed cleanly,High,True,False,Included because bid_cost 4742.42 is within range and residential_likelihood=High,No Clear Match,Low,,Unknown,Unknown,Unknown,Unknown,Unknown,Unknown,Unknown,"No specific street, corridor, neighborhood, or ZIP overlap found",Medium,No Clear Match,6.0,Strong Manual Review Candidate,Moderate,Complete,Strong,Low,Unknown,Unknown,High,"Bid cost 4742.42, parcel_id 63725-12-13-01130, address quality Complete, property clarity Strong, strict development match No Clear Match, match quality Low, development signal Low, data confidence High.",ZIP unknown; development upside not clearly supported; no clear strict development overlap
54675-92-05-05450,Unknown,32 S 62 AV W,Unknown,OK,Unknown,N1 FOOT LT A REPLAT & RESUBDIVISION OF LTS 36 TULSA COUNTY,4753.15,R IMP,148,"1008 54675-92-05-05450 32 S 62 AV W 33,975 R IMP 4,753.15 348.00 | N1 FOOT LT A REPLAT & RESUBDIVISION OF LTS 36 TULSA COUNTY | THRU 38 BLUE RIDGE SUBDIVISION & LTS 39 & 40",High,parsed cleanly,High,True,False,Included because bid_cost 4753.15 is within range and residential_likelihood=High,No Clear Match,Invalid Weak Match,Weak match removed; previous match was based on generic location wording.,Unknown,Unknown,Unknown,Unknown,Unknown,Unknown,Unknown,Weak generic overlap only: TULSA,Medium,Strong Match,5.8,Strong Manual Review Candidate,Moderate,Complete,Strong,Low,Unknown,Unknown,High,"Bid cost 4753.15, parcel_id 54675-92-05-05450, address quality Complete, property clarity Strong, strict development match No Clear Match, match quality Invalid Weak Match, development signal Low, data confidence High.",ZIP unknown; development upside not clearly supported; no clear strict development overlap; weak generic development match removed
18550-93-05-13060,Unknown,2505 E 8 ST S,Tulsa,OK,Unknown,E 50' OF S 95' LT 12 BLK 7,4766.19,R IMP,39,"265 18550-93-05-13060 2505 E 8 ST S 4,750 R IMP 4,766.19 363.75 | E 50' OF S 95' LT 12 BLK 7 CITY OF TULSA | HIGHLANDS ADDN",High,parsed cleanly,High,True,False,Included because bid_cost 4766.19 is within range and residential_likelihood=High,No Clear Match,Low,,Unknown,Unknown,Unknown,Unknown,Unknown,Unknown,Unknown,"No specific street, corridor, neighborhood, or ZIP overlap found",Medium,No Clear Match,6.0,Strong Manual Review Candidate,Moderate,Complete,Strong,Low,Unknown,Unknown,High,"Bid cost 4766.19, parcel_id 18550-93-05-13060, address quality Complete, property clarity Strong, strict development match No Clear Match, match quality Low, development signal Low, data confidence High.",ZIP unknown; development upside not clearly supported; no clear strict development overlap
29775-02-26-05800,Unknown,1923 N MAIN ST E,Tulsa,OK,Unknown,ALL LT 8 N.12.5 LT 9 BLK 16,4778.85,R IMP,80,"542 29775-02-26-05800 1923 N MAIN ST E 8,820 R IMP 4,778.85 332.25 | ALL LT 8 N.12.5 LT 9 BLK 16 CITY OF TULSA | OAK CLIFF ADDN",High,parsed cleanly,High,True,False,Included because bid_cost 4778.85 is within range and residential_likelihood=High,No Clear Match,Low,,Unknown,Unknown,Unknown,Unknown,Unknown,Unknown,Unknown,"No specific street, corridor, neighborhood, or ZIP overlap found",Medium,No Clear Match,6.0,Strong Manual Review Candidate,Moderate,Complete,Strong,Low,Unknown,Unknown,High,"Bid cost 4778.85, parcel_id 29775-02-26-05800, address quality Complete, property clarity Strong, strict development match No Clear Match, match quality Low, development signal Low, data confidence High.",ZIP unknown; development upside not clearly supported; no clear strict development overlap
05075-93-24-08770,Unknown,3612 S 94 AV E,Tulsa,OK,Unknown,LT 24 BLK 13,4785.98,R IMP,11,"70 05075-93-24-08770 3612 S 94 AV E 29,999 R IMP 4,785.98 348.00 | LT 24 BLK 13 CITY OF TULSA | BRIARWOOD SECOND ADDN",High,parsed cleanly,High,True,False,Included because bid_cost 4785.98 is within range and residential_likelihood=High,No Clear Match,Low,,Unknown,Unknown,Unknown,Unknown,Unknown,Unknown,Unknown,"No specific street, corridor, neighborhood, or ZIP overlap found",Medium,No Clear Match,6.0,Strong Manual Review Candidate,Moderate,Complete,Strong,Low,Unknown,Unknown,High,"Bid cost 4785.98, parcel_id 05075-93-24-08770, address quality Complete, property clarity Strong, strict development match No Clear Match, match quality Low, development signal Low, data confidence High.",ZIP unknown; development upside not clearly supported; no clear strict development overlap
13775-02-12-01430,Unknown,4615 N HARTFORD AV E,Tulsa,OK,Unknown,LT 23 BLK 4,4839.51,R IMP,30,"200 13775-02-12-01430 4615 N HARTFORD AV E 11,400 R IMP 4,839.51 348.00 | LT 23 BLK 4 CITY OF TULSA | FAIRHILL ADDN",High,parsed cleanly,High,True,False,Included because bid_cost 4839.51 is within range and residential_likelihood=High,No Clear Match,Low,,Unknown,Unknown,Unknown,Unknown,Unknown,Unknown,Unknown,"No specific street, corridor, neighborhood, or ZIP overlap found",Medium,No Clear Match,6.0,Strong Manual Review Candidate,Moderate,Complete,Strong,Low,Unknown,Unknown,High,"Bid cost 4839.51, parcel_id 13775-02-12-01430, address quality Complete, property clarity Strong, strict development match No Clear Match, match quality Low, development signal Low, data confidence High.",ZIP unknown; development upside not clearly supported; no clear strict development overlap
57370-72-13-63370,Unknown,1018 E 144 PL S,City Of Glenpool,OK,Unknown,LT 1 BLK 3,4845.4,R IMP,154,"1054 57370-72-13-63370 1018 E 144 PL S 8,100 R IMP 4,845.40 332.25 | LT 1 BLK 3 CITY OF GLENPOOL | KENDALWOOD ESTATES ADDN I",High,parsed cleanly,High,True,False,Included because bid_cost 4845.40 is within range and residential_likelihood=High,No Clear Match,Low,,Unknown,Unknown,Unknown,Unknown,Unknown,Unknown,Unknown,"No specific street, corridor, neighborhood, or ZIP overlap found",Medium,No Clear Match,6.0,Strong Manual Review Candidate,Moderate,Complete,Strong,Low,Unknown,Unknown,High,"Bid cost 4845.40, parcel_id 57370-72-13-63370, address quality Complete, property clarity Strong, strict development match No Clear Match, match quality Low, development signal Low, data confidence High.",ZIP unknown; development upside not clearly supported; no clear strict development overlap
91407-14-07-52320,Unknown,E 106 ST N,City Of Owasso Mh Not Included,OK,Unknown,W/2 W/2 SE SE LESS S16.5 FOR RD SEC 7 21 14,4849.58,A IMP,190,"1288 91407-14-07-52320 E 106 ST N 430,373 A IMP 4,849.58 300.75 | W/2 W/2 SE SE LESS S16.5 FOR RD SEC 7 21 14 CITY OF OWASSO MH NOT INCLUDED | 9.875ACS",Medium,partial or unknown address,Low,True,False,Included because bid_cost 4849.58 is within range and residential_likelihood=Low,No Clear Match,Low,,Unknown,Unknown,Unknown,Unknown,Unknown,Unknown,Unknown,"No specific street, corridor, neighborhood, or ZIP overlap found",Medium,No Clear Match,4.7,Strong Manual Review Candidate,Moderate,Partial,Moderate,Low,Unknown,Unknown,Medium,"Bid cost 4849.58, parcel_id 91407-14-07-52320, address quality Partial, property clarity Moderate, strict development match No Clear Match, match quality Low, development signal Low, data confidence Medium.",ZIP unknown; development upside not clearly supported; no clear strict development overlap; address not fully verified
19275-03-34-02480,Unknown,1407 N BRADEN AV E,Tulsa,OK,Unknown,LOT 13 BLK 1,4850.84,R IMP,40,"273 19275-03-34-02480 1407 N BRADEN AV E 7,290 R IMP 4,850.84 363.75 | LOT 13 BLK 1 CITY OF TULSA | HOMESTEAD ADDN",High,parsed cleanly,High,True,False,Included because bid_cost 4850.84 is within range and residential_likelihood=High,No Clear Match,Low,,Unknown,Unknown,Unknown,Unknown,Unknown,Unknown,Unknown,"No specific street, corridor, neighborhood, or ZIP overlap found",Medium,No Clear Match,6.0,Strong Manual Review Candidate,Moderate,Complete,Strong,Low,Unknown,Unknown,High,"Bid cost 4850.84, parcel_id 19275-03-34-02480, address quality Complete, property clarity Strong, strict development match No Clear Match, match quality Low, development signal Low, data confidence High.",ZIP unknown; development upside not clearly supported; no clear strict development overlap
17950-92-04-05170,Unknown,4413 W 3 ST S,Tulsa,OK,Unknown,LT 5 BLK 5,4853.82,R IMP,39,"260 17950-92-04-05170 4413 W 3 ST S 7,973 R IMP 4,853.82 316.50 | LT 5 BLK 5 CITY OF TULSA | HAYDEN-LEWIS SECOND ADDN",High,parsed cleanly,High,True,False,Included because bid_cost 4853.82 is within range and residential_likelihood=High,No Clear Match,Low,,Unknown,Unknown,Unknown,Unknown,Unknown,Unknown,Unknown,"No specific street, corridor, neighborhood, or ZIP overlap found",Medium,No Clear Match,6.0,Strong Manual Review Candidate,Moderate,Complete,Strong,Low,Unknown,Unknown,High,"Bid cost 4853.82, parcel_id 17950-92-04-05170, address quality Complete, property clarity Strong, strict development match No Clear Match, match quality Low, development signal Low, data confidence High.",ZIP unknown; development upside not clearly supported; no clear strict development overlap
62075-91-11-09360,Unknown,800 N MCKINLEY AV E,Sand Springs,OK,Unknown,S/2 LT 6 & ALL LT 7 BLK 17,4857.51,R IMP,162,"1108 62075-91-11-09360 800 N MCKINLEY AV E 11,250 R IMP 4,857.51 332.25 | S/2 LT 6 & ALL LT 7 BLK 17 CITY OF SAND SPRINGS | OAK RIDGE ADDN - SAND SPRINGS",High,parsed cleanly,High,True,False,Included because bid_cost 4857.51 is within range and residential_likelihood=High,No Clear Match,Low,,Unknown,Unknown,Unknown,Unknown,Unknown,Unknown,Unknown,"No specific street, corridor, neighborhood, or ZIP overlap found",Medium,No Clear Match,6.0,Strong Manual Review Candidate,Moderate,Complete,Strong,Low,Unknown,Unknown,High,"Bid cost 4857.51, parcel_id 62075-91-11-09360, address quality Complete, property clarity Strong, strict development match No Clear Match, match quality Low, development signal Low, data confidence High.",ZIP unknown; development upside not clearly supported; no clear strict development overlap
17925-92-04-04250,Unknown,316 S 48 AV W,Tulsa,OK,Unknown,LT 2 BLK 8,4902.17,R IMP,38,"258 17925-92-04-04250 316 S 48 AV W 9,660 R IMP 4,902.17 332.25 | LT 2 BLK 8 CITY OF TULSA | HAYDEN-LEWIS ADDN",High,parsed cleanly,High,True,False,Included because bid_cost 4902.17 is within range and residential_likelihood=High,No Clear Match,Low,,Unknown,Unknown,Unknown,Unknown,Unknown,Unknown,Unknown,"No specific street, corridor, neighborhood, or ZIP overlap found",Medium,No Clear Match,6.0,Strong Manual Review Candidate,Moderate,Complete,Strong,Low,Unknown,Unknown,High,"Bid cost 4902.17, parcel_id 17925-92-04-04250, address quality Complete, property clarity Strong, strict development match No Clear Match, match quality Low, development signal Low, data confidence High.",ZIP unknown; development upside not clearly supported; no clear strict development overlap
06625-92-27-02490,Unknown,4648 S 31 AV W,Tulsa,OK,Unknown,LTS 14 15 BLK 8,4950.17,R IMP,13,"89 06625-92-27-02490 4648 S 31 AV W 6,750 R IMP 4,950.17 332.25 | LTS 14 15 BLK 8 CITY OF TULSA | CARBONDALE",High,parsed cleanly,High,True,False,Included because bid_cost 4950.17 is within range and residential_likelihood=High,No Clear Match,Low,,Unknown,Unknown,Unknown,Unknown,Unknown,Unknown,Unknown,"No specific street, corridor, neighborhood, or ZIP overlap found",Medium,No Clear Match,6.0,Strong Manual Review Candidate,Moderate,Complete,Strong,Low,Unknown,Unknown,High,"Bid cost 4950.17, parcel_id 06625-92-27-02490, address quality Complete, property clarity Strong, strict development match No Clear Match, match quality Low, development signal Low, data confidence High.",ZIP unknown; development upside not clearly supported; no clear strict development overlap
45450-94-06-10580,Unknown,436 S 109 AV E,Tulsa,OK,Unknown,LT 3 BK 19,4952.17,R IMP,132,"900 45450-94-06-10580 436 S 109 AV E 8,050 R IMP 4,952.17 332.25 | LT 3 BK 19 CITY OF TULSA | WAGON WHEEL ADDN B19-25",High,parsed cleanly,High,True,False,Included because bid_cost 4952.17 is within range and residential_likelihood=High,No Clear Match,Low,,Unknown,Unknown,Unknown,Unknown,Unknown,Unknown,Unknown,"No specific street, corridor, neighborhood, or ZIP overlap found",Medium,No Clear Match,6.0,Strong Manual Review Candidate,Moderate,Complete,Strong,Low,Unknown,Unknown,High,"Bid cost 4952.17, parcel_id 45450-94-06-10580, address quality Complete, property clarity Strong, strict development match No Clear Match, match quality Low, development signal Low, data confidence High.",ZIP unknown; development upside not clearly supported; no clear strict development overlap
17025-02-36-12170,Unknown,1173 N FRANKFORT AV E,Tulsa,OK,Unknown,W 6 1/2 LT 11 ALL LT 12 BLK 11,4974.16,R IMP,37,"247 17025-02-36-12170 1173 N FRANKFORT AV E 7,410 R IMP 4,974.16 316.50 | W 6 1/2 LT 11 ALL LT 12 BLK 11 CITY OF TULSA | GREENWOOD ADDN",High,parsed cleanly,High,True,False,Included because bid_cost 4974.16 is within range and residential_likelihood=High,No Clear Match,Low,,Unknown,Unknown,Unknown,Unknown,Unknown,Unknown,Unknown,"No specific street, corridor, neighborhood, or ZIP overlap found",Medium,No Clear Match,6.0,Strong Manual Review Candidate,Moderate,Complete,Strong,Low,Unknown,Unknown,High,"Bid cost 4974.16, parcel_id 17025-02-36-12170, address quality Complete, property clarity Strong, strict development match No Clear Match, match quality Low, development signal Low, data confidence High.",ZIP unknown; development upside not clearly supported; no clear strict development overlap
40850-02-12-07500,Unknown,534 E 48 PL N,Tulsa,OK,Unknown,LT 9 BLK 6,4985.56,R IMP,109,"739 40850-02-12-07500 534 E 48 PL N 7,620 R IMP 4,985.56 379.50 | LT 9 BLK 6 CITY OF TULSA | SUBURBAN ACRES THIRD ADDN",High,parsed cleanly,High,True,False,Included because bid_cost 4985.56 is within range and residential_likelihood=High,No Clear Match,Low,,Unknown,Unknown,Unknown,Unknown,Unknown,Unknown,Unknown,"No specific street, corridor, neighborhood, or ZIP overlap found",Medium,No Clear Match,6.0,Strong Manual Review Candidate,Moderate,Complete,Strong,Low,Unknown,Unknown,High,"Bid cost 4985.56, parcel_id 40850-02-12-07500, address quality Complete, property clarity Strong, strict development match No Clear Match, match quality Low, development signal Low, data confidence High.",ZIP unknown; development upside not clearly supported; no clear strict development overlap
56600-92-20-00740,Unknown,3310 S 61 AV W,Unknown,OK,Unknown,LT 19 & LT 20 BLK 3 TULSA COUNTY,4992.83,R IMP,153,"1043 56600-92-20-00740 3310 S 61 AV W 76,289 R IMP 4,992.83 300.75 | LT 19 & LT 20 BLK 3 TULSA COUNTY | BERRY HILL ACRES",High,parsed cleanly,High,True,False,Included because bid_cost 4992.83 is within range and residential_likelihood=High,No Clear Match,Invalid Weak Match,Weak match removed; previous match was based on generic location wording.,Unknown,Unknown,Unknown,Unknown,Unknown,Unknown,Unknown,Weak generic overlap only: TULSA,Medium,Strong Match,5.8,Strong Manual Review Candidate,Moderate,Complete,Strong,Low,Unknown,Unknown,High,"Bid cost 4992.83, parcel_id 56600-92-20-00740, address quality Complete, property clarity Strong, strict development match No Clear Match, match quality Invalid Weak Match, development signal Low, data confidence High.",ZIP unknown; development upside not clearly supported; no clear strict development overlap; weak generic development match removed
04350-02-25-02620,Unknown,1537 N NORFOLK AV E,Tulsa,OK,Unknown,S 90 LTS 11 & 12 BLK 4,4993.5,B IMP,9,"60 04350-02-25-02620 1537 N NORFOLK AV E 9,000 B IMP 4,993.50 332.25 | S 90 LTS 11 & 12 BLK 4 CITY OF TULSA | BOOKER WASHINGTON ADDN",High,parsed cleanly,Medium,True,False,Included because bid_cost 4993.50 is within range and residential_likelihood=Medium,No Clear Match,Low,,Unknown,Unknown,Unknown,Unknown,Unknown,Unknown,Unknown,"No specific street, corridor, neighborhood, or ZIP overlap found",Medium,No Clear Match,6.0,Strong Manual Review Candidate,Moderate,Complete,Strong,Low,Unknown,Unknown,High,"Bid cost 4993.50, parcel_id 04350-02-25-02620, address quality Complete, property clarity Strong, strict development match No Clear Match, match quality Low, development signal Low, data confidence High.",ZIP unknown; development upside not clearly supported; no clear strict development overlap
06100-02-26-00080,Unknown,1806 N BOSTON AV E,Tulsa,OK,Unknown,S20 LT 8 & ALL LTS 9 & 10 BLK 1,5016.55,R HS IMP,13,"85 06100-02-26-00080 1806 N BOSTON AV E 18,620 R HS IMP 5,016.55 363.75 | S20 LT 8 & ALL LTS 9 & 10 BLK 1 CITY OF TULSA | BURROUGHS VIEW ADDN",High,parsed cleanly,High,True,False,Included because bid_cost 5016.55 is within range and residential_likelihood=High,No Clear Match,Low,,Unknown,Unknown,Unknown,Unknown,Unknown,Unknown,Unknown,"No specific street, corridor, neighborhood, or ZIP overlap found",Medium,No Clear Match,6.0,Strong Manual Review Candidate,Moderate,Complete,Strong,Low,Unknown,Unknown,High,"Bid cost 5016.55, parcel_id 06100-02-26-00080, address quality Complete, property clarity Strong, strict development match No Clear Match, match quality Low, development signal Low, data confidence High.",ZIP unknown; development upside not clearly supported; no clear strict development overlap
91316-13-16-06510,Unknown,10500 N YALE AV E,Unknown,OK,Unknown,S134 N572 E647 E/2 NE LESS BEG 572S & 273W NEC TULSA COUNTY MH NOT INCLUDED,5056.93,R,189,"1281 91316-13-16-06510 10500 N YALE AV E 86,628 R 5,056.93 286.50 | S134 N572 E647 E/2 NE LESS BEG 572S & 273W NEC TULSA COUNTY MH NOT INCLUDED | NE TH N1 W70 S1 E70 POB SEC 16 21 13 1.989ACS",High,parsed cleanly,High,True,False,Included because bid_cost 5056.93 is within range and residential_likelihood=High,No Clear Match,Invalid Weak Match,Weak match removed; previous match was based on generic location wording.,Unknown,Unknown,Unknown,Unknown,Unknown,Unknown,Unknown,Weak generic overlap only: TULSA,Medium,Strong Match,5.8,Strong Manual Review Candidate,Moderate,Complete,Strong,Low,Unknown,Unknown,High,"Bid cost 5056.93, parcel_id 91316-13-16-06510, address quality Complete, property clarity Strong, strict development match No Clear Match, match quality Invalid Weak Match, development signal Low, data confidence High.",ZIP unknown; development upside not clearly supported; no clear strict development overlap; weak generic development match removed
08375-03-29-02800,Unknown,2141 N DELAWARE AV E,Tulsa,OK,Unknown,S50 N106 W1/2 OF LT 1 BLK 10,5074.15,R HS IMP,18,"121 08375-03-29-02800 2141 N DELAWARE AV E 7,400 R HS IMP 5,074.15 426.75 | S50 N106 W1/2 OF LT 1 BLK 10 CITY OF TULSA | CITY VIEW ADDN",High,parsed cleanly,High,True,False,Included because bid_cost 5074.15 is within range and residential_likelihood=High,No Clear Match,Low,,Unknown,Unknown,Unknown,Unknown,Unknown,Unknown,Unknown,"No specific street, corridor, neighborhood, or ZIP overlap found",Medium,No Clear Match,6.0,Strong Manual Review Candidate,Moderate,Complete,Strong,Low,Unknown,Unknown,High,"Bid cost 5074.15, parcel_id 08375-03-29-02800, address quality Complete, property clarity Strong, strict development match No Clear Match, match quality Low, development signal Low, data confidence High.",ZIP unknown; development upside not clearly supported; no clear strict development overlap
41100-92-34-03610,Unknown,5902 S 31 AV W,Tulsa,OK,Unknown,N 50' LT 23 & S 50' LT 24 BLK 2,5074.82,R IMP,115,"777 41100-92-34-03610 5902 S 31 AV W 15,000 R IMP 5,074.82 348.00 | N 50' LT 23 & S 50' LT 24 BLK 2 CITY OF TULSA | SUMMIT PARKS",High,parsed cleanly,High,True,False,Included because bid_cost 5074.82 is within range and residential_likelihood=High,No Clear Match,Low,,Unknown,Unknown,Unknown,Unknown,Unknown,Unknown,Unknown,"No specific street, corridor, neighborhood, or ZIP overlap found",Medium,No Clear Match,6.0,Strong Manual Review Candidate,Moderate,Complete,Strong,Low,Unknown,Unknown,High,"Bid cost 5074.82, parcel_id 41100-92-34-03610, address quality Complete, property clarity Strong, strict development match No Clear Match, match quality Low, development signal Low, data confidence High.",ZIP unknown; development upside not clearly supported; no clear strict development overlap
22200-03-36-00370,Unknown,8934 E MARSHALL PL N,Tulsa,OK,Unknown,LT 7 BLK 3,5094.88,R HS IMP,47,"319 22200-03-36-00370 8934 E MARSHALL PL N 7,320 R HS IMP 5,094.88 316.50 | LT 7 BLK 3 CITY OF TULSA | LAYMAN ACRES",High,parsed cleanly,High,True,False,Included because bid_cost 5094.88 is within range and residential_likelihood=High,No Clear Match,Low,,Unknown,Unknown,Unknown,Unknown,Unknown,Unknown,Unknown,"No specific street, corridor, neighborhood, or ZIP overlap found",Medium,No Clear Match,6.0,Strong Manual Review Candidate,Moderate,Complete,Strong,Low,Unknown,Unknown,High,"Bid cost 5094.88, parcel_id 22200-03-36-00370, address quality Complete, property clarity Strong, strict development match No Clear Match, match quality Low, development signal Low, data confidence High.",ZIP unknown; development upside not clearly supported; no clear strict development overlap
43775-93-05-22530,Unknown,208 S HARVARD AV E,Tulsa,OK,Unknown,LT 5 BLK 11,5098.15,R IMP,120,"814 43775-93-05-22530 208 S HARVARD AV E 5,889 R IMP 5,098.15 363.75 | LT 5 BLK 11 CITY OF TULSA | UNIVERSITY PARK",High,parsed cleanly,High,True,False,Included because bid_cost 5098.15 is within range and residential_likelihood=High,Strong Match,High,,Tulsa Market District,Tulsa Market District / NOMA residential hub,Multifamily / Mixed-use neighborhood hub,High,https://partnertulsa.org/community-partner-profile-how-noma-is-creating-community-along-the-mother-road/,Community Partner Profile: How NOMA is Creating Community Along the Mother Road - PartnerTulsa,"NOMA added a 256-unit residential hub in the Tulsa Market District along Route 66 and was described as part of a broader effort to revitalize vacant spaces, improve walkability, and support new commercial activity in the corridor.",Specific street/corridor overlap: HARVARD,High,Strong Match,8.0,Strong Manual Review Candidate,Moderate,Complete,Strong,High,Positive,Unknown,High,"Bid cost 5098.15, parcel_id 43775-93-05-22530, address quality Complete, property clarity Strong, strict development match Strong Match, match quality High, development signal High, data confidence High.",ZIP unknown
74985-94-20-10040,Unknown,12608 E 31 PL S,Tulsa,OK,Unknown,LT 2 BLK 2,5104.84,R HS IMP,171,"1165 74985-94-20-10040 12608 E 31 PL S 6,030 R HS IMP 5,104.84 316.50 | LT 2 BLK 2 CITY OF TULSA | BRIARGLEN MEADOWS",High,parsed cleanly,High,True,False,Included because bid_cost 5104.84 is within range and residential_likelihood=High,No Clear Match,Low,,Unknown,Unknown,Unknown,Unknown,Unknown,Unknown,Unknown,"No specific street, corridor, neighborhood, or ZIP overlap found",Medium,No Clear Match,6.0,Strong Manual Review Candidate,Moderate,Complete,Strong,Low,Unknown,Unknown,High,"Bid cost 5104.84, parcel_id 74985-94-20-10040, address quality Complete, property clarity Strong, strict development match No Clear Match, match quality Low, development signal Low, data confidence High.",ZIP unknown; development upside not clearly supported; no clear strict development overlap
85315-72-15-46520,Unknown,14623 S VANCOUVER AV,Unknown,OK,Unknown,LT 2 BLK 8 W,5178.06,R HS IMP,180,"1232 85315-72-15-46520 14623 S VANCOUVER AV 7,150 R HS IMP 5,178.06 316.50 | LT 2 BLK 8 W | ROLLING MEADOWS II CITY OF GLENPOOL",High,parsed cleanly,High,True,False,Included because bid_cost 5178.06 is within range and residential_likelihood=High,No Clear Match,Low,,Unknown,Unknown,Unknown,Unknown,Unknown,Unknown,Unknown,"No specific street, corridor, neighborhood, or ZIP overlap found",Medium,No Clear Match,6.0,Strong Manual Review Candidate,Moderate,Complete,Strong,Low,Unknown,Unknown,High,"Bid cost 5178.06, parcel_id 85315-72-15-46520, address quality Complete, property clarity Strong, strict development match No Clear Match, match quality Low, development signal Low, data confidence High.",ZIP unknown; development upside not clearly supported; no clear strict development overlap
11575-03-35-04690,Unknown,7320 E LATIMER PL N,Tulsa,OK,Unknown,LT 8 BLK 6,5182.52,R HS IMP,26,"170 11575-03-35-04690 7320 E LATIMER PL N 7,440 R HS IMP 5,182.52 316.50 | LT 8 BLK 6 CITY OF TULSA | DOLLIE-MAC ADDN",High,parsed cleanly,High,True,False,Included because bid_cost 5182.52 is within range and residential_likelihood=High,No Clear Match,Low,,Unknown,Unknown,Unknown,Unknown,Unknown,Unknown,Unknown,"No specific street, corridor, neighborhood, or ZIP overlap found",Medium,No Clear Match,6.0,Strong Manual Review Candidate,Moderate,Complete,Strong,Low,Unknown,Unknown,High,"Bid cost 5182.52, parcel_id 11575-03-35-04690, address quality Complete, property clarity Strong, strict development match No Clear Match, match quality Low, development signal Low, data confidence High.",ZIP unknown; development upside not clearly supported; no clear strict development overlap
12060-94-08-20510,Unknown,12217 E 13 PL S,Tulsa,OK,Unknown,LT 15 BLK 1,5185.69,R HS IMP,26,"176 12060-94-08-20510 12217 E 13 PL S 7,188 R HS IMP 5,185.69 363.75 | LT 15 BLK 1 CITY OF TULSA | EAST PORT ADDN",High,parsed cleanly,High,True,False,Included because bid_cost 5185.69 is within range and residential_likelihood=High,No Clear Match,Low,,Unknown,Unknown,Unknown,Unknown,Unknown,Unknown,Unknown,"No specific street, corridor, neighborhood, or ZIP overlap found",Medium,No Clear Match,6.0,Strong Manual Review Candidate,Moderate,Complete,Strong,Low,Unknown,Unknown,High,"Bid cost 5185.69, parcel_id 12060-94-08-20510, address quality Complete, property clarity Strong, strict development match No Clear Match, match quality Low, development signal Low, data confidence High.",ZIP unknown; development upside not clearly supported; no clear strict development overlap
98434-84-34-00350,Unknown,ADDRESS UNKNOWN,Broken Arrow,OK,Unknown,PRT NE NE BEG 434E & 50S NEC THEREOF TH S295.52,5186.14,A,198,"1340 98434-84-34-00350 ADDRESS UNKNOWN 114,085 A 5,186.14 286.50 | PRT NE NE BEG 434E & 50S NEC THEREOF TH S295.52 CITY OF BROKEN ARROW | SE80.07 SW71.80 S66.99 SE156.83 S15 W357.53",Medium,partial or unknown address,Low,True,False,Included because bid_cost 5186.14 is within range and residential_likelihood=Low,Unknown,Low,,Unknown,Unknown,Unknown,Unknown,Unknown,Unknown,Unknown,Insufficient overlap data,Low,Unknown,4.7,Strong Manual Review Candidate,Moderate,Partial,Moderate,Low,Unknown,Unknown,Medium,"Bid cost 5186.14, parcel_id 98434-84-34-00350, address quality Partial, property clarity Moderate, strict development match Unknown, match quality Low, development signal Low, data confidence Medium.",ZIP unknown; development upside not clearly supported; no clear strict development overlap; address not fully verified
99027-90-27-68130,Unknown,4321 S 225 AV W,Unknown,OK,Unknown,PRT NW BEG 1068.77S NWC TH E534.85 S317 W531.80 TULSA COUNTY,5198.99,R IMP,200,"1348 99027-90-27-68130 4321 S 225 AV W 169,012 R IMP 5,198.99 379.50 | PRT NW BEG 1068.77S NWC TH E534.85 S317 W531.80 TULSA COUNTY | MH NOT INCLUDED",High,parsed cleanly,High,True,False,Included because bid_cost 5198.99 is within range and residential_likelihood=High,No Clear Match,Invalid Weak Match,Weak match removed; previous match was based on generic location wording.,Unknown,Unknown,Unknown,Unknown,Unknown,Unknown,Unknown,Weak generic overlap only: TULSA,Medium,Strong Match,5.8,Strong Manual Review Candidate,Moderate,Complete,Strong,Low,Unknown,Unknown,High,"Bid cost 5198.99, parcel_id 99027-90-27-68130, address quality Complete, property clarity Strong, strict development match No Clear Match, match quality Invalid Weak Match, development signal Low, data confidence High.",ZIP unknown; development upside not clearly supported; no clear strict development overlap; weak generic development match removed
30950-03-33-14960,Unknown,3337 E KING PL N,Tulsa,OK,Unknown,E 55 W 165 S 144.85 LT 7,5203.47,R IMP,82,"561 30950-03-33-14960 3337 E KING PL N 7,975 R IMP 5,203.47 332.25 | E 55 W 165 S 144.85 LT 7 CITY OF TULSA | OZARK GARDEN FARMS",High,parsed cleanly,High,True,False,Included because bid_cost 5203.47 is within range and residential_likelihood=High,No Clear Match,Low,,Unknown,Unknown,Unknown,Unknown,Unknown,Unknown,Unknown,"No specific street, corridor, neighborhood, or ZIP overlap found",Medium,No Clear Match,6.0,Strong Manual Review Candidate,Moderate,Complete,Strong,Low,Unknown,Unknown,High,"Bid cost 5203.47, parcel_id 30950-03-33-14960, address quality Complete, property clarity Strong, strict development match No Clear Match, match quality Low, development signal Low, data confidence High.",ZIP unknown; development upside not clearly supported; no clear strict development overlap
12150-93-11-01280,Unknown,7519 E 13 ST S,Tulsa,OK,Unknown,LT 11 BLK 7,5222.14,R IMP,27,"182 12150-93-11-01280 7519 E 13 ST S 6,650 R IMP 5,222.14 316.50 | LT 11 BLK 7 CITY OF TULSA | EASTMOOR PARK",High,parsed cleanly,High,True,False,Included because bid_cost 5222.14 is within range and residential_likelihood=High,No Clear Match,Low,,Unknown,Unknown,Unknown,Unknown,Unknown,Unknown,Unknown,"No specific street, corridor, neighborhood, or ZIP overlap found",Medium,No Clear Match,6.0,Strong Manual Review Candidate,Moderate,Complete,Strong,Low,Unknown,Unknown,High,"Bid cost 5222.14, parcel_id 12150-93-11-01280, address quality Complete, property clarity Strong, strict development match No Clear Match, match quality Low, development signal Low, data confidence High.",ZIP unknown; development upside not clearly supported; no clear strict development overlap
56900-92-20-02220,Unknown,6115 W 39 ST S,Unknown,OK,Unknown,LT 9 BLK 2 TULSA COUNTY,5224.32,R IMP,153,"1046 56900-92-20-02220 6115 W 39 ST S 18,800 R IMP 5,224.32 348.00 | LT 9 BLK 2 TULSA COUNTY | PLEASURE ACREAGE SECOND ADDN",High,parsed cleanly,High,True,False,Included because bid_cost 5224.32 is within range and residential_likelihood=High,No Clear Match,Invalid Weak Match,Weak match removed; previous match was based on generic location wording.,Unknown,Unknown,Unknown,Unknown,Unknown,Unknown,Unknown,Weak generic overlap only: TULSA,Medium,Strong Match,5.8,Strong Manual Review Candidate,Moderate,Complete,Strong,Low,Unknown,Unknown,High,"Bid cost 5224.32, parcel_id 56900-92-20-02220, address quality Complete, property clarity Strong, strict development match No Clear Match, match quality Invalid Weak Match, development signal Low, data confidence High.",ZIP unknown; development upside not clearly supported; no clear strict development overlap; weak generic development match removed
54225-03-06-05290,Unknown,6439 N WHEELING AV E,Unknown,OK,Unknown,LT 6 BLK 2 TULSA COUNTY,5224.79,R IMP,145,"985 54225-03-06-05290 6439 N WHEELING AV E 14,420 R IMP 5,224.79 332.25 | LT 6 BLK 2 TULSA COUNTY | STEBBINS RESUB B8 & PRT B7",High,parsed cleanly,High,True,False,Included because bid_cost 5224.79 is within range and residential_likelihood=High,No Clear Match,Invalid Weak Match,Weak match removed; previous match was based on generic location wording.,Unknown,Unknown,Unknown,Unknown,Unknown,Unknown,Unknown,Weak generic overlap only: TULSA,Medium,Strong Match,5.8,Strong Manual Review Candidate,Moderate,Complete,Strong,Low,Unknown,Unknown,High,"Bid cost 5224.79, parcel_id 54225-03-06-05290, address quality Complete, property clarity Strong, strict development match No Clear Match, match quality Invalid Weak Match, development signal Low, data confidence High.",ZIP unknown; development upside not clearly supported; no clear strict development overlap; weak generic development match removed
34750-02-26-07380,Unknown,2516 N MARTIN LUTHER,Unknown,OK,Unknown,LT-3-BLK-1 KING JR B,5271.47,R IMP,89,"603 34750-02-26-07380 2516 N MARTIN LUTHER 6,500 R IMP 5,271.47 332.25 | LT-3-BLK-1 KING JR B | RESERVOIR HILL ADDN CITY OF TULSA",High,parsed cleanly,High,True,False,Included because bid_cost 5271.47 is within range and residential_likelihood=High,No Clear Match,Low,,Unknown,Unknown,Unknown,Unknown,Unknown,Unknown,Unknown,"No specific street, corridor, neighborhood, or ZIP overlap found",Medium,No Clear Match,6.0,Strong Manual Review Candidate,Moderate,Complete,Strong,Low,Unknown,Unknown,High,"Bid cost 5271.47, parcel_id 34750-02-26-07380, address quality Complete, property clarity Strong, strict development match No Clear Match, match quality Low, development signal Low, data confidence High.",ZIP unknown; development upside not clearly supported; no clear strict development overlap
07700-02-13-02200,Unknown,4026 N ELGIN AV E,Tulsa,OK,Unknown,LT 10,5279.47,R IMP,16,"110 07700-02-13-02200 4026 N ELGIN AV E 8,700 R IMP 5,279.47 363.75 | LT 10 CITY OF TULSA | CHANDLER-FRATES 4TH ADDN RESUB L1-20 B7",High,parsed cleanly,High,True,False,Included because bid_cost 5279.47 is within range and residential_likelihood=High,No Clear Match,Low,,Unknown,Unknown,Unknown,Unknown,Unknown,Unknown,Unknown,"No specific street, corridor, neighborhood, or ZIP overlap found",Medium,No Clear Match,6.0,Strong Manual Review Candidate,Moderate,Complete,Strong,Low,Unknown,Unknown,High,"Bid cost 5279.47, parcel_id 07700-02-13-02200, address quality Complete, property clarity Strong, strict development match No Clear Match, match quality Low, development signal Low, data confidence High.",ZIP unknown; development upside not clearly supported; no clear strict development overlap
10475-92-08-00680,Unknown,1125 S 56 AV W,Tulsa,OK,Unknown,LT 17 BLK 3,5289.47,R IMP,23,"152 10475-92-08-00680 1125 S 56 AV W 7,200 R IMP 5,289.47 379.50 | LT 17 BLK 3 CITY OF TULSA | CUNNINGHAM ADDN",High,parsed cleanly,High,True,False,Included because bid_cost 5289.47 is within range and residential_likelihood=High,No Clear Match,Low,,Unknown,Unknown,Unknown,Unknown,Unknown,Unknown,Unknown,"No specific street, corridor, neighborhood, or ZIP overlap found",Medium,No Clear Match,6.0,Strong Manual Review Candidate,Moderate,Complete,Strong,Low,Unknown,Unknown,High,"Bid cost 5289.47, parcel_id 10475-92-08-00680, address quality Complete, property clarity Strong, strict development match No Clear Match, match quality Low, development signal Low, data confidence High.",ZIP unknown; development upside not clearly supported; no clear strict development overlap
55425-91-07-00270,Unknown,1702 S 168 AV W,Unknown,OK,Unknown,LT 20 BLK 2 TULSA COUNTY,5297.09,R HS IMP,151,"1028 55425-91-07-00270 1702 S 168 AV W 18,000 R HS IMP 5,297.09 332.25 | LT 20 BLK 2 TULSA COUNTY | RIVER VALLEY ESTATES AMD",High,parsed cleanly,High,True,False,Included because bid_cost 5297.09 is within range and residential_likelihood=High,No Clear Match,Invalid Weak Match,Weak match removed; previous match was based on generic location wording.,Unknown,Unknown,Unknown,Unknown,Unknown,Unknown,Unknown,Weak generic overlap only: TULSA,Medium,Strong Match,5.8,Strong Manual Review Candidate,Moderate,Complete,Strong,Low,Unknown,Unknown,High,"Bid cost 5297.09, parcel_id 55425-91-07-00270, address quality Complete, property clarity Strong, strict development match No Clear Match, match quality Invalid Weak Match, development signal Low, data confidence High.",ZIP unknown; development upside not clearly supported; no clear strict development overlap; weak generic development match removed
31125-92-27-16750,Unknown,4235 S 26 AV W,Tulsa,OK,Unknown,LT 16 BLK 1 & W5 VAC ALLEY ADJ ON E,5302.8,R IMP,83,"563 31125-92-27-16750 4235 S 26 AV W 7,000 R IMP 5,302.80 332.25 | LT 16 BLK 1 & W5 VAC ALLEY ADJ ON E CITY OF TULSA | PARK ADDN - RED FORK",High,parsed cleanly,High,True,False,Included because bid_cost 5302.80 is within range and residential_likelihood=High,No Clear Match,Low,,Unknown,Unknown,Unknown,Unknown,Unknown,Unknown,Unknown,"No specific street, corridor, neighborhood, or ZIP overlap found",Medium,No Clear Match,6.0,Strong Manual Review Candidate,Moderate,Complete,Strong,Low,Unknown,Unknown,High,"Bid cost 5302.80, parcel_id 31125-92-27-16750, address quality Complete, property clarity Strong, strict development match No Clear Match, match quality Low, development signal Low, data confidence High.",ZIP unknown; development upside not clearly supported; no clear strict development overlap
91213-12-13-51390,Unknown,998 E 98 ST N,Unknown,OK,Unknown,PRT S/2 SE BEG 1162.04W SECR SE TH W330 N1231.53 TULSA COUNTY,5325.25,R IMP,186,"1268 91213-12-13-51390 998 E 98 ST N 361,112 R IMP 5,325.25 316.50 | PRT S/2 SE BEG 1162.04W SECR SE TH W330 N1231.53 TULSA COUNTY | ELY ON CRV 223.86 TH S249.03 E123.5 S916.25 POB",High,parsed cleanly,High,True,False,Included because bid_cost 5325.25 is within range and residential_likelihood=High,No Clear Match,Invalid Weak Match,Weak match removed; previous match was based on generic location wording.,Unknown,Unknown,Unknown,Unknown,Unknown,Unknown,Unknown,Weak generic overlap only: TULSA,Medium,Strong Match,5.8,Strong Manual Review Candidate,Moderate,Complete,Strong,Low,Unknown,Unknown,High,"Bid cost 5325.25, parcel_id 91213-12-13-51390, address quality Complete, property clarity Strong, strict development match No Clear Match, match quality Invalid Weak Match, development signal Low, data confidence High.",ZIP unknown; development upside not clearly supported; no clear strict development overlap; weak generic development match removed
29650-03-07-03370,Unknown,1380 E 54 ST N,Tulsa,OK,Unknown,LT 4 BLK 2,5339.46,R IMP,76,"514 29650-03-07-03370 1380 E 54 ST N 7,200 R IMP 5,339.46 300.75 | LT 4 BLK 2 CITY OF TULSA | NORTHRIDGE ADDN",High,parsed cleanly,High,True,False,Included because bid_cost 5339.46 is within range and residential_likelihood=High,No Clear Match,Low,,Unknown,Unknown,Unknown,Unknown,Unknown,Unknown,Unknown,"No specific street, corridor, neighborhood, or ZIP overlap found",Medium,No Clear Match,6.0,Strong Manual Review Candidate,Moderate,Complete,Strong,Low,Unknown,Unknown,High,"Bid cost 5339.46, parcel_id 29650-03-07-03370, address quality Complete, property clarity Strong, strict development match No Clear Match, match quality Low, development signal Low, data confidence High.",ZIP unknown; development upside not clearly supported; no clear strict development overlap
29650-03-07-03310,Unknown,1577 E 53 ST N,Tulsa,OK,Unknown,LT 34 BLK 1,5347.46,R IMP,76,"513 29650-03-07-03310 1577 E 53 ST N 7,200 R IMP 5,347.46 332.25 | LT 34 BLK 1 CITY OF TULSA | NORTHRIDGE ADDN",High,parsed cleanly,High,True,False,Included because bid_cost 5347.46 is within range and residential_likelihood=High,No Clear Match,Low,,Unknown,Unknown,Unknown,Unknown,Unknown,Unknown,Unknown,"No specific street, corridor, neighborhood, or ZIP overlap found",Medium,No Clear Match,6.0,Strong Manual Review Candidate,Moderate,Complete,Strong,Low,Unknown,Unknown,High,"Bid cost 5347.46, parcel_id 29650-03-07-03310, address quality Complete, property clarity Strong, strict development match No Clear Match, match quality Low, development signal Low, data confidence High.",ZIP unknown; development upside not clearly supported; no clear strict development overlap
13850-93-05-10530,Unknown,2605 E ADMIRAL CT N,Tulsa,OK,Unknown,LT 14 BLK 1,5358.29,R HS IMP,30,"203 13850-93-05-10530 2605 E ADMIRAL CT N 5,625 R HS IMP 5,358.29 363.75 | LT 14 BLK 1 CITY OF TULSA | FAIRMONT ADDN",High,parsed cleanly,High,True,False,Included because bid_cost 5358.29 is within range and residential_likelihood=High,No Clear Match,Low,,Unknown,Unknown,Unknown,Unknown,Unknown,Unknown,Unknown,"No specific street, corridor, neighborhood, or ZIP overlap found",Medium,No Clear Match,6.0,Strong Manual Review Candidate,Moderate,Complete,Strong,Low,Unknown,Unknown,High,"Bid cost 5358.29, parcel_id 13850-93-05-10530, address quality Complete, property clarity Strong, strict development match No Clear Match, match quality Low, development signal Low, data confidence High.",ZIP unknown; development upside not clearly supported; no clear strict development overlap
22100-92-28-03130,Unknown,3904 W 41 PL S,Tulsa,OK,Unknown,LT-10-BLK-7,5361.41,R HS IMP,47,"317 22100-92-28-03130 3904 W 41 PL S 10,120 R HS IMP 5,361.41 332.25 | LT-10-BLK-7 CITY OF TULSA | LAUREL HGTS ADDN",High,parsed cleanly,High,True,False,Included because bid_cost 5361.41 is within range and residential_likelihood=High,No Clear Match,Low,,Unknown,Unknown,Unknown,Unknown,Unknown,Unknown,Unknown,"No specific street, corridor, neighborhood, or ZIP overlap found",Medium,No Clear Match,6.0,Strong Manual Review Candidate,Moderate,Complete,Strong,Low,Unknown,Unknown,High,"Bid cost 5361.41, parcel_id 22100-92-28-03130, address quality Complete, property clarity Strong, strict development match No Clear Match, match quality Low, development signal Low, data confidence High.",ZIP unknown; development upside not clearly supported; no clear strict development overlap
10175-93-02-01530,Unknown,444 S 66 AV E,Tulsa,OK,Unknown,LT 11 BLK G,5366.03,R HS IMP,22,"145 10175-93-02-01530 444 S 66 AV E 7,000 R HS IMP 5,366.03 316.50 | LT 11 BLK G CITY OF TULSA | CREST VIEW ESTATES",High,parsed cleanly,High,True,False,Included because bid_cost 5366.03 is within range and residential_likelihood=High,Strong Match,High,,Tulsa Market District,Tulsa Market District / NOMA residential hub,Multifamily / Mixed-use neighborhood hub,High,https://partnertulsa.org/community-partner-profile-how-noma-is-creating-community-along-the-mother-road/,Community Partner Profile: How NOMA is Creating Community Along the Mother Road - PartnerTulsa,"NOMA added a 256-unit residential hub in the Tulsa Market District along Route 66 and was described as part of a broader effort to revitalize vacant spaces, improve walkability, and support new commercial activity in the corridor.",Specific street/corridor overlap: 66,High,No Clear Match,8.0,Strong Manual Review Candidate,Moderate,Complete,Strong,High,Positive,Unknown,High,"Bid cost 5366.03, parcel_id 10175-93-02-01530, address quality Complete, property clarity Strong, strict development match Strong Match, match quality High, development signal High, data confidence High.",ZIP unknown
27875-92-11-03570,Unknown,701 S PHOENIX AV W,Tulsa,OK,Unknown,W 1/2 LT 26 BLK 2,5389.46,R IMP,67,"453 27875-92-11-03570 701 S PHOENIX AV W 3,510 R IMP 5,389.46 332.25 | W 1/2 LT 26 BLK 2 CITY OF TULSA | MITCHELL-CROSBIE ADDN",High,parsed cleanly,High,True,False,Included because bid_cost 5389.46 is within range and residential_likelihood=High,No Clear Match,Low,,Unknown,Unknown,Unknown,Unknown,Unknown,Unknown,Unknown,"No specific street, corridor, neighborhood, or ZIP overlap found",Medium,No Clear Match,6.0,Strong Manual Review Candidate,Moderate,Complete,Strong,Low,Unknown,Unknown,High,"Bid cost 5389.46, parcel_id 27875-92-11-03570, address quality Complete, property clarity Strong, strict development match No Clear Match, match quality Low, development signal Low, data confidence High.",ZIP unknown; development upside not clearly supported; no clear strict development overlap
45350-94-06-07290,Unknown,310 S 105 PL E,Tulsa,OK,Unknown,LT 11 BK 3,5390.12,R IMP,132,"897 45350-94-06-07290 310 S 105 PL E 7,200 R IMP 5,390.12 348.00 | LT 11 BK 3 CITY OF TULSA | WAGON WHEEL ADDN",High,parsed cleanly,High,True,False,Included because bid_cost 5390.12 is within range and residential_likelihood=High,No Clear Match,Low,,Unknown,Unknown,Unknown,Unknown,Unknown,Unknown,Unknown,"No specific street, corridor, neighborhood, or ZIP overlap found",Medium,No Clear Match,6.0,Strong Manual Review Candidate,Moderate,Complete,Strong,Low,Unknown,Unknown,High,"Bid cost 5390.12, parcel_id 45350-94-06-07290, address quality Complete, property clarity Strong, strict development match No Clear Match, match quality Low, development signal Low, data confidence High.",ZIP unknown; development upside not clearly supported; no clear strict development overlap
78810-84-11-09070,Unknown,424 E COLLEGE ST N,Broken Arrow,OK,Unknown,ALL LT 12 BLK 15 & E15 OF LT 11,5428.12,R IMP,175,"1194 78810-84-11-09070 424 E COLLEGE ST N 9,100 R IMP 5,428.12 316.50 | ALL LT 12 BLK 15 & E15 OF LT 11 CITY OF BROKEN ARROW | COLLEGE ADDN",High,parsed cleanly,High,True,False,Included because bid_cost 5428.12 is within range and residential_likelihood=High,No Clear Match,Low,,Unknown,Unknown,Unknown,Unknown,Unknown,Unknown,Unknown,"No specific street, corridor, neighborhood, or ZIP overlap found",Medium,No Clear Match,6.0,Strong Manual Review Candidate,Moderate,Complete,Strong,Low,Unknown,Unknown,High,"Bid cost 5428.12, parcel_id 78810-84-11-09070, address quality Complete, property clarity Strong, strict development match No Clear Match, match quality Low, development signal Low, data confidence High.",ZIP unknown; development upside not clearly supported; no clear strict development overlap
20725-93-03-06410,Unknown,6330 E 4 PL S,Tulsa,OK,Unknown,LT 5 BLK 1,5429.45,R IMP,43,"294 20725-93-03-06410 6330 E 4 PL S 11,900 R IMP 5,429.45 395.25 | LT 5 BLK 1 CITY OF TULSA | JOHANSEN SUB TR1-2 GLENHAVEN & B3-4 GLEN",High,parsed cleanly,High,True,False,Included because bid_cost 5429.45 is within range and residential_likelihood=High,No Clear Match,Low,,Unknown,Unknown,Unknown,Unknown,Unknown,Unknown,Unknown,"No specific street, corridor, neighborhood, or ZIP overlap found",Medium,No Clear Match,6.0,Strong Manual Review Candidate,Moderate,Complete,Strong,Low,Unknown,Unknown,High,"Bid cost 5429.45, parcel_id 20725-93-03-06410, address quality Complete, property clarity Strong, strict development match No Clear Match, match quality Low, development signal Low, data confidence High.",ZIP unknown; development upside not clearly supported; no clear strict development overlap
41025-02-01-00530,Unknown,518 E 57 PL N,Tulsa,OK,Unknown,LOT-15-BLK-11,5432.12,R IMP,111,"755 41025-02-01-00530 518 E 57 PL N 6,720 R IMP 5,432.12 332.25 | LOT-15-BLK-11 CITY OF TULSA | SUBURBAN HILLS ADDN",High,parsed cleanly,High,True,False,Included because bid_cost 5432.12 is within range and residential_likelihood=High,No Clear Match,Low,,Unknown,Unknown,Unknown,Unknown,Unknown,Unknown,Unknown,"No specific street, corridor, neighborhood, or ZIP overlap found",Medium,No Clear Match,6.0,Strong Manual Review Candidate,Moderate,Complete,Strong,Low,Unknown,Unknown,High,"Bid cost 5432.12, parcel_id 41025-02-01-00530, address quality Complete, property clarity Strong, strict development match No Clear Match, match quality Low, development signal Low, data confidence High.",ZIP unknown; development upside not clearly supported; no clear strict development overlap
07225-02-13-00060,Unknown,3936 N LANSING PL E,Tulsa,OK,Unknown,LT 5 BLK 1,5434.28,R IMP,14,"95 07225-02-13-00060 3936 N LANSING PL E 14,070 R IMP 5,434.28 395.25 | LT 5 BLK 1 CITY OF TULSA | CAWILL ADDN RESUB PRT B8-10 CHANDLER FRATES",High,parsed cleanly,High,True,False,Included because bid_cost 5434.28 is within range and residential_likelihood=High,No Clear Match,Low,,Unknown,Unknown,Unknown,Unknown,Unknown,Unknown,Unknown,"No specific street, corridor, neighborhood, or ZIP overlap found",Medium,No Clear Match,6.0,Strong Manual Review Candidate,Moderate,Complete,Strong,Low,Unknown,Unknown,High,"Bid cost 5434.28, parcel_id 07225-02-13-00060, address quality Complete, property clarity Strong, strict development match No Clear Match, match quality Low, development signal Low, data confidence High.",ZIP unknown; development upside not clearly supported; no clear strict development overlap
37800-93-02-09000,Unknown,6535 E 5 ST S,Tulsa,OK,Unknown,LT 20 BLK 4,5443.44,R HS IMP,97,"654 37800-93-02-09000 6535 E 5 ST S 6,700 R HS IMP 5,443.44 348.00 | LT 20 BLK 4 CITY OF TULSA | SHERIDAN HILLS",High,parsed cleanly,High,True,False,Included because bid_cost 5443.44 is within range and residential_likelihood=High,No Clear Match,Low,,Unknown,Unknown,Unknown,Unknown,Unknown,Unknown,Unknown,"No specific street, corridor, neighborhood, or ZIP overlap found",Medium,No Clear Match,6.0,Strong Manual Review Candidate,Moderate,Complete,Strong,Low,Unknown,Unknown,High,"Bid cost 5443.44, parcel_id 37800-93-02-09000, address quality Complete, property clarity Strong, strict development match No Clear Match, match quality Low, development signal Low, data confidence High.",ZIP unknown; development upside not clearly supported; no clear strict development overlap
27300-93-14-10790,Unknown,7610 E 21 ST S,Tulsa,OK,Unknown,LT 6 BLK 1,5444.74,R HS IMP,65,"439 27300-93-14-10790 7610 E 21 ST S 7,200 R HS IMP 5,444.74 316.50 | LT 6 BLK 1 CITY OF TULSA | MICHAEL HGTS ADDN",High,parsed cleanly,High,True,False,Included because bid_cost 5444.74 is within range and residential_likelihood=High,No Clear Match,Low,,Unknown,Unknown,Unknown,Unknown,Unknown,Unknown,Unknown,"No specific street, corridor, neighborhood, or ZIP overlap found",Medium,No Clear Match,6.0,Strong Manual Review Candidate,Moderate,Complete,Strong,Low,Unknown,Unknown,High,"Bid cost 5444.74, parcel_id 27300-93-14-10790, address quality Complete, property clarity Strong, strict development match No Clear Match, match quality Low, development signal Low, data confidence High.",ZIP unknown; development upside not clearly supported; no clear strict development overlap
38200-92-26-00840,Unknown,4629 S UNION AV W,Tulsa,OK,Unknown,LT 2 BLK 1,5454.78,R IMP,98,"662 38200-92-26-00840 4629 S UNION AV W 9,750 R IMP 5,454.78 332.25 | LT 2 BLK 1 CITY OF TULSA | SHROFF SUB",High,parsed cleanly,High,True,False,Included because bid_cost 5454.78 is within range and residential_likelihood=High,No Clear Match,Low,,Unknown,Unknown,Unknown,Unknown,Unknown,Unknown,Unknown,"No specific street, corridor, neighborhood, or ZIP overlap found",Medium,No Clear Match,6.0,Strong Manual Review Candidate,Moderate,Complete,Strong,Low,Unknown,Unknown,High,"Bid cost 5454.78, parcel_id 38200-92-26-00840, address quality Complete, property clarity Strong, strict development match No Clear Match, match quality Low, development signal Low, data confidence High.",ZIP unknown; development upside not clearly supported; no clear strict development overlap
76925-94-19-48280,Unknown,3712 S 109 AV E,Tulsa,OK,Unknown,LT 20 BLK 9,5467.19,R IMP,172,"1174 76925-94-19-48280 3712 S 109 AV E 8,060 R IMP 5,467.19 379.50 | LT 20 BLK 9 CITY OF TULSA | SHANNON PARK SIXTH",High,parsed cleanly,High,True,False,Included because bid_cost 5467.19 is within range and residential_likelihood=High,No Clear Match,Low,,Unknown,Unknown,Unknown,Unknown,Unknown,Unknown,Unknown,"No specific street, corridor, neighborhood, or ZIP overlap found",Medium,No Clear Match,6.0,Strong Manual Review Candidate,Moderate,Complete,Strong,Low,Unknown,Unknown,High,"Bid cost 5467.19, parcel_id 76925-94-19-48280, address quality Complete, property clarity Strong, strict development match No Clear Match, match quality Low, development signal Low, data confidence High.",ZIP unknown; development upside not clearly supported; no clear strict development overlap
23850-93-15-11970,Unknown,4999 E 26 ST S,Tulsa,OK,Unknown,LT 1 BLK 1,5479.42,R HS IMP,53,"357 23850-93-15-11970 4999 E 26 ST S 9,594 R HS IMP 5,479.42 316.50 | LT 1 BLK 1 CITY OF TULSA | LORTONDALE ADDN",High,parsed cleanly,High,True,False,Included because bid_cost 5479.42 is within range and residential_likelihood=High,No Clear Match,Low,,Unknown,Unknown,Unknown,Unknown,Unknown,Unknown,Unknown,"No specific street, corridor, neighborhood, or ZIP overlap found",Medium,No Clear Match,6.0,Strong Manual Review Candidate,Moderate,Complete,Strong,Low,Unknown,Unknown,High,"Bid cost 5479.42, parcel_id 23850-93-15-11970, address quality Complete, property clarity Strong, strict development match No Clear Match, match quality Low, development signal Low, data confidence High.",ZIP unknown; development upside not clearly supported; no clear strict development overlap
74735-84-06-61950,Unknown,6623 S 107 AV E,Tulsa,OK,Unknown,LT 26 BLK 2,5491.99,R HS IMP,170,"1159 74735-84-06-61950 6623 S 107 AV E 14,292 R HS IMP 5,491.99 348.00 | LT 26 BLK 2 CITY OF TULSA | BEDFORD, THE",High,parsed cleanly,High,True,False,Included because bid_cost 5491.99 is within range and residential_likelihood=High,No Clear Match,Low,,Unknown,Unknown,Unknown,Unknown,Unknown,Unknown,Unknown,"No specific street, corridor, neighborhood, or ZIP overlap found",Medium,No Clear Match,6.0,Strong Manual Review Candidate,Moderate,Complete,Strong,Low,Unknown,Unknown,High,"Bid cost 5491.99, parcel_id 74735-84-06-61950, address quality Complete, property clarity Strong, strict development match No Clear Match, match quality Low, development signal Low, data confidence High.",ZIP unknown; development upside not clearly supported; no clear strict development overlap
57320-14-33-14860,Unknown,7536 N 145 AV E,Unknown,OK,Unknown,LTS 9 & 10 BLK 1 TULSA COUNTY MH NOT INCLUDED,5515.42,R HS IMP,154,"1051 57320-14-33-14860 7536 N 145 AV E 111,232 R HS IMP 5,515.42 332.25 | LTS 9 & 10 BLK 1 TULSA COUNTY MH NOT INCLUDED | PRAIRIE VIEW ACRES",High,parsed cleanly,High,True,False,Included because bid_cost 5515.42 is within range and residential_likelihood=High,No Clear Match,Invalid Weak Match,Weak match removed; previous match was based on generic location wording.,Unknown,Unknown,Unknown,Unknown,Unknown,Unknown,Unknown,Weak generic overlap only: TULSA,Medium,Strong Match,5.8,Mid Investment,Moderate,Complete,Strong,Low,Unknown,Unknown,High,"Bid cost 5515.42, parcel_id 57320-14-33-14860, address quality Complete, property clarity Strong, strict development match No Clear Match, match quality Invalid Weak Match, development signal Low, data confidence High.",ZIP unknown; development upside not clearly supported; no clear strict development overlap; weak generic development match removed
11575-03-35-03730,Unknown,7350 E NEWTON ST N,Tulsa,OK,Unknown,LT 8 BLK 3,5516.78,R IMP,25,"169 11575-03-35-03730 7350 E NEWTON ST N 7,200 R IMP 5,516.78 348.00 | LT 8 BLK 3 CITY OF TULSA | DOLLIE-MAC ADDN",High,parsed cleanly,High,True,False,Included because bid_cost 5516.78 is within range and residential_likelihood=High,No Clear Match,Low,,Unknown,Unknown,Unknown,Unknown,Unknown,Unknown,Unknown,"No specific street, corridor, neighborhood, or ZIP overlap found",Medium,No Clear Match,6.0,Mid Investment,Moderate,Complete,Strong,Low,Unknown,Unknown,High,"Bid cost 5516.78, parcel_id 11575-03-35-03730, address quality Complete, property clarity Strong, strict development match No Clear Match, match quality Low, development signal Low, data confidence High.",ZIP unknown; development upside not clearly supported; no clear strict development overlap
07415-94-07-29470,Unknown,1441 S 112 AV E,Tulsa,OK,Unknown,LT 15 BLK 4,5517.44,R IMP,15,"99 07415-94-07-29470 1441 S 112 AV E 3,490 R IMP 5,517.44 316.50 | LT 15 BLK 4 CITY OF TULSA | CENTURY 21 EAST EXT RESUB PRT PHEASANT RUN",High,parsed cleanly,High,True,False,Included because bid_cost 5517.44 is within range and residential_likelihood=High,No Clear Match,Low,,Unknown,Unknown,Unknown,Unknown,Unknown,Unknown,Unknown,"No specific street, corridor, neighborhood, or ZIP overlap found",Medium,No Clear Match,6.0,Mid Investment,Moderate,Complete,Strong,Low,Unknown,Unknown,High,"Bid cost 5517.44, parcel_id 07415-94-07-29470, address quality Complete, property clarity Strong, strict development match No Clear Match, match quality Low, development signal Low, data confidence High.",ZIP unknown; development upside not clearly supported; no clear strict development overlap
35725-93-31-08440,Unknown,5737 S QUINCY AV E,Tulsa,OK,Unknown,LOT-11-BLK-2,5526.11,R IMP,90,"611 35725-93-31-08440 5737 S QUINCY AV E 14,310 R IMP 5,526.11 316.50 | LOT-11-BLK-2 CITY OF TULSA | RIVERVIEW ACRES ADDN",High,parsed cleanly,High,True,False,Included because bid_cost 5526.11 is within range and residential_likelihood=High,No Clear Match,Low,,Unknown,Unknown,Unknown,Unknown,Unknown,Unknown,Unknown,"No specific street, corridor, neighborhood, or ZIP overlap found",Medium,No Clear Match,6.0,Mid Investment,Moderate,Complete,Strong,Low,Unknown,Unknown,High,"Bid cost 5526.11, parcel_id 35725-93-31-08440, address quality Complete, property clarity Strong, strict development match No Clear Match, match quality Low, development signal Low, data confidence High.",ZIP unknown; development upside not clearly supported; no clear strict development overlap
16375-93-03-04910,Unknown,574 S MAPLEWOOD AV E,Tulsa,OK,Unknown,LT 3 BLK 2,5550.11,R IMP,36,"240 16375-93-03-04910 574 S MAPLEWOOD AV E 11,985 R IMP 5,550.11 332.25 | LT 3 BLK 2 CITY OF TULSA | GLENHAVEN & GLENHAVEN AMD RESUB",High,parsed cleanly,High,True,False,Included because bid_cost 5550.11 is within range and residential_likelihood=High,No Clear Match,Low,,Unknown,Unknown,Unknown,Unknown,Unknown,Unknown,Unknown,"No specific street, corridor, neighborhood, or ZIP overlap found",Medium,No Clear Match,6.0,Mid Investment,Moderate,Complete,Strong,Low,Unknown,Unknown,High,"Bid cost 5550.11, parcel_id 16375-93-03-04910, address quality Complete, property clarity Strong, strict development match No Clear Match, match quality Low, development signal Low, data confidence High.",ZIP unknown; development upside not clearly supported; no clear strict development overlap
40325-94-17-06480,Unknown,2479 S 127 AV E,Tulsa,OK,Unknown,LT 25 BLK 3,5632.77,R IMP,103,"697 40325-94-17-06480 2479 S 127 AV E 7,322 R IMP 5,632.77 332.25 | LT 25 BLK 3 CITY OF TULSA | STACEY LYNN ADDN",High,parsed cleanly,High,True,False,Included because bid_cost 5632.77 is within range and residential_likelihood=High,No Clear Match,Low,,Unknown,Unknown,Unknown,Unknown,Unknown,Unknown,Unknown,"No specific street, corridor, neighborhood, or ZIP overlap found",Medium,No Clear Match,6.0,Mid Investment,Moderate,Complete,Strong,Low,Unknown,Unknown,High,"Bid cost 5632.77, parcel_id 40325-94-17-06480, address quality Complete, property clarity Strong, strict development match No Clear Match, match quality Low, development signal Low, data confidence High.",ZIP unknown; development upside not clearly supported; no clear strict development overlap
19275-03-34-02810,Unknown,4925 E OKLAHOMA ST N,Tulsa,OK,Unknown,LOT 11 BLK 3,5644.76,R IMP,41,"274 19275-03-34-02810 4925 E OKLAHOMA ST N 7,020 R IMP 5,644.76 426.75 | LOT 11 BLK 3 CITY OF TULSA | HOMESTEAD ADDN",High,parsed cleanly,High,True,False,Included because bid_cost 5644.76 is within range and residential_likelihood=High,No Clear Match,Low,,Unknown,Unknown,Unknown,Unknown,Unknown,Unknown,Unknown,"No specific street, corridor, neighborhood, or ZIP overlap found",Medium,No Clear Match,6.0,Mid Investment,Moderate,Complete,Strong,Low,Unknown,Unknown,High,"Bid cost 5644.76, parcel_id 19275-03-34-02810, address quality Complete, property clarity Strong, strict development match No Clear Match, match quality Low, development signal Low, data confidence High.",ZIP unknown; development upside not clearly supported; no clear strict development overlap
44325-03-36-04310,Unknown,9541 E NEWTON PL N,Tulsa,OK,Unknown,LOT 15 BLK 6,5659.43,R IMP,128,"872 44325-03-36-04310 9541 E NEWTON PL N 8,400 R IMP 5,659.43 363.75 | LOT 15 BLK 6 CITY OF TULSA | VAN ACRES ADDN AMD",High,parsed cleanly,High,True,False,Included because bid_cost 5659.43 is within range and residential_likelihood=High,No Clear Match,Low,,Unknown,Unknown,Unknown,Unknown,Unknown,Unknown,Unknown,"No specific street, corridor, neighborhood, or ZIP overlap found",Medium,No Clear Match,6.0,Mid Investment,Moderate,Complete,Strong,Low,Unknown,Unknown,High,"Bid cost 5659.43, parcel_id 44325-03-36-04310, address quality Complete, property clarity Strong, strict development match No Clear Match, match quality Low, development signal Low, data confidence High.",ZIP unknown; development upside not clearly supported; no clear strict development overlap
15875-02-25-09420,Unknown,2431 N LANSING AV E,Tulsa,OK,Unknown,S 51.12 LT 4 BLK 1,5709.25,R IMP,34,"230 15875-02-25-09420 2431 N LANSING AV E 10,816 R IMP 5,709.25 348.00 | S 51.12 LT 4 BLK 1 CITY OF TULSA | GENTRY 2ND ADDN",High,parsed cleanly,High,True,False,Included because bid_cost 5709.25 is within range and residential_likelihood=High,No Clear Match,Low,,Unknown,Unknown,Unknown,Unknown,Unknown,Unknown,Unknown,"No specific street, corridor, neighborhood, or ZIP overlap found",Medium,No Clear Match,6.0,Mid Investment,Moderate,Complete,Strong,Low,Unknown,Unknown,High,"Bid cost 5709.25, parcel_id 15875-02-25-09420, address quality Complete, property clarity Strong, strict development match No Clear Match, match quality Low, development signal Low, data confidence High.",ZIP unknown; development upside not clearly supported; no clear strict development overlap
04125-93-14-02940,Unknown,6743 E 26 PL S,Tulsa,OK,Unknown,LT 11 BLK 5 & S 30 VAC ST ON N,5717.55,R HS IMP,9,"58 04125-93-14-02940 6743 E 26 PL S 9,800 R HS IMP 5,717.55 332.25 | LT 11 BLK 5 & S 30 VAC ST ON N CITY OF TULSA | BOMAN ACRES 3RD ADDN AMD B5&8 & N/2 B9",High,parsed cleanly,High,True,False,Included because bid_cost 5717.55 is within range and residential_likelihood=High,No Clear Match,Low,,Unknown,Unknown,Unknown,Unknown,Unknown,Unknown,Unknown,"No specific street, corridor, neighborhood, or ZIP overlap found",Medium,No Clear Match,6.0,Mid Investment,Moderate,Complete,Strong,Low,Unknown,Unknown,High,"Bid cost 5717.55, parcel_id 04125-93-14-02940, address quality Complete, property clarity Strong, strict development match No Clear Match, match quality Low, development signal Low, data confidence High.",ZIP unknown; development upside not clearly supported; no clear strict development overlap
17925-92-04-03240,Unknown,319 S 43 AV W,Tulsa,OK,Unknown,LOT 17 BLK 2,5748.75,R IMP,38,"255 17925-92-04-03240 319 S 43 AV W 8,400 R IMP 5,748.75 363.75 | LOT 17 BLK 2 CITY OF TULSA | HAYDEN-LEWIS ADDN",High,parsed cleanly,High,True,False,Included because bid_cost 5748.75 is within range and residential_likelihood=High,No Clear Match,Low,,Unknown,Unknown,Unknown,Unknown,Unknown,Unknown,Unknown,"No specific street, corridor, neighborhood, or ZIP overlap found",Medium,No Clear Match,6.0,Mid Investment,Moderate,Complete,Strong,Low,Unknown,Unknown,High,"Bid cost 5748.75, parcel_id 17925-92-04-03240, address quality Complete, property clarity Strong, strict development match No Clear Match, match quality Low, development signal Low, data confidence High.",ZIP unknown; development upside not clearly supported; no clear strict development overlap
49850-92-28-05460,Unknown,4109 S 34 AV W,Tulsa,OK,Unknown,LTS 20 21 BK 13,5750.75,R IMP,138,"938 49850-92-28-05460 4109 S 34 AV W 7,000 R IMP 5,750.75 316.50 | LTS 20 21 BK 13 CITY OF TULSA | YARGEE ADDN",High,parsed cleanly,High,True,False,Included because bid_cost 5750.75 is within range and residential_likelihood=High,No Clear Match,Low,,Unknown,Unknown,Unknown,Unknown,Unknown,Unknown,Unknown,"No specific street, corridor, neighborhood, or ZIP overlap found",Medium,No Clear Match,6.0,Mid Investment,Moderate,Complete,Strong,Low,Unknown,Unknown,High,"Bid cost 5750.75, parcel_id 49850-92-28-05460, address quality Complete, property clarity Strong, strict development match No Clear Match, match quality Low, development signal Low, data confidence High.",ZIP unknown; development upside not clearly supported; no clear strict development overlap
31125-92-27-17320,Unknown,4107 S SOUTHWEST BV W,Tulsa,OK,Unknown,PRT LT 4 & ALL LT 5 & PRT LT 6 BEG SWC LT 4 TH ON,5774.08,C IMP,83,"565 31125-92-27-17320 4107 S SOUTHWEST BV W 10,302 C IMP 5,774.08 348.00 | PRT LT 4 & ALL LT 5 & PRT LT 6 BEG SWC LT 4 TH ON CITY OF TULSA | CRV LF 53.48 NW115.07 TH ON CRV RT 112.19",High,parsed cleanly,Medium,True,False,Included because bid_cost 5774.08 is within range and residential_likelihood=Medium,No Clear Match,Low,,Unknown,Unknown,Unknown,Unknown,Unknown,Unknown,Unknown,"No specific street, corridor, neighborhood, or ZIP overlap found",Medium,No Clear Match,6.0,Mid Investment,Moderate,Complete,Strong,Low,Unknown,Unknown,High,"Bid cost 5774.08, parcel_id 31125-92-27-17320, address quality Complete, property clarity Strong, strict development match No Clear Match, match quality Low, development signal Low, data confidence High.",ZIP unknown; development upside not clearly supported; no clear strict development overlap
98225-82-25-36030,Unknown,10607 S ELWOOD AV W,City Of Jenks,OK,Unknown,PRT NW SW BEG 800S & 50E NWC SW TH E842 S528.59,5782.95,R IMP,195,"1321 98225-82-25-36030 10607 S ELWOOD AV W 436,471 R IMP 5,782.95 332.25 | PRT NW SW BEG 800S & 50E NWC SW TH E842 S528.59 CITY OF JENKS | W817.03 N181 NW103.08 N240.6 POB SEC 25 18 12",High,parsed cleanly,High,True,False,Included because bid_cost 5782.95 is within range and residential_likelihood=High,No Clear Match,Low,,Unknown,Unknown,Unknown,Unknown,Unknown,Unknown,Unknown,"No specific street, corridor, neighborhood, or ZIP overlap found",Medium,No Clear Match,6.0,Mid Investment,Moderate,Complete,Strong,Low,Unknown,Unknown,High,"Bid cost 5782.95, parcel_id 98225-82-25-36030, address quality Complete, property clarity Strong, strict development match No Clear Match, match quality Low, development signal Low, data confidence High.",ZIP unknown; development upside not clearly supported; no clear strict development overlap
04125-93-14-02930,Unknown,6747 E 26 PL S,Tulsa,OK,Unknown,LT 10 BLK 5 & S 30 VAC ST ON N,5785.69,R IMP,9,"57 04125-93-14-02930 6747 E 26 PL S 9,940 R IMP 5,785.69 316.50 | LT 10 BLK 5 & S 30 VAC ST ON N CITY OF TULSA | BOMAN ACRES 3RD ADDN AMD B5&8 & N/2 B9",High,parsed cleanly,High,True,False,Included because bid_cost 5785.69 is within range and residential_likelihood=High,No Clear Match,Low,,Unknown,Unknown,Unknown,Unknown,Unknown,Unknown,Unknown,"No specific street, corridor, neighborhood, or ZIP overlap found",Medium,No Clear Match,6.0,Mid Investment,Moderate,Complete,Strong,Low,Unknown,Unknown,High,"Bid cost 5785.69, parcel_id 04125-93-14-02930, address quality Complete, property clarity Strong, strict development match No Clear Match, match quality Low, development signal Low, data confidence High.",ZIP unknown; development upside not clearly supported; no clear strict development overlap
12375-92-04-01560,Unknown,530 N 42 AV W,Tulsa,OK,Unknown,LT 2 BLK 1,5786.08,R IMP,28,"187 12375-92-04-01560 530 N 42 AV W 11,232 R IMP 5,786.08 783.75 | LT 2 BLK 1 CITY OF TULSA | EDISON ROAD 2ND ADDN",High,parsed cleanly,High,True,False,Included because bid_cost 5786.08 is within range and residential_likelihood=High,No Clear Match,Low,,Unknown,Unknown,Unknown,Unknown,Unknown,Unknown,Unknown,"No specific street, corridor, neighborhood, or ZIP overlap found",Medium,No Clear Match,6.0,Mid Investment,Moderate,Complete,Strong,Low,Unknown,Unknown,High,"Bid cost 5786.08, parcel_id 12375-92-04-01560, address quality Complete, property clarity Strong, strict development match No Clear Match, match quality Low, development signal Low, data confidence High.",ZIP unknown; development upside not clearly supported; no clear strict development overlap
62250-91-22-02240,Unknown,313 W 40 PL S,Sand Springs,OK,Unknown,LT 8 BLK 1,5795.03,R HS IMP,163,"1110 62250-91-22-02240 313 W 40 PL S 11,040 R HS IMP 5,795.03 332.25 | LT 8 BLK 1 CITY OF SAND SPRINGS | RIVER VIEW GARDENS ADDN",High,parsed cleanly,High,True,False,Included because bid_cost 5795.03 is within range and residential_likelihood=High,No Clear Match,Low,,Unknown,Unknown,Unknown,Unknown,Unknown,Unknown,Unknown,"No specific street, corridor, neighborhood, or ZIP overlap found",Medium,No Clear Match,6.0,Mid Investment,Moderate,Complete,Strong,Low,Unknown,Unknown,High,"Bid cost 5795.03, parcel_id 62250-91-22-02240, address quality Complete, property clarity Strong, strict development match No Clear Match, match quality Low, development signal Low, data confidence High.",ZIP unknown; development upside not clearly supported; no clear strict development overlap
04375-92-12-00740,Unknown,S BOSTON AV E,Tulsa,OK,Unknown,LT 22 BLK 1,5807.41,C,10,"65 04375-92-12-00740 S BOSTON AV E 7,920 C 5,807.41 302.25 | LT 22 BLK 1 CITY OF TULSA | BOSTON ADDN",Medium,partial or unknown address,Low,True,False,Included because bid_cost 5807.41 is within range and residential_likelihood=Low,No Clear Match,Low,,Unknown,Unknown,Unknown,Unknown,Unknown,Unknown,Unknown,"No specific street, corridor, neighborhood, or ZIP overlap found",Medium,No Clear Match,4.7,Mid Investment,Moderate,Partial,Moderate,Low,Unknown,Unknown,Medium,"Bid cost 5807.41, parcel_id 04375-92-12-00740, address quality Partial, property clarity Moderate, strict development match No Clear Match, match quality Low, development signal Low, data confidence Medium.",ZIP unknown; development upside not clearly supported; no clear strict development overlap; address not fully verified
27325-93-14-12410,Unknown,7924 E 21 ST S,Tulsa,OK,Unknown,BEG 90' E OF NWC LOT 1 BLK 11 TH E ON N L 60' TO,5829.41,C IMP,65,"440 27325-93-14-12410 7924 E 21 ST S 9,006 C IMP 5,829.41 332.25 | BEG 90' E OF NWC LOT 1 BLK 11 TH E ON N L 60' TO CITY OF TULSA | PT S 150.10' W 60' N 150.10' TO BEG",High,parsed cleanly,Medium,True,False,Included because bid_cost 5829.41 is within range and residential_likelihood=Medium,No Clear Match,Low,,Unknown,Unknown,Unknown,Unknown,Unknown,Unknown,Unknown,"No specific street, corridor, neighborhood, or ZIP overlap found",Medium,No Clear Match,6.0,Mid Investment,Moderate,Complete,Strong,Low,Unknown,Unknown,High,"Bid cost 5829.41, parcel_id 27325-93-14-12410, address quality Complete, property clarity Strong, strict development match No Clear Match, match quality Low, development signal Low, data confidence High.",ZIP unknown; development upside not clearly supported; no clear strict development overlap
98402-84-02-01880,Unknown,605 W LANSING ST,Broken Arrow,OK,Unknown,BEG 600N & 200E SWC SW TH E130 N140 W130 S140,5854.25,B HS IMP,197,"1332 98402-84-02-01880 605 W LANSING ST 18,200 B HS IMP 5,854.25 332.25 | BEG 600N & 200E SWC SW TH E130 N140 W130 S140 CITY OF BROKEN ARROW | POB SEC 2 18 14 .42AC",High,parsed cleanly,Medium,True,False,Included because bid_cost 5854.25 is within range and residential_likelihood=Medium,No Clear Match,Low,,Unknown,Unknown,Unknown,Unknown,Unknown,Unknown,Unknown,"No specific street, corridor, neighborhood, or ZIP overlap found",Medium,No Clear Match,6.0,Mid Investment,Moderate,Complete,Strong,Low,Unknown,Unknown,High,"Bid cost 5854.25, parcel_id 98402-84-02-01880, address quality Complete, property clarity Strong, strict development match No Clear Match, match quality Low, development signal Low, data confidence High.",ZIP unknown; development upside not clearly supported; no clear strict development overlap
25050-03-34-06390,Unknown,5929 E KING ST N,Tulsa,OK,Unknown,LT 53 BLK 14,5882.74,R IMP,57,"390 25050-03-34-06390 5929 E KING ST N 7,182 R IMP 5,882.74 395.25 | LT 53 BLK 14 CITY OF TULSA | MAPLEWOOD ADDN",High,parsed cleanly,High,True,False,Included because bid_cost 5882.74 is within range and residential_likelihood=High,No Clear Match,Low,,Unknown,Unknown,Unknown,Unknown,Unknown,Unknown,Unknown,"No specific street, corridor, neighborhood, or ZIP overlap found",Medium,No Clear Match,6.0,Mid Investment,Moderate,Complete,Strong,Low,Unknown,Unknown,High,"Bid cost 5882.74, parcel_id 25050-03-34-06390, address quality Complete, property clarity Strong, strict development match No Clear Match, match quality Low, development signal Low, data confidence High.",ZIP unknown; development upside not clearly supported; no clear strict development overlap
34375-92-22-05090,Unknown,3822 S 31 AV W,Tulsa,OK,Unknown,LT 4 & E10 VAC ALLEY ADJ ON W BLK 34,5891.41,R IMP,88,"598 34375-92-22-05090 3822 S 31 AV W 15,000 R IMP 5,891.41 348.00 | LT 4 & E10 VAC ALLEY ADJ ON W BLK 34 CITY OF TULSA | RED FORK",High,parsed cleanly,High,True,False,Included because bid_cost 5891.41 is within range and residential_likelihood=High,No Clear Match,Low,,Unknown,Unknown,Unknown,Unknown,Unknown,Unknown,Unknown,"No specific street, corridor, neighborhood, or ZIP overlap found",Medium,No Clear Match,6.0,Mid Investment,Moderate,Complete,Strong,Low,Unknown,Unknown,High,"Bid cost 5891.41, parcel_id 34375-92-22-05090, address quality Complete, property clarity Strong, strict development match No Clear Match, match quality Low, development signal Low, data confidence High.",ZIP unknown; development upside not clearly supported; no clear strict development overlap
11600-93-30-07650,Unknown,1426 E 42 ST S,Tulsa,OK,Unknown,LT 3 BLK 2,5893.97,R IMP,26,"171 11600-93-30-07650 1426 E 42 ST S 7,040 R IMP 5,893.97 379.50 | LT 3 BLK 2 CITY OF TULSA | DON-LEE",High,parsed cleanly,High,True,False,Included because bid_cost 5893.97 is within range and residential_likelihood=High,No Clear Match,Low,,Unknown,Unknown,Unknown,Unknown,Unknown,Unknown,Unknown,"No specific street, corridor, neighborhood, or ZIP overlap found",Medium,No Clear Match,6.0,Mid Investment,Moderate,Complete,Strong,Low,Unknown,Unknown,High,"Bid cost 5893.97, parcel_id 11600-93-30-07650, address quality Complete, property clarity Strong, strict development match No Clear Match, match quality Low, development signal Low, data confidence High.",ZIP unknown; development upside not clearly supported; no clear strict development overlap
74850-94-19-17590,Unknown,10826 E 33 CT S,Tulsa,OK,Unknown,LT 17 BLK 4,5896.33,R HS IMP,170,"1161 74850-94-19-17590 10826 E 33 CT S 8,737 R HS IMP 5,896.33 348.00 | LT 17 BLK 4 CITY OF TULSA | BRIARDALE",High,parsed cleanly,High,True,False,Included because bid_cost 5896.33 is within range and residential_likelihood=High,No Clear Match,Low,,Unknown,Unknown,Unknown,Unknown,Unknown,Unknown,Unknown,"No specific street, corridor, neighborhood, or ZIP overlap found",Medium,No Clear Match,6.0,Mid Investment,Moderate,Complete,Strong,Low,Unknown,Unknown,High,"Bid cost 5896.33, parcel_id 74850-94-19-17590, address quality Complete, property clarity Strong, strict development match No Clear Match, match quality Low, development signal Low, data confidence High.",ZIP unknown; development upside not clearly supported; no clear strict development overlap
14625-93-12-00820,Unknown,1228 S 83 AV E,Tulsa,OK,Unknown,LT 14 BLK 3,5972.06,R IMP,31,"209 14625-93-12-00820 1228 S 83 AV E 47,005 R IMP 5,972.06 379.50 | LT 14 BLK 3 CITY OF TULSA | FOREST ACRES",High,parsed cleanly,High,True,False,Included because bid_cost 5972.06 is within range and residential_likelihood=High,No Clear Match,Low,,Unknown,Unknown,Unknown,Unknown,Unknown,Unknown,Unknown,"No specific street, corridor, neighborhood, or ZIP overlap found",Medium,No Clear Match,6.0,Mid Investment,Moderate,Complete,Strong,Low,Unknown,Unknown,High,"Bid cost 5972.06, parcel_id 14625-93-12-00820, address quality Complete, property clarity Strong, strict development match No Clear Match, match quality Low, development signal Low, data confidence High.",ZIP unknown; development upside not clearly supported; no clear strict development overlap
45350-94-06-07770,Unknown,138 S 107 AV E,Tulsa,OK,Unknown,LT 15 BK 5,5972.06,R IMP,132,"898 45350-94-06-07770 138 S 107 AV E 6,785 R IMP 5,972.06 363.75 | LT 15 BK 5 CITY OF TULSA | WAGON WHEEL ADDN",High,parsed cleanly,High,True,False,Included because bid_cost 5972.06 is within range and residential_likelihood=High,No Clear Match,Low,,Unknown,Unknown,Unknown,Unknown,Unknown,Unknown,Unknown,"No specific street, corridor, neighborhood, or ZIP overlap found",Medium,No Clear Match,6.0,Mid Investment,Moderate,Complete,Strong,Low,Unknown,Unknown,High,"Bid cost 5972.06, parcel_id 45350-94-06-07770, address quality Complete, property clarity Strong, strict development match No Clear Match, match quality Low, development signal Low, data confidence High.",ZIP unknown; development upside not clearly supported; no clear strict development overlap
97328-73-28-61960,Unknown,4621 E 171 ST S,Unknown,OK,Unknown,W/2 E/2 SW SE SE SEC 28 17 13 2.5AC TULSA COUNTY,6008.44,R HS IMP,193,"1312 97328-73-28-61960 4621 E 171 ST S 104,816 R HS IMP 6,008.44 363.75 | W/2 E/2 SW SE SE SEC 28 17 13 2.5AC TULSA COUNTY | UNPLATTED",High,parsed cleanly,High,True,False,Included because bid_cost 6008.44 is within range and residential_likelihood=High,No Clear Match,Invalid Weak Match,Weak match removed; previous match was based on generic location wording.,Unknown,Unknown,Unknown,Unknown,Unknown,Unknown,Unknown,Weak generic overlap only: TULSA,Medium,Strong Match,5.8,Mid Investment,Moderate,Complete,Strong,Low,Unknown,Unknown,High,"Bid cost 6008.44, parcel_id 97328-73-28-61960, address quality Complete, property clarity Strong, strict development match No Clear Match, match quality Invalid Weak Match, development signal Low, data confidence High.",ZIP unknown; development upside not clearly supported; no clear strict development overlap; weak generic development match removed
38975-92-33-02620,Unknown,3751 W 52 PL S,Tulsa,OK,Unknown,LOTS 22 23 BLK 4,6022.06,R IMP,100,"673 38975-92-33-02620 3751 W 52 PL S 6,500 R IMP 6,022.06 316.50 | LOTS 22 23 BLK 4 CITY OF TULSA | SOUTH HAVEN AMD",High,parsed cleanly,High,True,False,Included because bid_cost 6022.06 is within range and residential_likelihood=High,No Clear Match,Low,,Unknown,Unknown,Unknown,Unknown,Unknown,Unknown,Unknown,"No specific street, corridor, neighborhood, or ZIP overlap found",Medium,No Clear Match,6.0,Mid Investment,Moderate,Complete,Strong,Low,Unknown,Unknown,High,"Bid cost 6022.06, parcel_id 38975-92-33-02620, address quality Complete, property clarity Strong, strict development match No Clear Match, match quality Low, development signal Low, data confidence High.",ZIP unknown; development upside not clearly supported; no clear strict development overlap
62225-91-22-01600,Unknown,112 W 31 PL S,Sand Springs,OK,Unknown,LT 7 BLK 4,6068.41,R IMP,162,"1109 62225-91-22-01600 112 W 31 PL S 7,800 R IMP 6,068.41 332.25 | LT 7 BLK 4 CITY OF SAND SPRINGS | PARK HILLS ESTATES AMD RESUB B13 ROCK HILL",High,parsed cleanly,High,True,False,Included because bid_cost 6068.41 is within range and residential_likelihood=High,No Clear Match,Low,,Unknown,Unknown,Unknown,Unknown,Unknown,Unknown,Unknown,"No specific street, corridor, neighborhood, or ZIP overlap found",Medium,No Clear Match,6.0,Mid Investment,Moderate,Complete,Strong,Low,Unknown,Unknown,High,"Bid cost 6068.41, parcel_id 62225-91-22-01600, address quality Complete, property clarity Strong, strict development match No Clear Match, match quality Low, development signal Low, data confidence High.",ZIP unknown; development upside not clearly supported; no clear strict development overlap
61400-14-30-07430,Unknown,402 N CARLSBAD ST W,Owasso,OK,Unknown,LT 2 BLK 2,6083.84,R IMP,160,"1095 61400-14-30-07430 402 N CARLSBAD ST W 7,320 R IMP 6,083.84 332.25 | LT 2 BLK 2 CITY OF OWASSO | STARLANE",High,parsed cleanly,High,True,False,Included because bid_cost 6083.84 is within range and residential_likelihood=High,No Clear Match,Low,,Unknown,Unknown,Unknown,Unknown,Unknown,Unknown,Unknown,"No specific street, corridor, neighborhood, or ZIP overlap found",Medium,No Clear Match,6.0,Mid Investment,Moderate,Complete,Strong,Low,Unknown,Unknown,High,"Bid cost 6083.84, parcel_id 61400-14-30-07430, address quality Complete, property clarity Strong, strict development match No Clear Match, match quality Low, development signal Low, data confidence High.",ZIP unknown; development upside not clearly supported; no clear strict development overlap
57845-73-14-53600,Unknown,14750 S GRANT ST W,City Of Bixby,OK,Unknown,LT 10 BLK 1,6144.71,C IMP,156,"1064 57845-73-14-53600 14750 S GRANT ST W 12,000 C IMP 6,144.71 411.00 | LT 10 BLK 1 CITY OF BIXBY | MORRIS BRIGHT INDUSTRIAL PARK ADDN",High,parsed cleanly,Medium,True,False,Included because bid_cost 6144.71 is within range and residential_likelihood=Medium,No Clear Match,Low,,Unknown,Unknown,Unknown,Unknown,Unknown,Unknown,Unknown,"No specific street, corridor, neighborhood, or ZIP overlap found",Medium,No Clear Match,6.0,Bad Investment,Moderate,Complete,Strong,Low,Unknown,Unknown,High,"Bid cost 6144.71, parcel_id 57845-73-14-53600, address quality Complete, property clarity Strong, strict development match No Clear Match, match quality Low, development signal Low, data confidence High.",ZIP unknown; development upside not clearly supported; no clear strict development overlap
08300-93-04-02320,Unknown,3311 E 5 PL S,Tulsa,OK,Unknown,LT 18 BLK 2,6169.38,R IMP,18,"119 08300-93-04-02320 3311 E 5 PL S 8,456 R IMP 6,169.38 332.25 | LT 18 BLK 2 CITY OF TULSA | CHULA VISTA FIRST ADDN",High,parsed cleanly,High,True,False,Included because bid_cost 6169.38 is within range and residential_likelihood=High,No Clear Match,Low,,Unknown,Unknown,Unknown,Unknown,Unknown,Unknown,Unknown,"No specific street, corridor, neighborhood, or ZIP overlap found",Medium,No Clear Match,6.0,Mid Investment,Moderate,Complete,Strong,Low,Unknown,Unknown,High,"Bid cost 6169.38, parcel_id 08300-93-04-02320, address quality Complete, property clarity Strong, strict development match No Clear Match, match quality Low, development signal Low, data confidence High.",ZIP unknown; development upside not clearly supported; no clear strict development overlap
74965-94-20-07530,Unknown,3123 S 121 AV E,Tulsa,OK,Unknown,LT 14 BLK 7,6234.04,R IMP,170,"1164 74965-94-20-07530 3123 S 121 AV E 8,400 R IMP 6,234.04 411.00 | LT 14 BLK 7 CITY OF TULSA | BRIARGLEN EXT PRT RES A BRIARGLEN",High,parsed cleanly,High,True,False,Included because bid_cost 6234.04 is within range and residential_likelihood=High,No Clear Match,Low,,Unknown,Unknown,Unknown,Unknown,Unknown,Unknown,Unknown,"No specific street, corridor, neighborhood, or ZIP overlap found",Medium,No Clear Match,6.0,Mid Investment,Moderate,Complete,Strong,Low,Unknown,Unknown,High,"Bid cost 6234.04, parcel_id 74965-94-20-07530, address quality Complete, property clarity Strong, strict development match No Clear Match, match quality Low, development signal Low, data confidence High.",ZIP unknown; development upside not clearly supported; no clear strict development overlap
34600-93-25-02750,Unknown,4926 S 86 AV E,Tulsa,OK,Unknown,LT 20 BK 3,6246.97,R HS IMP,89,"602 34600-93-25-02750 4926 S 86 AV E 8,122 R HS IMP 6,246.97 363.75 | LT 20 BK 3 CITY OF TULSA | REGENCY PARK WEST",High,parsed cleanly,High,True,False,Included because bid_cost 6246.97 is within range and residential_likelihood=High,No Clear Match,Low,,Unknown,Unknown,Unknown,Unknown,Unknown,Unknown,Unknown,"No specific street, corridor, neighborhood, or ZIP overlap found",Medium,No Clear Match,6.0,Mid Investment,Moderate,Complete,Strong,Low,Unknown,Unknown,High,"Bid cost 6246.97, parcel_id 34600-93-25-02750, address quality Complete, property clarity Strong, strict development match No Clear Match, match quality Low, development signal Low, data confidence High.",ZIP unknown; development upside not clearly supported; no clear strict development overlap
45350-94-06-06870,Unknown,10620 E ADMIRAL PL N,Tulsa,OK,Unknown,LT 7 BK 1,6267.37,R IMP,132,"896 45350-94-06-06870 10620 E ADMIRAL PL N 7,421 R IMP 6,267.37 316.50 | LT 7 BK 1 CITY OF TULSA | WAGON WHEEL ADDN",High,parsed cleanly,High,True,False,Included because bid_cost 6267.37 is within range and residential_likelihood=High,No Clear Match,Low,,Unknown,Unknown,Unknown,Unknown,Unknown,Unknown,Unknown,"No specific street, corridor, neighborhood, or ZIP overlap found",Medium,No Clear Match,6.0,Mid Investment,Moderate,Complete,Strong,Low,Unknown,Unknown,High,"Bid cost 6267.37, parcel_id 45350-94-06-06870, address quality Complete, property clarity Strong, strict development match No Clear Match, match quality Low, development signal Low, data confidence High.",ZIP unknown; development upside not clearly supported; no clear strict development overlap
36525-94-02-00450,Unknown,142 S 169 AV E,Tulsa,OK,Unknown,LT 15 BLK 2,6294.01,R HS IMP,93,"630 36525-94-02-00450 142 S 169 AV E 7,445 R HS IMP 6,294.01 411.00 | LT 15 BLK 2 CITY OF TULSA | ROSE DEW ADDN",High,parsed cleanly,High,True,False,Included because bid_cost 6294.01 is within range and residential_likelihood=High,No Clear Match,Low,,Unknown,Unknown,Unknown,Unknown,Unknown,Unknown,Unknown,"No specific street, corridor, neighborhood, or ZIP overlap found",Medium,No Clear Match,6.0,Mid Investment,Moderate,Complete,Strong,Low,Unknown,Unknown,High,"Bid cost 6294.01, parcel_id 36525-94-02-00450, address quality Complete, property clarity Strong, strict development match No Clear Match, match quality Low, development signal Low, data confidence High.",ZIP unknown; development upside not clearly supported; no clear strict development overlap
31100-93-02-05790,Unknown,538 S 79 AV E,Tulsa,OK,Unknown,LOT-18-BLK-3,6328.03,R IMP,83,"562 31100-93-02-05790 538 S 79 AV E 7,380 R IMP 6,328.03 379.50 | LOT-18-BLK-3 CITY OF TULSA | PAMELA ACRES",High,parsed cleanly,High,True,False,Included because bid_cost 6328.03 is within range and residential_likelihood=High,No Clear Match,Low,,Unknown,Unknown,Unknown,Unknown,Unknown,Unknown,Unknown,"No specific street, corridor, neighborhood, or ZIP overlap found",Medium,No Clear Match,6.0,Mid Investment,Moderate,Complete,Strong,Low,Unknown,Unknown,High,"Bid cost 6328.03, parcel_id 31100-93-02-05790, address quality Complete, property clarity Strong, strict development match No Clear Match, match quality Low, development signal Low, data confidence High.",ZIP unknown; development upside not clearly supported; no clear strict development overlap
26390-94-16-15330,Unknown,2716 S 130 AV E,Tulsa,OK,Unknown,LT 2 BLK 4,6353.46,R IMP,61,"416 26390-94-16-15330 2716 S 130 AV E 8,223 R IMP 6,353.46 363.75 | LT 2 BLK 4 CITY OF TULSA | MAYO PLAZA EXTENDED ADDN",High,parsed cleanly,High,True,False,Included because bid_cost 6353.46 is within range and residential_likelihood=High,No Clear Match,Low,,Unknown,Unknown,Unknown,Unknown,Unknown,Unknown,Unknown,"No specific street, corridor, neighborhood, or ZIP overlap found",Medium,No Clear Match,6.0,Mid Investment,Moderate,Complete,Strong,Low,Unknown,Unknown,High,"Bid cost 6353.46, parcel_id 26390-94-16-15330, address quality Complete, property clarity Strong, strict development match No Clear Match, match quality Low, development signal Low, data confidence High.",ZIP unknown; development upside not clearly supported; no clear strict development overlap
82170-84-21-72600,Unknown,2812 S DOGWOOD AV W,Broken Arrow,OK,Unknown,LT 11 BLK 3,6384.77,R HS IMP,178,"1215 82170-84-21-72600 2812 S DOGWOOD AV W 10,391 R HS IMP 6,384.77 316.50 | LT 11 BLK 3 CITY OF BROKEN ARROW | WOLF CREEK ESTATES VI",High,parsed cleanly,High,True,False,Included because bid_cost 6384.77 is within range and residential_likelihood=High,No Clear Match,Low,,Unknown,Unknown,Unknown,Unknown,Unknown,Unknown,Unknown,"No specific street, corridor, neighborhood, or ZIP overlap found",Medium,No Clear Match,6.0,Mid Investment,Moderate,Complete,Strong,Low,Unknown,Unknown,High,"Bid cost 6384.77, parcel_id 82170-84-21-72600, address quality Complete, property clarity Strong, strict development match No Clear Match, match quality Low, development signal Low, data confidence High.",ZIP unknown; development upside not clearly supported; no clear strict development overlap
03312-03-20-04220,Unknown,2645 N LEWIS AV E,Tulsa,OK,Unknown,LTS 10 & 11 BLK 12,6391.36,C IMP,7,"45 03312-03-20-04220 2645 N LEWIS AV E 18,571 C IMP 6,391.36 411.00 | LTS 10 & 11 BLK 12 CITY OF TULSA | THE BEN C FRANKLIN ADDN",High,parsed cleanly,Medium,True,False,Included because bid_cost 6391.36 is within range and residential_likelihood=Medium,No Clear Match,Low,,Unknown,Unknown,Unknown,Unknown,Unknown,Unknown,Unknown,"No specific street, corridor, neighborhood, or ZIP overlap found",Medium,No Clear Match,6.0,Mid Investment,Moderate,Complete,Strong,Low,Unknown,Unknown,High,"Bid cost 6391.36, parcel_id 03312-03-20-04220, address quality Complete, property clarity Strong, strict development match No Clear Match, match quality Low, development signal Low, data confidence High.",ZIP unknown; development upside not clearly supported; no clear strict development overlap
61375-14-30-06240,Unknown,901 N ELM ST E,Owasso,OK,Unknown,LT 11 BLK 1,6394.3,R IMP,160,"1094 61375-14-30-06240 901 N ELM ST E 10,008 R IMP 6,394.30 332.25 | LT 11 BLK 1 CITY OF OWASSO | SMITHVIEW",High,parsed cleanly,High,True,False,Included because bid_cost 6394.30 is within range and residential_likelihood=High,No Clear Match,Low,,Unknown,Unknown,Unknown,Unknown,Unknown,Unknown,Unknown,"No specific street, corridor, neighborhood, or ZIP overlap found",Medium,No Clear Match,6.0,Mid Investment,Moderate,Complete,Strong,Low,Unknown,Unknown,High,"Bid cost 6394.30, parcel_id 61375-14-30-06240, address quality Complete, property clarity Strong, strict development match No Clear Match, match quality Low, development signal Low, data confidence High.",ZIP unknown; development upside not clearly supported; no clear strict development overlap
04025-93-15-00650,Unknown,5790 E 26 ST S,Tulsa,OK,Unknown,LT 3 BLK 3,6416.85,R HS IMP,8,"54 04025-93-15-00650 5790 E 26 ST S 10,362 R HS IMP 6,416.85 379.50 | LT 3 BLK 3 CITY OF TULSA | BOMAN ACRES",High,parsed cleanly,High,True,False,Included because bid_cost 6416.85 is within range and residential_likelihood=High,No Clear Match,Low,,Unknown,Unknown,Unknown,Unknown,Unknown,Unknown,Unknown,"No specific street, corridor, neighborhood, or ZIP overlap found",Medium,No Clear Match,6.0,Mid Investment,Moderate,Complete,Strong,Low,Unknown,Unknown,High,"Bid cost 6416.85, parcel_id 04025-93-15-00650, address quality Complete, property clarity Strong, strict development match No Clear Match, match quality Low, development signal Low, data confidence High.",ZIP unknown; development upside not clearly supported; no clear strict development overlap
45625-93-21-16710,Unknown,3518 S SANDUSKY AV E,Tulsa,OK,Unknown,ALL LT 26 PT LT 27 BLK 7 BEG SELY COR LT27 TH,6474.68,R HS IMP,133,"906 45625-93-21-16710 3518 S SANDUSKY AV E 7,839 R HS IMP 6,474.68 363.75 | ALL LT 26 PT LT 27 BLK 7 BEG SELY COR LT27 TH CITY OF TULSA | SWLY LONG SLY L 110 TO SWLY COR THNWLY LONG",High,parsed cleanly,High,True,False,Included because bid_cost 6474.68 is within range and residential_likelihood=High,No Clear Match,Low,,Unknown,Unknown,Unknown,Unknown,Unknown,Unknown,Unknown,"No specific street, corridor, neighborhood, or ZIP overlap found",Medium,No Clear Match,6.0,Mid Investment,Moderate,Complete,Strong,Low,Unknown,Unknown,High,"Bid cost 6474.68, parcel_id 45625-93-21-16710, address quality Complete, property clarity Strong, strict development match No Clear Match, match quality Low, development signal Low, data confidence High.",ZIP unknown; development upside not clearly supported; no clear strict development overlap
23600-93-24-15470,Unknown,8149 E 31 CT S,Tulsa,OK,Unknown,LOT-23-BLK-2,6496.28,R HS IMP,52,"352 23600-93-24-15470 8149 E 31 CT S 8,470 R HS IMP 6,496.28 348.00 | LOT-23-BLK-2 CITY OF TULSA | LONGVIEW ACRES 3RD ADDN",High,parsed cleanly,High,True,False,Included because bid_cost 6496.28 is within range and residential_likelihood=High,No Clear Match,Low,,Unknown,Unknown,Unknown,Unknown,Unknown,Unknown,Unknown,"No specific street, corridor, neighborhood, or ZIP overlap found",Medium,No Clear Match,6.0,Mid Investment,Moderate,Complete,Strong,Low,Unknown,Unknown,High,"Bid cost 6496.28, parcel_id 23600-93-24-15470, address quality Complete, property clarity Strong, strict development match No Clear Match, match quality Low, development signal Low, data confidence High.",ZIP unknown; development upside not clearly supported; no clear strict development overlap
10800-93-01-04840,Unknown,49 S 85 AV E,Tulsa,OK,Unknown,S 99 LT 1 BLK 3,6504.01,B IMP,24,"156 10800-93-01-04840 49 S 85 AV E 15,345 B IMP 6,504.01 332.25 | S 99 LT 1 BLK 3 CITY OF TULSA | DAY SUBURBAN ACRES",High,parsed cleanly,Medium,True,False,Included because bid_cost 6504.01 is within range and residential_likelihood=Medium,No Clear Match,Low,,Unknown,Unknown,Unknown,Unknown,Unknown,Unknown,Unknown,"No specific street, corridor, neighborhood, or ZIP overlap found",Medium,No Clear Match,5.5,Mid Investment,Weak,Complete,Strong,Low,Unknown,Unknown,High,"Bid cost 6504.01, parcel_id 10800-93-01-04840, address quality Complete, property clarity Strong, strict development match No Clear Match, match quality Low, development signal Low, data confidence High.",ZIP unknown; development upside not clearly supported; no clear strict development overlap
55980-74-05-47490,Unknown,12606 S 119 AV E,Unknown,OK,Unknown,LOT 9 BLK 1 TULSA COUNTY,6518.27,R IMP,152,"1035 55980-74-05-47490 12606 S 119 AV E 52,227 R IMP 6,518.27 363.75 | LOT 9 BLK 1 TULSA COUNTY | WILLOW SPRINGS WEST ADDN",High,parsed cleanly,High,True,False,Included because bid_cost 6518.27 is within range and residential_likelihood=High,No Clear Match,Invalid Weak Match,Weak match removed; previous match was based on generic location wording.,Unknown,Unknown,Unknown,Unknown,Unknown,Unknown,Unknown,Weak generic overlap only: TULSA,Medium,Strong Match,5.2,Mid Investment,Weak,Complete,Strong,Low,Unknown,Unknown,High,"Bid cost 6518.27, parcel_id 55980-74-05-47490, address quality Complete, property clarity Strong, strict development match No Clear Match, match quality Invalid Weak Match, development signal Low, data confidence High.",ZIP unknown; development upside not clearly supported; no clear strict development overlap; weak generic development match removed
45575-93-04-21370,Unknown,234 S INDIANAPOLIS AV E,Tulsa,OK,Unknown,LT 8 BLK 12,6542.71,R IMP,133,"904 45575-93-04-21370 234 S INDIANAPOLIS AV E 8,694 R IMP 6,542.71 348.00 | LT 8 BLK 12 CITY OF TULSA | WALNUT PARK ADDN",High,parsed cleanly,High,True,False,Included because bid_cost 6542.71 is within range and residential_likelihood=High,No Clear Match,Low,,Unknown,Unknown,Unknown,Unknown,Unknown,Unknown,Unknown,"No specific street, corridor, neighborhood, or ZIP overlap found",Medium,No Clear Match,5.5,Mid Investment,Weak,Complete,Strong,Low,Unknown,Unknown,High,"Bid cost 6542.71, parcel_id 45575-93-04-21370, address quality Complete, property clarity Strong, strict development match No Clear Match, match quality Low, development signal Low, data confidence High.",ZIP unknown; development upside not clearly supported; no clear strict development overlap
99301-93-01-11400,Unknown,9201 E ADMIRAL CT N,Tulsa,OK,Unknown,PRT GOV LT 2 BEG 1545.15W NEC NE TH W108.35,6555.34,C IMP,202,"1364 99301-93-01-11400 9201 E ADMIRAL CT N 24,336 C IMP 6,555.34 316.50 | PRT GOV LT 2 BEG 1545.15W NEC NE TH W108.35 CITY OF TULSA | S224.61 E108.35 N224.61 POB SEC 1 19 13 .56AC",High,parsed cleanly,Medium,True,False,Included because bid_cost 6555.34 is within range and residential_likelihood=Medium,No Clear Match,Low,,Unknown,Unknown,Unknown,Unknown,Unknown,Unknown,Unknown,"No specific street, corridor, neighborhood, or ZIP overlap found",Medium,No Clear Match,5.5,Mid Investment,Weak,Complete,Strong,Low,Unknown,Unknown,High,"Bid cost 6555.34, parcel_id 99301-93-01-11400, address quality Complete, property clarity Strong, strict development match No Clear Match, match quality Low, development signal Low, data confidence High.",ZIP unknown; development upside not clearly supported; no clear strict development overlap
20300-92-03-06160,Unknown,1704 W RECONCILIATION,Unknown,OK,Unknown,E 50' LTS 1 2 BLK 24 WY N,6557.34,R IMP,42,"287 20300-92-03-06160 1704 W RECONCILIATION 5,000 R IMP 6,557.34 316.50 | E 50' LTS 1 2 BLK 24 WY N | IRVING PLACE CITY OF TULSA",High,parsed cleanly,High,True,False,Included because bid_cost 6557.34 is within range and residential_likelihood=High,No Clear Match,Low,,Unknown,Unknown,Unknown,Unknown,Unknown,Unknown,Unknown,"No specific street, corridor, neighborhood, or ZIP overlap found",Medium,No Clear Match,5.5,Mid Investment,Weak,Complete,Strong,Low,Unknown,Unknown,High,"Bid cost 6557.34, parcel_id 20300-92-03-06160, address quality Complete, property clarity Strong, strict development match No Clear Match, match quality Low, development signal Low, data confidence High.",ZIP unknown; development upside not clearly supported; no clear strict development overlap
17925-92-04-03930,Unknown,328 S 46 AV W,Tulsa,OK,Unknown,LOT 6 BLK 6,6595.34,R IMP,38,"257 17925-92-04-03930 328 S 46 AV W 8,400 R IMP 6,595.34 316.50 | LOT 6 BLK 6 CITY OF TULSA | HAYDEN-LEWIS ADDN",High,parsed cleanly,High,True,False,Included because bid_cost 6595.34 is within range and residential_likelihood=High,No Clear Match,Low,,Unknown,Unknown,Unknown,Unknown,Unknown,Unknown,Unknown,"No specific street, corridor, neighborhood, or ZIP overlap found",Medium,No Clear Match,5.5,Mid Investment,Weak,Complete,Strong,Low,Unknown,Unknown,High,"Bid cost 6595.34, parcel_id 17925-92-04-03930, address quality Complete, property clarity Strong, strict development match No Clear Match, match quality Low, development signal Low, data confidence High.",ZIP unknown; development upside not clearly supported; no clear strict development overlap
98210-82-10-15720,Unknown,ADDRESS UNKNOWN,Tulsa,OK,Unknown,NW SE SE SW LESS E25 & LESS N174 THEREOF SEC,6599.34,R,194,"1317 98210-82-10-15720 ADDRESS UNKNOWN 47,553 R 6,599.34 302.25 | NW SE SE SW LESS E25 & LESS N174 THEREOF SEC CITY OF TULSA | 10 18 12 1.092ACS",Medium,partial or unknown address,High,True,False,Included because bid_cost 6599.34 is within range and residential_likelihood=High,Unknown,Low,,Unknown,Unknown,Unknown,Unknown,Unknown,Unknown,Unknown,Insufficient overlap data,Low,Unknown,4.1,Mid Investment,Weak,Partial,Moderate,Low,Unknown,Unknown,Medium,"Bid cost 6599.34, parcel_id 98210-82-10-15720, address quality Partial, property clarity Moderate, strict development match Unknown, match quality Low, development signal Low, data confidence Medium.",ZIP unknown; development upside not clearly supported; no clear strict development overlap; address not fully verified
90329-03-29-41780,Unknown,1504 N HARVARD AV E,Tulsa,OK,Unknown,TR IN SE BEG 160.5W & 50N SECR SE TH N105.5,6614.0,C IMP,185,"1260 90329-03-29-41780 1504 N HARVARD AV E 10,954 C IMP 6,614.00 316.50 | TR IN SE BEG 160.5W & 50N SECR SE TH N105.5 CITY OF TULSA | E110.5 S TO PT OF CRV RT SWLY ALG CRV TO PT W",High,parsed cleanly,Medium,True,False,Included because bid_cost 6614.00 is within range and residential_likelihood=Medium,Strong Match,High,,Tulsa Market District,Tulsa Market District / NOMA residential hub,Multifamily / Mixed-use neighborhood hub,High,https://partnertulsa.org/community-partner-profile-how-noma-is-creating-community-along-the-mother-road/,Community Partner Profile: How NOMA is Creating Community Along the Mother Road - PartnerTulsa,"NOMA added a 256-unit residential hub in the Tulsa Market District along Route 66 and was described as part of a broader effort to revitalize vacant spaces, improve walkability, and support new commercial activity in the corridor.",Specific street/corridor overlap: HARVARD,High,Strong Match,7.5,Mid Investment,Weak,Complete,Strong,High,Positive,Unknown,High,"Bid cost 6614.00, parcel_id 90329-03-29-41780, address quality Complete, property clarity Strong, strict development match Strong Match, match quality High, development signal High, data confidence High.",ZIP unknown
78540-84-14-02370,Unknown,514 W QUINCY ST S,Broken Arrow,OK,Unknown,LT 1 BLK 3,6614.67,R IMP,174,"1190 78540-84-14-02370 514 W QUINCY ST S 8,750 R IMP 6,614.67 395.25 | LT 1 BLK 3 CITY OF BROKEN ARROW | BROKEN ARROW HGTS 3RD ADDN RESUB TR1-5 B6",High,parsed cleanly,High,True,False,Included because bid_cost 6614.67 is within range and residential_likelihood=High,No Clear Match,Low,,Unknown,Unknown,Unknown,Unknown,Unknown,Unknown,Unknown,"No specific street, corridor, neighborhood, or ZIP overlap found",Medium,No Clear Match,5.5,Mid Investment,Weak,Complete,Strong,Low,Unknown,Unknown,High,"Bid cost 6614.67, parcel_id 78540-84-14-02370, address quality Complete, property clarity Strong, strict development match No Clear Match, match quality Low, development signal Low, data confidence High.",ZIP unknown; development upside not clearly supported; no clear strict development overlap
61975-91-12-03150,Unknown,908 E FOREST DR N,Sand Springs,OK,Unknown,LT 11 BLK 7,6681.26,R IMP,162,"1106 61975-91-12-03150 908 E FOREST DR N 7,320 R IMP 6,681.26 316.50 | LT 11 BLK 7 CITY OF SAND SPRINGS | OAK PARK ADDN",High,parsed cleanly,High,True,False,Included because bid_cost 6681.26 is within range and residential_likelihood=High,No Clear Match,Low,,Unknown,Unknown,Unknown,Unknown,Unknown,Unknown,Unknown,"No specific street, corridor, neighborhood, or ZIP overlap found",Medium,No Clear Match,5.5,Mid Investment,Weak,Complete,Strong,Low,Unknown,Unknown,High,"Bid cost 6681.26, parcel_id 61975-91-12-03150, address quality Complete, property clarity Strong, strict development match No Clear Match, match quality Low, development signal Low, data confidence High.",ZIP unknown; development upside not clearly supported; no clear strict development overlap
12425-92-04-02590,Unknown,137 N 44 AV W,Tulsa,OK,Unknown,LT 13 BLK 7,6690.66,R IMP,28,"188 12425-92-04-02590 137 N 44 AV W 11,745 R IMP 6,690.66 348.00 | LT 13 BLK 7 CITY OF TULSA | EDISON ROAD IV ADDN",High,parsed cleanly,High,True,False,Included because bid_cost 6690.66 is within range and residential_likelihood=High,No Clear Match,Low,,Unknown,Unknown,Unknown,Unknown,Unknown,Unknown,Unknown,"No specific street, corridor, neighborhood, or ZIP overlap found",Medium,No Clear Match,5.5,Mid Investment,Weak,Complete,Strong,Low,Unknown,Unknown,High,"Bid cost 6690.66, parcel_id 12425-92-04-02590, address quality Complete, property clarity Strong, strict development match No Clear Match, match quality Low, development signal Low, data confidence High.",ZIP unknown; development upside not clearly supported; no clear strict development overlap
00725-03-33-00530,Unknown,1326 N KNOXVILLE AV E,Tulsa,OK,Unknown,LT 2,6743.65,R IMP,1,"5 00725-03-33-00530 1326 N KNOXVILLE AV E 9,435 R IMP 6,743.65 442.50 | LT 2 CITY OF TULSA | ACME ACRE ADDN RESUB L41-42",High,parsed cleanly,High,True,False,Included because bid_cost 6743.65 is within range and residential_likelihood=High,No Clear Match,Low,,Unknown,Unknown,Unknown,Unknown,Unknown,Unknown,Unknown,"No specific street, corridor, neighborhood, or ZIP overlap found",Medium,No Clear Match,5.5,Mid Investment,Weak,Complete,Strong,Low,Unknown,Unknown,High,"Bid cost 6743.65, parcel_id 00725-03-33-00530, address quality Complete, property clarity Strong, strict development match No Clear Match, match quality Low, development signal Low, data confidence High.",ZIP unknown; development upside not clearly supported; no clear strict development overlap
40375-94-08-07940,Unknown,1640 S 128 AV E,Tulsa,OK,Unknown,LOT 34 BLK 4,6791.32,R IMP,103,"699 40375-94-08-07940 1640 S 128 AV E 7,082 R IMP 6,791.32 348.00 | LOT 34 BLK 4 CITY OF TULSA | STACEY LYNN THIRD AMD",High,parsed cleanly,High,True,False,Included because bid_cost 6791.32 is within range and residential_likelihood=High,No Clear Match,Low,,Unknown,Unknown,Unknown,Unknown,Unknown,Unknown,Unknown,"No specific street, corridor, neighborhood, or ZIP overlap found",Medium,No Clear Match,5.5,Mid Investment,Weak,Complete,Strong,Low,Unknown,Unknown,High,"Bid cost 6791.32, parcel_id 40375-94-08-07940, address quality Complete, property clarity Strong, strict development match No Clear Match, match quality Low, development signal Low, data confidence High.",ZIP unknown; development upside not clearly supported; no clear strict development overlap
08150-94-08-00330,Unknown,11524 E 15 ST S,Tulsa,OK,Unknown,LT 2 BLK 2,6800.65,R IMP,18,"118 08150-94-08-00330 11524 E 15 ST S 12,688 R IMP 6,800.65 348.00 | LT 2 BLK 2 CITY OF TULSA | CHEROKEE VILLAGE",High,parsed cleanly,High,True,False,Included because bid_cost 6800.65 is within range and residential_likelihood=High,No Clear Match,Low,,Unknown,Unknown,Unknown,Unknown,Unknown,Unknown,Unknown,"No specific street, corridor, neighborhood, or ZIP overlap found",Medium,No Clear Match,5.5,Mid Investment,Weak,Complete,Strong,Low,Unknown,Unknown,High,"Bid cost 6800.65, parcel_id 08150-94-08-00330, address quality Complete, property clarity Strong, strict development match No Clear Match, match quality Low, development signal Low, data confidence High.",ZIP unknown; development upside not clearly supported; no clear strict development overlap
54425-02-02-04980,Unknown,405 W 58 ST N,Unknown,OK,Unknown,LT 6 BLK 2 TULSA COUNTY MH NOT INCLUDED,6819.31,R HS IMP,147,"1000 54425-02-02-04980 405 W 58 ST N 40,000 R HS IMP 6,819.31 363.75 | LT 6 BLK 2 TULSA COUNTY MH NOT INCLUDED | VINING ACRES",High,parsed cleanly,High,True,False,Included because bid_cost 6819.31 is within range and residential_likelihood=High,No Clear Match,Invalid Weak Match,Weak match removed; previous match was based on generic location wording.,Unknown,Unknown,Unknown,Unknown,Unknown,Unknown,Unknown,Weak generic overlap only: TULSA,Medium,Strong Match,5.2,Mid Investment,Weak,Complete,Strong,Low,Unknown,Unknown,High,"Bid cost 6819.31, parcel_id 54425-02-02-04980, address quality Complete, property clarity Strong, strict development match No Clear Match, match quality Invalid Weak Match, development signal Low, data confidence High.",ZIP unknown; development upside not clearly supported; no clear strict development overlap; weak generic development match removed
20575-93-30-08990,Unknown,4103 S PEORIA AV E,Tulsa,OK,Unknown,LT 4 BLK 1,6826.65,C IMP,43,"290 20575-93-30-08990 4103 S PEORIA AV E 6,500 C IMP 6,826.65 332.25 | LT 4 BLK 1 CITY OF TULSA | JENNINGS-ROBARDS ADDN",High,parsed cleanly,Medium,True,False,Included because bid_cost 6826.65 is within range and residential_likelihood=Medium,Strong Match,High,,Tulsa Market District,Tulsa Market District / NOMA residential hub,Multifamily / Mixed-use neighborhood hub,High,https://partnertulsa.org/community-partner-profile-how-noma-is-creating-community-along-the-mother-road/,Community Partner Profile: How NOMA is Creating Community Along the Mother Road - PartnerTulsa,"NOMA added a 256-unit residential hub in the Tulsa Market District along Route 66 and was described as part of a broader effort to revitalize vacant spaces, improve walkability, and support new commercial activity in the corridor.",Specific street/corridor overlap: PEORIA,High,Strong Match,7.5,Mid Investment,Weak,Complete,Strong,High,Positive,Unknown,High,"Bid cost 6826.65, parcel_id 20575-93-30-08990, address quality Complete, property clarity Strong, strict development match Strong Match, match quality High, development signal High, data confidence High.",ZIP unknown
24525-94-07-04110,Unknown,1622 S 108 AV E,Tulsa,OK,Unknown,LT 25 BLK 13,6830.15,R HS IMP,56,"379 24525-94-07-04110 1622 S 108 AV E 8,592 R HS IMP 6,830.15 316.50 | LT 25 BLK 13 CITY OF TULSA | MAGIC CIRCLE ADDN",High,parsed cleanly,High,True,False,Included because bid_cost 6830.15 is within range and residential_likelihood=High,No Clear Match,Low,,Unknown,Unknown,Unknown,Unknown,Unknown,Unknown,Unknown,"No specific street, corridor, neighborhood, or ZIP overlap found",Medium,No Clear Match,5.5,Mid Investment,Weak,Complete,Strong,Low,Unknown,Unknown,High,"Bid cost 6830.15, parcel_id 24525-94-07-04110, address quality Complete, property clarity Strong, strict development match No Clear Match, match quality Low, development signal Low, data confidence High.",ZIP unknown; development upside not clearly supported; no clear strict development overlap
57628-73-15-20120,Unknown,14901 S YALE AV E,City Of Bixby,OK,Unknown,LT 1 BLK 1,6855.98,C,155,"1060 57628-73-15-20120 14901 S YALE AV E 116,670 C 6,855.98 333.75 | LT 1 BLK 1 CITY OF BIXBY | CELEBRITY COUNTRY RESUB B2 SITRIN CENTER",High,parsed cleanly,Medium,True,False,Included because bid_cost 6855.98 is within range and residential_likelihood=Medium,No Clear Match,Low,,Unknown,Unknown,Unknown,Unknown,Unknown,Unknown,Unknown,"No specific street, corridor, neighborhood, or ZIP overlap found",Medium,No Clear Match,5.5,Mid Investment,Weak,Complete,Strong,Low,Unknown,Unknown,High,"Bid cost 6855.98, parcel_id 57628-73-15-20120, address quality Complete, property clarity Strong, strict development match No Clear Match, match quality Low, development signal Low, data confidence High.",ZIP unknown; development upside not clearly supported; no clear strict development overlap
12210-94-16-41680,Unknown,13322 E 28 ST S,Tulsa,OK,Unknown,LT 19 BLK 2,6862.64,R IMP,28,"186 12210-94-16-41680 13322 E 28 ST S 6,820 R IMP 6,862.64 316.50 | LT 19 BLK 2 CITY OF TULSA | EASTPARK",High,parsed cleanly,High,True,False,Included because bid_cost 6862.64 is within range and residential_likelihood=High,No Clear Match,Low,,Unknown,Unknown,Unknown,Unknown,Unknown,Unknown,Unknown,"No specific street, corridor, neighborhood, or ZIP overlap found",Medium,No Clear Match,5.5,Mid Investment,Weak,Complete,Strong,Low,Unknown,Unknown,High,"Bid cost 6862.64, parcel_id 12210-94-16-41680, address quality Complete, property clarity Strong, strict development match No Clear Match, match quality Low, development signal Low, data confidence High.",ZIP unknown; development upside not clearly supported; no clear strict development overlap
54375-02-01-07910,Unknown,1148 E 60 ST N,Unknown,OK,Unknown,LTS 1 THRU 5 BLK 6 TULSA COUNTY,6907.12,C IMP,146,"994 54375-02-01-07910 1148 E 60 ST N 17,500 C IMP 6,907.12 332.25 | LTS 1 THRU 5 BLK 6 TULSA COUNTY | TURLEY-ORIGINAL TOWN",High,parsed cleanly,Medium,True,False,Included because bid_cost 6907.12 is within range and residential_likelihood=Medium,No Clear Match,Invalid Weak Match,Weak match removed; previous match was based on generic location wording.,Unknown,Unknown,Unknown,Unknown,Unknown,Unknown,Unknown,Weak generic overlap only: TULSA,Medium,Strong Match,5.2,Mid Investment,Weak,Complete,Strong,Low,Unknown,Unknown,High,"Bid cost 6907.12, parcel_id 54375-02-01-07910, address quality Complete, property clarity Strong, strict development match No Clear Match, match quality Invalid Weak Match, development signal Low, data confidence High.",ZIP unknown; development upside not clearly supported; no clear strict development overlap; weak generic development match removed
84830-72-11-53420,Unknown,248 E 137 ST S,City Of Glenpool,OK,Unknown,LT 24 BLK 4,6927.56,R HS IMP,179,"1224 84830-72-11-53420 248 E 137 ST S 9,000 R HS IMP 6,927.56 348.00 | LT 24 BLK 4 CITY OF GLENPOOL | APPALOOSA ACRES SECOND",High,parsed cleanly,High,True,False,Included because bid_cost 6927.56 is within range and residential_likelihood=High,No Clear Match,Low,,Unknown,Unknown,Unknown,Unknown,Unknown,Unknown,Unknown,"No specific street, corridor, neighborhood, or ZIP overlap found",Medium,No Clear Match,5.5,Mid Investment,Weak,Complete,Strong,Low,Unknown,Unknown,High,"Bid cost 6927.56, parcel_id 84830-72-11-53420, address quality Complete, property clarity Strong, strict development match No Clear Match, match quality Low, development signal Low, data confidence High.",ZIP unknown; development upside not clearly supported; no clear strict development overlap
45350-94-06-08780,Unknown,10623 E 4 ST S,Tulsa,OK,Unknown,LT 32 BK 8,6949.58,R IMP,132,"899 45350-94-06-08780 10623 E 4 ST S 7,200 R IMP 6,949.58 348.00 | LT 32 BK 8 CITY OF TULSA | WAGON WHEEL ADDN",High,parsed cleanly,High,True,False,Included because bid_cost 6949.58 is within range and residential_likelihood=High,No Clear Match,Low,,Unknown,Unknown,Unknown,Unknown,Unknown,Unknown,Unknown,"No specific street, corridor, neighborhood, or ZIP overlap found",Medium,No Clear Match,5.5,Mid Investment,Weak,Complete,Strong,Low,Unknown,Unknown,High,"Bid cost 6949.58, parcel_id 45350-94-06-08780, address quality Complete, property clarity Strong, strict development match No Clear Match, match quality Low, development signal Low, data confidence High.",ZIP unknown; development upside not clearly supported; no clear strict development overlap
80610-84-11-13910,Unknown,806 N CEDAR AV W,Broken Arrow,OK,Unknown,LTS 15 16 BLK 8,6953.43,R HS IMP,177,"1206 80610-84-11-13910 806 N CEDAR AV W 7,000 R HS IMP 6,953.43 332.25 | LTS 15 16 BLK 8 CITY OF BROKEN ARROW | NORTH SIDE ADDN",High,parsed cleanly,High,True,False,Included because bid_cost 6953.43 is within range and residential_likelihood=High,No Clear Match,Low,,Unknown,Unknown,Unknown,Unknown,Unknown,Unknown,Unknown,"No specific street, corridor, neighborhood, or ZIP overlap found",Medium,No Clear Match,5.5,Mid Investment,Weak,Complete,Strong,Low,Unknown,Unknown,High,"Bid cost 6953.43, parcel_id 80610-84-11-13910, address quality Complete, property clarity Strong, strict development match No Clear Match, match quality Low, development signal Low, data confidence High.",ZIP unknown; development upside not clearly supported; no clear strict development overlap
36540-94-02-16310,Unknown,16312 E 4 PL S,Tulsa,OK,Unknown,LT 28 BLK 24,6968.63,R IMP,93,"633 36540-94-02-16310 16312 E 4 PL S 7,440 R IMP 6,968.63 426.75 | LT 28 BLK 24 CITY OF TULSA | ROSE DEW THIRD ADDN",High,parsed cleanly,High,True,False,Included because bid_cost 6968.63 is within range and residential_likelihood=High,No Clear Match,Low,,Unknown,Unknown,Unknown,Unknown,Unknown,Unknown,Unknown,"No specific street, corridor, neighborhood, or ZIP overlap found",Medium,No Clear Match,5.5,Mid Investment,Weak,Complete,Strong,Low,Unknown,Unknown,High,"Bid cost 6968.63, parcel_id 36540-94-02-16310, address quality Complete, property clarity Strong, strict development match No Clear Match, match quality Low, development signal Low, data confidence High.",ZIP unknown; development upside not clearly supported; no clear strict development overlap
98412-84-12-02870,Unknown,315 N 14 ST E,Broken Arrow,OK,Unknown,BEG 1320N & 576W SECR SE NW TH E245 S110 W245,6982.63,R IMP,198,"1337 98412-84-12-02870 315 N 14 ST E 26,571 R IMP 6,982.63 332.25 | BEG 1320N & 576W SECR SE NW TH E245 S110 W245 CITY OF BROKEN ARROW | N110 TO BEG SEC 12 18 14",High,parsed cleanly,High,True,False,Included because bid_cost 6982.63 is within range and residential_likelihood=High,No Clear Match,Low,,Unknown,Unknown,Unknown,Unknown,Unknown,Unknown,Unknown,"No specific street, corridor, neighborhood, or ZIP overlap found",Medium,No Clear Match,5.5,Mid Investment,Weak,Complete,Strong,Low,Unknown,Unknown,High,"Bid cost 6982.63, parcel_id 98412-84-12-02870, address quality Complete, property clarity Strong, strict development match No Clear Match, match quality Low, development signal Low, data confidence High.",ZIP unknown; development upside not clearly supported; no clear strict development overlap
57490-90-30-41030,Unknown,5009 S ROBERT E LEE TE,Unknown,OK,Unknown,PRT LT 8 BEG SWC TH E165 N165 NW212.25 W33 W,6993.39,R HS IMP,155,"1056 57490-90-30-41030 5009 S ROBERT E LEE TE 43,635 R HS IMP 6,993.39 316.50 | PRT LT 8 BEG SWC TH E165 N165 NW212.25 W33 W | S330.75 POB BLK 2 TULSA COUNTY",High,parsed cleanly,High,True,False,Included because bid_cost 6993.39 is within range and residential_likelihood=High,No Clear Match,Low,,Unknown,Unknown,Unknown,Unknown,Unknown,Unknown,Unknown,"No specific street, corridor, neighborhood, or ZIP overlap found",Medium,No Clear Match,5.5,Mid Investment,Weak,Complete,Strong,Low,Unknown,Unknown,High,"Bid cost 6993.39, parcel_id 57490-90-30-41030, address quality Complete, property clarity Strong, strict development match No Clear Match, match quality Low, development signal Low, data confidence High.",ZIP unknown; development upside not clearly supported; no clear strict development overlap
85175-72-12-57030,Unknown,1277 E 139 ST S,City Of Glenpool,OK,Unknown,LT 6 BLK 2,7004.96,R HS IMP,180,"1228 85175-72-12-57030 1277 E 139 ST S 7,260 R HS IMP 7,004.96 379.50 | LT 6 BLK 2 CITY OF GLENPOOL | KENDALWOOD III AMD",High,parsed cleanly,High,True,False,Included because bid_cost 7004.96 is within range and residential_likelihood=High,No Clear Match,Low,,Unknown,Unknown,Unknown,Unknown,Unknown,Unknown,Unknown,"No specific street, corridor, neighborhood, or ZIP overlap found",Medium,No Clear Match,5.5,Mid Investment,Weak,Complete,Strong,Low,Unknown,Unknown,High,"Bid cost 7004.96, parcel_id 85175-72-12-57030, address quality Complete, property clarity Strong, strict development match No Clear Match, match quality Low, development signal Low, data confidence High.",ZIP unknown; development upside not clearly supported; no clear strict development overlap
46000-93-30-11430,Unknown,1558 E 41 ST S,Tulsa,OK,Unknown,LOT 7 BLK 1,7025.18,R IMP,134,"910 46000-93-30-11430 1558 E 41 ST S 8,316 R IMP 7,025.18 363.75 | LOT 7 BLK 1 CITY OF TULSA | WARREN HGTS L1-17 B1 L1&23 B2 L1&25 B3 L1-11 B4",High,parsed cleanly,High,True,False,Included because bid_cost 7025.18 is within range and residential_likelihood=High,No Clear Match,Low,,Unknown,Unknown,Unknown,Unknown,Unknown,Unknown,Unknown,"No specific street, corridor, neighborhood, or ZIP overlap found",Medium,No Clear Match,5.5,Mid Investment,Weak,Complete,Strong,Low,Unknown,Unknown,High,"Bid cost 7025.18, parcel_id 46000-93-30-11430, address quality Complete, property clarity Strong, strict development match No Clear Match, match quality Low, development signal Low, data confidence High.",ZIP unknown; development upside not clearly supported; no clear strict development overlap
12145-94-09-44920,Unknown,1733 S 141 AV E,Tulsa,OK,Unknown,LT 8 BLK 13,7033.29,R IMP,27,"181 12145-94-09-44920 1733 S 141 AV E 6,900 R IMP 7,033.29 332.25 | LT 8 BLK 13 CITY OF TULSA | EASTLAND PARK",High,parsed cleanly,High,True,False,Included because bid_cost 7033.29 is within range and residential_likelihood=High,No Clear Match,Low,,Unknown,Unknown,Unknown,Unknown,Unknown,Unknown,Unknown,"No specific street, corridor, neighborhood, or ZIP overlap found",Medium,No Clear Match,5.5,Mid Investment,Weak,Complete,Strong,Low,Unknown,Unknown,High,"Bid cost 7033.29, parcel_id 12145-94-09-44920, address quality Complete, property clarity Strong, strict development match No Clear Match, match quality Low, development signal Low, data confidence High.",ZIP unknown; development upside not clearly supported; no clear strict development overlap
14175-03-33-03800,Unknown,131 N MARION AV E,Tulsa,OK,Unknown,ALL OF LT 26 & S 25 OF LT 27 BLK 17,7064.62,R IMP,31,"208 14175-03-33-03800 131 N MARION AV E 10,500 R IMP 7,064.62 348.00 | ALL OF LT 26 & S 25 OF LT 27 BLK 17 CITY OF TULSA | FEDERAL HGTS SECOND ADDN",High,parsed cleanly,High,True,False,Included because bid_cost 7064.62 is within range and residential_likelihood=High,No Clear Match,Low,,Unknown,Unknown,Unknown,Unknown,Unknown,Unknown,Unknown,"No specific street, corridor, neighborhood, or ZIP overlap found",Medium,No Clear Match,5.5,Mid Investment,Weak,Complete,Strong,Low,Unknown,Unknown,High,"Bid cost 7064.62, parcel_id 14175-03-33-03800, address quality Complete, property clarity Strong, strict development match No Clear Match, match quality Low, development signal Low, data confidence High.",ZIP unknown; development upside not clearly supported; no clear strict development overlap
16375-93-03-05080,Unknown,5939 E 7 ST S,Tulsa,OK,Unknown,LT 10 BLK 3,7071.29,R IMP,36,"241 16375-93-03-05080 5939 E 7 ST S 11,775 R IMP 7,071.29 332.25 | LT 10 BLK 3 CITY OF TULSA | GLENHAVEN & GLENHAVEN AMD RESUB",High,parsed cleanly,High,True,False,Included because bid_cost 7071.29 is within range and residential_likelihood=High,No Clear Match,Low,,Unknown,Unknown,Unknown,Unknown,Unknown,Unknown,Unknown,"No specific street, corridor, neighborhood, or ZIP overlap found",Medium,No Clear Match,5.5,Mid Investment,Weak,Complete,Strong,Low,Unknown,Unknown,High,"Bid cost 7071.29, parcel_id 16375-93-03-05080, address quality Complete, property clarity Strong, strict development match No Clear Match, match quality Low, development signal Low, data confidence High.",ZIP unknown; development upside not clearly supported; no clear strict development overlap
08675-93-01-02070,Unknown,529 S 90 AV E,Tulsa,OK,Unknown,LT 7 BLK 22,7105.95,R HS IMP,19,"125 08675-93-01-02070 529 S 90 AV E 17,670 R HS IMP 7,105.95 442.50 | LT 7 BLK 22 CITY OF TULSA | CLARLAND ACRES B17-19 & PRT B21-22",High,parsed cleanly,High,True,False,Included because bid_cost 7105.95 is within range and residential_likelihood=High,No Clear Match,Low,,Unknown,Unknown,Unknown,Unknown,Unknown,Unknown,Unknown,"No specific street, corridor, neighborhood, or ZIP overlap found",Medium,No Clear Match,5.5,Mid Investment,Weak,Complete,Strong,Low,Unknown,Unknown,High,"Bid cost 7105.95, parcel_id 08675-93-01-02070, address quality Complete, property clarity Strong, strict development match No Clear Match, match quality Low, development signal Low, data confidence High.",ZIP unknown; development upside not clearly supported; no clear strict development overlap
30800-93-07-13130,Unknown,1716 S ST LOUIS AV E,Tulsa,OK,Unknown,LT 4 BLK 21,7119.92,R IMP,82,"556 30800-93-07-13130 1716 S ST LOUIS AV E 7,000 R IMP 7,119.92 379.50 | LT 4 BLK 21 CITY OF TULSA | ORCUTT ADDN",High,parsed cleanly,High,True,False,Included because bid_cost 7119.92 is within range and residential_likelihood=High,No Clear Match,Low,,Unknown,Unknown,Unknown,Unknown,Unknown,Unknown,Unknown,"No specific street, corridor, neighborhood, or ZIP overlap found",Medium,No Clear Match,5.5,Mid Investment,Weak,Complete,Strong,Low,Unknown,Unknown,High,"Bid cost 7119.92, parcel_id 30800-93-07-13130, address quality Complete, property clarity Strong, strict development match No Clear Match, match quality Low, development signal Low, data confidence High.",ZIP unknown; development upside not clearly supported; no clear strict development overlap
04175-93-14-07050,Unknown,7721 E 30 PL S,Tulsa,OK,Unknown,LT 14 BLK 34,7152.78,R IMP,9,"59 04175-93-14-07050 7721 E 30 PL S 9,750 R IMP 7,152.78 316.50 | LT 14 BLK 34 CITY OF TULSA | BOMAN ACRES FOURTH ADDN",High,parsed cleanly,High,True,False,Included because bid_cost 7152.78 is within range and residential_likelihood=High,No Clear Match,Low,,Unknown,Unknown,Unknown,Unknown,Unknown,Unknown,Unknown,"No specific street, corridor, neighborhood, or ZIP overlap found",Medium,No Clear Match,5.5,Mid Investment,Weak,Complete,Strong,Low,Unknown,Unknown,High,"Bid cost 7152.78, parcel_id 04175-93-14-07050, address quality Complete, property clarity Strong, strict development match No Clear Match, match quality Low, development signal Low, data confidence High.",ZIP unknown; development upside not clearly supported; no clear strict development overlap
61500-91-27-00840,Unknown,4817 S NASSAU AV W,Sand Springs,OK,Unknown,LT 27 BLK 3,7162.16,R IMP,161,"1099 61500-91-27-00840 4817 S NASSAU AV W 7,800 R IMP 7,162.16 316.50 | LT 27 BLK 3 CITY OF SAND SPRINGS | ANGUS VALLEY ACRES",High,parsed cleanly,High,True,False,Included because bid_cost 7162.16 is within range and residential_likelihood=High,No Clear Match,Low,,Unknown,Unknown,Unknown,Unknown,Unknown,Unknown,Unknown,"No specific street, corridor, neighborhood, or ZIP overlap found",Medium,No Clear Match,5.5,Mid Investment,Weak,Complete,Strong,Low,Unknown,Unknown,High,"Bid cost 7162.16, parcel_id 61500-91-27-00840, address quality Complete, property clarity Strong, strict development match No Clear Match, match quality Low, development signal Low, data confidence High.",ZIP unknown; development upside not clearly supported; no clear strict development overlap
85375-72-14-01945,Unknown,42 W 142 ST S,City Of Glenpool,OK,Unknown,W65 LTS 18 19 & 20 BLK 6,7175.68,R IMP,180,"1233 85375-72-14-01945 42 W 142 ST S 4,875 R IMP 7,175.68 316.50 | W65 LTS 18 19 & 20 BLK 6 CITY OF GLENPOOL | STEWART'S PLAT",High,parsed cleanly,High,True,False,Included because bid_cost 7175.68 is within range and residential_likelihood=High,No Clear Match,Low,,Unknown,Unknown,Unknown,Unknown,Unknown,Unknown,Unknown,"No specific street, corridor, neighborhood, or ZIP overlap found",Medium,No Clear Match,5.5,Mid Investment,Weak,Complete,Strong,Low,Unknown,Unknown,High,"Bid cost 7175.68, parcel_id 85375-72-14-01945, address quality Complete, property clarity Strong, strict development match No Clear Match, match quality Low, development signal Low, data confidence High.",ZIP unknown; development upside not clearly supported; no clear strict development overlap
42025-93-07-18720,Unknown,1711 E 13 PL S,Tulsa,OK,Unknown,LT 15 BLK 14,7230.61,R HS IMP,117,"791 42025-93-07-18720 1711 E 13 PL S 6,750 R HS IMP 7,230.61 411.00 | LT 15 BLK 14 CITY OF TULSA | TERRACE DRIVE ADDN RESUB B6 & L1-3 B4",High,parsed cleanly,High,True,False,Included because bid_cost 7230.61 is within range and residential_likelihood=High,No Clear Match,Low,,Unknown,Unknown,Unknown,Unknown,Unknown,Unknown,Unknown,"No specific street, corridor, neighborhood, or ZIP overlap found",Medium,No Clear Match,5.5,Mid Investment,Weak,Complete,Strong,Low,Unknown,Unknown,High,"Bid cost 7230.61, parcel_id 42025-93-07-18720, address quality Complete, property clarity Strong, strict development match No Clear Match, match quality Low, development signal Low, data confidence High.",ZIP unknown; development upside not clearly supported; no clear strict development overlap
61940-91-27-37160,Unknown,603 W 47 PL S,Sand Springs,OK,Unknown,LT 10 BLK 2,7258.08,R IMP,162,"1104 61940-91-27-37160 603 W 47 PL S 9,136 R IMP 7,258.08 316.50 | LT 10 BLK 2 CITY OF SAND SPRINGS | LIMESTONE ESTATES",High,parsed cleanly,High,True,False,Included because bid_cost 7258.08 is within range and residential_likelihood=High,No Clear Match,Low,,Unknown,Unknown,Unknown,Unknown,Unknown,Unknown,Unknown,"No specific street, corridor, neighborhood, or ZIP overlap found",Medium,No Clear Match,5.5,Mid Investment,Weak,Complete,Strong,Low,Unknown,Unknown,High,"Bid cost 7258.08, parcel_id 61940-91-27-37160, address quality Complete, property clarity Strong, strict development match No Clear Match, match quality Low, development signal Low, data confidence High.",ZIP unknown; development upside not clearly supported; no clear strict development overlap
46875-93-03-13050,Unknown,5101 E 11 ST S,Tulsa,OK,Unknown,LOT 7 BLK 29,7273.93,C IMP,135,"916 46875-93-03-13050 5101 E 11 ST S 14,830 C IMP 7,273.93 316.50 | LOT 7 BLK 29 CITY OF TULSA | WHITE CITY ADDN",High,parsed cleanly,Medium,True,False,Included because bid_cost 7273.93 is within range and residential_likelihood=Medium,No Clear Match,Low,,Unknown,Unknown,Unknown,Unknown,Unknown,Unknown,Unknown,"No specific street, corridor, neighborhood, or ZIP overlap found",Medium,No Clear Match,5.5,Mid Investment,Weak,Complete,Strong,Low,Unknown,Unknown,High,"Bid cost 7273.93, parcel_id 46875-93-03-13050, address quality Complete, property clarity Strong, strict development match No Clear Match, match quality Low, development signal Low, data confidence High.",ZIP unknown; development upside not clearly supported; no clear strict development overlap
22775-94-17-02590,Unknown,2325 S 119 AV E,Tulsa,OK,Unknown,LOT-5-BLK-9,7281.27,R IMP,49,"330 22775-94-17-02590 2325 S 119 AV E 8,494 R IMP 7,281.27 363.75 | LOT-5-BLK-9 CITY OF TULSA | LESLIE LEIGH SECOND ADDN",High,parsed cleanly,High,True,False,Included because bid_cost 7281.27 is within range and residential_likelihood=High,No Clear Match,Low,,Unknown,Unknown,Unknown,Unknown,Unknown,Unknown,Unknown,"No specific street, corridor, neighborhood, or ZIP overlap found",Medium,No Clear Match,5.5,Mid Investment,Weak,Complete,Strong,Low,Unknown,Unknown,High,"Bid cost 7281.27, parcel_id 22775-94-17-02590, address quality Complete, property clarity Strong, strict development match No Clear Match, match quality Low, development signal Low, data confidence High.",ZIP unknown; development upside not clearly supported; no clear strict development overlap
20300-92-03-04570,Unknown,1707 W EASTON PL N,Tulsa,OK,Unknown,LT 11 BLK 8,7303.81,R HS IMP,42,"284 20300-92-03-04570 1707 W EASTON PL N 7,000 R HS IMP 7,303.81 395.25 | LT 11 BLK 8 CITY OF TULSA | IRVING PLACE",High,parsed cleanly,High,True,False,Included because bid_cost 7303.81 is within range and residential_likelihood=High,No Clear Match,Low,,Unknown,Unknown,Unknown,Unknown,Unknown,Unknown,Unknown,"No specific street, corridor, neighborhood, or ZIP overlap found",Medium,No Clear Match,5.5,Mid Investment,Weak,Complete,Strong,Low,Unknown,Unknown,High,"Bid cost 7303.81, parcel_id 20300-92-03-04570, address quality Complete, property clarity Strong, strict development match No Clear Match, match quality Low, development signal Low, data confidence High.",ZIP unknown; development upside not clearly supported; no clear strict development overlap
17950-92-04-04930,Unknown,134 S 42 AV W,Tulsa,OK,Unknown,LT 7 BLK 3,7308.6,R IMP,38,"259 17950-92-04-04930 134 S 42 AV W 8,680 R IMP 7,308.60 348.00 | LT 7 BLK 3 CITY OF TULSA | HAYDEN-LEWIS SECOND ADDN",High,parsed cleanly,High,True,False,Included because bid_cost 7308.60 is within range and residential_likelihood=High,No Clear Match,Low,,Unknown,Unknown,Unknown,Unknown,Unknown,Unknown,Unknown,"No specific street, corridor, neighborhood, or ZIP overlap found",Medium,No Clear Match,5.5,Mid Investment,Weak,Complete,Strong,Low,Unknown,Unknown,High,"Bid cost 7308.60, parcel_id 17950-92-04-04930, address quality Complete, property clarity Strong, strict development match No Clear Match, match quality Low, development signal Low, data confidence High.",ZIP unknown; development upside not clearly supported; no clear strict development overlap
46525-94-05-05250,Unknown,293 S 118 AV E,Tulsa,OK,Unknown,LT 17 BLK 13,7315.38,R IMP,134,"912 46525-94-05-05250 293 S 118 AV E 9,501 R IMP 7,315.38 316.50 | LT 17 BLK 13 CITY OF TULSA | WESTERN VILLAGE SECOND ADDN",High,parsed cleanly,High,True,False,Included because bid_cost 7315.38 is within range and residential_likelihood=High,No Clear Match,Low,,Unknown,Unknown,Unknown,Unknown,Unknown,Unknown,Unknown,"No specific street, corridor, neighborhood, or ZIP overlap found",Medium,No Clear Match,5.5,Mid Investment,Weak,Complete,Strong,Low,Unknown,Unknown,High,"Bid cost 7315.38, parcel_id 46525-94-05-05250, address quality Complete, property clarity Strong, strict development match No Clear Match, match quality Low, development signal Low, data confidence High.",ZIP unknown; development upside not clearly supported; no clear strict development overlap
23850-93-15-12810,Unknown,4920 E 26 PL S,Tulsa,OK,Unknown,LT 17 BLK 4,7334.48,R IMP,53,"358 23850-93-15-12810 4920 E 26 PL S 9,246 R IMP 7,334.48 316.50 | LT 17 BLK 4 CITY OF TULSA | LORTONDALE ADDN",High,parsed cleanly,High,True,False,Included because bid_cost 7334.48 is within range and residential_likelihood=High,No Clear Match,Low,,Unknown,Unknown,Unknown,Unknown,Unknown,Unknown,Unknown,"No specific street, corridor, neighborhood, or ZIP overlap found",Medium,No Clear Match,5.5,Mid Investment,Weak,Complete,Strong,Low,Unknown,Unknown,High,"Bid cost 7334.48, parcel_id 23850-93-15-12810, address quality Complete, property clarity Strong, strict development match No Clear Match, match quality Low, development signal Low, data confidence High.",ZIP unknown; development upside not clearly supported; no clear strict development overlap
04025-93-15-00140,Unknown,2640 S SHERIDAN RD E,Tulsa,OK,Unknown,LT 3 BLK 1,7339.85,R HS IMP,8,"53 04025-93-15-00140 2640 S SHERIDAN RD E 8,040 R HS IMP 7,339.85 332.25 | LT 3 BLK 1 CITY OF TULSA | BOMAN ACRES",High,parsed cleanly,High,True,False,Included because bid_cost 7339.85 is within range and residential_likelihood=High,No Clear Match,Low,,Unknown,Unknown,Unknown,Unknown,Unknown,Unknown,Unknown,"No specific street, corridor, neighborhood, or ZIP overlap found",Medium,No Clear Match,5.5,Mid Investment,Weak,Complete,Strong,Low,Unknown,Unknown,High,"Bid cost 7339.85, parcel_id 04025-93-15-00140, address quality Complete, property clarity Strong, strict development match No Clear Match, match quality Low, development signal Low, data confidence High.",ZIP unknown; development upside not clearly supported; no clear strict development overlap
37425-04-21-00950,Unknown,E APACHE ST N,Tulsa,OK,Unknown,BLK 1,7347.26,C,94,"639 37425-04-21-00950 E APACHE ST N 422,083 C 7,347.26 270.75 | BLK 1 CITY OF TULSA | SEWELL INDUSTRIAL DISTRICT",Medium,partial or unknown address,Low,True,False,Included because bid_cost 7347.26 is within range and residential_likelihood=Low,No Clear Match,Low,,Unknown,Unknown,Unknown,Unknown,Unknown,Unknown,Unknown,"No specific street, corridor, neighborhood, or ZIP overlap found",Medium,No Clear Match,4.1,Bad Investment,Weak,Partial,Moderate,Low,Unknown,Unknown,Medium,"Bid cost 7347.26, parcel_id 37425-04-21-00950, address quality Partial, property clarity Moderate, strict development match No Clear Match, match quality Low, development signal Low, data confidence Medium.",ZIP unknown; development upside not clearly supported; no clear strict development overlap; address not fully verified
26275-93-09-07670,Unknown,4004 E 11 ST S,Tulsa,OK,Unknown,LT-5-BLK-1,7361.93,C IMP,61,"414 26275-93-09-07670 4004 E 11 ST S 5,000 C IMP 7,361.93 316.50 | LT-5-BLK-1 CITY OF TULSA | MAYO ADDN",High,parsed cleanly,Medium,True,False,Included because bid_cost 7361.93 is within range and residential_likelihood=Medium,No Clear Match,Low,,Unknown,Unknown,Unknown,Unknown,Unknown,Unknown,Unknown,"No specific street, corridor, neighborhood, or ZIP overlap found",Medium,No Clear Match,5.5,Mid Investment,Weak,Complete,Strong,Low,Unknown,Unknown,High,"Bid cost 7361.93, parcel_id 26275-93-09-07670, address quality Complete, property clarity Strong, strict development match No Clear Match, match quality Low, development signal Low, data confidence High.",ZIP unknown; development upside not clearly supported; no clear strict development overlap
77200-94-21-16190,Unknown,3217 S 140 AV E,Tulsa,OK,Unknown,LT 9 BLK 1,7393.92,R IMP,172,"1175 77200-94-21-16190 3217 S 140 AV E 8,157 R IMP 7,393.92 332.25 | LT 9 BLK 1 CITY OF TULSA | SUMMERFIELD",High,parsed cleanly,High,True,False,Included because bid_cost 7393.92 is within range and residential_likelihood=High,No Clear Match,Low,,Unknown,Unknown,Unknown,Unknown,Unknown,Unknown,Unknown,"No specific street, corridor, neighborhood, or ZIP overlap found",Medium,No Clear Match,5.5,Mid Investment,Weak,Complete,Strong,Low,Unknown,Unknown,High,"Bid cost 7393.92, parcel_id 77200-94-21-16190, address quality Complete, property clarity Strong, strict development match No Clear Match, match quality Low, development signal Low, data confidence High.",ZIP unknown; development upside not clearly supported; no clear strict development overlap
61000-14-31-00520,Unknown,404 S BIRCH ST E,Owasso,OK,Unknown,ALL LT 1 & N10.8 LT 2 BLK 33,7416.81,R HS IMP,159,"1085 61000-14-31-00520 404 S BIRCH ST E 15,400 R HS IMP 7,416.81 332.25 | ALL LT 1 & N10.8 LT 2 BLK 33 CITY OF OWASSO | OWASSO-ORIGINAL TOWN",High,parsed cleanly,High,True,False,Included because bid_cost 7416.81 is within range and residential_likelihood=High,No Clear Match,Low,,Unknown,Unknown,Unknown,Unknown,Unknown,Unknown,Unknown,"No specific street, corridor, neighborhood, or ZIP overlap found",Medium,No Clear Match,5.5,Mid Investment,Weak,Complete,Strong,Low,Unknown,Unknown,High,"Bid cost 7416.81, parcel_id 61000-14-31-00520, address quality Complete, property clarity Strong, strict development match No Clear Match, match quality Low, development signal Low, data confidence High.",ZIP unknown; development upside not clearly supported; no clear strict development overlap
22350-93-31-06310,Unknown,1608 E 54 ST S,Tulsa,OK,Unknown,LT 2 BLK 11,7464.7,R IMP,48,"323 22350-93-31-06310 1608 E 54 ST S 7,620 R IMP 7,464.70 332.25 | LT 2 BLK 11 CITY OF TULSA | LECRONE'S LAZY L ADDN B9-12",High,parsed cleanly,High,True,False,Included because bid_cost 7464.70 is within range and residential_likelihood=High,No Clear Match,Low,,Unknown,Unknown,Unknown,Unknown,Unknown,Unknown,Unknown,"No specific street, corridor, neighborhood, or ZIP overlap found",Medium,No Clear Match,5.5,Mid Investment,Weak,Complete,Strong,Low,Unknown,Unknown,High,"Bid cost 7464.70, parcel_id 22350-93-31-06310, address quality Complete, property clarity Strong, strict development match No Clear Match, match quality Low, development signal Low, data confidence High.",ZIP unknown; development upside not clearly supported; no clear strict development overlap
90308-03-08-08590,Unknown,2661 E 54 ST N,Tulsa,OK,Unknown,E/2 W/2 NE NW LESS E165 N264 THEREOF & LESS N50,7542.57,A IMP,183,"1251 90308-03-08-08590 2661 E 54 ST N 375,489 A IMP 7,542.57 316.50 | E/2 W/2 NE NW LESS E165 N264 THEREOF & LESS N50 CITY OF TULSA | THEREOF & LESS S25 THEREOF FOR RD SEC 8 20 13",High,parsed cleanly,Medium,True,False,Included because bid_cost 7542.57 is within range and residential_likelihood=Medium,No Clear Match,Low,,Unknown,Unknown,Unknown,Unknown,Unknown,Unknown,Unknown,"No specific street, corridor, neighborhood, or ZIP overlap found",Medium,No Clear Match,5.5,Mid Investment,Weak,Complete,Strong,Low,Unknown,Unknown,High,"Bid cost 7542.57, parcel_id 90308-03-08-08590, address quality Complete, property clarity Strong, strict development match No Clear Match, match quality Low, development signal Low, data confidence High.",ZIP unknown; development upside not clearly supported; no clear strict development overlap
81210-84-15-63180,Unknown,1657 S PINE AV W,Broken Arrow,OK,Unknown,LT 24 BLK 17,7554.54,R HS IMP,177,"1211 81210-84-15-63180 1657 S PINE AV W 7,656 R HS IMP 7,554.54 474.00 | LT 24 BLK 17 CITY OF BROKEN ARROW | STACEY LYNN FIFTH",High,parsed cleanly,High,True,False,Included because bid_cost 7554.54 is within range and residential_likelihood=High,No Clear Match,Low,,Unknown,Unknown,Unknown,Unknown,Unknown,Unknown,Unknown,"No specific street, corridor, neighborhood, or ZIP overlap found",Medium,No Clear Match,5.5,Mid Investment,Weak,Complete,Strong,Low,Unknown,Unknown,High,"Bid cost 7554.54, parcel_id 81210-84-15-63180, address quality Complete, property clarity Strong, strict development match No Clear Match, match quality Low, development signal Low, data confidence High.",ZIP unknown; development upside not clearly supported; no clear strict development overlap
55200-91-10-03090,Unknown,501 N RIDGE DR W,Unknown,OK,Unknown,N120.35' LOT-9-BLK-19 TULSA COUNTY,7556.8,R HS IMP,150,"1024 55200-91-10-03090 501 N RIDGE DR W 23,640 R HS IMP 7,556.80 316.50 | N120.35' LOT-9-BLK-19 TULSA COUNTY | CHARLES PAGE HOME ACRES NO 2 & RESUB PRT B10",High,parsed cleanly,High,True,False,Included because bid_cost 7556.80 is within range and residential_likelihood=High,No Clear Match,Invalid Weak Match,Weak match removed; previous match was based on generic location wording.,Unknown,Unknown,Unknown,Unknown,Unknown,Unknown,Unknown,Weak generic overlap only: TULSA,Medium,Strong Match,5.2,Mid Investment,Weak,Complete,Strong,Low,Unknown,Unknown,High,"Bid cost 7556.80, parcel_id 55200-91-10-03090, address quality Complete, property clarity Strong, strict development match No Clear Match, match quality Invalid Weak Match, development signal Low, data confidence High.",ZIP unknown; development upside not clearly supported; no clear strict development overlap; weak generic development match removed
18950-93-33-02280,Unknown,4370 E 57 PL S,Tulsa,OK,Unknown,LT 3 BLK 13,7604.75,R HS IMP,40,"271 18950-93-33-02280 4370 E 57 PL S 9,660 R HS IMP 7,604.75 316.50 | LT 3 BLK 13 CITY OF TULSA | HOLLIDAY HILLS ADDN",High,parsed cleanly,High,True,False,Included because bid_cost 7604.75 is within range and residential_likelihood=High,No Clear Match,Low,,Unknown,Unknown,Unknown,Unknown,Unknown,Unknown,Unknown,"No specific street, corridor, neighborhood, or ZIP overlap found",Medium,No Clear Match,5.5,Mid Investment,Weak,Complete,Strong,Low,Unknown,Unknown,High,"Bid cost 7604.75, parcel_id 18950-93-33-02280, address quality Complete, property clarity Strong, strict development match No Clear Match, match quality Low, development signal Low, data confidence High.",ZIP unknown; development upside not clearly supported; no clear strict development overlap
12145-94-09-42810,Unknown,1532 S 140 AV E,Tulsa,OK,Unknown,LT 9 BLK 5,7605.9,R IMP,27,"180 12145-94-09-42810 1532 S 140 AV E 6,900 R IMP 7,605.90 348.00 | LT 9 BLK 5 CITY OF TULSA | EASTLAND PARK",High,parsed cleanly,High,True,False,Included because bid_cost 7605.90 is within range and residential_likelihood=High,No Clear Match,Low,,Unknown,Unknown,Unknown,Unknown,Unknown,Unknown,Unknown,"No specific street, corridor, neighborhood, or ZIP overlap found",Medium,No Clear Match,5.5,Mid Investment,Weak,Complete,Strong,Low,Unknown,Unknown,High,"Bid cost 7605.90, parcel_id 12145-94-09-42810, address quality Complete, property clarity Strong, strict development match No Clear Match, match quality Low, development signal Low, data confidence High.",ZIP unknown; development upside not clearly supported; no clear strict development overlap
91236-12-36-47530,Unknown,7002 N PEORIA AV E,Unknown,OK,Unknown,NE NE SE LESS 1.533ACS FOR RR R/W & LESS N15 TULSA COUNTY,7624.18,C IMP,188,"1277 91236-12-36-47530 7002 N PEORIA AV E 315,822 C IMP 7,624.18 316.50 | NE NE SE LESS 1.533ACS FOR RR R/W & LESS N15 TULSA COUNTY | THEREOF FOR RD & LESS E40 THEREOF FOR RD &",High,parsed cleanly,Medium,True,False,Included because bid_cost 7624.18 is within range and residential_likelihood=Medium,Strong Match,High,,Tulsa Market District,Tulsa Market District / NOMA residential hub,Multifamily / Mixed-use neighborhood hub,High,https://partnertulsa.org/community-partner-profile-how-noma-is-creating-community-along-the-mother-road/,Community Partner Profile: How NOMA is Creating Community Along the Mother Road - PartnerTulsa,"NOMA added a 256-unit residential hub in the Tulsa Market District along Route 66 and was described as part of a broader effort to revitalize vacant spaces, improve walkability, and support new commercial activity in the corridor.",Specific street/corridor overlap: PEORIA,High,Strong Match,7.5,Mid Investment,Weak,Complete,Strong,High,Positive,Unknown,High,"Bid cost 7624.18, parcel_id 91236-12-36-47530, address quality Complete, property clarity Strong, strict development match Strong Match, match quality High, development signal High, data confidence High.",ZIP unknown
38125-92-27-17970,Unknown,4427 S ZENITH AV W,Tulsa,OK,Unknown,LT 7 BK 2,7627.9,R IMP,98,"661 38125-92-27-17970 4427 S ZENITH AV W 10,033 R IMP 7,627.90 348.00 | LT 7 BK 2 CITY OF TULSA | SHERWOOD FOREST",High,parsed cleanly,High,True,False,Included because bid_cost 7627.90 is within range and residential_likelihood=High,No Clear Match,Low,,Unknown,Unknown,Unknown,Unknown,Unknown,Unknown,Unknown,"No specific street, corridor, neighborhood, or ZIP overlap found",Medium,No Clear Match,5.5,Mid Investment,Weak,Complete,Strong,Low,Unknown,Unknown,High,"Bid cost 7627.90, parcel_id 38125-92-27-17970, address quality Complete, property clarity Strong, strict development match No Clear Match, match quality Low, development signal Low, data confidence High.",ZIP unknown; development upside not clearly supported; no clear strict development overlap
78260-84-12-00420,Unknown,212 N 10 ST E,Broken Arrow,OK,Unknown,LOT 14 BLK 4,7636.31,R HS IMP,174,"1187 78260-84-12-00420 212 N 10 ST E 9,709 R HS IMP 7,636.31 332.25 | LOT 14 BLK 4 CITY OF BROKEN ARROW | ARROW VILLAGE ADDN B4-7",High,parsed cleanly,High,True,False,Included because bid_cost 7636.31 is within range and residential_likelihood=High,No Clear Match,Low,,Unknown,Unknown,Unknown,Unknown,Unknown,Unknown,Unknown,"No specific street, corridor, neighborhood, or ZIP overlap found",Medium,No Clear Match,5.5,Mid Investment,Weak,Complete,Strong,Low,Unknown,Unknown,High,"Bid cost 7636.31, parcel_id 78260-84-12-00420, address quality Complete, property clarity Strong, strict development match No Clear Match, match quality Low, development signal Low, data confidence High.",ZIP unknown; development upside not clearly supported; no clear strict development overlap
85240-72-13-61990,Unknown,14269 S QUINCE ST E,City Of Glenpool,OK,Unknown,LT 7 BLK 1,7677.9,R IMP,180,"1231 85240-72-13-61990 14269 S QUINCE ST E 6,921 R IMP 7,677.90 332.25 | LT 7 BLK 1 CITY OF GLENPOOL | PARK LANE PLACE",High,parsed cleanly,High,True,False,Included because bid_cost 7677.90 is within range and residential_likelihood=High,No Clear Match,Low,,Unknown,Unknown,Unknown,Unknown,Unknown,Unknown,Unknown,"No specific street, corridor, neighborhood, or ZIP overlap found",Medium,No Clear Match,5.5,Mid Investment,Weak,Complete,Strong,Low,Unknown,Unknown,High,"Bid cost 7677.90, parcel_id 85240-72-13-61990, address quality Complete, property clarity Strong, strict development match No Clear Match, match quality Low, development signal Low, data confidence High.",ZIP unknown; development upside not clearly supported; no clear strict development overlap
43800-93-04-19590,Unknown,512 S QUEBEC AV E,Tulsa,OK,Unknown,LT 3 BLK 3,7753.89,R IMP,120,"816 43800-93-04-19590 512 S QUEBEC AV E 6,600 R IMP 7,753.89 316.50 | LT 3 BLK 3 CITY OF TULSA | UNIVERSITY PLACE",High,parsed cleanly,High,True,False,Included because bid_cost 7753.89 is within range and residential_likelihood=High,No Clear Match,Low,,Unknown,Unknown,Unknown,Unknown,Unknown,Unknown,Unknown,"No specific street, corridor, neighborhood, or ZIP overlap found",Medium,No Clear Match,5.5,Mid Investment,Weak,Complete,Strong,Low,Unknown,Unknown,High,"Bid cost 7753.89, parcel_id 43800-93-04-19590, address quality Complete, property clarity Strong, strict development match No Clear Match, match quality Low, development signal Low, data confidence High.",ZIP unknown; development upside not clearly supported; no clear strict development overlap
47075-93-30-12810,Unknown,1356 E 44 ST S,Tulsa,OK,Unknown,LT 9 BLK 2,7827.99,R HS IMP,135,"918 47075-93-30-12810 1356 E 44 ST S 7,800 R HS IMP 7,827.99 316.50 | LT 9 BLK 2 CITY OF TULSA | WILDER ADDN",High,parsed cleanly,High,True,False,Included because bid_cost 7827.99 is within range and residential_likelihood=High,No Clear Match,Low,,Unknown,Unknown,Unknown,Unknown,Unknown,Unknown,Unknown,"No specific street, corridor, neighborhood, or ZIP overlap found",Medium,No Clear Match,5.5,Mid Investment,Weak,Complete,Strong,Low,Unknown,Unknown,High,"Bid cost 7827.99, parcel_id 47075-93-30-12810, address quality Complete, property clarity Strong, strict development match No Clear Match, match quality Low, development signal Low, data confidence High.",ZIP unknown; development upside not clearly supported; no clear strict development overlap
42675-93-02-15780,Unknown,7453 E 3 ST S,Tulsa,OK,Unknown,LT 30 BLK 11,7843.21,R IMP,117,"793 42675-93-02-15780 7453 E 3 ST S 8,580 R IMP 7,843.21 332.25 | LT 30 BLK 11 CITY OF TULSA | TOMMY-LEE ADDN",High,parsed cleanly,High,True,False,Included because bid_cost 7843.21 is within range and residential_likelihood=High,No Clear Match,Low,,Unknown,Unknown,Unknown,Unknown,Unknown,Unknown,Unknown,"No specific street, corridor, neighborhood, or ZIP overlap found",Medium,No Clear Match,5.5,Mid Investment,Weak,Complete,Strong,Low,Unknown,Unknown,High,"Bid cost 7843.21, parcel_id 42675-93-02-15780, address quality Complete, property clarity Strong, strict development match No Clear Match, match quality Low, development signal Low, data confidence High.",ZIP unknown; development upside not clearly supported; no clear strict development overlap
74850-94-19-17270,Unknown,10829 E 33 CT S,Tulsa,OK,Unknown,LT 27 BLK 3,7909.2,R IMP,170,"1160 74850-94-19-17270 10829 E 33 CT S 7,004 R IMP 7,909.20 316.50 | LT 27 BLK 3 CITY OF TULSA | BRIARDALE",High,parsed cleanly,High,True,False,Included because bid_cost 7909.20 is within range and residential_likelihood=High,No Clear Match,Low,,Unknown,Unknown,Unknown,Unknown,Unknown,Unknown,Unknown,"No specific street, corridor, neighborhood, or ZIP overlap found",Medium,No Clear Match,5.5,Mid Investment,Weak,Complete,Strong,Low,Unknown,Unknown,High,"Bid cost 7909.20, parcel_id 74850-94-19-17270, address quality Complete, property clarity Strong, strict development match No Clear Match, match quality Low, development signal Low, data confidence High.",ZIP unknown; development upside not clearly supported; no clear strict development overlap
74955-94-20-02740,Unknown,12427 E 32 PL S,Tulsa,OK,Unknown,LT 15 BLK 2,7945.87,R IMP,170,"1163 74955-94-20-02740 12427 E 32 PL S 8,540 R IMP 7,945.87 363.75 | LT 15 BLK 2 CITY OF TULSA | BRIARGLEN EAST PRT RES A BRIARGLEN EXT",High,parsed cleanly,High,True,False,Included because bid_cost 7945.87 is within range and residential_likelihood=High,No Clear Match,Low,,Unknown,Unknown,Unknown,Unknown,Unknown,Unknown,Unknown,"No specific street, corridor, neighborhood, or ZIP overlap found",Medium,No Clear Match,5.5,Mid Investment,Weak,Complete,Strong,Low,Unknown,Unknown,High,"Bid cost 7945.87, parcel_id 74955-94-20-02740, address quality Complete, property clarity Strong, strict development match No Clear Match, match quality Low, development signal Low, data confidence High.",ZIP unknown; development upside not clearly supported; no clear strict development overlap
07900-94-18-00140,Unknown,2117 S 102 AV E,Tulsa,OK,Unknown,LT 14 BLK 1,7964.53,R IMP,17,"115 07900-94-18-00140 2117 S 102 AV E 8,646 R IMP 7,964.53 316.50 | LT 14 BLK 1 CITY OF TULSA | CHARYL LYNN ACRES",High,parsed cleanly,High,True,False,Included because bid_cost 7964.53 is within range and residential_likelihood=High,No Clear Match,Low,,Unknown,Unknown,Unknown,Unknown,Unknown,Unknown,Unknown,"No specific street, corridor, neighborhood, or ZIP overlap found",Medium,No Clear Match,5.5,Mid Investment,Weak,Complete,Strong,Low,Unknown,Unknown,High,"Bid cost 7964.53, parcel_id 07900-94-18-00140, address quality Complete, property clarity Strong, strict development match No Clear Match, match quality Low, development signal Low, data confidence High.",ZIP unknown; development upside not clearly supported; no clear strict development overlap
28725-92-34-02190,Unknown,5609 S 30 AV W,Tulsa,OK,Unknown,LT 2 BLK 12,7966.53,R HS IMP,69,"467 28725-92-34-02190 5609 S 30 AV W 7,800 R HS IMP 7,966.53 348.00 | LT 2 BLK 12 CITY OF TULSA | MOUNTAIN MANOR ADDN",High,parsed cleanly,High,True,False,Included because bid_cost 7966.53 is within range and residential_likelihood=High,No Clear Match,Low,,Unknown,Unknown,Unknown,Unknown,Unknown,Unknown,Unknown,"No specific street, corridor, neighborhood, or ZIP overlap found",Medium,No Clear Match,5.5,Mid Investment,Weak,Complete,Strong,Low,Unknown,Unknown,High,"Bid cost 7966.53, parcel_id 28725-92-34-02190, address quality Complete, property clarity Strong, strict development match No Clear Match, match quality Low, development signal Low, data confidence High.",ZIP unknown; development upside not clearly supported; no clear strict development overlap
49900-93-21-18650,Unknown,3541 S NEW HAVEN AV E,Tulsa,OK,Unknown,LT 9 BLK 1,7966.97,R HS IMP,138,"940 49900-93-21-18650 3541 S NEW HAVEN AV E 7,375 R HS IMP 7,966.97 316.50 | LT 9 BLK 1 CITY OF TULSA | YATES ADDN RESUB B34&47 ALBERT PIKE SUB",High,parsed cleanly,High,True,False,Included because bid_cost 7966.97 is within range and residential_likelihood=High,No Clear Match,Low,,Unknown,Unknown,Unknown,Unknown,Unknown,Unknown,Unknown,"No specific street, corridor, neighborhood, or ZIP overlap found",Medium,No Clear Match,5.5,Mid Investment,Weak,Complete,Strong,Low,Unknown,Unknown,High,"Bid cost 7966.97, parcel_id 49900-93-21-18650, address quality Complete, property clarity Strong, strict development match No Clear Match, match quality Low, development signal Low, data confidence High.",ZIP unknown; development upside not clearly supported; no clear strict development overlap
58000-73-25-00270,Unknown,8727 E 169 PL S,City Of Bixby,OK,Unknown,LT 11 BLK 1,7999.86,R IMP,156,"1068 58000-73-25-00270 8727 E 169 PL S 15,000 R IMP 7,999.86 332.25 | LT 11 BLK 1 CITY OF BIXBY | SAKER ADDN",High,parsed cleanly,High,True,False,Included because bid_cost 7999.86 is within range and residential_likelihood=High,No Clear Match,Low,,Unknown,Unknown,Unknown,Unknown,Unknown,Unknown,Unknown,"No specific street, corridor, neighborhood, or ZIP overlap found",Medium,No Clear Match,5.5,Mid Investment,Weak,Complete,Strong,Low,Unknown,Unknown,High,"Bid cost 7999.86, parcel_id 58000-73-25-00270, address quality Complete, property clarity Strong, strict development match No Clear Match, match quality Low, development signal Low, data confidence High.",ZIP unknown; development upside not clearly supported; no clear strict development overlap
