parcel_id,ai_review_score,investment_category,manual_review_flag,recommendation,development_opportunity_flag,development_opportunity_reason,reasoning_summary,key_risks,missing_information,next_due_diligence_step,confidence_level
40850-02-12-06130,7.2,Strong Manual Review Candidate,True,Research First,False,"The only cited development (Meta Tulsa Data Center at Fair Oaks Innovation Park) has no clear geographic overlap with this parcel; development match strength is explicitly noted as No Clear Match, so it should not be treated as a direct upside driver.","The parcel at 641 E 50 ST N in Tulsa is a residential improvement (R IMP) lot in the Suburban Acres Third Addition with a low bid cost of 3005.03 and high extraction confidence. Address and parcel data are clear, and the rule-based system already flags it as a Strong Manual Review Candidate with a score of 6.8. However, the matched Meta data center project has no street, neighborhood, or ZIP overlap, so development-driven appreciation is uncertain. Missing ZIP and unknown surrounding value/crime conditions introduce risk but do not negate the appeal of the low entry price and clear property type.",ZIP code is unknown; no confirmed overlap with major development activity; surrounding value and crime risk are both unknown; owner listed as Unknown may indicate title or notification complexities; development signal is explicitly Low despite a large regional project.,Exact ZIP code; detailed neighborhood and surrounding property values; current condition of the residential improvement; occupancy status; title status and any additional liens; local crime and code enforcement history.,"Verify the precise location and ZIP, pull county records for structure details and any additional liens, and review neighborhood sales and condition to confirm whether the low bid aligns with realistic resale or rental potential.",High
34300-03-32-15230,7.2,Strong Manual Review Candidate,True,Research First,False,Meta Tulsa Data Center at Fair Oaks Innovation Park has no clear geographic overlap with this parcel; development signal is explicitly Low with No Clear Match.,"The parcel at 135 N COLUMBIA AV E in Tulsa is a residential improvement (R IMP) with a relatively low bid cost of 3005.69 and a clean, specific legal description (LT 24 BLK 4 REDDIN ADDN, CITY OF TULSA). Address and parcel data quality are high, and the rule-based system already scores it 6.8 and labels it a Strong Manual Review Candidate. However, the associated large-scale Meta data center project has no street, neighborhood, or ZIP overlap, so it does not materially enhance this parcel’s priority. The combination of low entry cost, clear property type, and strong data quality justifies manual review, but not a Good Investment classification without more information on surrounding values and condition.",ZIP code and neighborhood context are unknown; no confirmed development or infrastructure improvements directly tied to this location; surrounding value and crime risk are unknown; property condition and occupancy status are not provided.,Exact ZIP code; neighborhood and market context; current structure condition; occupancy/tenancy status; any code violations or liens beyond tax; recent comparable sales or assessed value trends; confirmation of utility access and zoning details beyond R IMP classification.,"Verify the precise location and ZIP, pull county assessor and GIS records for structure details and assessed value, and review neighborhood sales and rental data to determine whether the low bid cost of 3005.69 reflects distress, location risk, or simply tax delinquency.",High
29675-03-07-09890,7.2,Strong Manual Review Candidate,True,Research First,False,The only cited development (Meta Tulsa Data Center at Fair Oaks Innovation Park) has no clear geographic overlap with this parcel; development signal is explicitly Low.,"The parcel at 2017 E 49 ST N in Tulsa is a residential improvement (R IMP) lot in the City of Tulsa, NORTHRIDGE SECOND ADDN AMD, with a relatively low bid cost of 3010.10 and high extraction/data confidence. Address and parcel data are complete and clear, and the rule-based system scores it 6.8 and labels it a Strong Manual Review Candidate. However, the matched development intelligence has no clear street, neighborhood, or ZIP overlap, so it does not materially raise the priority beyond the already strong rule-based signals.",ZIP code is unknown; surrounding value and crime risk are unknown; no confirmed development or infrastructure improvements directly tied to this specific neighborhood; development upside not clearly supported by the cited Meta/Fair Oaks project.,Exact ZIP code; detailed neighborhood and surrounding property values; condition and specifics of the residential improvement; zoning confirmation beyond R IMP label; any liens or encumbrances beyond tax status; local crime and rental/owner-occupancy context.,"Confirm the exact ZIP and map the parcel within Tulsa to assess neighborhood quality and comparable property values, then verify the nature and condition of the residential improvement and check for any additional liens or title complications beyond the tax auction.",High
16250-92-05-01100,7.2,Strong Manual Review Candidate,True,Research First,False,Meta Tulsa Data Center at Fair Oaks Innovation Park has no clear geographic overlap with this parcel; development signal is explicitly Low with No Clear Match.,"The parcel at 426 S 55 AV W in Tulsa is a residential improvement (R IMP) lot in the City of Tulsa with a low bid cost of 3012.36 and a straightforward legal description (LT 6 BLK 5, GLEN ACRES SUB-WEKIWA). Address and parcel data quality are strong and extraction confidence is high, which supports further review. However, the matched development (Meta data center in East Tulsa) has no street, neighborhood, or ZIP overlap, so it does not currently enhance this parcel’s priority. Overall risk/return profile is driven mainly by the low entry cost and clear usability rather than documented external growth catalysts.","ZIP code is unknown; no clear evidence of nearby public or private investment; development signal is Low with no corridor or neighborhood match; surrounding value and crime risk are both unknown, increasing uncertainty about long-term value and liquidity.",Exact ZIP code; any comps or surrounding value indicators; confirmation of current structure condition despite R IMP classification; zoning details beyond generic residential improvement; any local infrastructure or neighborhood improvement projects specific to Glen Acres / Wekiwa area.,"Verify the precise location and ZIP, confirm zoning and allowed residential uses for LT 6 BLK 5 in GLEN ACRES SUB-WEKIWA, and obtain on-the-ground or imagery-based assessment of existing improvements and neighborhood conditions to validate that the low bid cost aligns with acceptable physical and market risk.",High
41025-02-01-06220,7.2,Strong Manual Review Candidate,True,Research First,False,Meta Tulsa Data Center at Fair Oaks Innovation Park has no clear geographic overlap with this parcel; development signal is explicitly Low with No Clear Match.,"The parcel at 5914 N ELGIN AV E in the City of Tulsa is classified as R IMP (residential improved) with a clear legal description (LT 2 BLK 16 SUBURBAN HILLS ADDN) and high extraction confidence. The bid cost of 3015.03 is relatively low, and rule-based scoring (6.8) already flags it as a Strong Manual Review Candidate. However, ZIP and surrounding value data are unknown, and the only cited development (Meta data center in East Tulsa) has no street, neighborhood, or ZIP overlap, so it does not materially enhance this parcel’s priority.",Unknown ZIP and surrounding value; no clear supporting development or infrastructure investment nearby; crime risk and neighborhood quality are unknown; upside is based mainly on low bid and clear residential status rather than documented market momentum.,Exact ZIP code; neighborhood and surrounding property values; physical condition of improvements; occupancy status; code enforcement or nuisance history; detailed crime and school context; confirmation of utilities and access.,"Manually verify the parcel’s exact location and ZIP, inspect or obtain recent imagery of the structure and lot, and pull nearby sales/assessed values to gauge whether the low bid cost aligns with local residential values and risk.",High
41025-02-01-01230,7.2,Strong Manual Review Candidate,True,Research First,False,"The only cited project is the Meta Tulsa Data Center at Fair Oaks Innovation Park, which has no clear street, neighborhood, or ZIP overlap with this parcel; development signal is therefore low despite strong citywide investment momentum.","The parcel at 5607 N FRANKFORT AV E in Tulsa is a residential improvement (R IMP) lot in the Suburban Hills Addition with a relatively low bid cost of 3,021.69 and high extraction confidence. Address and parcel data are clear, supporting basic usability. Rule-based scoring (6.8) already flags it as a Strong Manual Review Candidate. However, the ZIP is unknown and there is no confirmed overlap with the major Meta/Fair Oaks development, so broader development upside is not clearly supported. These factors justify manual review rather than immediate promotion to a higher investment category.",Unknown ZIP and surrounding value context; no clear development overlap with the cited Meta/Fair Oaks project; crime risk and neighborhood quality are unknown; ownership listed as Unknown may indicate potential title or notification complexities.,Exact ZIP code; detailed neighborhood and surrounding property values; condition of the residential improvement; confirmation of occupancy status; title status and any additional liens beyond the tax auction; local crime and code enforcement history.,"Confirm the precise location and ZIP, then pull county records for structure details, occupancy, and any additional liens or code issues; follow with a quick market check on comparable properties in Suburban Hills Addition to gauge resale or rental potential.",High
34300-03-32-14790,7.2,Strong Manual Review Candidate,True,Research First,False,"Meta Tulsa Data Center at Fair Oaks Innovation Park has no clear street, neighborhood, or ZIP overlap with this parcel, so current development intelligence does not directly enhance this property’s priority.","The parcel at 124 N DELAWARE AV E in Tulsa is a residential improved property (R HS IMP) with a relatively low bid cost of 3029.62 and a clear legal description (LT 10 BLK 3 REDDIN ADDN, CITY OF TULSA). Address and parcel data quality are high, and the rule-based system already flags it as a Strong Manual Review Candidate. However, the matched development (Meta data center at Fair Oaks Innovation Park) has no clear locational overlap, so development-driven upside is not supported by the provided data.",ZIP code is unknown; no confirmed surrounding value or crime risk data; development signal is low due to no clear match with the cited industrial/data center project; broader neighborhood conditions and property condition are unknown.,Exact ZIP code; on-the-ground property condition; neighborhood quality and surrounding property values; occupancy status; any liens or structural issues beyond tax status.,"Verify exact location and ZIP, then perform a street-level and mapping review of 124 N DELAWARE AV E and the REDDIN ADDN block to assess physical condition, neighborhood context, and comparable values before bidding.",High
26725-02-25-17680,7.2,Strong Manual Review Candidate,True,Research First,False,"The only cited project is the Meta Tulsa Data Center at Fair Oaks Innovation Park, which has no clear street, neighborhood, or ZIP overlap with this parcel; development signal is explicitly Low.","Bid cost is relatively low at 3047.69 for a residential improvement (R IMP) lot with a complete address and high extraction confidence, which supports manual review. Rule-based scoring already flags it as a Strong Manual Review Candidate. However, the development intelligence shows no clear match to the major Meta data center project and explicitly notes a Low development signal, so broader growth or infrastructure upside cannot be assumed. ZIP and surrounding value are unknown, adding location risk despite decent data quality.","Unknown ZIP and surrounding value; no confirmed overlap with major development activity; development upside not clearly supported; crime risk unknown; owner listed as Unknown, which may complicate title or notification history.",Exact ZIP code; neighborhood and surrounding property values; current physical condition of the residential improvement; occupancy status; any code violations or liens beyond taxes; crime and school context.,"Verify parcel location and ZIP in county GIS, then pull recent sales and assessed values for nearby parcels in the Meadowbrook Addn to gauge surrounding value and confirm whether the existing improvement has meaningful structure value or is functionally a land-only play.",High
29775-02-26-04910,7.2,Strong Manual Review Candidate,True,Research First,False,Meta Tulsa Data Center at Fair Oaks Innovation Park has no clear geographic overlap with this parcel; development signal is explicitly Low and match strength is No Clear Match.,"The parcel at 2220 N DENVER BV W is a residential improvement (R IMP) lot in the City of Tulsa with a low bid cost of 3,047.69 and high extraction/data confidence. Address and parcel data are clear, and the rule-based system already flags it as a Strong Manual Review Candidate with a score of 6.8. However, ZIP and surrounding value are unknown, and there is no confirmed nearby development linkage, so it cannot be elevated to Good Investment based on current information.","Unknown ZIP and surrounding value; no clear development overlap or documented upside; crime risk unknown; physical condition of the residential improvement is unknown; potential title, code, or occupancy issues not visible in tax auction data.",Exact ZIP code; detailed neighborhood and surrounding property values; physical condition of the structure and lot; occupancy status; code enforcement or nuisance history; any liens or encumbrances beyond tax delinquency; recent sales or rental comps in the immediate area.,"Obtain the precise ZIP and map the parcel to confirm neighborhood context, then pull recent sales and rental comps around 2220 N DENVER BV W and verify structure condition via drive-by or current imagery before bidding above the minimum.",High
41025-02-01-04500,7.1,Strong Manual Review Candidate,True,Research First,False,Matched development (Meta Tulsa Data Center at Fair Oaks Innovation Park) has no clear geographic overlap with this parcel; development signal is explicitly Low.,"The parcel at 537 E 59 PL N in Tulsa is a residential improvement (R IMP) lot in the Suburban Hills Addition with a reported size of 7,680 and a low bid cost of 3,047.69. Address and parcel data quality are strong and extraction confidence is high, which supports further review. However, the ZIP code is unknown and there is no clear overlap with the cited Meta data center development, so broader upside from nearby investment is not supported by the provided data.","Unknown ZIP code; no confirmed surrounding value or crime context; development upside not clearly supported by the Meta data center project; only basic physical details provided (no structure condition, occupancy, or access verification).","ZIP code; detailed property characteristics (year built, building condition, bed/bath count, utilities); neighborhood and surrounding value indicators; crime and code enforcement history; confirmation of access, zoning specifics, and any liens or encumbrances beyond the tax issue.","Manually verify the exact location and ZIP, then pull county assessor records for structure details and recent valuations, followed by a check of zoning, access, and any additional liens or code issues to confirm that the low bid aligns with usable residential value.",High
92224-22-24-13020,8.5,Strong Manual Review Candidate,True,Research First,True,"Strong Match to Meta Tulsa Data Center at Fair Oaks Innovation Park with high investment signal and noted surrounding value momentum, indicating potential uplift from major industrial/data center and infrastructure investment in East Tulsa.","The parcel at 15100 N PEORIA AV has a low bid cost of 3059.81, clear legal description for a 5.102-acre tract, and is classified as A HS IMP (improved residential/agricultural), suggesting tangible on-site improvements. Rule-based scoring is high (8.7) with strong signals for bid price, address quality, property clarity, and surrounding value. Development intelligence shows a High-strength, Strong Match to the Meta Tulsa Data Center at Fair Oaks Innovation Park, with over $1B in investment and significant local infrastructure improvements, which supports potential value appreciation. Data confidence is High, and the only major structural data gap is the missing ZIP code, not the location itself.",ZIP code and city fields are unknown; exact proximity to the Meta data center and Fair Oaks Innovation Park is not quantified; owner name is unknown; property type A HS IMP suggests residential/agricultural use that may not directly align with industrial/data center uses without zoning and use verification.,Exact ZIP code and municipality; precise distance and orientation relative to the Meta Tulsa Data Center site within Fair Oaks Innovation Park; current zoning and allowable uses; condition and nature of existing improvements; access details and any easements or right-of-way impacts beyond the noted road deduction (LESS E16.5 FOR RD).,Confirm zoning and allowable uses for the 5.102-acre tract at 15100 N PEORIA AV and map its exact location relative to the Meta Tulsa Data Center and Fair Oaks Innovation Park boundaries to assess alignment with anticipated infrastructure and industrial growth.,High
44200-02-11-04390,7.2,Strong Manual Review Candidate,True,Research First,False,"Meta Tulsa Data Center at Fair Oaks Innovation Park has no clear geographic overlap with this parcel; development signal is explicitly Low with no street, neighborhood, or ZIP match.","The parcel at 4696 N BOULDER AV W in Tulsa is a residential improvement (R IMP) with a low bid cost of 3,075.02 and high data confidence, including a complete address and clear legal description (LT 2 BLK 18, VALLEY VIEW ACRES, CITY OF TULSA). Rule-based scoring (6.8) already flags it as a Strong Manual Review Candidate, driven by strong bid price and property clarity signals. However, the matched development (Meta data center in East Tulsa) has no clear overlap with this location, so development-driven upside is not supported.",ZIP code is unknown; no confirmed surrounding value or crime data; development intelligence does not clearly benefit this parcel; owner name is unknown; lack of explicit land use details beyond R IMP classification.,Exact ZIP code; detailed neighborhood and surrounding property values; current structure condition and occupancy; zoning specifics; confirmation of utilities and access; any code violations or liens beyond tax status.,"Verify parcel location and ZIP in county GIS, confirm zoning and existing structure condition, and compare assessed/market values of nearby residential properties in Valley View Acres to validate that the low bid cost of 3,075.02 reflects opportunity rather than structural or location-related impairment.",High
44200-02-11-05670,7.2,Strong Manual Review Candidate,True,Research First,False,The only cited development (Meta Tulsa Data Center at Fair Oaks Innovation Park) has no clear geographic overlap with this parcel; development signal is explicitly Low and match strength is No Clear Match.,"The property at 313 W 47 ST N in Tulsa is a residential improved (R IMP) lot in Valley View Acres with a clear legal description (LT 14 BLK 22 CITY OF TULSA | VALLEY VIEW ACRES) and high extraction confidence. The bid cost of 3081.02 is low, and rule-based scoring (6.8) already categorizes it as a Strong Manual Review Candidate, supported by complete address quality and strong property clarity. However, the ZIP code is unknown, surrounding value and crime risk are unknown, and the only referenced development project does not clearly relate to this location, so upside from broader investment momentum is not substantiated.","Unknown ZIP code; no surrounding value data; crime risk estimate unknown; development upside not clearly supported due to lack of overlap with the cited Meta data center project; owner listed as Unknown, which may complicate title or redemption research.",Exact ZIP code; confirmation of physical condition and occupancy of the residential improvement; neighborhood-level value indicators and crime data; verification of any liens or encumbrances beyond tax delinquency; precise distance and connectivity to major employment or development nodes in Tulsa.,"Confirm parcel location and ZIP via county GIS, then pull recent comparable sales and rent levels for Valley View Acres and adjacent blocks, and obtain a basic exterior condition check to validate that the residential improvement is usable.",High
47700-02-26-09610,7.2,Strong Manual Review Candidate,True,Research First,False,The only cited development (Meta Tulsa Data Center at Fair Oaks Innovation Park) has no clear geographic overlap with this parcel; development signal is explicitly Low with No Clear Match.,"The parcel at 2525 N MAIN ST E in Tulsa is a residential improved property (R HS IMP) with a relatively low bid cost of 3,082.54 and high data confidence. Address quality and property clarity are strong, and the rule-based system already scores it as a Strong Manual Review Candidate. However, the matched development project in East Tulsa does not clearly relate to this location, so development-driven upside cannot be assumed. Overall, the combination of low entry cost and clear residential use justifies manual review, but not a Good Investment classification at this stage.",ZIP code is unknown; no confirmed surrounding value or crime information; no clear overlap with major development activity; development upside not clearly supported; ownership details are unknown beyond tax records.,Exact ZIP code; detailed neighborhood context; current structure condition and occupancy; zoning confirmation beyond R HS IMP label; recent sales or assessed value data; any code violations or liens beyond the tax auction; crime and school quality indicators.,"Verify exact location and ZIP in county GIS, confirm zoning and allowed uses for the Winter View Heights subdivision, obtain recent photos or a drive-by condition check of the structure, and compare the bid cost of 3,082.54 to assessed value and nearby sales to validate risk/reward.",High
13800-02-12-02160,7.2,Strong Manual Review Candidate,True,Research First,False,"Meta Tulsa Data Center at Fair Oaks Innovation Park has no clear street, neighborhood, or ZIP overlap with this parcel; development signal is explicitly rated Low despite high investment at the project site.","The property is a residential improved parcel (R HS IMP) in the City of Tulsa with a clear address and legal description (LT 9 BLK 7, FAIRHILL 2ND ADDN). The bid cost is relatively low at 3086.51, and rule-based scoring (6.8) already categorizes it as a Strong Manual Review Candidate. Data confidence is High and property clarity is Strong, but the ZIP is unknown and there is no confirmed overlap with the cited Meta data center development, so upside from that project is uncertain.",Unknown ZIP and surrounding value; no confirmed development overlap with the Meta data center project; development signal rated Low; crime risk and neighborhood quality are unknown; ownership listed as Unknown may indicate title or notification complexities.,Exact ZIP code; detailed neighborhood and surrounding property values; condition of improvements; occupancy status; any code violations or liens beyond the tax issue; distance and connectivity to the Fair Oaks Innovation Park area.,"Verify the parcel’s exact location and ZIP, then pull local sales/comparable values and any code enforcement or lien records to assess the value and condition of the residential improvements relative to the 3086.51 bid cost.",High
36090-03-08-00970,7.2,Strong Manual Review Candidate,True,Research First,False,"Meta Tulsa Data Center at Fair Oaks Innovation Park has no clear street, neighborhood, or ZIP overlap with this parcel; development signal is explicitly Low despite strong citywide industrial momentum.","Parcel 36090-03-08-00970 at 4721 N BIRMINGHAM PL E is a residential improved (R IMP) lot in the City of Tulsa (Robinwood Addn Resub B1&5) with a low bid cost of 3,087.69 and high extraction/data confidence. Address and legal description are clear, making the asset identifiable and suitable for further underwriting. Rule-based scoring already flags it as a Strong Manual Review Candidate, but the associated Meta data center project has no clear locational match, so broader development upside is uncertain and should not be priced in at this stage.","ZIP code is unknown, limiting precise locational and comp analysis; no confirmed overlap with the Fair Oaks/Meta development area, so external appreciation drivers are unclear; surrounding value and crime risk are both unknown; owner name is listed as Unknown, which may complicate title and notification review.",Exact ZIP code; neighborhood and surrounding property condition; current structure condition and occupancy; detailed title status and any additional liens beyond the tax amount; local rent/sales comps and crime data.,"Confirm parcel location and ZIP via county GIS, then pull assessor and recorder records to verify structure details, ownership chain, and any non-tax liens; follow with a quick desktop or drive-by review of property and block conditions to determine realistic exit strategy and max bid ceiling.",High
05450-02-25-27030,7.2,Strong Manual Review Candidate,True,Research First,False,"Cited Meta Tulsa Data Center at Fair Oaks Innovation Park has no clear street, neighborhood, or ZIP overlap with this parcel; development match is explicitly marked as No Clear Match with low development signal.","The property is a residential improved (R IMP) lot in the City of Tulsa with a clear address and legal description (LT 5 BLK 4, BROOKDALE RESUB B4 & PRT B5 HOMEBUILDERS). The bid cost of 3089.69 is relatively low, and rule-based scoring (6.8) already flags it as a Strong Manual Review Candidate. Data confidence is high and property clarity is strong, but the ZIP is unknown and there is no confirmed linkage to the major Meta/Fair Oaks industrial development, so any appreciation from that project is speculative.",Unknown ZIP and precise submarket context; no confirmed surrounding value or crime data; development upside not clearly supported by the Meta/Fair Oaks project; owner listed as Unknown may complicate title/notification steps.,Exact ZIP code and neighborhood context; current physical condition and occupancy of the residential improvement; surrounding property values and rental/owner-occupancy patterns; any code violations or liens beyond the tax issue.,"Verify parcel location and ZIP in county GIS, confirm structure type and condition via street/imagery or site check, and pull nearby sales/assessed values to gauge whether the low bid cost aligns with typical land and improved residential values in this specific subdivision.",High
34750-02-26-08160,7.2,Strong Manual Review Candidate,True,Research First,False,The only cited development (Meta Tulsa Data Center at Fair Oaks Innovation Park) has no clear geographic overlap with this parcel; development signal is explicitly Low despite a High investment signal at the project level.,"The parcel at 2507 N MAIN ST E in Tulsa has high extraction confidence, a complete address, and a clear property type (R IMP), indicating a residential improvement with usable data. The bid cost of 3097.02 is relatively low, aligning with the rule-based Strong Manual Review Candidate score of 6.8. However, the matched development project in East Tulsa has no street, corridor, neighborhood, or ZIP overlap with this parcel, so it does not substantively raise this property’s priority beyond its intrinsic tax-auction value potential.","ZIP code is unknown, limiting precise location and comp context; no confirmed surrounding value or crime risk data; development upside is not clearly supported due to lack of geographic overlap with the cited Meta data center project; legal description references partial lots (PRT LTS 9 & 10) which may require survey or title clarification.",Exact ZIP code; detailed neighborhood and surrounding value context; condition and specifics of the residential improvement; confirmation of lot boundaries and access based on the partial-lot legal description; any liens or encumbrances beyond the tax issue.,"Manually verify the exact location and ZIP, obtain county assessor records for structure details and condition, and review a plat map or survey for the partial-lot legal description to confirm access, boundaries, and usability.",High
19725-03-30-11560,7.2,Strong Manual Review Candidate,True,Research First,False,No clear geographic overlap with the Meta Tulsa Data Center/Fair Oaks Innovation Park project; development signal explicitly rated Low.,"The parcel at 1743 E YOUNG PL N in Tulsa is classified as residential improved (R IMP) with a relatively low bid cost of 3,098.35 and high extraction/data confidence. Address and parcel information are clear enough for follow-up. Rule-based scoring already places it as a Strong Manual Review Candidate. However, the matched development (Meta data center at Fair Oaks Innovation Park) has no street, neighborhood, or ZIP overlap with this property, so broader development upside is not clearly supported.",ZIP code is unknown; no confirmed surrounding value or crime context; development upside not clearly supported due to lack of overlap with the cited industrial/data center project; owner name unknown may complicate title research.,Exact ZIP code; detailed neighborhood and surrounding property values; physical condition of the improvement; occupancy status; any liens or encumbrances beyond tax delinquency.,"Confirm exact location and ZIP via county GIS, then pull neighborhood sales/rent comps and property condition data to validate whether the low bid on this residential improved lot aligns with local values.",High
78810-84-11-09860,7.2,Strong Manual Review Candidate,True,Research First,False,"Meta Tulsa Data Center at Fair Oaks Innovation Park has no clear geographic match to this Broken Arrow parcel; development signal is explicitly Low with no street, neighborhood, or ZIP overlap.","The parcel at 514 E DALLAS ST S in Broken Arrow is a residential improved property (R HS IMP) consisting of Lots 10 & 11, Block 25, in the College Addition. The bid cost of 3103.20 is low relative to the noted 14,000 value, and the rule-based system scores it 6.8 and labels it a Strong Manual Review Candidate. Address and parcel data are clear and data confidence is High. However, the only cited development (Meta data center at Fair Oaks Innovation Park) has no clear match to this location, so development upside is not supported by the provided intelligence.",ZIP code is unknown; no confirmed surrounding value or crime information; development upside is not clearly supported due to no geographic overlap with the cited Meta data center project; actual property condition and occupancy are unknown.,Exact ZIP code; current physical condition of improvements; occupancy/tenancy status; detailed surrounding property values; local crime and neighborhood quality indicators; any municipal liens or code violations.,"Verify exact location and ZIP, then obtain recent imagery or on-the-ground photos to assess structure condition and neighborhood context, followed by a check of local records for liens, code issues, and comparable sales in the College Addition of Broken Arrow.",High
40825-02-13-08350,7.2,Strong Manual Review Candidate,True,Research First,False,"No clear geographic overlap with the Meta Tulsa Data Center at Fair Oaks Innovation Park; development match strength is explicitly noted as No Clear Match, so local upside from that project is uncertain.","The parcel at 4355 N GARRISON AV E in Tulsa is a residential improved property (R IMP) with a low bid cost of 3109.68 and a clear legal description (LT 29 BLK 6 CITY OF TULSA | SUBURBAN ACRES SECOND). Address and parcel data quality are high, and the rule-based system already flags it as a Strong Manual Review Candidate with a score of 6.8. However, the ZIP is unknown, surrounding value and crime risk are unknown, and there is no confirmed overlap with the cited Meta data center development, so upside from nearby investment is not clearly supported.","Unknown ZIP code; unknown surrounding value and crime risk; no confirmed development overlap to support appreciation; physical condition, occupancy status, and title issues are not provided; neighborhood quality and rental/exit potential are unverified.",ZIP code; neighborhood and market context; crime and school indicators; current structure condition and habitability; occupancy/tenant status; any code violations or liens beyond taxes; zoning confirmation for R IMP use; recent comparable sales or assessed value.,"Confirm the exact ZIP and map the parcel to verify neighborhood context; pull county records for assessed value, prior sales, and any liens or code issues; obtain recent street/imagery or a drive-by inspection to assess structure condition; and verify zoning and any local restrictions before bidding.",High
23175-03-30-13610,7.2,Strong Manual Review Candidate,True,Research First,False,No clear geographic overlap between the parcel and the Meta Tulsa Data Center at Fair Oaks Innovation Park; development match is explicitly flagged as No Clear Match with low development signal.,"The parcel at 2526 N QUAKER AV E in the City of Tulsa has a low bid cost of 3115.02 and is clearly identified as a residential improvement (R IMP) with a specific lot and block in Lincoln Heights, indicating a tangible, likely buildable or existing residential asset. Address and parcel data quality are high, and rule-based scoring (6.8) already flags it as a strong manual review candidate. However, ZIP and surrounding value are unknown, and there is no confirmed nearby development catalyst, so it cannot be elevated to a Good Investment category based on current data alone.",Unknown ZIP and surrounding value; no confirmed development or infrastructure catalyst in the immediate area; crime risk is unknown; property condition is unknown despite being marked as R IMP; ownership listed as Unknown may signal potential title or notification complexities.,Exact ZIP code; current physical condition of the residential improvement; recent comparable sales or assessed value in Lincoln Heights; occupancy status; any code violations or liens beyond the tax issue; confirmation of neighborhood crime and rental/owner-occupancy profile.,"Manually verify the parcel location and ZIP, pull county assessor and code enforcement records for structure details and violations, and obtain recent comparable sales or rent data for Lincoln Heights to determine whether the low bid cost offers a meaningful discount relative to local market value.",High
44200-02-11-03560,7.2,Strong Manual Review Candidate,True,Research First,False,Meta Tulsa Data Center at Fair Oaks Innovation Park has no clear geographic overlap with this parcel; development signal is explicitly Low with No Clear Match.,"The property at 4690 N BOSTON AV E, Tulsa, is a residential improvement (R IMP) lot in the City of Tulsa (Valley View Acres) with a relatively low bid cost of 3117.68 and high extraction/data confidence. Address and parcel details are clear, and rule-based scoring (6.8) already flags it as a Strong Manual Review Candidate. However, the cited Meta data center project does not have a street, neighborhood, or ZIP overlap, so development-driven upside is not supported by the provided data.","ZIP code is unknown; no confirmed surrounding value or crime data; development intelligence does not clearly benefit this parcel; overall development signal is Low, so long-term upside is uncertain based on current information.","Exact ZIP code; any indication of surrounding property values; condition and use of the existing residential improvement; local crime and neighborhood quality indicators; confirmation of proximity, if any, to other public or private investments beyond the Meta data center.","Manually verify the parcel’s exact location and ZIP, confirm the nature and condition of the residential improvement on LT 3 BLK 16 in Valley View Acres, and check for any other known public or private projects or infrastructure plans specifically affecting this immediate area.",High
90327-03-27-26880,7.2,Strong Manual Review Candidate,True,Research First,False,Meta Tulsa Data Center at Fair Oaks Innovation Park has no clear geographic overlap with this parcel; development signal is explicitly Low and match strength is No Clear Match.,"The parcel at 2011 N YALE AV E, Tulsa, is a commercial improvement (C IMP) with a stated value of 35,483 and a relatively low bid cost of 3,120.35. Address and parcel data are clear, and extraction confidence is High. Rule-based scoring (6.8) already flags it as a Strong Manual Review Candidate. However, the associated Meta data center project has no street, corridor, neighborhood, or ZIP overlap, so it does not materially enhance this parcel’s priority. The unknown ZIP and lack of surrounding value or crime data introduce uncertainty, but the combination of low bid and clear commercial classification justifies deeper manual review.",ZIP code is unknown; no quantified surrounding value or crime risk data; development upside is not clearly supported by the cited Meta project; owner name is unknown; commercial use specifics and condition of improvements are not provided.,"Exact ZIP code; detailed property characteristics (building size, age, condition, current use); confirmation of utilities and access; zoning details; surrounding property values and market context; any code violations or liens beyond tax status; crime and neighborhood stability indicators.","Manually verify the parcel’s exact location and ZIP, confirm zoning and current commercial use, obtain building and site details from county records or GIS (size, age, condition), and check for additional liens or code issues to assess whether the low bid relative to the 35,483 value is justified by hidden risks.",High
25500-03-29-06000,7.2,Strong Manual Review Candidate,True,Research First,False,Matched development (Meta Tulsa Data Center at Fair Oaks Innovation Park) has no clear geographic overlap with this parcel; development signal is explicitly Low and match strength is No Clear Match.,"The parcel at 1831 N BIRMINGHAM PL E in Tulsa is a residential improvement (R IMP) with a relatively low bid cost of 3123.68 and clear legal description and address, which aligns with the rule-based score of 6.8 and category Strong Manual Review Candidate. Data confidence is High and property clarity is Strong, making it suitable for deeper evaluation. However, the ZIP code and surrounding value context are unknown, and the only cited development intelligence does not clearly overlap this location, so development-driven upside is uncertain.","Unknown ZIP and surrounding value; no clear overlap with major cited development; crime risk estimate unknown; owner name listed as Unknown, which may complicate title or notification research.",Exact ZIP code; neighborhood and surrounding property values; physical condition of the residential improvement; occupancy status; detailed title history and any liens beyond tax delinquency; local crime and code enforcement history.,"Confirm parcel location and ZIP via county GIS, then pull assessor and recorder records to verify structure details, year built, liens, and any code violations; follow with a drive-by or recent imagery review to assess property condition and neighborhood context.",High
41025-02-01-04490,7.2,Strong Manual Review Candidate,True,Research First,False,"Meta Tulsa Data Center at Fair Oaks Innovation Park has no clear geographic overlap with this parcel; development match strength is listed as No Clear Match, so local upside from that project is uncertain.","The property at 543 E 59 PL N in Tulsa is a residential improvement (R IMP) lot in the Suburban Hills Addition with a relatively low bid cost of 3123.68 and high data confidence. Address and parcel data are clear, and the rule-based system already flags it as a Strong Manual Review Candidate. However, the matched development (Meta data center at Fair Oaks Innovation Park) has no street, neighborhood, or ZIP overlap, so it does not materially improve the investment priority. The unknown ZIP and lack of surrounding value or crime data keep this from being classified as a Good Investment, but the low entry cost and clear residential nature justify manual review.",ZIP code is unknown; no quantified surrounding value or crime risk estimates; development upside from the cited Meta data center project is not clearly linked to this location; owner name listed as Unknown may complicate title research.,Exact ZIP code; neighborhood and market context for Suburban Hills Addition; condition and specifics of the residential improvement; surrounding property values and rental/owner-occupancy patterns; any code violations or liens beyond the tax issue.,"Confirm parcel location and ZIP in county GIS, verify the nature and condition of the residential improvement, and pull nearby sales/assessed values in Suburban Hills Addition to gauge resale or rental potential before bidding.",High
91408-14-08-10310,8.5,Strong Manual Review Candidate,True,Research First,True,"High-confidence, strong match to the Meta Tulsa Data Center at Fair Oaks Innovation Park with a High investment signal and noted local infrastructure improvements.","Bid cost is low at 3139.44 for a Residential (R) classified parcel with a complete street address and high extraction confidence. Rule-based system scores it 8.7 and labels it Good Investment, supported by strong property clarity and positive surrounding value signals. Development intelligence indicates a High-strength, High-confidence match to the Meta Tulsa Data Center at Fair Oaks Innovation Park, suggesting nearby infrastructure and industrial momentum that may enhance land value. The main data gap is the missing ZIP, but address and legal description are otherwise usable for further verification.",ZIP code is unknown; exact micro-location and access characteristics are not confirmed. Property type is only labeled as R without detail on current use or improvements. Legal description is complex and may require survey/title review to confirm exact boundaries and any road right-of-way carve-outs. Crime and other local risk factors are unknown.,"Exact ZIP code; confirmation of current zoning and allowable uses; verification of parcel size and boundaries from the legal description; confirmation of utilities, road access, and proximity in miles to the Fair Oaks Innovation Park/Meta data center site; any existing structures or encumbrances.","Pull county GIS and assessor records for parcel 91408-14-08-10310 to confirm parcel size, zoning, access, and distance to the Fair Oaks Innovation Park/Meta data center, then obtain a preliminary title report to review legal description, easements, and road right-of-way exceptions.",High
53775-02-02-00220,7.2,Strong Manual Review Candidate,True,Research First,False,"The only cited project is the Meta Tulsa Data Center at Fair Oaks Innovation Park, which has no clear street, corridor, neighborhood, or ZIP overlap with this parcel; development signal is explicitly Low.","The parcel at 6105 N MAIN ST E in Tulsa is a residential improved property (R HS IMP) with a relatively low bid cost of 3,140.32 and high extraction/data confidence. Address and parcel data are clear, and the rule-based system scores it 6.8 and labels it a Strong Manual Review Candidate. However, the matched development (Meta data center at Fair Oaks Innovation Park) has no clear geographic overlap, so development-driven upside is uncertain. Overall, the combination of low entry cost, clear property type, and strong data quality justifies manual review despite limited confirmed external value drivers.","ZIP code is unknown, limiting precise location and comp analysis; no confirmed overlap with major development areas, so appreciation potential from the cited Meta project is speculative; surrounding value and crime risk are unknown; owner name is unknown, which may signal title or notification complexities.","Exact ZIP code; detailed neighborhood context and surrounding property values; structure condition and occupancy status; any code violations or liens beyond the tax issue; confirmation of proximity, if any, to active investment corridors in Tulsa.","Verify the precise location and ZIP for 6105 N MAIN ST E, then pull local parcel, zoning, and condition data from county or city records to assess structure quality and neighborhood comparables before bidding.",High
23125-02-25-15350,7.2,Strong Manual Review Candidate,True,Research First,False,"Nearby Meta Tulsa Data Center project at Fair Oaks Innovation Park has no clear geographic overlap with this parcel; development signal is explicitly rated Low with no street, corridor, neighborhood, or ZIP match.","The parcel at 1864 N OWASSO AV E in Tulsa is a residential improvement (R IMP) lot with a relatively low bid cost of 3,140.35 and high extraction/data confidence. Address and legal description (LT 5 BLK 7, LIBERTY 2ND ADDN, CITY OF TULSA) are clear, supporting further investigation. Rule-based scoring (6.8) and categorization already flag it as a Strong Manual Review Candidate. However, ZIP and surrounding value signals are unknown, and there is no confirmed overlap with the major Meta/Fair Oaks development, so upside from nearby investment is not clearly supported.",Unknown ZIP and surrounding value; no quantified crime or neighborhood risk; development upside not clearly supported by current intelligence; owner listed as Unknown may indicate title or contact challenges; tax auction status may imply additional liens or property condition issues that are not visible in current data.,Exact ZIP code; neighborhood and comparable value context; property condition and occupancy status; detailed title report including other liens or encumbrances; confirmation of utilities and access; any city code enforcement or nuisance violations.,"Pull county records for full parcel profile (including ZIP, prior sale history, and any additional liens), verify zoning and allowed residential uses for LT 5 BLK 7 in LIBERTY 2ND ADDN, and obtain recent imagery or a drive-by inspection to assess structure condition and neighborhood quality before bidding.",High
40800-02-13-04700,7.2,Strong Manual Review Candidate,True,Research First,False,"Matched development (Meta Tulsa Data Center at Fair Oaks Innovation Park) has no clear street, neighborhood, or ZIP overlap with this parcel; development signal is explicitly Low.","The property at 4309 N KENOSHA AV E in Tulsa is a residential improvement (R IMP) with a relatively low bid cost of 3142.35 and high extraction/data confidence. Address and parcel data are clear, and the rule-based system already flags it as a Strong Manual Review Candidate with a score of 6.8. However, the associated large-scale Meta data center project in East Tulsa has no clear geographic overlap, so development upside from that project is uncertain. The unknown ZIP and lack of surrounding value data introduce some risk but do not negate the appeal of the low entry cost and clear residential use.",ZIP code is unknown; no confirmed overlap with major development activity; surrounding value and crime risk are unknown; owner listed as Unknown may complicate title or notification history.,Exact ZIP code; neighborhood and surrounding property values; physical condition of the residential improvement; occupancy status; any code violations or liens beyond tax delinquency; zoning confirmation and lot dimensions beyond LT 22 BK 1 description.,"Verify parcel location and ZIP in county GIS, confirm zoning and lot dimensions, pull recent sales and assessed values for nearby residential parcels in Suburban Acres, and check for code enforcement issues or additional liens to better gauge risk relative to the 3142.35 bid.",High
07600-02-24-01200,7.2,Strong Manual Review Candidate,True,Research First,False,"The only cited project is the Meta Tulsa Data Center at Fair Oaks Innovation Park, which has no clear street, corridor, neighborhood, or ZIP overlap with this parcel; development signal is therefore low.","The property at 820 E 36 ST N in Tulsa has a low bid cost of 3152.35, clear legal description (LTS 1 & 2 BLK 3, CHANDLER FRATES SECOND ADDN, CITY OF TULSA), and high extraction/data confidence. Rule-based scoring (6.8) already tags it as a Strong Manual Review Candidate. However, the ZIP is unknown, surrounding value and crime risk are unknown, and the only referenced development (Meta data center in East Tulsa) has no clear geographic match, so development upside is not supported by the provided data.","Unknown ZIP code; no quantified surrounding value signal; no crime risk estimate; development intelligence does not clearly apply to this location; property type C IMP is not further detailed, leaving use and condition unclear.",Exact ZIP code; confirmation of land size and improvements; current use and physical condition; surrounding property values or comps; local zoning context; any liens or additional encumbrances beyond the tax auction.,"Manually verify the parcel’s exact location and ZIP, confirm the nature and condition of the improvements associated with the C IMP classification, and check local market indicators for this specific block and addition (Chandler Frates Second Addn) to validate whether the low bid cost aligns with area values.",High
44200-02-11-01790,7.2,Strong Manual Review Candidate,True,Research First,False,The only cited development (Meta Tulsa Data Center at Fair Oaks Innovation Park) has no clear geographic overlap with this parcel; development signal is explicitly Low with a No Clear Match designation.,"The property is a residential improved (R IMP) lot in the City of Tulsa (Valley View Acres, LT 17 BLK 8) with a low bid cost of 3153.01 and high extraction confidence, making it structurally attractive for further review. Address and parcel data are complete and clear, and rule-based scoring (6.8) already flags it as a Strong Manual Review Candidate. However, ZIP and surrounding value signals are unknown, and there is no verified development overlap, so it cannot be elevated to a Good Investment classification at this stage.",ZIP code and surrounding value context are unknown; no clear development or infrastructure investment overlap; crime risk is unknown; owner name is unknown; lack of explicit land use or condition details beyond R IMP classification.,Exact ZIP code; neighborhood and surrounding property value context; property condition and occupancy status; detailed title/ownership history; any code violations or liens beyond tax status; crime and school quality indicators.,"Confirm exact location and ZIP, pull local assessor and GIS records for structure details and surrounding sales, and check for additional liens or code issues to validate whether the low bid cost aligns with realistic resale or rental potential.",High
44200-02-11-01470,7.2,Strong Manual Review Candidate,True,Research First,False,"Meta Tulsa Data Center at Fair Oaks Innovation Park has no clear street, neighborhood, or ZIP overlap with this parcel; development signal is explicitly Low and match strength is No Clear Match.","The property at 113 E 49 ST N in Tulsa is a residential improvement (R IMP) lot in Valley View Acres with a low bid cost of 3,160.35 and strong property clarity. Address quality is complete and data confidence is High. Rule-based scoring (6.8) already categorizes it as a Strong Manual Review Candidate. However, the cited Meta data center project has no clear geographic overlap, so development upside is not currently supported by the provided intelligence.",Unknown ZIP code; no confirmed surrounding value or crime risk data; development upside not clearly supported due to No Clear Match with the Meta Tulsa Data Center project; overall area value context is unknown.,"Exact ZIP code; current and surrounding property values; condition of the residential improvement; local crime and neighborhood stability indicators; any local zoning or code issues; verification of proximity, if any, to broader East Tulsa industrial momentum.","Manually verify the parcel’s ZIP and neighborhood context, inspect the physical condition of the residential improvement, and pull recent comparable sales or assessed values in Valley View Acres and nearby blocks to confirm whether the low bid cost offers a margin of safety.",High
29775-02-26-05550,6.8,Strong Manual Review Candidate,True,Research First,False,The only cited development (Meta Tulsa Data Center at Fair Oaks Innovation Park) has no clear geographic overlap with this parcel; development signal is explicitly Low.,"The parcel at 2120 N MARTIN LUTHER in the OAK CLIFF ADDN, City of Tulsa, is a residential improvement (R IMP) with a relatively low bid cost of 3,174.97 and high data confidence, including a complete address and clear legal description (LT 1 BLK 13 KING JR B). Rule-based scoring (6.8) and categorization already flag it as a Strong Manual Review Candidate. However, the matched development project in East Tulsa has no street, corridor, neighborhood, or ZIP overlap, so it does not currently enhance this parcel’s priority from a development standpoint.",ZIP and neighborhood context are unknown; surrounding value and crime risk are unknown; no confirmed nearby public or private investment; development upside is not clearly supported by the cited Meta data center project.,Exact ZIP code; neighborhood and market context; condition and occupancy status of the residential improvement; surrounding property values and land use; code enforcement or lien issues; access and utilities details.,"Manually verify the precise location and ZIP, confirm structure type and condition for the R IMP classification, and check local records for neighborhood trends, code issues, and comparable values in the OAK CLIFF ADDN area of Tulsa.",High
16050-93-06-08050,7.1,Strong Manual Review Candidate,True,Research First,False,"The only cited development is the Meta Tulsa Data Center at Fair Oaks Innovation Park, which has no clear street, corridor, neighborhood, or ZIP overlap with this parcel; therefore it does not materially enhance this property’s priority.","The parcel at 1810 E 2 ST S in Tulsa has high data confidence, a complete address, and a clear residential improvement (R IMP) classification. The bid cost of 3179.68 is relatively low, and rule-based scoring (6.8) already tags it as a Strong Manual Review Candidate. However, the matched development (Meta data center at Fair Oaks Innovation Park) has no clear geographic overlap with this property, so development-driven upside is weak. The combination of low entry cost, usable address/parcel data, and existing improvements justifies manual review, but not a Good Investment classification at this stage.","ZIP code is unknown, limiting precise location and comp analysis; no clear overlap with the cited Meta/Fair Oaks development, so broader market uplift from that project is uncertain; surrounding value and crime risk are both unknown; legal description is partial (E.60' OF LT 19 BLK 12), so lot size and configuration need verification.",Exact ZIP code; confirmation of structure condition and current occupancy; verification of lot dimensions and access based on the legal description; neighborhood-level market data and crime/safety context; any liens or encumbrances beyond the tax issue.,"Confirm the precise location and ZIP, then pull local parcel and assessor records to verify structure details, lot size, access, and any additional liens or code issues before considering a bid.",High
09725-03-30-08040,7.2,Strong Manual Review Candidate,True,Research First,False,"Meta Tulsa Data Center at Fair Oaks Innovation Park shows strong industrial investment in East Tulsa, but there is no clear street, neighborhood, or ZIP overlap with this parcel, so direct development upside cannot be assumed.","The parcel at 2043 E XYLER ST N in Tulsa is a residential improvement (R IMP) lot with a low bid cost of 3,183.01 and high extraction/data confidence. Address and parcel data are clear, and the rule-based system scores it 6.8 as a Strong Manual Review Candidate. However, the ZIP is unknown and there is no clear match to the cited Meta/Fair Oaks development area, so surrounding value and development-driven upside remain uncertain. These factors support manual review rather than immediate promotion to a Good Investment category.","Unknown ZIP and surrounding value; no clear development overlap with the Meta/Fair Oaks project; physical condition of the improvement is unknown; neighborhood crime and market demand are not provided; potential title, lien, or access issues typical of tax auction properties are not addressed in the data.",ZIP code; detailed neighborhood context; current structure condition and occupancy; recent comparable sales or assessed value; zoning specifics beyond R IMP classification; confirmation of utilities and access; any code violations or demolition orders.,"Manually verify the parcel location and ZIP, pull county assessor and GIS records for structure details and assessed value, and review recent nearby sales and code enforcement history to determine whether the low bid cost reflects opportunity or underlying property/neighborhood issues.",High
37375-03-32-16320,7.2,Strong Manual Review Candidate,True,Research First,False,Matched project (Meta Tulsa Data Center at Fair Oaks Innovation Park) has no clear geographic overlap with this parcel; development signal is explicitly Low.,"The parcel at 2601 E MARSHALL ST N in Tulsa is a residential improvement (R IMP) lot in the City of Tulsa, Sequoyah Place Sub of Cherokee Acres, with a relatively low bid cost of 3183.01 and high extraction/data confidence. Address and legal description are clear, supporting basic usability. Rule-based scoring (6.8) already flags it as a Strong Manual Review Candidate. However, the cited Meta data center project has no street, corridor, neighborhood, or ZIP overlap, so it does not materially raise this parcel’s priority for development upside.",ZIP code is unknown; no clear evidence of surrounding value or crime risk; development upside is not supported by the provided Meta data center intelligence; owner name is unknown; no information on current structure condition or occupancy despite R IMP classification.,"Exact ZIP code; details on existing improvements (structure type, condition, occupancy); surrounding property values and neighborhood context; zoning confirmation beyond R IMP label; any liens or additional encumbrances beyond tax status.","Manually verify parcel location and ZIP, confirm zoning and actual improvement details (building type, condition, occupancy), and check recent comparable sales or assessed values in Sequoyah Place/Cherokee Acres to gauge whether the 3183.01 bid is attractive relative to likely resale or rental value.",High
44200-02-14-06630,7.2,Strong Manual Review Candidate,True,Research First,False,"Meta Tulsa Data Center at Fair Oaks Innovation Park has no clear geographic overlap with this parcel; development signal is explicitly Low with no street, corridor, neighborhood, or ZIP match.","The property is a residential improved (R IMP) lot in the City of Tulsa (Valley View Acres, LOT-2-BLK-29) with a low bid cost of 3183.01 and high extraction confidence. Address and parcel data are clear and usable, and rule-based scoring (6.8) already flags it as a Strong Manual Review Candidate. However, the matched development project in East Tulsa has no clear overlap with this location, and ZIP and surrounding value signals are unknown, so it cannot be elevated to a Good Investment category based on current data.",ZIP code unknown; no confirmed surrounding value or crime data; development upside not clearly supported due to lack of geographic overlap with the cited Meta data center project; owner name unknown; limited context on neighborhood quality or existing structure condition despite R IMP classification.,"Exact ZIP code; confirmation of structure type and condition for the R IMP classification; current market value or comps in Valley View Acres; verification of occupancy, liens, or code violations; more precise location context relative to major corridors or redevelopment areas.","Verify the parcel’s exact location and ZIP in county records, confirm the nature and condition of the residential improvements, and pull recent sales or assessed values in Valley View Acres to compare against the 3183.01 bid before proceeding.",High
44650-92-04-13070,8.0,Strong Manual Review Candidate,True,Research First,True,"Property is on ARCHER ST with a Strong Match to Greenwood District revitalization and Black Tech Street momentum, with a Medium investment signal indicating possible upside from nearby innovation and community development efforts.","Bid cost is relatively low at 3183.01 for a residential improved (R HS IMP) parcel consisting of two lots (LTS 80 & 81 BLK G) in the City of Tulsa, with high extraction confidence and complete address data. Rule-based scoring is high (8.0) and categorizes this as a Strong Manual Review Candidate. Development intelligence shows a Strong Match to Greenwood District-related activity via ARCHER corridor overlap and a Medium development signal, suggesting potential value uplift from ongoing revitalization and visibility. The main data gap is the missing ZIP code, but overall data quality is otherwise strong.","ZIP code is unknown, limiting quick comps and precise neighborhood risk assessment; actual condition and occupancy of the residential improvement are unknown; ownership listed as Unknown may signal potential title or notification complexities.","ZIP code, current structure condition, occupancy status, detailed title history, and any code enforcement or lien issues are not provided.","Confirm exact location and ZIP via county GIS, then pull assessor and code records to verify structure condition, occupancy, and any liens or violations, with particular attention to how close the parcel sits to active Greenwood District/Archer corridor projects.",High
44250-02-12-14920,7.2,Strong Manual Review Candidate,True,Research First,False,"Matched development (Meta Tulsa Data Center at Fair Oaks Innovation Park) has no clear geographic overlap with this parcel; development signal is explicitly Low with no street, corridor, neighborhood, or ZIP match.","The parcel at 5531 N FRANKFORT PL E in Tulsa is a residential improvement (R IMP) lot in Valley View Acres Third Addition with a low bid cost of 3,183.64 and strong data clarity (complete address, clear legal description, high extraction confidence). Rule-based scoring (6.8) already categorizes it as a Strong Manual Review Candidate. However, the associated Meta data center project in East Tulsa has no clear overlap with this location, so development upside from that project is uncertain. Overall, the combination of low entry cost and clear parcel data justifies manual review, but not a Good Investment classification at this stage.","ZIP code and surrounding value context are unknown; no confirmed development overlap or clear external value drivers; crime risk is unknown; development signal is Low despite a large regional project; owner name is unknown, which may complicate title or notification steps.",Exact ZIP code; detailed neighborhood and surrounding property values; physical condition of the residential improvement; occupancy status; title status and any additional liens beyond the tax auction; local crime and code enforcement history.,"Verify parcel location and ZIP in county GIS, then pull neighborhood sales/assessed values and any code enforcement or nuisance records to gauge surrounding value and risk before setting a maximum bid threshold.",High
44200-02-11-03530,7.2,Strong Manual Review Candidate,True,Research First,False,Matched development (Meta Tulsa Data Center at Fair Oaks Innovation Park) has no clear geographic overlap with this parcel; development signal is explicitly Low.,"The parcel at 4697 N BOSTON AV E in Tulsa is a residential improvement (R IMP) lot in Valley View Acres with a reported size of 7,020 and a low bid cost of 3,193.01. Address and parcel data quality are strong and extraction confidence is high, supporting basic usability. Rule-based scoring (6.8) and category already flag it as a Strong Manual Review Candidate. However, the associated Meta data center project has no street, neighborhood, or ZIP overlap, so it does not materially raise the priority beyond the intrinsic low-cost residential potential.",ZIP code is unknown; no clear surrounding value or crime risk data; development upside is not supported by a clear geographic match; owner listed as Unknown may complicate title or notification; limited context on condition or actual market value of the residential improvement.,"Exact ZIP code; neighborhood and surrounding value context; property condition and occupancy status; detailed structure characteristics (year built, square footage, bed/bath count); confirmation of utilities and access; any liens or encumbrances beyond tax status.","Manually confirm parcel location and ZIP in county GIS, pull assessor record for structure details and market value, and review aerial/street imagery to assess condition and neighborhood context before bidding.",High
44225-02-12-09330,7.2,Strong Manual Review Candidate,True,Research First,False,Meta Tulsa Data Center at Fair Oaks Innovation Park has no clear geographic overlap with this parcel; development signal is explicitly Low despite strong project-level investment.,"The parcel at 711 E 51 PL N in Tulsa is a residential improvement (R IMP) lot of 7,980 sq ft with a low bid cost of 3,199.68. Address and parcel data quality are strong, and extraction confidence is high, which reduces basic data risk. Rule-based scoring (6.8) already tags it as a Strong Manual Review Candidate. However, the ZIP code and surrounding value context are unknown, and there is no confirmed overlap with the major Meta/Fair Oaks development, so broader appreciation potential from that project is uncertain. These factors support manual review rather than immediate classification as a good investment.","Unknown ZIP and surrounding value; no clear development overlap or documented upside from nearby projects; crime risk and neighborhood quality are unknown; potential title, condition, or occupancy issues typical of tax auction properties are not addressed in the available data.",Exact ZIP code; current market value and comps; property condition and occupancy status; detailed neighborhood and crime context; any liens or encumbrances beyond tax status; zoning specifics beyond R IMP classification.,"Confirm ZIP and neighborhood context, pull recent sales and rent comps for Valley View Acres Second Addn, verify structure condition and occupancy via drive-by or recent imagery, and run a title and lien check to quantify total cure costs beyond the 3,199.68 bid.",High
54325-92-31-02630,8.3,Strong Manual Review Candidate,True,Research First,True,"Property has a Strong Match to the Meta Tulsa Data Center at Fair Oaks Innovation Park development signal with High investment signal strength, indicating broader industrial and infrastructure momentum in Tulsa that may support surrounding values.","The parcel at 7118 W 60 ST S (R IMP) has a low bid cost of 3211.01, high extraction and data confidence, and strong address and property clarity signals. Rule-based scoring is 8.7 with a Good Investment category, and development intelligence shows a Strong Match with High signal strength to the Meta Tulsa Data Center at Fair Oaks Innovation Park, suggesting positive macro investment momentum in Tulsa. Although the ZIP and owner name are unknown, the combination of low entry cost, clear legal description (LT 7 W1/2 & ALL LT 8 9 BK 54 TULSA COUNTY | TANEHA), and strong development and surrounding value signals makes this a strong candidate for deeper manual review rather than a dismiss.","ZIP code is unknown, limiting precise neighborhood and comp analysis; owner name is unknown; no direct evidence that the parcel is proximate to or directly benefits from the Fair Oaks Innovation Park area despite the city-level development match; property condition, occupancy, and access are not described; crime risk is unknown.",Exact ZIP code and neighborhood context; distance and relationship to the Fair Oaks Innovation Park/Meta data center area; current structure condition and any code violations; utility status and access; title issues beyond tax delinquency; zoning confirmation and any local restrictions.,"Verify the precise location and ZIP for 7118 W 60 ST S using county GIS, then confirm zoning, existing structure condition, and proximity to the Fair Oaks Innovation Park/Meta data center area; obtain a title report for liens or encumbrances beyond taxes and review recent comparable sales or assessed values in the immediate area.",High
52550-92-33-05285,7.2,Strong Manual Review Candidate,True,Research First,False,"Meta Tulsa Data Center at Fair Oaks Innovation Park has no clear geographic overlap with this Sapulpa parcel; development signal is explicitly Low with no street, corridor, neighborhood, or ZIP match.","The parcel has a complete address, clear residential classification, and high data confidence, with a relatively low bid cost of 3,222.34, which supports preliminary interest. Rule-based scoring already flags it as a Strong Manual Review Candidate. However, the structure has been removed, ZIP and surrounding value signals are unknown, and the only cited development project has no clear match to this location, limiting evidence of upside. These factors justify manual review rather than a firm investment stance.",Structure removed; ZIP unknown; surrounding value signal unknown; no clear overlap with the cited Meta/Fair Oaks development; development upside not clearly supported; potential land-only value with unclear market context.,Exact ZIP code; current land condition and access; zoning confirmation beyond generic residential type; any recent sales or value indicators for Bozarth Acres or nearby parcels; local crime and neighborhood quality indicators.,"Manually verify parcel location and ZIP in county GIS, confirm zoning and allowable uses for LT 17 BLK 1 BOZARTH ACRES, and check recent comparable land or teardown sales in the immediate Sapulpa area to gauge whether the 3,222.34 bid aligns with local land values.",High
07725-02-13-02930,7.2,Strong Manual Review Candidate,True,Research First,False,Meta Tulsa Data Center at Fair Oaks Innovation Park has no clear geographic overlap with this parcel; development signal is explicitly Low despite high-level industrial momentum in East Tulsa.,"The parcel at 918 E 37 ST N in the City of Tulsa is a residential improved property (R HS IMP) with a relatively low bid cost of 3,234.47 and a clear legal description (LT 4 BLK 11, CHANDLER-FRATES FIFTH ADDN). Address and parcel data quality are strong and extraction confidence is high, which supports further review. However, the ZIP code and surrounding value context are unknown, and there is no clear match to the cited Meta/Fair Oaks development area, so broader development upside is not supported by the provided data.","Unknown ZIP and neighborhood context; surrounding value signal is Unknown; no clear development overlap with the Meta data center project; crime risk estimate is Unknown; physical condition, occupancy, and access are not described despite being an improved residential parcel.",ZIP code; neighborhood and comparable value context; property condition and occupancy; access and utilities details; any code enforcement or nuisance issues; confirmation of proximity (or lack thereof) to active investment corridors beyond the non-matching Fair Oaks project.,"Manually map the parcel using the legal description and address to confirm exact location and ZIP, then pull neighborhood sales/tax values and any available condition or code-enforcement data to determine whether the low bid cost reflects distress, location risk, or a potential value gap.",High
79200-84-14-04250,7.2,Strong Manual Review Candidate,True,Research First,False,No clear geographic overlap with the Meta Tulsa Data Center at Fair Oaks Innovation Park; development match explicitly marked as No Clear Match and development signal is Low.,"The parcel at 215 W JACKSON ST S in Broken Arrow is a residential improved property (R HS IMP) with a relatively low bid cost of 3,244.88 and high extraction/data confidence. The address and legal description (LT 5 BLK 12, FEARS ADDN, CITY OF BROKEN ARROW) are clear, supporting basic usability and making it suitable for deeper review. However, the associated development intelligence for the Meta data center in East Tulsa has no street, neighborhood, or ZIP overlap with this parcel, so it does not materially enhance the investment thesis. Overall, the combination of low entry cost and clear property data, offset by unknown ZIP and unclear surrounding value, supports a Strong Manual Review Candidate classification rather than a Good Investment.",ZIP code and precise micro-location are unknown; surrounding value and crime risk are unknown; no confirmed nearby public or private investment activity; development upside not clearly supported by the cited Meta data center project; owner listed as Unknown may complicate title or notification processes.,"Exact ZIP code; confirmation of current physical condition of the improvement; detailed neighborhood and surrounding value context; any code enforcement or nuisance issues; verification of access, utilities, and zoning specifics beyond the R HS IMP label.","Confirm the exact parcel location and ZIP in county records, pull recent assessor and GIS data for structure details and neighborhood context, and check for liens, code violations, or occupancy issues before considering a bid.",High
07675-02-13-01140,7.2,Strong Manual Review Candidate,True,Research First,False,"Meta Tulsa Data Center at Fair Oaks Innovation Park has no clear match to this parcel’s street, neighborhood, or ZIP; development signal is explicitly low.","The property at 4018 N GARRISON AV E in Tulsa is a residential improved parcel (R HS IMP) with a relatively low bid cost of 3245.67 and high extraction/data confidence. Address and legal description (LT 1 BLK 5, CHANDLER FRATES FOURTH ADDN, CITY OF TULSA) are clear, supporting basic usability. Rule-based scoring already classifies it as a Strong Manual Review Candidate, driven by strong bid price and property clarity signals. However, ZIP and surrounding value are unknown, and there is no confirmed overlap with the cited Meta/Fair Oaks development, so upside from external investment is not clearly supported.",Unknown ZIP and surrounding value; no clear development overlap or documented external investment momentum; crime risk unknown; owner listed as Unknown may complicate title or notification; development signal explicitly low.,Exact ZIP code; current market context and surrounding property values; physical condition of improvements; occupancy status; title status and any additional liens; neighborhood crime and stability indicators.,"Verify parcel location and ZIP in county records, pull full assessor and deed history to confirm ownership and any liens, and obtain recent imagery or a drive-by inspection to assess structure condition and neighborhood context before bidding.",High
49650-03-34-13420,7.2,Strong Manual Review Candidate,True,Research First,False,"Meta Tulsa Data Center at Fair Oaks Innovation Park has no clear street, neighborhood, or ZIP overlap with this parcel; development signal is explicitly Low.","The parcel at 4932 E HASKELL ST N in Tulsa is a residential improvement (R IMP) lot with a low bid cost of 3249.00 and high extraction/data confidence. Address and legal description (LT 4 BLK 3, YALE CREST ADDN, CITY OF TULSA) are clear, making the asset identifiable for further research. Rule-based scoring (6.8) already flags it as a Strong Manual Review Candidate. However, the matched development (Meta data center at Fair Oaks Innovation Park) has no clear geographic overlap, so it does not materially enhance the investment thesis. Missing ZIP and unknown surrounding value/crime conditions introduce uncertainty but are partially offset by the low entry price and clear property data.","ZIP and neighborhood context are unknown; no confirmed surrounding value or crime data; development upside from the cited Meta project is not clearly applicable; owner name is unknown; residential condition, occupancy, and any structures on the R IMP parcel are not described.","ZIP code; detailed neighborhood and market context; current physical condition of improvements; occupancy status; title issues, liens, or encumbrances; accurate mapping/parcel boundary confirmation; any code violations or demolition history.","Manually map the parcel using the legal description (LT 4 BLK 3, YALE CREST ADDN, CITY OF TULSA) and address (4932 E HASKELL ST N) to confirm exact location, then pull county records for structure details, liens, and code enforcement history before assessing local comps and rent/sale potential.",High
41025-02-01-06510,7.2,Strong Manual Review Candidate,True,Research First,False,The only cited development (Meta Tulsa Data Center at Fair Oaks Innovation Park) has no clear geographic overlap with this parcel; development signal is explicitly Low.,"Parcel 41025-02-01-06510 at 5744 N FRANKFORT AV E in the City of Tulsa has a low bid cost of 3,259.67 and is classified as R IMP (residential improvement), with a clear legal description (LT 13 BLK 18, SUBURBAN HILLS ADDN) and high extraction confidence. Rule-based scoring already flags it as a Strong Manual Review Candidate, driven by strong bid price and property clarity signals. However, the matched development (Meta data center in East Tulsa) has no street, corridor, neighborhood, or ZIP overlap, so it does not currently enhance this parcel’s priority from a development standpoint.","ZIP code is unknown; no confirmed surrounding value or crime context; development upside is not clearly supported by the cited Meta data center project; ownership details are unclear (Owner Name: Unknown), which may complicate title and notification steps.","Exact ZIP code; detailed neighborhood and surrounding value context; crime risk; current structure condition and occupancy status; confirmation of proximity, if any, to other local investments not listed here; full ownership and title history.","Verify parcel location and ZIP in county GIS, pull assessor and deed records to clarify ownership and structure details, and map the parcel relative to known Tulsa submarkets to assess local comps and risk before bidding.",High
15500-03-32-04800,7.2,Strong Manual Review Candidate,True,Research First,False,The only cited development (Meta Tulsa Data Center at Fair Oaks Innovation Park) has no clear geographic overlap with this parcel; development signal is explicitly Low.,"The property at 1313 N DELAWARE AV E in Tulsa is a residential improved parcel (R HS IMP) with a low bid cost of 3267.45 and a clear legal description (LT 4 BLK 7, FRIENDLY HOMES ADDN, CITY OF TULSA). Rule-based scoring is 6.8 with high data confidence, strong property clarity, and complete address, which supports manual review. However, the development intelligence shows no clear match to the major Meta data center project, and the development signal is Low, so upside from nearby investment is not supported by the provided data.",ZIP code is unknown; no documented surrounding value or crime risk; development upside is not clearly supported by the cited Meta data center project; overall external market context around the Friendly Homes Addition is not provided.,Exact ZIP code; any valuation or assessed value data; structure details and condition; occupancy status; surrounding property values; crime and neighborhood quality indicators; distance and connectivity to the Fair Oaks Innovation Park area.,"Confirm the parcel’s ZIP and map the exact location within the Friendly Homes Addition, then obtain county assessor data on improvements, condition, and assessed value to compare against the 3267.45 bid before deciding on auction participation.",High
05825-03-30-01260,7.2,Strong Manual Review Candidate,True,Research First,False,The only cited development (Meta Tulsa Data Center at Fair Oaks Innovation Park) has no clear geographic overlap with this parcel; development signal is explicitly Low.,"The parcel at 2039 N QUAKER AV E in Tulsa is a residential improvement (R IMP) with a relatively low bid cost of 3,268.33 and high extraction/data confidence. Address and legal description are clear enough for follow-up, and rule-based scoring (6.8) already tags it as a Strong Manual Review Candidate. However, the matched development project is in East Tulsa with no street, corridor, neighborhood, or ZIP overlap, so it does not materially raise this parcel’s priority for development-driven upside.","ZIP code is unknown; no confirmed surrounding value or crime context; development upside is not clearly supported by the cited industrial/data center project; ownership details are limited (Owner Name: Unknown), which may signal title or notification complexities.",Exact ZIP code; detailed neighborhood and surrounding property values; structure condition and occupancy status; confirmation of access and any easements related to the N 5 feet taken for street; tax/municipal liens beyond the auction amount.,"Verify the parcel’s exact location and ZIP in county GIS, confirm current structure condition and occupancy, and check for additional liens or code issues to determine whether the low bid cost justifies proceeding.",High
37650-02-12-04530,7.2,Strong Manual Review Candidate,True,Research First,False,Matched Meta Tulsa Data Center project has no clear geographic overlap with this parcel; development signal is explicitly Low.,"The property is a residential improved parcel (R IMP) in the City of Tulsa with a complete address and high extraction confidence. The bid cost of 3271.21 is relatively low for an improved residential lot, and rule-based scoring (6.8) already flags it as a Strong Manual Review Candidate. However, the associated Meta Tulsa Data Center development has no street, corridor, neighborhood, or ZIP overlap, so it does not materially enhance this parcel’s priority. Overall, the combination of low bid, clear parcel/address data, and improved status justifies manual review, but not classification as a Good Investment at this stage.",ZIP code is unknown; no confirmed surrounding value or crime data; development upside is not clearly supported due to lack of overlap with the cited industrial/data center project; owner name is unknown; limited detail on the nature and condition of the residential improvements.,"Exact ZIP code; detailed property characteristics (structure size, age, condition, utilities); neighborhood and surrounding value indicators; crime risk; occupancy status; any liens or encumbrances beyond tax status.","Verify the precise location and ZIP, pull county assessor records for structure details and market value, and review neighborhood comparables and any additional liens to assess whether the low bid cost aligns with realistic resale or rental potential.",High
49700-03-34-14030,7.2,Strong Manual Review Candidate,True,Research First,False,"No Clear Match to the Meta Tulsa Data Center / Fair Oaks Innovation Park; development signal explicitly rated Low with no street, neighborhood, or ZIP overlap.","The parcel at 5107 E HASKELL PL N in the City of Tulsa is a residential improvement (R IMP) lot in the Yale Crest Third Addition, with a relatively low bid cost of 3,272.62 and high extraction/data confidence. Address and legal description are clear (LT 10 BLK 1), making the asset identifiable and researchable. Rule-based scoring (6.8) already flags it as a Strong Manual Review Candidate. However, the cited Meta data center project has no clear locational overlap, so development-driven upside is uncertain.","ZIP code unknown; no confirmed overlap with major development activity; surrounding value and crime risk are both unknown; property condition is not described despite being classified as R IMP; potential title, code, or occupancy issues typical of tax auction properties are not addressed in the data.","Exact ZIP code; on-the-ground condition of the residential improvement; current and recent assessed values; neighborhood and surrounding property values; crime and nuisance indicators; any code enforcement, demolition, or condemnation history; utility status and access details.","Verify the precise location and ZIP in county GIS, then pull assessor and code-enforcement records to confirm structure type, condition, assessed value history, and any liens or violations before considering a bid at or above the 3,272.62 level.",High
32325-92-24-04910,7.2,Strong Manual Review Candidate,True,Research First,False,Meta Tulsa Data Center at Fair Oaks Innovation Park has no clear geographic overlap with this parcel; development signal is explicitly rated Low with No Clear Match.,"The parcel is a residential improved property (R HS IMP) in the City of Tulsa with a complete street address and high extraction confidence. The bid cost of 3277.02 is relatively low, and rule-based scoring (6.8) already categorizes it as a Strong Manual Review Candidate. However, the matched development project (Meta data center at Fair Oaks Innovation Park) has no street, corridor, neighborhood, or ZIP overlap, so it does not materially enhance this parcel’s priority. Surrounding value and crime risk are unknown, and the ZIP code is missing, so the property cannot be elevated to Good Investment but merits deeper manual review.","Unknown ZIP code; no confirmed development overlap or clear surrounding value signal; crime risk estimate unknown; owner listed as Unknown, which may complicate title or notification research.","Exact ZIP code; neighborhood and surrounding property value context; crime and nuisance history; physical condition of improvements; confirmation of access, utilities, and any code or lien issues beyond the tax delinquency.","Verify the precise location and ZIP via county GIS, then pull neighborhood comparables and city records (permits, code violations, liens) to assess structure condition and local demand before bidding.",High
44200-02-11-01060,7.2,Strong Manual Review Candidate,True,Research First,False,Meta Tulsa Data Center at Fair Oaks Innovation Park has no clear geographic overlap with this parcel; development signal is explicitly low despite strong project-level investment.,"The property at 34 W 50 ST N in Tulsa is a residential improvement (R IMP) lot in the City of Tulsa with a low bid cost of 3,286.33 and high data confidence, including a clear parcel ID, address, and legal description (LT 16 BLK 5, VALLEY VIEW ACRES). Rule-based scoring (6.8) already flags it as a Strong Manual Review Candidate, driven by strong bid price and property clarity signals. However, the ZIP is unknown and there is no confirmed overlap with the major Meta/Fair Oaks development, so broader value and neighborhood conditions remain uncertain and require human review.",Unknown ZIP and surrounding value; no clear development overlap with the cited Meta data center project; crime risk and neighborhood quality are unknown; actual condition and usability of the residential improvement are not described.,Exact ZIP code; current structure condition and occupancy; detailed neighborhood and surrounding property values; crime and code enforcement history; utility status and access; any liens or additional encumbrances beyond the tax auction context.,"Confirm the precise location and ZIP, then pull recent comparable sales and rental data for Valley View Acres and nearby blocks, followed by a physical or street-level inspection to verify the condition and occupancy status of the residential improvement.",High
17675-02-24-07570,7.2,Strong Manual Review Candidate,True,Research First,False,"Meta Tulsa Data Center at Fair Oaks Innovation Park has no clear geographic overlap with this parcel; development signal is explicitly Low with no street, corridor, neighborhood, or ZIP match.","The parcel at 750 E 32 PL N in Tulsa is a residential improved (R IMP) property with a relatively low bid cost of 3310.33 and high extraction/data confidence. Address and parcel information are clear, and the rule-based system already scores it as a Strong Manual Review Candidate. However, the only cited development (Meta data center at Fair Oaks Innovation Park) has no clear match to this location, so broader development-driven upside is uncertain.",ZIP code is unknown; no confirmed surrounding value or crime data; no clear overlap with major development activity; development upside not clearly supported; limited context on structure condition or neighborhood quality despite R IMP classification.,"Exact ZIP code; any structure details (age, size, condition); neighborhood and surrounding value indicators; crime risk specifics; confirmation of utilities and access; any liens or encumbrances beyond tax status.","Manually verify the parcel’s exact location and ZIP, confirm that the R IMP classification corresponds to an existing usable structure, and check local comparables and neighborhood conditions to assess whether the low bid cost aligns with market value and risk.",High
25500-03-29-06060,7.2,Strong Manual Review Candidate,True,Research First,False,Meta Tulsa Data Center at Fair Oaks Innovation Park has no clear geographic overlap with this parcel; development signal is explicitly Low with No Clear Match.,"The parcel at 2625 E TECUMSEH ST N in Tulsa has high data confidence, a complete address, and a clear residential improvement (R IMP) designation. The bid cost of 3310.33 is relatively low for an improved residential property, which supports potential value relative to cost. Rule-based scoring (6.8) already classifies it as a Strong Manual Review Candidate. However, the matched development (Meta data center at Fair Oaks Innovation Park) has no street, corridor, neighborhood, or ZIP overlap, so it does not materially enhance this parcel’s priority. Unknown ZIP and lack of surrounding value data introduce uncertainty but do not negate the appeal created by the low bid and clear property type.",ZIP code is unknown; no clear evidence of nearby public or private investment uplift; surrounding value and crime risk are unknown; owner name is unknown; no detail on structure condition or occupancy despite R IMP classification.,"Exact ZIP code; neighborhood and surrounding property values; physical condition and age of the residential improvement; zoning specifics beyond R IMP label; access, utilities, and any code or lien issues; confirmation of proximity (or lack thereof) to the Fair Oaks Innovation Park corridor.","Verify parcel location and ZIP in county GIS, then pull assessor and code-enforcement records to confirm structure details, occupancy status, and any liens or violations before considering a bid at or above 3310.33.",High
17675-02-24-08030,7.2,Strong Manual Review Candidate,True,Research First,False,Meta Tulsa Data Center at Fair Oaks Innovation Park has no clear geographic overlap with this parcel; development signal is explicitly Low with No Clear Match.,"The parcel at 3130 N HARTFORD PL E in Tulsa is a residential improved property (R IMP) with a low bid cost of 3311.00 and high extraction confidence, indicating usable address and parcel data. Rule-based scoring is 6.8 and explicitly categorizes it as a Strong Manual Review Candidate. However, the only cited development—the Meta data center at Fair Oaks Innovation Park—has no street, neighborhood, or ZIP overlap, so it does not substantively raise this parcel’s priority beyond the baseline rule-based score.","ZIP code is unknown; surrounding value and crime risk are unknown; no confirmed nearby public or private investment; development upside is not clearly supported by the matched project; reliance on tax auction data only with no condition, occupancy, or title details.",Exact ZIP code; neighborhood and surrounding property values; property condition and occupancy status; title issues or liens beyond tax delinquency; zoning specifics beyond R IMP classification; any local infrastructure or corridor plans directly affecting Hartford Hills Addn.,"Confirm exact location and ZIP, then pull local assessor and GIS records for Hartford Hills Addn to verify structure details, zoning, and recent sales or value trends before deciding on bidding strategy.",High
44200-02-11-03380,7.2,Strong Manual Review Candidate,True,Research First,False,"The only cited development is the Meta Tulsa Data Center at Fair Oaks Innovation Park, which has no clear street, neighborhood, or ZIP overlap with this parcel; development signal is therefore low.","The parcel at 4627 N BOSTON AV E is a residential improvement (R IMP) lot in the City of Tulsa with a reported lot size of 7,020 and a low bid cost of 3311.00. Address and parcel data quality are strong and extraction confidence is high, making the asset clearly identifiable for follow-up. Rule-based scoring (6.8) already flags it as a Strong Manual Review Candidate, driven by the attractive bid price and good data clarity. However, the ZIP code and surrounding value context are unknown, and the only referenced development project has no clear geographic overlap, limiting evidence of broader appreciation drivers.",Unknown ZIP code and surrounding value context; no clear linkage to the cited Meta/Fair Oaks development; crime risk and neighborhood quality are unknown; owner name is unknown; limited information on the condition or specific characteristics of the residential improvement beyond lot size and basic classification.,Exact ZIP code; neighborhood and surrounding property value context; condition and age of the residential improvement; occupancy status; any code violations or liens beyond tax status; crime and school context; proximity to employment centers or corridors not covered by the provided development intelligence.,"Manually verify the parcel’s exact location and ZIP, inspect recent sales and assessed values for nearby residential parcels in Valley View Acres, and obtain any available data on structure condition and occupancy to determine whether the low bid cost reflects distress, neighborhood risk, or a potential value opportunity.",High
25375-03-29-05240,7.2,Strong Manual Review Candidate,True,Research First,False,Meta Tulsa Data Center at Fair Oaks Innovation Park has no clear geographic overlap with this parcel; development signal is explicitly Low despite high project investment.,"The parcel at 3215 E XYLER ST N in Tulsa is a residential improved property (R HS IMP) with a low bid cost of 3,313.80 and a clear legal description (LT 10 BLK 1, MARION TERRACE ADDN, CITY OF TULSA). Rule-based scoring (6.8) and high data confidence, along with complete address and strong property clarity signals, justify manual review. However, the ZIP is unknown and the only cited development (Meta data center) has no clear match to this location, so broader value uplift from that project is uncertain.",Unknown ZIP code; no confirmed surrounding value or crime risk data; development upside not clearly supported due to lack of overlap with the Meta data center area.,Exact ZIP code; neighborhood and surrounding value context; property condition details; confirmation of utilities and occupancy status.,"Verify exact location and ZIP within Tulsa, confirm current structure condition and occupancy for this residential improved lot in Marion Terrace Addn, and check local comps or assessor data to gauge baseline value relative to the 3,313.80 bid.",High
90306-03-06-24020,8.5,Good Investment,True,Research First,True,"High-strength, strong-match signal to major industrial/data center investment (Meta Tulsa Data Center at Fair Oaks Innovation Park) indicating positive broader Tulsa investment momentum, which supports surrounding value despite only corridor-level overlap.","The parcel at 1641 E 56 ST N has a clear parcel ID, complete address, and is classified as R IMP, suggesting existing improvements. The bid cost of 3314.33 is low relative to the indicated value context (106,425 in the raw text) and the rule-based system scores it 8.7 as a Good Investment with strong bid price, address quality, property clarity, and positive surrounding value signals. Development intelligence shows a strong-match, high-strength signal tied to the Meta Tulsa Data Center project in East Tulsa, indicating substantial infrastructure and industrial momentum in the broader Tulsa area. Data confidence is high, and the only flagged rule-based risk is the missing ZIP, which is manageable at the manual review stage.","ZIP code is unknown, so precise neighborhood and micro-market context are not yet verified; legal description is abbreviated and should be confirmed for exact boundaries; R IMP status and any structures or improvements are not described in detail; crime risk is unknown.","Exact ZIP code and neighborhood context; on-the-ground condition of any improvements; confirmation of access, utilities, and zoning details; verification of the full legal description and any encumbrances or liens beyond the tax issue.","Verify the parcel’s exact mapped location and ZIP, pull county assessor records for structure details and zoning, confirm the full legal description and title status, and compare recent nearby sales or assessed values to validate the implied value versus the 3314.33 bid cost.",High
24275-93-06-15110,7.2,Strong Manual Review Candidate,True,Research First,False,"Meta Tulsa Data Center at Fair Oaks Innovation Park has no clear geographic overlap with this parcel; development signal is explicitly Low with no matching street, corridor, neighborhood, or ZIP.","The parcel at 1435 E ADMIRAL BV N has high data confidence, a complete address, and a clear legal description (LT 20 BLK 6, CITY OF TULSA, LYNCH & FORSYTHE'S ADDN). It is classified as C IMP (commercial improvement), suggesting an existing structure, and the bid cost of 3321.66 is relatively low for a commercial-type asset. Rule-based scoring already flags it as a Strong Manual Review Candidate. However, the ZIP is unknown, surrounding value and crime risk are unknown, and there is no confirmed overlap with the cited Meta data center development, so upside from external investment is not clearly supported.","Unknown ZIP and neighborhood context; no quantified surrounding value or crime risk; development intelligence does not clearly apply to this location; owner name unknown; commercial improvement status may imply rehab, code, or functional issues that are not visible from the auction data.",Exact ZIP code and neighborhood context; current use and condition of the commercial improvement; zoning details and any code enforcement or liens beyond taxes; surrounding property values and vacancy levels; confirmation of proximity (or lack thereof) to active investment corridors in Tulsa.,"Verify the precise location and ZIP of 1435 E ADMIRAL BV N, then pull zoning, building condition, and any code or lien history to confirm that the commercial improvement is usable and to assess local rent/sales comps for similar small commercial properties in this addition.",High
44250-02-12-15190,7.2,Strong Manual Review Candidate,True,Research First,False,"Matched Meta Tulsa Data Center project has no clear geographic overlap with this parcel; development signal is explicitly Low with no street, neighborhood, or ZIP match.","The parcel at 549 E 54 PL N in Tulsa is a residential improvement (R IMP) lot in the City of Tulsa, Valley View Acres Third Addition, with a low bid cost of 3327.00 and high extraction/data confidence. Address and legal description are clear, and rule-based scoring (6.8) already categorizes it as a Strong Manual Review Candidate. However, the associated Meta Tulsa Data Center development has no clear locational match, so development upside is not supported by the provided data.","ZIP code is unknown; no quantified surrounding value or crime risk; development upside is not clearly supported due to lack of overlap with the cited industrial/data center project; residential improvement details (size, condition, occupancy) are not provided.","Exact ZIP code; property physical characteristics (structure size, age, condition); occupancy status; surrounding property values; local crime and neighborhood quality indicators; confirmation of any closer public or private investment activity specific to this neighborhood.","Verify the precise location and ZIP, then pull county assessor records and recent nearby sales/assessed values for Valley View Acres Third Addition to confirm structure details, neighborhood stability, and whether the low bid cost reflects distress, condition issues, or simply tax delinquency.",High
29650-03-07-03460,7.1,Strong Manual Review Candidate,True,Research First,False,"The only cited project is the Meta Tulsa Data Center at Fair Oaks Innovation Park, which has no clear street, neighborhood, or ZIP overlap with this parcel; development signal is explicitly Low.","The parcel at 1338 E 54 ST N in Tulsa is a residential improvement (R IMP) lot in the Northridge Addition with a low bid cost of 3,327.66 and high extraction/data confidence. Address and parcel details are clear, and rule-based scoring (6.8) already flags it as a Strong Manual Review Candidate. However, the matched Meta data center project has no clear geographic overlap, and surrounding value and crime risk are unknown, so the asset cannot be elevated to Good Investment based on current information.",Unknown ZIP code; no verified overlap with major development activity; surrounding value and crime risk are unknown; owner listed as Unknown; limited detail on structure condition or occupancy despite R IMP classification.,"Exact ZIP code; any structure details (size, age, condition, occupancy); zoning specifics beyond R IMP label; recent comparable values or tax assessments; neighborhood crime and stability indicators; confirmation of utilities and access.","Confirm parcel location and ZIP via county GIS, then pull assessor records for structure details and recent valuations; follow with a quick neighborhood and street-level review to assess physical condition and surrounding land use before setting a maximum bid.",High
53825-02-02-01310,7.1,Strong Manual Review Candidate,True,Research First,False,"Nearby Meta Tulsa Data Center at Fair Oaks Innovation Park has no clear geographic overlap with this parcel; development signal is explicitly Low with no street, corridor, neighborhood, or ZIP match.","Parcel 53825-02-02-01310 at 7 E 63 ST N in Tulsa is a residential improvement (R IMP) lot in the CITY OF TULSA, NORTHGATE SECOND ADDN, with a relatively low bid cost of 3327.66 and high extraction confidence. Address and parcel data are clear, and rule-based scoring (6.8) already flags it as a Strong Manual Review Candidate. However, ZIP and surrounding value signals are unknown, and the only cited development (Meta data center at Fair Oaks Innovation Park) has no clear match to this location, so broader upside from that project is not supported by the data provided.",Unknown ZIP and surrounding value; no quantified crime or neighborhood risk; development upside not clearly supported by the cited Meta data center project; limited detail on structure condition beyond R IMP classification.,Exact ZIP code; condition and age of the residential improvement; neighborhood and comparable value context; confirmation of utilities and access; any code enforcement or nuisance issues.,"Manually verify the exact location and ZIP, then pull neighborhood sales/rent comps and any available condition or code-enforcement data for NORTHGATE SECOND ADDN around 7 E 63 ST N to assess whether the low bid cost aligns with local values and risks.",High
46465-92-11-31880,7.2,Strong Manual Review Candidate,True,Research First,False,No clear geographic overlap with the Meta Tulsa Data Center at Fair Oaks Innovation Park; development match is explicitly marked as No Clear Match and development signal is Low.,"The parcel at 2034 S PHOENIX AV W in the WEST TULSA TOWNHOUSE ADDN is a residential improvement (R IMP) with a low bid cost of 3,329.00 and high extraction/data confidence. Address and legal description (LT 30 BLK 1 CITY OF TULSA) are clear, supporting basic usability for further research. Rule-based scoring already categorizes it as a Strong Manual Review Candidate, driven by low entry price and strong property clarity. However, the matched development intelligence (Meta data center in East Tulsa/Fair Oaks Innovation Park) has no clear locational overlap with this West Tulsa townhouse area, so it does not materially enhance the investment thesis.","ZIP code is unknown, limiting quick neighborhood and comp assessment; no confirmed surrounding value or crime data; development upside is not clearly supported by the cited industrial/data center project; current physical condition, occupancy status, and code/ lien issues are unknown; owner name is listed as Unknown, which may signal title or record irregularities that require verification.",Exact ZIP code; current structure condition and habitability; occupancy/tenant status; any code violations or municipal liens; recent comparable sales or rental demand in WEST TULSA TOWNHOUSE ADDN; confirmation of clear title and accurate ownership records.,"Verify parcel details and ZIP with the Tulsa County Assessor/Clerk, then pull property card, aerials, and any code enforcement history for 2034 S PHOENIX AV W to assess structure condition and neighborhood context before bidding.",High
91316-13-16-06210,8.5,Good Investment,True,Research First,True,"High-strength match to Meta Tulsa Data Center at Fair Oaks Innovation Park with over $1B in planned investment and significant local infrastructure improvements, indicating strong industrial momentum near the parcel.","The parcel at 10428 N YALE AV E has a low bid cost of 3339.41 relative to the indicated value signal (86,698) and is classified as B IMP with clear legal description and unplatted 1.99 acres in Tulsa County. Rule-based scoring is high (8.7) with strong signals for bid price, address quality, property clarity, and surrounding value. Development intelligence shows a strong, high-confidence match to the Meta Tulsa Data Center at Fair Oaks Innovation Park, with a high development signal and substantial infrastructure investment nearby. These factors collectively justify elevating the parcel for manual review despite some missing location details.","ZIP and city are unknown, limiting precise location and comparables; property type B IMP is not further described, so existing improvements and usability are unclear; crime risk is unknown; unplatted status may require additional entitlement or access verification.","Exact ZIP and city; detailed site characteristics (access, utilities, zoning specifics, current use); confirmation of proximity and direct benefit to the Fair Oaks Innovation Park infrastructure; condition and nature of any existing improvements.","Verify exact mapped location and zoning of the 1.990-acre tract relative to Fair Oaks Innovation Park and the Meta data center, confirm legal access and utilities, and obtain county records or aerial imagery to identify existing improvements and potential industrial or support-use alignment.",High
91236-12-36-01030,8.8,Strong Manual Review Candidate,True,Research First,True,Strong Match to the Meta Tulsa Data Center at Fair Oaks Innovation Park with a High investment signal suggests positive surrounding value and infrastructure momentum that may benefit this parcel.,"The parcel at 7403 N IROQUOIS AV E has high data confidence, a complete address, and a clear property type (R HS IMP) with a strong property clarity signal. The bid cost of 3357.23 is low relative to the referenced value figure (297,079), and the rule-based system scores it 8.7 in the Good Investment range. Development intelligence shows a Strong Match to the Meta Tulsa Data Center at Fair Oaks Innovation Park with High investment signal strength, indicating significant nearby industrial investment and infrastructure improvements that may enhance long-term value. The main downside is the missing ZIP and unknown owner name, but overall the combination of low bid, clear parcel data, and strong development signal justifies a high-priority manual review rather than an automatic Good Investment classification.",ZIP code is unknown; owner name is unknown; exact proximity to the Meta data center and Fair Oaks Innovation Park is not specified; crime risk is unknown; legal description references multiple exceptions (LESS S330 THEREOF & LESS W30 TULSA COUNTY) that require verification of actual usable acreage.,"Exact ZIP code; confirmation of physical condition and current use of the residential improvements; precise distance and access to Fair Oaks Innovation Park and the Meta data center; verification of net acreage after the legal description carve-outs; any title issues, liens, or encumbrances beyond tax status; zoning confirmation for current and potential uses.","Obtain county GIS and assessor records for parcel 91236-12-36-01030 to confirm boundaries, net acreage, improvements, zoning, and ZIP; then map the parcel relative to Fair Oaks Innovation Park and the Meta Tulsa Data Center to quantify proximity and access before proceeding to title and on-site condition checks.",High
24200-03-28-04080,7.2,Strong Manual Review Candidate,True,Research First,False,Matched Meta Tulsa Data Center project has no clear geographic overlap with this parcel; development signal is explicitly Low and match strength is No Clear Match.,"The property at 1803 N INDIANAPOLIS AV is a residential improved parcel (R HS IMP) with a low bid cost of 3365.01 and high extraction confidence. Address and legal description (LT 13 BLK 12 E, LOUISVILLE HGTS ADDN, CITY OF TULSA) are clear, supporting basic usability. Rule-based scoring already flags it as a Strong Manual Review Candidate, driven by low bid price and strong property clarity. However, the only cited development (Meta Tulsa Data Center at Fair Oaks Innovation Park) has no street, corridor, neighborhood, or ZIP overlap, so it does not materially enhance this parcel’s priority.",ZIP and city details for the specific address are not provided; surrounding value and crime risk are unknown; no confirmed nearby public/private investment; development upside not clearly supported; owner name unknown.,"Exact ZIP code; confirmation of on-site structure condition despite R HS IMP classification; neighborhood-level value and crime context; verification of access, utilities, and any code or lien issues beyond tax status.","Manually verify parcel location and neighborhood context in Tulsa records, confirm existing improvements and condition for LT 13 BLK 12 E in LOUISVILLE HGTS ADDN, and check for additional liens or code violations to validate whether the low bid cost aligns with realistic resale or rental potential.",High
12175-92-03-02290,7.2,Strong Manual Review Candidate,True,Research First,False,The only cited development (Meta Tulsa Data Center at Fair Oaks Innovation Park) has no clear geographic overlap with this parcel; development signal is explicitly Low with a No Clear Match.,"The parcel at 3034 W CAMERON ST N in Tulsa is a residential improvement (R IMP) lot with a relatively low bid cost of 3,366.33 and high extraction/data confidence. Address and legal description (LT 1 BLK 11, EASTON HGTS ADDN, CITY OF TULSA) are clear, supporting basic usability and making it suitable for deeper review. However, ZIP and surrounding value indicators are unknown, and the only referenced major development in Tulsa has no clear match to this location, limiting evidence of external upside.",Unknown ZIP and surrounding value; no clear overlap with the cited Meta/Fair Oaks development; crime risk and neighborhood quality are unknown; owner listed as Unknown may complicate title research; lack of explicit land size or structure details beyond R IMP classification.,Exact ZIP code; parcel size and any building details; neighborhood and surrounding property values; crime and code enforcement history; confirmation of utilities and access; detailed title status beyond tax auction context.,"Verify parcel location and ZIP via county GIS, then pull assessor records for structure details and market value, followed by a title search to confirm liens or encumbrances and a quick neighborhood and sales comp check around EASTON HGTS ADDN.",High
07675-02-13-01590,7.2,Strong Manual Review Candidate,True,Research First,False,"No Clear Match to the Meta Tulsa Data Center / Fair Oaks Innovation Park project; no street, corridor, neighborhood, or ZIP overlap, so nearby industrial investment does not clearly enhance this parcel’s priority.","The parcel at 4013 N ELGIN AV E in Tulsa is a residential improvement (R IMP) with a relatively low bid cost of 3,368.32 and high extraction confidence. Address and legal description are usable, and rule-based scoring (6.8) already flags it as a Strong Manual Review Candidate. However, the ZIP is unknown and there is no clear overlap with the cited Meta data center development area, so development-driven upside is uncertain. Overall, the combination of low entry cost and clear property type justifies manual review, but not classification as a Good Investment at this stage.","Unknown ZIP code and surrounding value context; no clear development overlap with the Meta data center project; development signal is Low; broader neighborhood conditions, property condition, and marketability are not provided; ownership listed as Unknown may indicate potential title or notification complexities.",Exact ZIP code and neighborhood context; current physical condition of the residential improvement; occupancy status; detailed surrounding property values or comps; any code violations or liens beyond the tax issue; confirmation of lot dimensions and access; clarity on ownership/title beyond 'Unknown'.,"Verify the precise location and ZIP, then pull local property records to confirm structure type, condition, and any additional liens or code issues; assess neighborhood sales and rent levels to determine whether the low bid cost aligns with realistic resale or rental potential.",High
04550-03-32-02430,7.2,Strong Manual Review Candidate,True,Research First,False,"Meta Tulsa Data Center at Fair Oaks Innovation Park has no clear geographic overlap with this parcel; development signal is explicitly Low with no matching street, neighborhood, or ZIP.","The parcel at 813 N FLORENCE AV E in Tulsa has high data confidence, a complete address, and a clear legal description (LT 4 BLK 1 CITY OF TULSA | BOYCE SUB W/2 L16 GARDEN ACRES SUB). It is classified as R IMP, indicating a residential improvement, and the bid cost is relatively low at 3368.99, which aligns with the rule-based Strong Manual Review Candidate score of 6.8. However, the ZIP code is unknown and there is no confirmed overlap with the major Meta data center development, so upside from nearby investment is not supported by the provided data.",Unknown ZIP and surrounding value context; no clear development or infrastructure overlap to support appreciation; limited information on the condition or exact nature of the residential improvement; potential neighborhood and crime risks are unknown.,"ZIP code; detailed neighborhood context; property condition and occupancy status; structure details (size, age, configuration); confirmation of utilities and access; any code violations or liens beyond tax delinquency.","Verify the exact location and ZIP, then pull local property records and recent sales on N Florence Ave and within Boyce Sub/Garden Acres to confirm neighborhood quality, structure details, and potential resale or rental value relative to the 3368.99 bid.",High
26250-92-05-02570,7.2,Strong Manual Review Candidate,True,Research First,False,Meta Tulsa Data Center at Fair Oaks Innovation Park has no clear geographic overlap with this parcel; development signal is explicitly Low with No Clear Match.,"The property at 4914 W 1 ST S in Tulsa is a residential improvement (R IMP) lot in the City of Tulsa, Mayfair Addition, with a low bid cost of 3382.32 and high extraction/data confidence. Address and parcel data are complete and clear, and rule-based scoring (6.8) already classifies it as a Strong Manual Review Candidate. However, the only cited development—the Meta data center at Fair Oaks Innovation Park—has no street, neighborhood, or ZIP overlap, so it does not materially raise this parcel’s priority for development-driven upside.",ZIP code is unknown; no confirmed surrounding value or crime data; development upside is not clearly supported due to lack of overlap with the cited Meta data center project; overall area value context is unknown.,"Exact ZIP code; any details on structure condition or occupancy; surrounding property values and neighborhood context; confirmation of access, utilities, and any code or lien issues beyond the tax auction.","Verify the precise location and ZIP of 4914 W 1 ST S within Mayfair Addition, then pull local comparables and basic condition/occupancy checks to assess whether the low bid on this residential improvement aligns with typical values in that micro-area.",High
44225-02-12-10920,7.2,Strong Manual Review Candidate,True,Research First,False,"Matched Meta Tulsa Data Center project has no clear geographic overlap with this parcel; development signal is explicitly Low with no street, corridor, neighborhood, or ZIP match.","The property at 5308 N FRANKFORT PL E in Tulsa is a residential improved (R IMP) lot in Valley View Acres Second Addition, with a low bid cost of 3,386.99 and high extraction confidence. Address and parcel data are complete and clear, and rule-based scoring (6.8) already flags it as a Strong Manual Review Candidate. However, the ZIP and surrounding value context are unknown, and the only cited development (Meta Tulsa Data Center at Fair Oaks Innovation Park) has no clear location match, so development-driven upside is not supported by the provided data.",Unknown ZIP code and surrounding value; no confirmed development or infrastructure overlap; crime risk estimate unknown; development signal explicitly Low; owner listed as Unknown may indicate title or contact complexity.,Exact ZIP code; current and recent assessed value or market comparables; structure details and condition for the R IMP classification; neighborhood and surrounding land use context; any liens or additional encumbrances beyond tax status; crime and school context.,"Verify parcel details with Tulsa County records (including ZIP, assessed value, and improvement characteristics) and pull recent sales or assessment data for Valley View Acres Second Addition to gauge realistic value relative to the 3,386.99 bid.",High
29625-02-36-21010,7.2,Strong Manual Review Candidate,True,Research First,False,"The only cited development is the Meta Tulsa Data Center at Fair Oaks Innovation Park, which has no street, corridor, neighborhood, or ZIP overlap with this parcel and is explicitly tagged as No Clear Match, so it should not be treated as a direct development upside signal for this property.","The parcel at 419 E NEWTON PL N in Tulsa has a low bid cost of 3388.99 and is clearly identified as a residential improvement (R IMP) with a high extraction confidence and complete address, which supports potential value relative to the entry price. Rule-based scoring already flags it as a Strong Manual Review Candidate, and there are no major data quality issues aside from the missing ZIP code. However, the matched development (Meta data center at Fair Oaks Innovation Park) has no clear geographic overlap, and surrounding value and crime risk are unknown, so the property cannot be elevated to Good Investment based on current information.",ZIP code is unknown; no confirmed overlap with major development activity; surrounding value and crime risk are unknown; actual condition and usability of the residential improvement are not described.,"Exact ZIP code; on-the-ground condition of the residential improvement; neighborhood quality and surrounding property values; local crime and nuisance factors; confirmation of utilities, access, and any code or lien issues beyond taxes.","Verify the precise location and ZIP, then pull neighborhood comparables and recent sales/rent data for nearby residential properties, followed by a physical or virtual inspection check for structure condition, occupancy, and any code enforcement or lien records.",High
10450-03-19-50550,7.2,Strong Manual Review Candidate,True,Research First,False,The only cited development (Meta Tulsa Data Center at Fair Oaks Innovation Park) has no clear geographic overlap with this parcel; development signal is explicitly Low.,"The parcel at 3128 N TROOST PL E is a residential improved property (R HS IMP) in the City of Tulsa with a low bid cost of 3389.11 and a clear legal description (LT 6 BLK 1, CUL-DE-SAC LANE ADDN). Address and parcel data quality are strong and extraction confidence is high, supporting further review. However, the ZIP code and surrounding value context are unknown, and the matched development project has no street, corridor, neighborhood, or ZIP overlap, so development upside is not supported by the provided data.",Unknown ZIP and surrounding value; no confirmed development overlap or documented value drivers; crime risk and neighborhood quality are unknown; owner listed as Unknown may complicate title or notification history.,Exact ZIP code; neighborhood and surrounding property values; physical condition of improvements; occupancy status; code enforcement or nuisance history; detailed title status beyond tax auction; proximity to any other public or private investments not listed here.,"Verify the precise location and ZIP, then pull local sales and rent comps and any code or nuisance records for 3128 N TROOST PL E to assess neighborhood quality and improvement condition before bidding.",High
28025-93-11-08980,7.2,Strong Manual Review Candidate,True,Research First,False,Meta Tulsa Data Center at Fair Oaks Innovation Park has no clear geographic overlap with this parcel; development signal is explicitly Low with a No Clear Match designation.,"The parcel at 1942 S 74 AV E, Tulsa, is classified as R HS IMP (residential improved) with a low bid cost of 3392.99 and high extraction confidence, indicating a likely usable residential asset at a relatively low entry price. Address quality and property clarity are both strong, and rule-based scoring (6.8) already tags it as a Strong Manual Review Candidate. However, the ZIP code is unknown, surrounding value and crime risk are unknown, and the only cited development (Meta data center at Fair Oaks Innovation Park) has no street, neighborhood, or ZIP overlap, so external upside from that project is not supported.",Unknown ZIP and neighborhood context; no confirmed surrounding value or crime data; development upside from the cited Meta project is not clearly applicable; owner listed as Unknown may complicate title research; lack of additional property details beyond R HS IMP and lot/block description.,Exact ZIP code; neighborhood and school context; condition of improvements; lot size and building size; current occupancy or vacancy; any code violations or liens beyond tax; more precise proximity to employment centers or corridors; crime and surrounding value indicators.,"Confirm parcel location and ZIP via county GIS, then pull full assessor record (structure details, year built, square footage, land size, and any noted condition issues) and run a preliminary title and lien check to verify that only the referenced tax delinquency is outstanding.",High
37650-02-12-04250,7.2,Strong Manual Review Candidate,True,Research First,False,"Meta Tulsa Data Center at Fair Oaks Innovation Park has no clear street, neighborhood, or ZIP overlap with this parcel; development signal is explicitly Low.","The parcel at 834 E 53 ST N in the City of Tulsa is a residential improved (R IMP) lot in SHARON HGTS ADDN with a clear legal description (LOT-10-BLK-4) and high extraction confidence. The bid cost of 3394.99 is relatively low, and rule-based scoring (6.8) already categorizes it as a Strong Manual Review Candidate, supported by strong property clarity and complete address data. However, the ZIP is unknown, surrounding value and crime risk are unknown, and the only cited development (Meta data center at Fair Oaks Innovation Park) has no clear geographic match, so development-driven upside cannot be assumed.",Unknown ZIP code; no quantified surrounding value or crime risk; development intelligence shows no clear overlap with major investment areas; limited context on property condition despite R IMP classification; potential neighborhood or market risk not captured in the provided data.,"Exact ZIP code; neighborhood and market context; property condition and occupancy status; any code violations or liens beyond tax status; comparable values or rent levels; confirmation of proximity, if any, to other public or private investments not listed here.","Verify the precise location and ZIP, then pull local comps and neighborhood data to assess surrounding values and risk profile; confirm physical condition and any additional encumbrances before bidding.",High
40825-02-13-08480,7.2,Strong Manual Review Candidate,True,Research First,False,"Meta Tulsa Data Center at Fair Oaks Innovation Park has no clear street, neighborhood, or ZIP overlap with this parcel; development signal is explicitly Low despite high-level industrial momentum in East Tulsa.","The property at 4346 N HARTFORD AV E in Tulsa is a residential improvement (R IMP) lot in the City of Tulsa, with a relatively low bid cost of 3394.99 and high extraction/data confidence. Address and parcel details are clear, and the rule-based system scores it 6.8 and labels it a Strong Manual Review Candidate. However, the only cited development (Meta data center at Fair Oaks Innovation Park) has no clear geographic overlap, so development upside is not well supported. The combination of low entry cost, clear urban address, and residential improvement status justifies manual review but not a Good Investment classification.",ZIP code and surrounding value context are unknown; no confirmed overlap with major development; crime risk and neighborhood quality are unknown; development signal is Low; ownership details are unclear (Owner Name: Unknown).,Exact ZIP code; neighborhood and surrounding property values; condition and occupancy status of the residential improvement; any code violations or liens beyond the tax issue; confirmation of proximity to active investment corridors; detailed owner/title history.,"Verify the precise location and ZIP of 4346 N HARTFORD AV E, pull neighborhood sales/rent comps and code-enforcement records, and confirm structure condition and occupancy to determine whether the low bid cost aligns with realistic resale or rental potential.",High
18650-93-06-12970,7.2,Strong Manual Review Candidate,True,Research First,False,No clear geographic overlap with the cited Meta Tulsa Data Center at Fair Oaks Innovation Park; development signal is explicitly low despite strong citywide industrial momentum.,"The parcel at 348 S ZUNIS AV E is a residential improved property (R HS IMP) in the City of Tulsa with a relatively low bid cost of 3,418.25 and high extraction/data confidence. Address and parcel data are clear, and the rule-based system already flags it as a Strong Manual Review Candidate. However, the ZIP is unknown, surrounding value and crime risk are unknown, and there is no confirmed local development tie-in, so it cannot be treated as a clearly strong or low-risk investment without further investigation.","Unknown ZIP code and neighborhood context; no quantified surrounding value or crime risk; no confirmed nearby development catalyst; physical condition, title issues, and occupancy status are completely unknown; residential improvements may require significant rehab or could be functionally obsolete.",Exact ZIP and neighborhood context; current structure condition and habitability; occupancy/tenant status; any code violations or liens beyond taxes; recent comparable sales or rental levels; confirmation of utilities and access.,"Manually verify the precise location and ZIP, then obtain recent photos or a drive-by inspection to assess structure condition and neighborhood, followed by a check of county records for liens, code issues, and comparable sales to size potential upside versus rehab and holding costs.",High
28475-03-33-14410,7.2,Strong Manual Review Candidate,True,Research First,False,"The only cited development is the Meta Tulsa Data Center at Fair Oaks Innovation Park, which has no clear street, corridor, neighborhood, or ZIP overlap with this parcel; development signal is explicitly Low.","The parcel at 1211 N VANDALIA AV E in Tulsa is a residential improvement (R IMP) lot with a relatively low bid cost of 3,437.28 and high extraction/data confidence. Address and parcel data are complete and clear, and the rule-based system already flags it as a Strong Manual Review Candidate. However, the matched development (Meta data center at Fair Oaks Innovation Park) has no clear geographic overlap, so it does not materially enhance this parcel’s priority. Surrounding value and crime risk are unknown, and the ZIP code is missing, which limits automated valuation and risk assessment. These factors support manual review rather than a definitive investment judgment.",Unknown ZIP code; no confirmed development or infrastructure improvements directly tied to this location; surrounding value and crime risk are unknown; owner listed as Unknown may complicate title research and redemption/quiet title processes.,ZIP code; neighborhood and surrounding property value context; physical condition of the residential improvement; occupancy status; title status and any additional liens; zoning details beyond the R IMP classification.,"Manually verify parcel location and ZIP, pull county assessor and GIS records for structure details and neighborhood context, and run a title and lien search to confirm encumbrances and ownership history before bidding.",High
29675-03-07-09230,7.2,Strong Manual Review Candidate,True,Research First,False,Meta Tulsa Data Center at Fair Oaks Innovation Park has no clear geographic overlap with this parcel; development signal is explicitly Low with No Clear Match.,"The parcel at 1901 E 50 PL N in the City of Tulsa is a residential improvement (R IMP) lot in the Northridge Second Addition (amended), with a low bid cost of 3,437.65 and high extraction/data confidence. Address and parcel information are complete and clear, supporting further investigation. However, the development intelligence only provides a high-level industrial/data center project in East Tulsa with no street, neighborhood, or ZIP overlap, so it does not materially raise this parcel’s priority beyond its already strong rule-based score.",ZIP code is unknown; no confirmed surrounding value or crime risk data; development upside is not clearly supported due to lack of overlap with the cited Meta data center project; overall area quality and marketability cannot be validated from the provided data alone.,Exact ZIP code; any valuation or assessed value data; condition of the residential improvement; neighborhood and surrounding property characteristics; crime and school context; confirmation of utilities and access; any liens or encumbrances beyond the tax auction status.,"Verify the exact location and ZIP, pull county assessor records for structure details and assessed value, and review recent nearby sales or rental data to gauge whether the low bid cost aligns with local residential values.",High
90330-03-30-22140,7.2,Strong Manual Review Candidate,True,Research First,False,"Matched Meta Tulsa Data Center project has no clear geographic overlap (no street, corridor, neighborhood, or ZIP match), so it does not materially raise this parcel’s priority.","The parcel is a residential improvement (R IMP) in the City of Tulsa with a complete address and a clear unplatted legal description, and the bid cost of 3437.65 is relatively low for an improved property. Rule-based scoring (6.8) already flags it as a Strong Manual Review Candidate, supported by strong property clarity and address quality. However, the ZIP is unknown and there is no confirmed overlap with the major Meta data center investment area, so development upside is uncertain and cannot justify a higher category.",Unknown ZIP and precise submarket; no clear development or surrounding value signal; development match to Fair Oaks Innovation Park is non-local per provided data; property condition and occupancy are unknown; only basic tax auction data is available.,"Exact ZIP code and neighborhood context; current structure condition and use; surrounding property values and comps; zoning confirmation beyond R IMP label; any code violations or liens beyond tax status; access, utilities, and any easements or encroachments.","Manually map the legal description and address to confirm exact location and ZIP, then pull local assessor and code enforcement records to verify structure details, condition, and any additional liens or violations before adjusting bid strategy.",High
90201-02-01-25920,7.2,Strong Manual Review Candidate,True,Research First,False,"Meta Tulsa Data Center at Fair Oaks Innovation Park shows strong industrial momentum in East Tulsa, but there is no street, corridor, neighborhood, or ZIP overlap with this parcel, so direct development upside cannot be assumed.","The parcel at 502 E 61 ST N in Tulsa has a low bid cost of 3446.32 and is classified as R IMP with high extraction confidence and a complete address, indicating a potentially improved residential property with usable data. The rule-based system assigns a 6.8 score and flags it as a Strong Manual Review Candidate, driven by strong bid price and property clarity signals. However, the ZIP is unknown and the only cited development (Meta data center at Fair Oaks Innovation Park) has no clear geographic overlap, so development-driven upside is not supported by the provided data.",Unknown ZIP code and incomplete locational context; no confirmed overlap with major development activity; surrounding value and crime risk are unknown; legal description is complex and may require survey or title review to confirm exact boundaries and any carve-outs; owner listed as Unknown may signal title or notification complexities.,"Exact ZIP code; confirmation of physical condition and occupancy of the residential improvement; detailed neighborhood and surrounding value data; crime and school context; verification of access, utilities, and zoning specifics; title status and any liens or encumbrances beyond tax delinquency.","Confirm precise location (including ZIP) and parcel boundaries using county GIS and legal description, then pull recent comparable sales and rental data for the immediate area to validate the indicated value and assess whether the low bid cost justifies further on-site inspection and title review.",High
44200-02-11-03600,7.2,Strong Manual Review Candidate,True,Research First,False,"Meta Tulsa Data Center at Fair Oaks Innovation Park has no clear street, neighborhood, or ZIP overlap with this parcel; development signal is explicitly Low.","The parcel at 4672 N BOSTON AV E in Tulsa is a residential improvement (R IMP) with a low bid cost of 3450.32 and high extraction/data confidence. Address and parcel information are complete and clear, and rule-based scoring (6.8) already categorizes it as a Strong Manual Review Candidate. However, the only cited development (Meta data center at Fair Oaks Innovation Park) has no clear geographic overlap, so development-driven upside is not supported by the provided data.",ZIP code is unknown; no confirmed surrounding value or crime data; development intelligence does not clearly benefit this location; owner name is unknown; overall upside depends on local neighborhood conditions not provided here.,Exact ZIP code; detailed neighborhood context; current property condition; occupancy status; surrounding property values; code enforcement or liens beyond tax auction status.,"Manually verify neighborhood quality and comparable property values around 4672 N BOSTON AV E, confirm the parcel’s ZIP and zoning, and check for additional liens or structural issues before bidding.",High
08450-03-29-03260,7.2,Strong Manual Review Candidate,True,Research First,False,"The only cited development is the Meta Tulsa Data Center at Fair Oaks Innovation Park, which has no clear street, neighborhood, or ZIP overlap with this parcel; development signal is explicitly rated Low.","The parcel at 2901 E WOODROW ST N in Tulsa is a residential improvement (R IMP) lot with a relatively low bid cost of 3,456.98 and high extraction/data confidence. Address and parcel information are complete and clear, supporting further investigation. However, the matched development (Meta data center at Fair Oaks Innovation Park) has no clear geographic overlap with this property, so it does not currently enhance the investment thesis. Overall, the combination of low entry cost and clear property data, despite unknown ZIP and unclear surrounding values, justifies manual review rather than dismissal.",ZIP code and surrounding value context are unknown; no confirmed development or infrastructure improvements directly tied to this location; crime risk is unknown; owner name is unknown; development signal is explicitly Low with no clear match to the Meta/Fair Oaks project.,Exact ZIP code; neighborhood and surrounding property values; physical condition of the residential improvement; occupancy status; access to utilities and infrastructure; any code violations or liens beyond the tax issue; more precise location context relative to Tulsa submarkets.,"Verify the precise location and ZIP, then pull local sales and rent comps for CITY VIEW ADDN RESUB B12 and nearby blocks to assess surrounding values and confirm whether the existing residential improvement is habitable or distressed.",High
19725-03-30-11590,7.2,Strong Manual Review Candidate,True,Research First,False,"Meta Tulsa Data Center at Fair Oaks Innovation Park has no clear street, neighborhood, or ZIP overlap with this parcel; development signal is explicitly Low.","The property at 1729 E YOUNG PL N in Tulsa is a residential improvement (R IMP) with a relatively low bid cost of 3,471.65 and high extraction confidence. Address and parcel data are complete and clear, and the rule-based system scores it 6.8 as a Strong Manual Review Candidate. However, the matched Meta data center project has no clear geographic overlap, so development upside from that project is not supported. The unknown ZIP and lack of surrounding value or crime data add uncertainty but do not negate the appeal of a low-cost improved residential parcel for further review.","ZIP code unknown; no verified development or surrounding value signal; crime risk unknown; owner listed as Unknown; development intelligence explicitly notes no clear match to the major Meta project, limiting confirmed upside.",Exact ZIP code; detailed neighborhood and surrounding property values; structure details and condition for the residential improvement; occupancy status; title issues or other liens beyond tax; zoning confirmation and any code enforcement history.,"Confirm parcel location and ZIP via county GIS, then pull assessor records for structure details and condition, verify zoning and any code or lien issues, and review recent nearby sales or rents to assess realistic value relative to the 3,471.65 bid.",High
38575-03-28-12560,7.2,Strong Manual Review Candidate,True,Research First,False,Meta Tulsa Data Center at Fair Oaks Innovation Park has no clear geographic overlap with this parcel; development signal is explicitly Low despite strong citywide industrial momentum.,"The parcel at 2443 N VANDALIA AV E in Tulsa is a residential improvement (R IMP) lot in the City of Tulsa, with a relatively low bid cost of 3,480.31 and high extraction/data confidence. Address and parcel details are clear (LOT 7 BLK 9, SMITHDALE), supporting basic usability and making it a cost-effective candidate for further review. However, the ZIP is unknown, surrounding value and crime risk are unknown, and there is no clear match to the cited Meta/Fair Oaks development, so upside from nearby major investment is not substantiated. These factors prevent classifying it as a Good Investment but justify a Strong Manual Review Candidate rating.",Unknown ZIP and neighborhood context; surrounding value and crime risk are both unknown; no clear development overlap to support appreciation thesis; owner listed as Unknown may complicate title research; development signal is Low despite broader Tulsa industrial investment momentum.,Exact ZIP code; detailed neighborhood and market comps; condition and specifics of the residential improvement; confirmation of occupancy status; title status and any additional liens beyond the tax obligation; local crime and code enforcement history.,"Confirm the precise location and ZIP, pull recent comparable sales and rent data for the SMITHDALE area, and obtain a title report to identify any non-tax liens or legal encumbrances on LOT 7 BLK 9.",High
07675-02-13-01610,7.2,Strong Manual Review Candidate,True,Research First,False,No clear geographic overlap with the Meta Tulsa Data Center at Fair Oaks Innovation Park; development signal is explicitly rated Low despite strong project investment.,"The parcel at 421 E 40 ST N in Tulsa is a residential improvement (R IMP) lot in the City of Tulsa with a clear legal description (LT 14 BLK 6, CHANDLER FRATES FOURTH ADDN) and high extraction confidence. The bid cost of 3505.64 is relatively low, and rule-based scoring (6.8) already categorizes it as a Strong Manual Review Candidate, supported by complete address data and strong property clarity. However, the matched development (Meta data center at Fair Oaks Innovation Park) has no street, neighborhood, or ZIP overlap with this parcel, so the development signal is Low and does not clearly enhance upside.",Unknown ZIP code limits precise location and value context; no confirmed surrounding value or crime data; development upside is not clearly supported by the cited Meta data center project; ownership listed as Unknown may indicate title or notification complexities.,"Exact ZIP code; neighborhood and market context for CHANDLER FRATES FOURTH ADDN; condition and use of the residential improvement; any code enforcement, liens, or occupancy status; comparable sale or rent data in the immediate area.","Verify the exact parcel location and ZIP, then pull local assessor and code records for structure condition, occupancy, and any liens or violations; follow with a quick market check on recent residential activity in Chandler Frates Fourth Addition to gauge realistic exit value relative to the 3505.64 bid.",High
23000-03-27-08140,6.4,Strong Manual Review Candidate,True,Research First,False,"Nearby Meta Tulsa Data Center project at Fair Oaks Innovation Park has no clear street, corridor, neighborhood, or ZIP overlap with this parcel, so it does not materially raise this property’s priority.","Bid cost is modest at 3509.05 for a commercial (C) property comprising multiple lots (LTS 2 & 3 & N/2 LT 4 & E635.5 S/2 LT 4 & E635.5 LT 5, BLK 3, City of Tulsa). Address quality is partial but usable (APACHE & N YALE AV E intersection in Tulsa), and rule-based scoring (5.4) already flags it as a Strong Manual Review Candidate. Development intelligence exists for a large Meta data center in East Tulsa, but there is no clear geographic match, so development upside is uncertain. Data confidence is medium, ZIP is unknown, and surrounding value and crime risk are unknown, so it cannot be classified as a Good Investment yet but warrants deeper manual review.","Unknown ZIP and incomplete address details; no confirmed overlap with major development activity; surrounding property values and crime risk are unknown; owner name listed as Unknown; only medium extraction and data confidence, which may hide title, access, or usability issues.",Exact ZIP code; precise parcel boundaries and acreage; zoning confirmation and allowable uses for this commercial classification; verification of access and frontage at APACHE & N YALE AV E; current and recent assessed values; any structures or improvements on-site; environmental or contamination history; confirmation of proximity to active commercial corridors or anchors; title status and any liens beyond tax delinquency.,"Pull county GIS and assessor records for parcel 23000-03-27-08140 to confirm exact location, acreage, zoning, and improvements, then verify access/frontage at APACHE & N YALE AV E and check for any recorded liens or encumbrances beyond the tax delinquency.",Medium
44200-02-11-02340,7.2,Strong Manual Review Candidate,True,Research First,False,Matched development (Meta Tulsa Data Center at Fair Oaks Innovation Park) has no clear geographic overlap with this parcel; development signal is explicitly Low.,"The property at 110 W 49 PL N in Tulsa is a residential improvement (R IMP) lot in Valley View Acres with a bid cost of 3520.98 and high extraction confidence. Address and parcel data are clear, and rule-based scoring (6.8) already flags it as a Strong Manual Review Candidate. However, the associated industrial/data center development in East Tulsa has no street, neighborhood, or ZIP overlap, so it does not materially raise this parcel’s priority beyond its existing rule-based score.",Unknown ZIP code; no confirmed surrounding value or crime risk data; development upside not clearly supported due to lack of overlap with the cited Meta data center project; owner listed as Unknown may complicate title research.,Exact ZIP code; detailed neighborhood and surrounding value context; structure condition and occupancy status; any code violations or liens beyond tax status; precise proximity to employment centers or infrastructure improvements.,"Verify the parcel’s ZIP and map the exact location within Valley View Acres, then pull county records for structure details, occupancy, and any additional liens or code issues to confirm whether the residential improvement justifies the 3520.98 bid.",High
27550-93-08-18710,6.8,Strong Manual Review Candidate,True,Research First,False,"The only cited project is the Meta Tulsa Data Center at Fair Oaks Innovation Park, which has no clear street, corridor, neighborhood, or ZIP overlap with this parcel. Development match strength is explicitly noted as No Clear Match, so it should not be treated as a direct upside driver for this property.","The parcel at 1239 S ATLANTA PL E in Tulsa is classified as R HS IMP (residential with improvements), with a clear legal description (LT 9 BLK 1 CITY OF TULSA | MILES ADDN RESUB L2 B1& L2 B2 & ALL B4 FAIR) and high extraction/data confidence. The bid cost of 3527.85 is flagged as a strong bid price signal, suggesting a potentially favorable entry point relative to the presence of improvements. Address quality and property clarity are both strong, supporting efficient follow-up research. However, the ZIP code is unknown, surrounding value and crime risk are unknown, and there is no confirmed development overlap with the Meta data center project, so broader market and neighborhood context remain unclear. These factors prevent classification as a Good Investment but justify Strong Manual Review Candidate status for targeted due diligence.","Unknown ZIP code and neighborhood context; no quantified surrounding value or crime risk; development upside not clearly supported due to lack of overlap with the cited Meta data center project; owner listed as Unknown, which may complicate title research; reliance on auction data only with no confirmation of current structure condition or occupancy despite R HS IMP classification.","Exact ZIP code; neighborhood and school context; recent comparable sales or assessed value for similar residential improved parcels in this area; confirmation of existing structure type, size, and condition; verification of utilities and access; any code violations, liens beyond taxes, or demolition orders; proximity to employment centers or amenities independent of the Fair Oaks Innovation Park project.","Confirm the precise location and ZIP for 1239 S ATLANTA PL E, then pull county assessor and GIS records to verify structure details, land size, assessed value, and any code or lien issues; follow with a quick market check of recent sales for similar residential improved parcels in the same addition (MILES ADDN) to gauge whether the 3527.85 bid is materially below typical distressed value.",High
07600-02-24-00740,7.2,Strong Manual Review Candidate,True,Research First,False,The only cited development (Meta Tulsa Data Center at Fair Oaks Innovation Park) has no clear geographic overlap with this parcel; development signal is explicitly Low with a No Clear Match.,"The parcel at 3353 N LANSING PL E in Tulsa has high data confidence, a complete address, and a clear residential improvement (R IMP) designation, suggesting an existing structure. The bid cost of 3530.98 is relatively low for an improved residential property, which supports potential value relative to entry price. Rule-based scoring (6.8) and categorization already flag it as a Strong Manual Review Candidate. However, the ZIP code and surrounding value indicators are unknown, and there is no confirmed development overlap to boost long-term upside, so it should not be classified as a Good Investment at this stage.",Unknown ZIP and surrounding value; no clear supporting development activity; crime risk unknown; actual condition and usability of the residential improvement are unverified.,Exact ZIP code; neighborhood and surrounding property values; physical condition of the residential improvement; occupancy status; title issues or liens beyond tax auction; zoning details beyond R IMP classification.,"Confirm the exact location and ZIP, inspect or obtain recent imagery of the structure, and pull local sales/rent comps and zoning/permit history to validate that the low bid cost aligns with realistic resale or rental potential.",High
30125-03-28-10360,7.2,Strong Manual Review Candidate,True,Research First,False,Meta Tulsa Data Center at Fair Oaks Innovation Park has no clear geographic overlap with this parcel; development signal is explicitly Low with No Clear Match.,"The parcel at 4117 E XYLER ST N in Tulsa is a residential improvement (R IMP) lot in the City of Tulsa, Oak Ridge Addition, with a relatively low bid cost of 3536.03 and high extraction/data confidence. Address and legal description are clear (LT 12 BLK 1), supporting basic usability. Rule-based scoring already categorizes it as a Strong Manual Review Candidate, mainly due to low bid and strong property clarity. However, the matched Meta data center project has no street, neighborhood, or ZIP overlap, so it does not materially raise the priority via development upside.","ZIP code is unknown, limiting precise location and comp analysis; no confirmed surrounding value or crime data; development intelligence does not clearly benefit this parcel; owner name is unknown; property condition and occupancy status are not provided.",Exact ZIP code; detailed neighborhood context; current structure condition and age; occupancy/tenancy status; any code violations or liens beyond tax; recent sales or assessed value data; proximity to employment centers or corridors; confirmation of utilities and access.,"Verify exact parcel location and ZIP via county GIS, then pull assessor records for structure details, assessed value, and any code issues; follow with a street-level or satellite review to assess neighborhood quality and property condition before bidding.",High
44200-02-11-02050,7.2,Strong Manual Review Candidate,True,Research First,False,Meta Tulsa Data Center at Fair Oaks Innovation Park has no clear geographic overlap with this parcel; development signal is explicitly Low despite high-level industrial momentum in East Tulsa.,"The parcel at 106 W 50 ST N in Tulsa is a residential improvement (R IMP) lot with a low bid cost of 3,538.05 and clear legal description (LT 1 BLK 10, CITY OF TULSA, VALLEY VIEW ACRES). Address and parcel data quality are strong and extraction confidence is high. Rule-based scoring (6.8) already categorizes it as a Strong Manual Review Candidate. However, the only cited development—the Meta data center at Fair Oaks Innovation Park—has no street, neighborhood, or ZIP overlap, so it does not materially enhance this parcel’s priority. Missing ZIP and unknown surrounding value/crime conditions introduce uncertainty but do not negate the appeal of the low entry price and clear residential use.",ZIP code unknown; no confirmed development or value uplift in the immediate area; surrounding value and crime risk are unknown; development intelligence explicitly notes no clear match to the major Meta data center project; overall upside is not clearly supported beyond low bid price and basic residential character.,"Exact ZIP code; confirmation of current structure condition and occupancy for the R IMP classification; neighborhood-level value indicators and crime data; any local zoning or code enforcement issues; verification of access, utilities, and any liens or encumbrances beyond tax status.","Manually confirm parcel location and ZIP, verify existing residential improvements and condition via local records or site imagery, and check neighborhood comparables and code enforcement history to assess whether the low bid cost justifies the risk in an area without confirmed development tailwinds.",High
13200-02-26-00860,6.8,Strong Manual Review Candidate,True,Research First,False,"The only cited development is the Meta Tulsa Data Center at Fair Oaks Innovation Park, which has no clear street, corridor, neighborhood, or ZIP overlap with this parcel, so it does not currently enhance this property’s priority.","The parcel at 1516 N MAIN ST W in Tulsa is a residential improved property (R HS IMP) with a relatively low bid cost of 3,541.13 and clear legal description (LT 9 BLK 2 CITY OF TULSA | ENGLEWOOD ADDN). Address and parcel data quality are strong and extraction confidence is high, supporting further review. However, the matched development signal from the Meta data center is classified as No Clear Match, so there is no confirmed development-driven upside. Overall rule-based scoring (6.8) and strong data clarity justify manual review but not a higher investment classification.",ZIP code is unknown; no confirmed surrounding value or crime risk data; development upside is not clearly supported due to lack of overlap with the cited Meta data center project; ownership listed as Unknown may complicate title or notification processes.,"Exact ZIP code; detailed neighborhood and surrounding value context; crime risk estimate; physical condition of improvements; confirmation of utilities, access, and any code or lien issues beyond the tax auction status.","Confirm the precise ZIP and neighborhood context, pull county records for title and any additional liens, and obtain on-the-ground or street-level verification of the property’s physical condition and surrounding land use to validate whether the low bid cost aligns with acceptable risk.",High
01800-03-35-01450,7.1,Strong Manual Review Candidate,True,Research First,False,"Meta Tulsa Data Center at Fair Oaks Innovation Park has no clear street, neighborhood, or ZIP overlap with this parcel; development signal is explicitly Low with No Clear Match.","The property at 7569 E OKLAHOMA PL N in Tulsa is a residential improved (R HS IMP) lot in Annahlee Heights with a clear legal description (LT 5 BLK 5 CITY OF TULSA | ANNAHLEE HGTS) and complete address data. The bid cost of 3546.22 is relatively low for an improved residential parcel, and rule-based scoring (6.8) already flags it as a Strong Manual Review Candidate. Development intelligence does not show a clear overlap with the Meta data center project, so upside from that project is uncertain, but the combination of low entry cost, clear parcel data, and high data confidence justifies manual review.",ZIP code is unknown; no confirmed surrounding value or crime risk data; development upside from the Meta Tulsa Data Center is not clearly supported due to lack of geographic overlap; owner name listed as Unknown may indicate title or notification complexities.,Exact ZIP code; confirmation of physical condition and occupancy of the residential improvement; surrounding property values and neighborhood quality; any liens or encumbrances beyond tax delinquency; precise distance and connectivity to the Fair Oaks Innovation Park area.,"Verify parcel location and ZIP in county GIS, confirm structure type and condition for the R HS IMP classification, and check county records for additional liens or issues before considering a bid at or above 3546.22.",High
61475-91-11-02110,7.2,Strong Manual Review Candidate,True,Research First,False,Matched development (Meta Tulsa Data Center at Fair Oaks Innovation Park) has no clear geographic overlap with this Sand Springs parcel; development signal is explicitly Low and match strength is No Clear Match.,"The parcel at 526 N WASHINGTON AVE in Sand Springs is classified as R HS IMP, indicating a residential property with improvements. The bid cost of 3548.97 is relatively low for an improved residential lot, and the address and legal description (LT 1 BLK 15 CITY OF SAND SPRINGS | SAND SPRINGS-ORIGINAL TOWN) are clear, supporting usability. Rule-based scoring (6.8) and category already flag it as a Strong Manual Review Candidate, with high data confidence and strong property clarity. However, the ZIP is unknown and there is no confirmed development or surrounding value signal, so it cannot be elevated to Good Investment based on the provided data alone.",Unknown ZIP and lack of surrounding value data; no clear development overlap or documented upside; owner listed as Unknown may indicate title or notification complexities; crime risk and neighborhood condition are unknown; structure condition and occupancy status are not provided despite R HS IMP classification.,"ZIP code; detailed neighborhood and surrounding value indicators; property condition (structure quality, habitability, code issues); occupancy status; any liens or encumbrances beyond tax delinquency; crime and nuisance indicators; more precise location context within Sand Springs (street-level surroundings, zoning confirmation).","Manually verify parcel location and context in Sand Springs (including ZIP and street view), confirm zoning and actual use for R HS IMP, and obtain current condition and occupancy information to assess whether the low bid cost justifies potential rehab or holding costs.",High
29650-03-07-06110,7.2,Strong Manual Review Candidate,True,Research First,False,No clear geographic overlap between the parcel and the Meta Tulsa Data Center at Fair Oaks Innovation Park; development signal is explicitly rated Low despite strong industrial investment elsewhere in East Tulsa.,"The property at 1354 E 51 ST N in Tulsa is a residential improved parcel (R HS IMP) in the City of Tulsa, Northridge Addition, with a relatively low bid cost of 3567.99 and high extraction/data confidence. Address and parcel data are clear, and rule-based scoring (6.8) already classifies it as a Strong Manual Review Candidate. However, there is no confirmed overlap with the cited Meta data center development area, ZIP is unknown, and surrounding value and crime risk are unknown, so it cannot be elevated to a Good Investment category based on current information.","Unknown ZIP code; no verified development or infrastructure spillover from the Meta data center project; surrounding value and crime risk are unknown; owner name is unknown; potential title, occupancy, or condition issues typical of tax auction residential properties are not addressed in the data.","Exact ZIP code; neighborhood and surrounding property value context; crime and nuisance profile; current occupancy and structure condition; any code violations or liens beyond tax; confirmation of proximity, if any, to the Fair Oaks Innovation Park corridor.","Confirm parcel location and ZIP, pull recent comparable sales and assessed values in the Northridge Addition, check county records for liens and code issues, and verify occupancy/condition via on-the-ground or street-level review before bidding above the minimum.",High
40850-02-12-06950,7.2,Strong Manual Review Candidate,True,Research First,False,"Meta Tulsa Data Center at Fair Oaks Innovation Park has no clear street, neighborhood, or ZIP overlap with this parcel; development signal is explicitly Low despite high-profile investment elsewhere in East Tulsa.","The property is a residential improved lot (R IMP) at 524 E 49 PL N in the City of Tulsa, with a relatively low bid cost of 3578.85 and high extraction/data confidence. Address and parcel information are clear, and rule-based scoring (6.8) already flags it as a Strong Manual Review Candidate. However, the ZIP is unknown and there is no confirmed surrounding value or crime data, so upside is uncertain. Development intelligence shows a major Meta data center project in East Tulsa but with no clear geographic overlap, so it does not materially upgrade this parcel’s priority beyond confirming general city-level investment momentum.",Unknown ZIP and neighborhood context; no quantified surrounding value or crime risk; development upside not clearly supported by the cited Meta project; potential condition issues typical of tax auction residential properties not reflected in the data.,Exact ZIP code and micro-neighborhood context; current structure condition and occupancy status; recent comparable sales or assessed value for Suburban Acres Third Addn; code enforcement or lien history; detailed crime and school quality indicators.,"Confirm precise location and ZIP, then pull county assessor and code records for 524 E 49 PL N (Suburban Acres Third Addn, LT 9 BLK 4) to verify structure type, condition, assessed value, and any liens or violations before considering a bid near 3578.85.",High
53675-92-32-01900,8.4,Strong Manual Review Candidate,True,Research First,True,"Property benefits from a High development signal and Strong Match to broader Tulsa-area industrial momentum tied to the Meta Tulsa Data Center at Fair Oaks Innovation Park, indicating positive macro investment climate even though the match is based on Tulsa-wide corridor overlap rather than a tightly localized project tie-in.","Bid cost is relatively low at 3580.08 for an R IMP parcel covering multiple lots (12–16) in Block 5 of the New Taneha addition, which may imply either multiple small platted lots or a larger combined site. Address quality and property clarity are both rated strong, and overall rule-based scoring is high at 8.7 with a Good Investment category, supported by a Strong bid price signal and positive surrounding value signal. Development intelligence shows a Strong Match and High investment signal linked to the Meta Tulsa Data Center at Fair Oaks Innovation Park in East Tulsa, suggesting favorable regional investment momentum, though the match reason is broad (TULSA corridor token overlap) rather than site-specific. Data confidence is High, but the ZIP is unknown and on-the-ground details such as structure condition, access, and utilities are not provided, so manual review is warranted before any commitment.","ZIP and precise submarket context are unknown; actual proximity to the Meta/Fair Oaks industrial activity is unclear despite a strong Tulsa-wide development match. Current physical condition of any improvements, occupancy status, access, and utility availability are not described. Title, liens, and any code or nuisance issues are unknown. The owner is listed as Unknown, which may signal additional title or notification complexity.","Exact ZIP code and neighborhood context; confirmation of whether the R IMP classification reflects an existing structure versus land with minor improvements; current physical condition and any code enforcement history; zoning and permitted uses for the New Taneha Block 5 lots; access, utilities, and flood or environmental constraints; detailed distance and connectivity to the Fair Oaks Innovation Park/Meta data center area; full title, lien, and redemption status.","Obtain county GIS and assessor records for parcel 53675-92-32-01900 to confirm exact location, ZIP, lot dimensions, zoning, and nature of the existing improvement; then pull recent photos or conduct a drive-by to assess condition and access, and review county records for liens, code violations, and any special assessments before finalizing a bid strategy.",High
38605-92-05-04540,7.2,Strong Manual Review Candidate,True,Research First,False,"The only cited development is the Meta Tulsa Data Center at Fair Oaks Innovation Park, which has no clear street, neighborhood, or ZIP overlap with this parcel and is explicitly tagged as No Clear Match with low development signal.","The parcel at 5145 W 6 ST S in Tulsa is a residential improvement (R IMP) with a relatively low bid cost of 3,582.97 and high extraction confidence, indicating usable address and parcel data. Rule-based scoring already categorizes it as a Strong Manual Review Candidate, driven by strong bid price and property clarity signals. However, the matched Meta data center project in East Tulsa has no clear geographic overlap, so it does not materially enhance this parcel’s priority from a development standpoint.","ZIP code is unknown; no confirmed surrounding value or crime context; development upside is not clearly supported due to lack of overlap with the cited Meta/Fair Oaks project; owner name is unknown, which may signal additional title or notification complexity.",Exact ZIP code; neighborhood and surrounding property values; physical condition of the residential improvement; occupancy status; any code violations or liens beyond the tax issue; precise distance and connectivity to major employment or redevelopment nodes.,"Confirm the exact ZIP and neighborhood context for 5145 W 6 ST S, then pull local sales/assessor data and a current street/parcel view to verify structure condition, occupancy indicators, and surrounding land use before considering a bid strategy.",High
24200-03-28-06670,7.2,Strong Manual Review Candidate,True,Research First,False,No clear geographic overlap with the cited Meta Tulsa Data Center at Fair Oaks Innovation Park; development signal is explicitly Low despite strong citywide industrial momentum.,"The parcel at 1588 N OSWEGO AV E is a residential improvement (R IMP) lot with a relatively low bid cost of 3,607.63 and strong address/parcel clarity, which supports potential value relative to entry price. Rule-based scoring (6.8) already classifies it as a Strong Manual Review Candidate, and data confidence is High. However, the ZIP is unknown, surrounding value and crime risk are unknown, and there is no clear match to the major East Tulsa data center development, limiting evidence of direct external upside.",Unknown ZIP and neighborhood context; surrounding value and crime risk are not provided; no clear development overlap to support appreciation; owner name listed as Unknown may signal title or records complexity; limited property detail beyond lot and block description and R IMP type.,Exact ZIP code; neighborhood and block-level market indicators; condition and size of any existing improvements; current occupancy or blight status; detailed title history and liens beyond tax status; zoning specifics within the City of Tulsa; recent comparable sales or assessed value benchmarks.,"Confirm precise location and ZIP, then pull county assessor and GIS records to verify structure details, zoning, assessed value, and any additional liens or code issues; follow with a neighborhood-level market and risk check before setting a maximum bid threshold.",High
28975-03-28-09640,7.1,Strong Manual Review Candidate,True,Research First,False,"The only cited development is the Meta Tulsa Data Center at Fair Oaks Innovation Park, which has no clear street, neighborhood, or ZIP overlap with this parcel and is explicitly tagged as No Clear Match with low development signal.","The parcel at 3756 E VIRGIN PL N in Tulsa is a residential improvement (R IMP) lot in the City of Tulsa, with a relatively low bid cost of 3624.30 and high extraction/data confidence. Address and parcel information are clear, and the rule-based system already flags it as a Strong Manual Review Candidate. However, the development intelligence for the Meta data center is not geographically matched to this parcel, so broader development upside cannot be assumed. Overall, the combination of low entry cost, clear residential use, and strong data quality justifies manual review, but not a top-tier investment rating.","ZIP code is unknown; no confirmed surrounding value or crime context; development upside is not clearly supported by the cited Meta/Fair Oaks project; ownership details are listed as Unknown; residential condition, occupancy, and any structures on the R IMP parcel are not described.",Exact ZIP code; physical condition of any improvements; current occupancy or tenancy; access and utilities status; any code violations or liens beyond the tax issue; neighborhood-level value indicators and crime risk; proximity to employment centers or amenities beyond the non-matching Meta development.,"Verify the precise location and ZIP, then pull county/municipal records or recent imagery to confirm existing structures, condition, access, and any additional liens or code issues before prioritizing this parcel further.",High
07675-02-13-01570,7.2,Strong Manual Review Candidate,True,Research First,False,Meta Tulsa Data Center at Fair Oaks Innovation Park has no clear geographic overlap with this parcel; development signal is explicitly low despite high-level industrial momentum in East Tulsa.,"The parcel at 4021 N ELGIN AV E has high data confidence, a complete address, and is classified as a residential improvement (R IMP), suggesting an existing structure. The bid cost of 3624.97 is relatively low, aligning with the rule-based score of 6.8 and its designation as a Strong Manual Review Candidate. However, the ZIP code and surrounding value signals are unknown, and there is no clear match to the cited Meta/Fair Oaks development, so broader development upside cannot be assumed.",Unknown ZIP and neighborhood context; surrounding value signal is unknown; no clear development overlap with the Meta data center project; crime risk estimate unknown; condition and usability of the residential improvement are not provided.,"Exact ZIP code; neighborhood and comparable value context; property condition (structure integrity, occupancy, code issues); detailed land and building characteristics; tax/municipal liens beyond the auction amount; any local crime or nuisance indicators.","Confirm exact location and ZIP, pull recent sales and assessed values for nearby residential parcels, and obtain on-the-ground or photographic verification of the structure’s condition and any code or lien issues before bidding.",High
22025-03-35-07520,7.2,Strong Manual Review Candidate,True,Research First,False,The only cited development (Meta Tulsa Data Center at Fair Oaks Innovation Park) has no clear geographic overlap with this parcel; development signal is explicitly Low.,"The parcel at 1226 N 67 AV E in Tulsa is a residential improvement (R IMP) lot with a relatively low bid cost of 3,629.63 and high extraction confidence, indicating good basic data quality and a potentially favorable price point. Rule-based scoring (6.8) already tags it as a Strong Manual Review Candidate, driven by strong bid price and property clarity signals. However, the ZIP is unknown and there is no confirmed linkage to the major Meta/Fair Oaks industrial investment, so any value-add from nearby development cannot be assumed.",Unknown ZIP and surrounding value context; no confirmed development overlap with the Meta/Fair Oaks project; crime and neighborhood risk are unknown; owner listed as Unknown may signal title or notification complexities; development signal is Low despite strong industrial activity elsewhere in East Tulsa.,Exact ZIP code and neighborhood context; condition and occupancy status of the residential improvement; confirmation of utilities and access; any liens or encumbrances beyond tax delinquency; more precise location context relative to employment centers and amenities.,"Verify the exact location and ZIP, pull county records for structure details and any additional liens, and review recent sales or assessed values for Lane Addn of L12 Aviation View Sub and nearby blocks to gauge realistic exit value relative to the 3,629.63 bid.",High
25525-03-29-06940,7.2,Strong Manual Review Candidate,True,Research First,False,"Matched development (Meta Tulsa Data Center at Fair Oaks Innovation Park) has no clear geographic overlap with this parcel; development signal is explicitly Low with no street, corridor, neighborhood, or ZIP match.","The property at 2012 N COLUMBIA AV E, Tulsa, is a residential improved parcel (R HS IMP) with a relatively low bid cost of 3,645.63 and high extraction/data confidence. The address and legal description (LT 6 BLK 6, CITY OF TULSA, MARTIN ADDN RESUB) are clear, supporting basic usability. Rule-based scoring (6.8) already categorizes it as a Strong Manual Review Candidate. However, the ZIP is unknown and there is no confirmed overlap with the cited Meta/Fair Oaks development, so external upside from that project cannot be assumed.",Unknown ZIP code and lack of surrounding value data; no clear development overlap or documented local investment momentum; crime risk and neighborhood conditions are unknown; owner listed as Unknown may indicate title or contact complexity.,ZIP code; neighborhood and surrounding property value context; current structure condition and occupancy; detailed title status and any additional liens; crime and code enforcement history.,"Verify exact location and ZIP, pull county assessor and GIS records for structure details and neighborhood context, and run a title and lien check to confirm encumbrances and ownership clarity before further valuation work.",High
34750-02-26-08560,7.2,Strong Manual Review Candidate,True,Research First,False,"The only cited development (Meta Tulsa Data Center at Fair Oaks Innovation Park) has no clear geographic or neighborhood overlap with this Reservoir Hill residential parcel, so it does not materially raise this property’s priority.","The parcel at 15 W ZION ST N in the City of Tulsa is a residential improved property (R HS IMP) in the Reservoir Hill Addition, with a relatively low bid cost of 3651.63 and high extraction confidence. Address and parcel data are clear and usable, and rule-based scoring (6.8) already flags it as a Strong Manual Review Candidate. However, the matched development intelligence is in East Tulsa with no street, corridor, neighborhood, or ZIP overlap, so broader industrial/data center momentum does not directly enhance this parcel’s value case.",Unknown ZIP code; no clear supporting development or surrounding value signal; crime and neighborhood risk unknown; actual condition and occupancy of the residential improvement are unknown; owner listed as Unknown may indicate title or notification complexities.,Exact ZIP code; current structure condition and habitability; occupancy/tenant status; detailed neighborhood comparables and surrounding value; code enforcement or nuisance history; clear title status and any additional liens beyond the tax amount.,"Manually verify parcel location and ZIP, pull county records for structure details and any additional liens, and review neighborhood-level sales/rent comps and code enforcement history to confirm whether the low bid on this improved residential lot in Reservoir Hill aligns with local values and risks.",High
30200-02-26-07150,6.8,Strong Manual Review Candidate,True,Research First,False,"The only cited development is the Meta Tulsa Data Center at Fair Oaks Innovation Park, which has no clear street, neighborhood, or ZIP overlap with this parcel; development signal is explicitly Low.","The parcel at 1902 N DENVER AV W in Tulsa is a residential improved property (R HS IMP) with a relatively low bid cost of 3688.29 and a clear legal description (LT 7 BLK 3, OAK TERRACE ADDN, CITY OF TULSA). Rule-based scoring (6.8) and high data confidence, along with complete address and strong property clarity signals, justify manual review. However, the ZIP is unknown, surrounding value and crime risk are unknown, and the matched development project has no clear geographic overlap, so the asset cannot be treated as a Good Investment from this data alone.",Unknown ZIP code; no surrounding value data; crime risk estimate unknown; no clear development overlap or documented upside; owner listed as Unknown; development signal explicitly Low.,Exact ZIP code; surrounding property value context; crime and neighborhood risk indicators; physical condition of improvements; occupancy status; title issues or liens beyond tax delinquency; any local zoning or code enforcement concerns.,"Verify the precise location and ZIP, then pull local sales/rent comps and code enforcement records for OAK TERRACE ADDN and the immediate area around 1902 N DENVER AV W to assess neighborhood stability and improvement condition before bidding.",High
21600-02-35-08590,7.2,Strong Manual Review Candidate,True,Research First,False,Meta Tulsa Data Center at Fair Oaks Innovation Park has no clear geographic overlap with this parcel; development signal is explicitly Low despite high-level city investment momentum.,"The parcel at 1348 N MAIN ST W in Tulsa is a residential improved property (R HS IMP) with a relatively low bid cost of 3,695.33 and high data confidence, including a complete address and clear legal description (LT 28 BLK 1, KRAATZ-GERLACH ADDN, CITY OF TULSA). Rule-based scoring (6.8) already flags it as a Strong Manual Review Candidate. However, the ZIP is unknown, surrounding value and crime risk are unknown, and the only cited development (Meta data center in East Tulsa) has no clear match to this location, so broader upside from that project is not confirmed.","Unknown ZIP code; no quantified surrounding value signal; crime risk estimate unknown; no clear development overlap to support appreciation; owner name listed as Unknown, which may complicate title or notification review.","Exact ZIP code; neighborhood and surrounding property value context; condition of existing residential improvements; occupancy status; any code enforcement or liens beyond tax; confirmation of proximity, if any, to current or planned infrastructure improvements.","Manually map the parcel using the legal description and address to confirm precise location and ZIP, then pull neighborhood sales/assessed values and any code or lien records to validate that the low bid cost aligns with acceptable physical and market risk.",High
35925-03-30-16670,7.2,Strong Manual Review Candidate,True,Research First,False,"The only cited development is the Meta Tulsa Data Center at Fair Oaks Innovation Park, which has no clear street, neighborhood, or ZIP overlap with this parcel; development signal is explicitly Low.","The parcel at 1745 E WOODROW ST N in Tulsa is a residential improvement (R IMP) lot with a relatively low bid cost of 3,700.96 and high extraction confidence, with a complete address and clear legal description (LT 18 BLK 15, CITY OF TULSA, ROBERTS ADDN). Rule-based scoring already flags it as a Strong Manual Review Candidate, driven by strong bid price and property clarity signals. However, the matched development (Meta data center at Fair Oaks Innovation Park) has no clear geographic overlap, so it does not materially enhance this parcel’s priority.","ZIP code is unknown, limiting location precision; no confirmed surrounding value or crime risk data; development upside is not clearly supported by the cited industrial/data center project; owner name is unknown, which may complicate title and notification steps.",Exact ZIP code and more precise neighborhood context; any information on surrounding property values or condition; crime risk estimate; confirmation of current occupancy or structures beyond the generic R IMP classification; any liens or additional encumbrances beyond tax status.,"Manually map the parcel using the legal description and street address to confirm exact location and neighborhood context, then pull local comps and condition data to assess whether the residential improvement justifies the 3,700.96 bid in the absence of clear development tailwinds.",High
63700-12-13-00540,6.8,Strong Manual Review Candidate,True,Research First,False,"The only cited development is the Meta Tulsa Data Center at Fair Oaks Innovation Park, which has no clear street, neighborhood, or ZIP overlap with this Sperry property; development signal is explicitly Low.","The parcel at 118 S BRYAN ST E, City of Sperry, is a residential improvement (R IMP) with a relatively low bid cost of 3,711.82 and high extraction/data confidence. Address and legal description (S/2 LT 3 BLK 2, CITY OF SPERRY, LAKESIDE ADDN) are clear, supporting basic usability. Rule-based scoring already flags it as a Strong Manual Review Candidate. However, the ZIP is unknown, surrounding value is unknown, and there is no clear development overlap with the large Meta data center project, so upside from nearby investment is not supported by the provided data.",Unknown ZIP and surrounding value; no confirmed development or infrastructure spillover from the cited Meta project; crime risk estimate unknown; ownership listed as Unknown may indicate title or records complexity; limited context on property condition despite R IMP classification.,Exact ZIP code; any valuation benchmarks or comps; confirmation of current occupancy and structure condition; clarity on title status and any additional liens; local market indicators for the City of Sperry and specifically Lakeside Addition.,"Verify parcel details with county records (including ZIP, structure details, and any additional liens), then pull local sales/assessed values in Lakeside Addition around 118 S BRYAN ST E to gauge whether the 3,711.82 bid is meaningfully discounted relative to land and improvement value.",High
55200-91-10-01250,7.2,Bad Investment,True,Avoid,True,"Strong Match to Meta Tulsa Data Center at Fair Oaks Innovation Park with High investment signal strength and positive surrounding value signal, indicating meaningful industrial momentum in the broader area.","The parcel at 904 N INDUSTRIAL AV W has a complete address, clear legal description (LOT-2-BLK-9, CHARLES PAGE HOME ACRES NO 2 & RESUB PRT B10), and a relatively low bid cost of 3714.51. Rule-based scoring labels it as a Bad Investment primarily due to risk factors and unknown ZIP, not because of unclear property data. At the same time, there is a High-strength, Strong Match development signal tied to the Meta Tulsa Data Center at Fair Oaks Innovation Park, with noted major industrial investment momentum and infrastructure improvements in East Tulsa. While the match is based on corridor/street token overlap (INDUSTRIAL, TULSA) rather than a confirmed immediate adjacency, the combination of usable parcel data, low bid, and strong industrial development signal justifies manual review, even though current rules still place it in the Bad Investment category.",Classified as Bad Investment by rule-based score (8.7); ZIP is unknown; no explicit confirmation that the parcel directly benefits from or is adjacent to the Meta data center or Fair Oaks Innovation Park; property type only labeled as R IMP without further detail on improvements or current use; owner name unknown.,Exact ZIP code and precise location context relative to Fair Oaks Innovation Park; confirmation of current use and condition of the R IMP improvements; zoning and allowable uses; verification of proximity and access to any new infrastructure tied to the Meta data center project; any liens or encumbrances beyond the tax issue.,"Map the parcel using the legal description and address to confirm its exact location and proximity to Fair Oaks Innovation Park and related infrastructure, then verify zoning and current improvements to assess whether industrial or ancillary uses could realistically benefit from the nearby Meta data center investment.",Medium
90404-04-04-64010,8.6,Good Investment,True,Research First,True,"Strong Match to Meta Tulsa Data Center at Fair Oaks Innovation Park with high investment signal and more than $25 million in local infrastructure improvements, indicating positive industrial momentum near the parcel.","The parcel at 14025 E 58 ST N has a low bid cost of 3715.23, high extraction confidence, and a clear legal description and address, supporting basic usability. Rule-based scoring is 8.7 in the Good Investment category, with strong signals for bid price, address quality, property clarity, and surrounding value. Development intelligence shows a Strong Match and High investment signal tied to the Meta Tulsa Data Center at Fair Oaks Innovation Park, suggesting nearby large-scale industrial and infrastructure investment that may enhance long-term value. These factors justify classifying the property as Good Investment and prioritizing it for manual review despite some missing location details.","ZIP code and city are unknown, limiting precise location and comp analysis; owner name is unknown; crime risk is unknown; the legal description is metes-and-bounds, so exact size and access need verification; proximity to the Meta data center and infrastructure improvements is inferred from development matching but not precisely quantified.",Exact city and ZIP code; parcel acreage and dimensions derived from the legal description; zoning and permitted uses; access to public roads and utilities; confirmation of exact distance and orientation relative to Fair Oaks Innovation Park and the Meta Tulsa Data Center; any existing structures or encumbrances on the parcel.,"Pull the full Tulsa County assessor and GIS records for parcel 90404-04-04-64010 to confirm acreage, zoning, access, and exact mapped location relative to Fair Oaks Innovation Park and the Meta Tulsa Data Center, then verify that the low bid cost aligns with land value and any known encumbrances.",High
44200-02-11-01080,7.2,Strong Manual Review Candidate,True,Research First,False,"Nearby Meta Tulsa Data Center at Fair Oaks Innovation Park has no clear geographic overlap with this parcel; development signal is explicitly rated Low with no matching street, neighborhood, or ZIP.","The parcel at 103 W 49 PL N in Tulsa is a residential improvement (R IMP) lot in Valley View Acres with a low bid cost of 3715.62 and high extraction confidence. Address and legal description are clear (LT 18 BLK 5, CITY OF TULSA, VALLEY VIEW ACRES), and rule-based scoring (6.8) already flags it as a Strong Manual Review Candidate. However, ZIP code and surrounding value signals are unknown, and there is no confirmed development overlap with the cited Meta data center project, so upside from broader investment momentum is not clearly supported.","Unknown ZIP and surrounding value; no quantified market value or rent potential; crime risk estimate unknown; development intelligence provides only a low, indirect signal with no clear match; owner listed as Unknown may indicate title or notification complexities.",Exact ZIP code; current market value or assessed value; condition of the residential improvement; occupancy status; detailed neighborhood crime and amenity profile; any liens or encumbrances beyond tax delinquency.,"Obtain county assessor and GIS records for this specific lot in Valley View Acres to confirm structure type, condition, assessed value, and ZIP, then pull a preliminary title report to identify liens or ownership complications before estimating resale or rental potential.",High
98224-82-24-37060,7.2,Strong Manual Review Candidate,True,Research First,False,"No Clear Match to the cited Meta Tulsa Data Center project; no street, neighborhood, or ZIP overlap indicated, so nearby industrial development does not clearly enhance this parcel’s priority.","Bid cost is relatively low at 3727.80 for a residential improved (R HS IMP) parcel with a complete address in the City of Jenks and a high extraction confidence legal description, making it a strong candidate for closer review. Rule-based scoring (6.8) and category already flag it as a Strong Manual Review Candidate, and there are no obvious red flags about parcel usability in the provided data. However, ZIP is unknown and there is no confirmed development or surrounding value uplift from the cited Meta data center project, so it cannot be classified as a Good Investment based solely on current information.",ZIP code and precise neighborhood context are unknown; no clear evidence of nearby public or private investment directly affecting this parcel; condition and existence of residential improvements are unverified; legal description is partial and may indicate an irregular or non-standard lot shape that requires survey or mapping confirmation.,"Exact ZIP code; current use and physical condition of the residential improvements; confirmation of lot size and shape from the legal description; any code violations, liens beyond taxes, or access/utility issues; recent comparable values in this part of Jenks.","Pull county assessor and GIS records for parcel 98224-82-24-37060 to confirm structure details, lot dimensions, access, and ZIP, then check for code enforcement history or additional liens before deciding on bid strategy.",High
17925-92-04-03330,7.2,Strong Manual Review Candidate,True,Research First,False,"The only cited development is the Meta Tulsa Data Center at Fair Oaks Innovation Park, which has no clear street, neighborhood, or ZIP overlap with this parcel; development match strength is explicitly noted as No Clear Match.","The parcel at 330 S 43 AV W in Tulsa is a residential improved property (R HS IMP) with a relatively low bid cost of 3,745.62 and a clear legal description (LOT 6 BLK 3, HAYDEN-LEWIS ADDN, CITY OF TULSA). Rule-based scoring already classifies it as a Strong Manual Review Candidate, supported by complete address data, strong property clarity, and high data confidence. However, the ZIP code is unknown and there is no confirmed development overlap with the Meta/Fair Oaks industrial project, so any appreciation from nearby large-scale investment is uncertain.",Unknown ZIP code and surrounding value; no clear supporting development or infrastructure investment nearby; crime risk and neighborhood quality are unknown; upside depends mainly on general residential demand rather than documented catalytic projects.,Exact ZIP code; detailed neighborhood and surrounding property values; physical condition of improvements; occupancy status; title issues or liens beyond tax delinquency; local crime and code enforcement history.,"Confirm the precise location and ZIP, then pull neighborhood sales/rent comps and verify structure condition and occupancy to determine whether the low bid on this improved residential lot aligns with local market values.",High
49600-03-17-06000,7.2,Strong Manual Review Candidate,True,Research First,False,"The only cited development (Meta Tulsa Data Center at Fair Oaks Innovation Park) has no clear geographic or neighborhood overlap with this parcel, so it does not provide a direct development upside signal for this property.","The parcel at 2738 E 45 ST N in Tulsa is a residential improvement (R IMP) lot in the Yahola Heights Addition with a low bid cost of 3,766.83 and high data confidence. Address and parcel data are clear, and the rule-based system scores it 6.8 as a Strong Manual Review Candidate. However, the matched development project in East Tulsa has no clear overlap with this location, and surrounding value and crime risk are unknown, so the upside case relies mainly on the low entry price and basic usability rather than documented nearby investment momentum.","ZIP code is unknown; no confirmed surrounding value or crime risk data; no clear overlap with the cited large-scale development; residential condition, occupancy, and code status are unknown; actual market value relative to the 3,766.83 bid is unverified.",Exact ZIP code; current structure condition and habitability; occupancy/tenant status; any code violations or liens beyond taxes; recent comparable sales or assessed value in Yahola Heights Addition; detailed neighborhood crime and amenity context.,"Verify parcel location and ZIP, pull county assessor records for current improvements and assessed value, and check for code enforcement or additional liens to confirm that the low bid cost reflects opportunity rather than hidden issues.",High
59900-24-20-00058,7.2,Strong Manual Review Candidate,True,Research First,False,No clear geographic overlap with the Meta Tulsa Data Center at Fair Oaks Innovation Park; development match is explicitly marked as No Clear Match and development signal is Low.,"The property at 1115 N 15 ST W in Collinsville is a residential improved parcel (R HS IMP) with a low bid cost of 3,771.34 and high extraction/data confidence. Address and legal description are clear, supporting further investigation. Rule-based scoring already flags it as a Strong Manual Review Candidate, but there is no confirmed nearby major development and surrounding value is unknown, so it cannot be classified as a Good Investment at this stage.",ZIP code is unknown; no clear evidence of nearby development or surrounding value; development intelligence for the Meta data center does not overlap this parcel; crime risk and neighborhood quality are unknown; owner listed as Unknown may signal potential title or notification complexities.,Exact ZIP code; current property condition; interior and exterior improvements; current and recent market values for comparable properties in Collinsville; confirmation of occupancy status; title status and any liens beyond tax delinquency; local crime and neighborhood stability indicators.,"Verify parcel location and ZIP with county GIS, pull assessor records for structure details and assessed value, and obtain a preliminary title report to identify any non-tax liens or encumbrances before considering a bid.",High
09175-93-05-05710,7.2,Strong Manual Review Candidate,True,Research First,False,"Meta Tulsa Data Center at Fair Oaks Innovation Park has no clear street, neighborhood, or ZIP overlap with this parcel; development signal is explicitly Low and match strength is No Clear Match.","The property at 2520 E 6 ST S in Tulsa is an improved residential (R HS IMP) parcel with a clear legal description and high extraction confidence. The bid cost of 3780.86 is relatively low for an improved residential asset, and rule-based scoring (6.8) already categorizes it as a Strong Manual Review Candidate. Address quality and property clarity are strong, but the ZIP is unknown and surrounding value and crime risk are not available. Development intelligence indicates a large Meta data center project in East Tulsa, but there is no clear geographic overlap, so it does not materially raise this parcel’s priority beyond the existing rule-based score.",Unknown ZIP code; no surrounding value or crime risk data; development upside not clearly supported due to lack of overlap with the Meta data center area; owner name listed as Unknown may complicate title or notification research.,Exact ZIP code; neighborhood and surrounding property value context; crime and nuisance history; structure condition and occupancy status; any code violations or liens beyond tax; confirmation of proximity (or lack thereof) to East Tulsa/Fair Oaks Innovation Park.,"Verify parcel location and ZIP in county GIS, then pull assessor and code-enforcement records to confirm structure condition, occupancy, and any additional liens or violations before considering a bid at or above 3,780.86.",High
90326-03-26-20930,7.2,Strong Manual Review Candidate,True,Research First,False,"Meta Tulsa Data Center at Fair Oaks Innovation Park shows strong industrial momentum in East Tulsa, but there is no clear street, corridor, neighborhood, or ZIP overlap with this parcel; development signal is explicitly rated Low.","The property at 6945 E PINE ST N is a commercial improved parcel with a clear legal description and complete address, offered at a relatively low bid cost of 3812.95. Rule-based scoring (6.8) and categorization already flag it as a Strong Manual Review Candidate, supported by strong bid price and property clarity signals and high data confidence. However, the development intelligence only provides a general East Tulsa industrial momentum signal with no clear geographic match, so it does not materially upgrade the investment category. Missing ZIP and unknown surrounding value/crime conditions prevent elevating it to a Good Investment classification.","ZIP code is unknown; no quantified surrounding value or crime risk; development upside is not clearly supported due to lack of overlap with the Meta/Fair Oaks Innovation Park project; commercial use specifics and condition of improvements are unknown, which could materially affect value and usability.",Exact ZIP code; on-the-ground condition of the commercial improvements; current and historical use; zoning confirmation; surrounding property values and land use context; access/ingress details along E Pine St; any code violations or environmental issues.,"Manually verify parcel location and ZIP, confirm zoning and allowed commercial uses, and obtain recent imagery or site inspection to assess the condition and functionality of existing improvements before bidding.",High
00775-02-25-00730,7.2,Strong Manual Review Candidate,True,Research First,False,"The only cited project is the Meta Tulsa Data Center at Fair Oaks Innovation Park, which has no clear street, neighborhood, or ZIP overlap with this parcel; development signal is explicitly Low.","Parcel 00775-02-25-00730 at 325 E YOUNG PL N in Tulsa is a residential improvement (R IMP) in the City of Tulsa with a clear legal description (E84 LT 8 BLK 4, ACRE GARDENS) and high extraction confidence. The bid cost of 3819.61 is relatively low for an improved residential parcel, which, combined with complete address and strong property clarity signals, supports manual review. However, the ZIP code is unknown, surrounding value and crime risk are unknown, and the only referenced development (Meta data center at Fair Oaks Innovation Park) has no clear locational match, so broader upside from nearby investment is not supported by the data provided.",Unknown ZIP and neighborhood context; no quantified surrounding value or crime risk; development intelligence does not clearly apply to this parcel; owner listed as Unknown may indicate title or notification complexities; lack of additional property condition or structure details despite R IMP classification.,"Exact ZIP code and neighborhood context; any structure details (size, age, condition, use); current occupancy status; confirmation of utilities and access; recent comparable values or tax assessments; any code enforcement or lien issues beyond the tax delinquency.","Confirm the parcel’s exact location and ZIP within Tulsa, then pull county assessor records for structure details and assessed value to compare against the 3819.61 bid, followed by a check for additional liens or code issues before prioritizing further analysis.",High
41950-02-24-12580,7.2,Strong Manual Review Candidate,True,Research First,False,"The only cited development (Meta Tulsa Data Center at Fair Oaks Innovation Park) has no clear geographic or neighborhood overlap with this parcel, so it should not be treated as a direct upside driver.","The parcel at 3209 N GARRISON AV E in Tulsa is a residential improvement (R IMP) lot in the City of Tulsa (Teel Terrace), with a low bid cost of 3819.61 and high extraction/data confidence. Address and legal description (LT 12 BLK 2) are clear, supporting basic usability for further analysis. Rule-based scoring already flags it as a Strong Manual Review Candidate, mainly due to low bid and strong property clarity. However, there is no confirmed development overlap and surrounding value and crime risk are unknown, so it cannot be elevated to a Good Investment category based on current data alone.","ZIP code is unknown; no quantified surrounding value or crime risk data; development intelligence does not clearly apply to this location; owner name is unknown; property condition, occupancy, and title issues are not described.",Exact ZIP code; detailed neighborhood and surrounding value context; crime and nuisance indicators; physical condition of the residential improvement; confirmation of utilities and access; title status and any additional liens beyond the tax amount.,"Verify parcel location and ZIP in county records, pull assessor data for structure details and valuation, and check for additional liens or code violations to confirm whether the low bid cost reflects manageable risk or significant physical/legal issues.",High
04925-03-35-02930,7.2,Strong Manual Review Candidate,True,Research First,False,Meta Tulsa Data Center at Fair Oaks Innovation Park has no clear geographic or corridor match to this parcel; development signal is explicitly low.,"The parcel at 7107 E NEWTON PL N in Tulsa is a residential improvement (R IMP) lot with a low bid cost of 3836.94 and a clear legal description (LT 4 BLK 1, BREWER ADDN, CITY OF TULSA). Address and parcel data quality are high, and the rule-based system already flags it as a Strong Manual Review Candidate. However, the matched development (Meta data center at Fair Oaks Innovation Park) has no clear overlap with this location, so development-driven upside is uncertain. Overall, the combination of low entry cost and clear property data justifies manual review, but not a higher investment category.",ZIP code is unknown; no confirmed surrounding value or crime data; development upside is not clearly supported by the cited Meta data center project; overall area value context is missing.,Exact ZIP code; neighborhood and surrounding property value context; condition and occupancy status of the residential improvement; any code violations or liens beyond tax delinquency; local crime and rental/owner-occupancy patterns.,"Confirm exact location and ZIP, then pull local assessor and code-enforcement records to verify structure condition, occupancy, and any additional liens or violations before prioritizing further underwriting.",High
36075-03-08-00420,7.2,Strong Manual Review Candidate,True,Research First,False,"The only cited development (Meta Tulsa Data Center at Fair Oaks Innovation Park) has no clear geographic overlap with this parcel; development match strength is explicitly noted as No Clear Match, so it should not influence priority as a development-driven play.","The property is a residential improved parcel (R HS IMP) in the City of Tulsa, located at 2548 E 48 ST N in the Robinwood addition, with a clear lot and block legal description (LT 7 BK 4) and high extraction confidence. The bid cost of 3840.44 is relatively low, and rule-based scoring already classifies it as a Strong Manual Review Candidate with strong signals for bid price, address quality, and property clarity. However, ZIP and surrounding value data are unknown, and the cited Meta data center project has no clear match to this location, so development upside is not currently supported by the provided intelligence.",Unknown ZIP and surrounding value context; no crime or neighborhood quality data; development intelligence does not clearly apply to this parcel; ownership listed as Unknown may indicate title or notification complexities; lack of explicit structure details beyond R HS IMP classification.,Exact ZIP code; confirmation of existing improvements and condition; surrounding property values and market rents; crime and neighborhood stability indicators; any code violations or liens beyond tax status; distance and connectivity to major employment or infrastructure nodes.,"Manually verify parcel location and ZIP in county GIS, confirm presence and condition of residential improvements via recent imagery or site check, and pull nearby sales/assessed values to gauge whether the low bid cost offers a meaningful discount relative to local residential land and improved property values.",High
45600-94-16-00400,7.2,Strong Manual Review Candidate,True,Research First,False,"The only cited development is the Meta Tulsa Data Center at Fair Oaks Innovation Park, which has no clear street, neighborhood, or ZIP overlap with this parcel; development match strength is explicitly listed as No Clear Match, so broader industrial momentum should not be treated as a direct upside signal for this specific property.","The parcel at 2216 S 131 AV E in Tulsa is a residential improvement (R IMP) lot with a relatively low bid cost of 3,844.67 and high extraction/data confidence. Address and parcel data are clear enough for follow-up, and the rule-based system already flags it as a Strong Manual Review Candidate. However, the ZIP code and surrounding value context are unknown, and the only referenced development (Meta data center at Fair Oaks Innovation Park) has no direct locational match, so the development signal is low and does not independently justify a higher investment category.",Unknown ZIP and surrounding value; no clear development overlap with the cited Meta/Fair Oaks project; crime risk and neighborhood quality are unknown; current condition of the residential improvement is not provided; ownership listed as Unknown may indicate potential title or notification complexities.,ZIP code; neighborhood and surrounding property values; current physical condition and occupancy status of the residential improvement; confirmation of utilities and access; detailed title status and any additional liens beyond the tax obligation.,"Manually verify the parcel’s exact location and ZIP, pull county assessor records for structure details and market value, and check title and lien status to confirm that the low bid cost is not offset by significant additional encumbrances.",High
44325-03-36-04550,7.2,Strong Manual Review Candidate,True,Research First,False,Matched Meta Tulsa Data Center project has no clear geographic overlap with this parcel; development signal is explicitly Low and match strength is No Clear Match.,"The parcel at 9165 E NEWTON PL N in Tulsa is a residential improved (R HS IMP) lot with a relatively low bid cost of 3,854.94 and a clear legal description (LOT 23 BLK 7, VAN ACRES ADDN AMD, CITY OF TULSA). Address and parcel data quality are strong and extraction confidence is High, supporting further review. However, the ZIP code and surrounding value context are unknown, and the only cited development (Meta Tulsa Data Center at Fair Oaks Innovation Park) has no clear location match, so development upside is not supported by the provided data.",Unknown ZIP and surrounding value; no confirmed development overlap or uplift; crime risk estimate unknown; ownership details limited to 'Unknown'; development signal explicitly Low.,"Exact ZIP code; neighborhood and surrounding property values; physical condition of improvements; occupancy status; title/encumbrance details; confirmation of proximity, if any, to the Fair Oaks Innovation Park area.","Verify parcel location and ZIP in county records, pull recent comparable sales or assessed values for VAN ACRES ADDN AMD, and obtain basic title and occupancy checks to confirm that the low bid cost is not driven by liens, structural issues, or location-related impairments.",High
56625-92-20-01430,7.2,Strong Manual Review Candidate,True,Research First,False,"No clear geographic overlap with the cited Meta Tulsa Data Center project; development match is explicitly flagged as No Clear Match, so broader industrial momentum should not be treated as a direct upside signal for this parcel.","The parcel at 3190 S 57 AV W in Tulsa is a residential improvement (R IMP) in Berry Hill Gardens with a bid cost of 3,901.60 against a listed value of 34,200. Address and parcel data quality are strong, and extraction confidence is high, reducing basic identification risk. Rule-based scoring (6.8) already flags it as a Strong Manual Review Candidate, driven by the low bid price and clear property type. However, the ZIP code and detailed neighborhood value context are unknown, and there is no confirmed development overlap with the Meta data center project, so upside from nearby investment is not clearly supported.","Unknown ZIP and surrounding value context; no confirmed development or infrastructure improvements tied directly to this location; physical condition, code compliance, and occupancy status are completely unknown; owner name is not specified, which may signal title or record irregularities that need verification.",Exact ZIP code; detailed neighborhood and market comps for Berry Hill Gardens; current physical condition of the improvement; occupancy/tenancy status; title status and any additional liens or encumbrances beyond the tax auction; zoning specifics and any local code or nuisance issues.,"Confirm parcel location and ZIP, pull county assessor and recorder records for structure details and liens, and obtain recent street-level imagery or an on-site drive-by to assess property condition and neighborhood quality before setting a maximum bid threshold.",High
29650-03-07-05860,7.2,Strong Manual Review Candidate,True,Research First,False,Matched development (Meta Tulsa Data Center at Fair Oaks Innovation Park) has no clear geographic overlap with this parcel; development signal is explicitly Low despite strong project investment.,"The parcel at 1513 E 51 ST N in Tulsa is a residential improvement (R IMP) lot in the Northridge Addition with a low bid cost of 3,904.27 and high extraction confidence. Address and parcel data are clear, and rule-based scoring (6.8) already categorizes it as a Strong Manual Review Candidate. However, the ZIP and surrounding value context are unknown, and the only cited development project has no corridor/neighborhood/ZIP overlap, so development-driven upside is not clearly supported.",Unknown ZIP and surrounding value; no confirmed development overlap; crime risk unknown; owner listed as Unknown; limited context on structure condition or occupancy despite R IMP classification.,Exact ZIP code; neighborhood and surrounding property values; condition and age of any improvements; occupancy status; code enforcement or lien history; detailed crime and school context.,"Verify exact parcel location and ZIP, confirm existence and condition of the residential improvement via on-site or street-level imagery, and pull local sales/assessed value data for Northridge Addition to compare potential value against the 3,904.27 bid exposure.",High
00575-93-06-01170,6.8,Strong Manual Review Candidate,True,Research First,False,"No street, corridor, neighborhood, or ZIP overlap found",AI review failed validation; fallback rule-based review used.,ZIP unknown; development upside not clearly supported; no clear development overlap,reasoning_summary not grounded enough,"Drive-by, title review, and neighborhood verification",High
11000-83-06-00270,7.2,Strong Manual Review Candidate,True,Research First,False,"The only cited development is the Meta Tulsa Data Center at Fair Oaks Innovation Park, which has no clear street, neighborhood, or ZIP overlap with this parcel; development signal is explicitly Low.","The parcel at 1394 E 66 PL S in Tulsa is a residential improved property (R HS IMP) with a relatively low bid cost of 3,946.95 and high extraction/data confidence. Address and legal description are clear enough for follow-up, and rule-based scoring (6.8) already tags it as a Strong Manual Review Candidate. However, the matched development (Meta data center at Fair Oaks Innovation Park) has no clear geographic overlap, so it does not materially enhance this parcel’s priority beyond its intrinsic low-cost, improved-residential profile.","ZIP code is unknown; surrounding value and crime risk are unknown; no confirmed nearby public/private investment to support appreciation; development upside is not clearly supported; owner name is unknown, which may complicate title and notification steps.",Exact ZIP code; confirmation of physical condition of improvements; surrounding neighborhood value and crime context; verification of current occupancy and any structures on-site; detailed title history and any additional liens beyond the tax delinquency.,"Pull county GIS and assessor records for this parcel to confirm structure details and ZIP, then obtain a title report to identify any non-tax liens or encumbrances and verify that the legal description matches the mapped lot configuration.",High
90306-03-06-46920,7.6,Strong Manual Review Candidate,True,Research First,True,"High-confidence, strong match to the Meta Tulsa Data Center at Fair Oaks Innovation Park with more than $1 billion in investment and over $25 million in local infrastructure improvements, indicating positive industrial momentum in the broader area.","The parcel is a 5.07-acre tract (PRT N/2 SW SE, SEC 6-20-13, less W30 for road) in Tulsa County with a bid cost of 3,954.21, implying a low entry price per acre if usable. Rule-based scoring is 7.2 and categorized as a Strong Manual Review Candidate, supported by a strong development match and high development signal tied to the Meta Tulsa Data Center at Fair Oaks Innovation Park. Surrounding value signal is positive, and the bid price signal is strong. However, the address is unknown, ZIP is missing, and overall data confidence is only medium, so the property requires manual verification of exact location, access, and use constraints before any investment decision.",Unknown address and ZIP; only medium extraction confidence; property type coded as C without clear use definition; potential access or easement issues given legal description and road carve-out (LESS W30 FOR RD); crime risk estimate unknown; possible misalignment between legal description and actual ground conditions.,Exact situs address and ZIP code; GIS/plat mapping to confirm the precise boundaries and location of the 5.07 acres; zoning and allowable uses for this tract; confirmation of road access and any easements or encroachments; verification that the parcel is indeed proximate enough to benefit from the Fair Oaks Innovation Park/Meta data center investment; any environmental or floodplain constraints.,"Pull county GIS and plat maps for SEC 6-20-13 to locate the 5.07-acre tract described (PRT N/2 SW SE, LESS W30 FOR RD), confirm road frontage and access, and then cross-check zoning and proximity to the Fair Oaks Innovation Park/Meta data center area to validate whether the strong development signal materially enhances this parcel’s potential.",Medium
20300-92-03-05280,7.2,Strong Manual Review Candidate,True,Research First,False,"The only cited development is the Meta Tulsa Data Center at Fair Oaks Innovation Park, which has no clear street, neighborhood, or ZIP overlap with this parcel; development signal is explicitly Low.","Bid cost of 3958.93 for a residential improvement (R IMP) lot in the City of Tulsa with complete address, clear legal description (LT 12 BLK 14, IRVING PLACE), and high extraction confidence aligns with the rule-based score of 6.8 and Strong Manual Review Candidate category. Data quality is strong and the bid is relatively low, but the ZIP is unknown and there is no confirmed nearby development linkage, so it is not elevated to Good Investment and remains a strong candidate for deeper manual analysis.","Unknown ZIP code and surrounding value; no clear overlap with major development activity; development signal explicitly Low; owner name listed as Unknown; crime risk and surrounding value are Unknown, increasing uncertainty about neighborhood conditions.",Exact ZIP code; detailed neighborhood and surrounding property values; physical condition of the residential improvement; occupancy status; title issues or liens beyond tax delinquency; crime risk and local rental/owner-occupancy context.,"Confirm parcel location and ZIP in county GIS, verify structure type and condition for the R IMP classification, check neighborhood comparables and rent/sale activity, and run a title and lien search to quantify total encumbrances beyond the 3958.93 bid cost.",High
49800-03-34-15300,7.2,Strong Manual Review Candidate,True,Research First,False,Matched development (Meta Tulsa Data Center at Fair Oaks Innovation Park) has no clear geographic overlap with the subject parcel; development signal is explicitly Low.,"The parcel at 1145 N CANTON AV E in Tulsa is a residential improvement (R IMP) with a relatively low bid cost of 3,978.26 and high extraction/data confidence. Address and legal description (LT 12 BLK 4, YALE TERRACE ADDN, CITY OF TULSA) are clear, supporting further investigation. Rule-based scoring (6.8) already tags it as a Strong Manual Review Candidate. However, the ZIP is unknown, surrounding value and crime risk are unknown, and the only cited development (Meta data center in East Tulsa) has no clear match to this location, so broader upside from that project is not confirmed.",Unknown ZIP code; no confirmed surrounding value or crime risk data; development upside not clearly supported by the cited Meta data center project; owner listed as Unknown may complicate title and redemption research.,Exact ZIP code; confirmation of physical condition and occupancy of the residential improvement; neighborhood and surrounding value context; crime and code enforcement history; any liens or encumbrances beyond tax delinquency.,"Verify parcel location and ZIP via county GIS, then pull county assessor records for structure details and market value, followed by a title search for liens and a drive-by or street-level imagery review to assess property condition and neighborhood context.",High
23900-03-27-09360,7.2,Strong Manual Review Candidate,True,Research First,False,"The only cited development is the Meta Tulsa Data Center at Fair Oaks Innovation Park, which has no clear street, neighborhood, or ZIP overlap with this parcel; development signal is explicitly Low.","The parcel at 1532 N KINGSTON PL E in Tulsa is a residential improved (R IMP) lot in Losey's Addn with a low bid cost of 3,982.26 and high extraction confidence. Address and parcel data are clear, and rule-based scoring (6.8) already tags it as a Strong Manual Review Candidate. However, the matched development (Meta data center at Fair Oaks Innovation Park) has no clear geographic overlap, so it does not materially raise the priority beyond the intrinsic appeal of a low-cost improved residential property.","ZIP code is unknown; no confirmed surrounding value or crime data; development upside is not clearly supported by the cited industrial/data center project; owner name is unknown, which may signal title or notification complexities.",Exact ZIP code; confirmation of structure condition and occupancy; surrounding property values and neighborhood context; any code violations or liens beyond tax delinquency; precise distance and connectivity to major employment or redevelopment nodes.,"Manually verify parcel location and neighborhood context in Tulsa GIS or county records, confirm structure presence and condition for this R IMP lot in Losey's Addn, and pull any available lien, code enforcement, and market comp data before bidding.",High
40325-94-17-06900,7.2,Strong Manual Review Candidate,True,Research First,False,"The only cited development is the Meta Tulsa Data Center at Fair Oaks Innovation Park, which has no clear street, neighborhood, or ZIP overlap with this parcel; rule-based development signal is Low and match strength is No Clear Match.","The parcel at 2519 S 126 AV E in Tulsa is a residential improvement (R IMP) lot in the City of Tulsa (Stacey Lynn Addn) with a relatively low bid cost of 3988.93 and high extraction/data confidence. Address and legal description are clear (LT 29 BLK 4), supporting basic usability and making it suitable for further evaluation. Rule-based scoring (6.8) already categorizes it as a Strong Manual Review Candidate, driven by strong bid price and property clarity signals. However, the only referenced development—the Meta data center at Fair Oaks Innovation Park—has no clear locational overlap, so broader development-driven upside is uncertain.","ZIP code is unknown, limiting quick neighborhood and value context; no confirmed overlap with major nearby development, so appreciation potential from the cited industrial project is unclear; surrounding value and crime risk are both unknown; owner name is listed as Unknown, which may complicate title and notification steps during due diligence.",Exact ZIP code and neighborhood context; surrounding property value indicators; crime and nuisance risk; physical condition of the residential improvement; occupancy status; any code violations or liens beyond the tax issue; utility access and any local infrastructure constraints.,"Verify the precise location and ZIP in county GIS, confirm zoning and residential use details for LT 29 BLK 4 STACEY LYNN ADDN, and pull recent comparable sales or assessed values in the immediate area to gauge whether the ~3,988.93 bid is well-covered by likely land/improvement value.",High
13775-02-12-01490,7.2,Strong Manual Review Candidate,True,Research First,False,Matched development (Meta Tulsa Data Center at Fair Oaks Innovation Park) has no clear geographic overlap with this parcel; development signal is explicitly Low.,"The parcel at 4641 N HARTFORD AV E in Tulsa has a low bid cost of 3,989.60 and is classified as R IMP, indicating a residential improvement with potentially tangible structure value. Address and parcel data quality are strong and extraction confidence is high, supporting further investigation. However, the ZIP is unknown, surrounding value and crime risk are unknown, and the only cited development intelligence has no clear match to this location, so broader upside from nearby investment is not supported by the data provided. These factors justify manual review rather than a definitive investment judgment.","Unknown ZIP and neighborhood context; no quantified surrounding value or crime risk; development upside not clearly supported by the only cited project; legal description is partial and may indicate an irregular or reduced lot (LT 29 LESS BEG NEC W20 SELY ON STR LINE TO CITY OF TULSA), requiring title and survey verification.",Exact ZIP code; neighborhood and market context; condition of the residential improvement; confirmation of lot size and shape from full legal description and county records; any liens or encumbrances beyond tax delinquency; surrounding property values and rental/sales comparables; crime and nuisance indicators.,"Pull full county assessor and recorder records for parcel 13775-02-12-01490 to confirm structure details, lot dimensions, and title status, then map the exact location to evaluate neighborhood conditions and surrounding property values before bidding.",High
02350-03-35-02480,7.2,Strong Manual Review Candidate,True,Research First,False,"Meta Tulsa Data Center at Fair Oaks Innovation Park has no clear street, neighborhood, or ZIP overlap with this parcel; development signal is explicitly Low and match strength is No Clear Match.","The property at 6521 E LATIMER PL N in the City of Tulsa is classified as R HS IMP (residential with improvements) with a bid cost of 3996.66 and a lot size noted as 10,125, suggesting a potentially improved residential lot at a relatively low entry price. Address and parcel data quality are strong, the legal description is specific (E80 OF S140 LT 3 BLK 1 LESS E5 & S5 FOR ST, AVIATION VIEW SUB), and extraction confidence is High. Rule-based scoring already flags it as a Strong Manual Review Candidate with a strong bid price signal and strong property clarity, though ZIP and surrounding value are unknown and there is no confirmed development overlap.","ZIP code and surrounding value context are unknown; no clear development or infrastructure overlap to support appreciation; crime risk is unknown; owner name is unknown; residential improvements are not described in detail, so structure condition and usability are uncertain.","Exact ZIP code; details on the existing residential improvements (age, condition, occupancy, code issues); surrounding property values and neighborhood characteristics; any liens, code violations, or demolition orders; confirmation of access, utilities, and current use.","Verify county records for structure details and any liens or code enforcement actions, confirm ZIP and neighborhood context, and review recent sales or assessed values for comparable parcels in AVIATION VIEW SUB to gauge value relative to the 3,996.66 bid.",High
16275-92-05-01670,7.2,Strong Manual Review Candidate,True,Research First,False,"The only cited development is the Meta Tulsa Data Center at Fair Oaks Innovation Park, which has no clear street, corridor, neighborhood, or ZIP overlap with this parcel; development signal is explicitly Low.","The property at 501 S 57 AV W in Tulsa is a residential improved parcel (R HS IMP) with a relatively low bid cost of 4,022.90 and a clear legal description (LT 20, GLEN ACRES SUB REV B7-WEKIWA). Rule-based scoring is 6.8 and categorized as a Strong Manual Review Candidate, supported by complete address quality, strong property clarity, and high data confidence. However, the matched development (Meta data center in East Tulsa) has no clear geographic overlap, so development upside is not supported by the provided intelligence.","ZIP code is unknown, limiting precise location and comp context; no confirmed surrounding value or crime risk data; development upside is not clearly supported due to lack of overlap with the cited Meta data center project; owner name is unknown, which may complicate title and notification steps.","Exact ZIP code; detailed neighborhood and surrounding value context; structure condition and occupancy status; lot size and building size; confirmation of proximity, if any, to other public or private investments not listed here; title status and any existing liens beyond tax delinquency.","Verify the precise location and ZIP for 501 S 57 AV W, confirm lot and improvement details from county records, and check for any additional local development or infrastructure projects specifically affecting the Glen Acres Subdivision or the immediate area.",High
17675-02-24-07550,7.2,Strong Manual Review Candidate,True,Research First,False,Meta Tulsa Data Center at Fair Oaks Innovation Park has no clear geographic overlap with this parcel; development signal is explicitly Low despite high-level industrial momentum in East Tulsa.,"The parcel at 3179 N IROQUOIS AV E is a residential improvement (R IMP) lot in the City of Tulsa with a clear legal description (LT 34 BLK 4 HARTFORD HILLS ADDN) and high data confidence. The bid cost of 4023.59 is relatively low, and rule-based scoring (6.8) already tags it as a Strong Manual Review Candidate. However, the ZIP is unknown, surrounding value is unknown, and there is no clear development overlap with the cited Meta data center project, so upside from nearby investment is not well supported and requires on-the-ground verification.",Unknown ZIP and surrounding value; no clear development overlap or proven external value drivers; condition of the residential improvement is completely unknown; neighborhood crime and demand are unknown; tax auction status may indicate title or occupancy complications.,Exact ZIP code and micro-neighborhood context; current structure condition and occupancy; recent comparable sales or rental data for Hartford Hills Addition; code enforcement or lien history; detailed parcel dimensions and access; any local infrastructure or redevelopment plans specific to this corridor.,"Confirm the precise location and ZIP, then pull recent sales and rental comps for Hartford Hills Addition and inspect public records (code violations, liens, demolitions) to evaluate structure condition and neighborhood demand before bidding.",High
34300-03-32-14720,7.2,Strong Manual Review Candidate,True,Research First,False,Matched development (Meta Tulsa Data Center at Fair Oaks Innovation Park) has no clear geographic overlap with this parcel; development signal is explicitly Low.,"The parcel at 152 N DELAWARE AV E in Tulsa is a residential improvement (R IMP) lot with a relatively low bid cost of 4,028.93 and high extraction/data confidence. Address and legal description (LT 3 BLK 3 REDDIN ADDN, CITY OF TULSA) are clear, supporting basic usability. Rule-based scoring is 6.8 and categorizes it as a Strong Manual Review Candidate. However, the cited Meta data center project has no street, corridor, neighborhood, or ZIP overlap, so it does not materially raise the priority beyond the already strong rule-based signals.",ZIP code is unknown; surrounding value and crime risk are unknown; no confirmed development overlap to support appreciation; owner name listed as Unknown may indicate title or contact challenges.,Exact ZIP code; surrounding property values and neighborhood context; physical condition of the residential improvement; occupancy status; title status and any additional liens beyond the tax auction; zoning confirmation within REDDIN ADDN.,"Verify parcel location and ZIP in county GIS, pull assessor and recorder records for structure details and liens, and review recent sales/rent comps in REDDIN ADDN and immediate surroundings to validate whether the low bid cost aligns with local market value.",High
49725-03-34-14590,7.2,Strong Manual Review Candidate,True,Research First,False,"Meta Tulsa Data Center at Fair Oaks Innovation Park has no clear street, neighborhood, or ZIP overlap with this parcel; development signal is explicitly Low.","The parcel at 4902 E EASTON ST N in Tulsa is a residential improvement (R IMP) lot in the City of Tulsa (Yale Crest Ext) with a relatively low bid cost of 4040.26 and high data confidence. Address and legal description are clear, supporting further evaluation. However, the matched Meta data center project has no clear geographic overlap, so broader development upside is uncertain. Rule-based scoring (6.8) and strong bid price and property clarity signals justify manual review rather than dismissal.","ZIP code is unknown; surrounding value and crime risk are unknown; no confirmed nearby public/private development overlap; development signal is Low; owner name is unknown, which may complicate title and redemption research.",Exact ZIP code; surrounding property value context; crime and neighborhood risk indicators; physical condition of the improvement; occupancy status; any code violations or liens beyond taxes.,"Verify parcel location and ZIP via county GIS, then pull recent sales and rental comps for Yale Crest Ext and inspect county records for liens, code issues, and structure condition before bidding.",High
07725-02-13-02870,7.2,Strong Manual Review Candidate,True,Research First,False,The only cited development (Meta Tulsa Data Center at Fair Oaks Innovation Park) has no clear geographic overlap with this parcel; development signal is explicitly Low with No Clear Match.,"The parcel at 3917 N LANSING AV E, Tulsa, is a residential improvement (R IMP) lot in the City of Tulsa with a low bid cost of 4067.59 and high extraction confidence. Address and legal description (LT 34 BLK 10, CHANDLER-FRATES FIFTH ADDN) are clear, supporting basic usability and making it a cost-effective candidate for further investigation. However, the ZIP is unknown, surrounding value and crime risk are unknown, and the only referenced large-scale development has no confirmed overlap, so upside from external investment cannot be assumed.",Unknown ZIP code; no quantified surrounding value data; crime risk estimate unknown; no clear development overlap to support appreciation; owner listed as Unknown may indicate title or notification complexities.,Exact ZIP code; current physical condition of the improvement; occupancy status; any code violations or liens beyond tax; neighborhood-level sales/rent comps; crime and school context; zoning confirmation and any local restrictions.,"Confirm parcel location and ZIP via county GIS, then pull recent neighborhood sales and rent data plus code enforcement and lien records to assess actual property condition and local value before bidding.",High
63125-91-11-15420,7.2,Strong Manual Review Candidate,True,Research First,False,No clear geographic overlap with the Meta Tulsa Data Center at Fair Oaks Innovation Park; development match is explicitly marked as No Clear Match and development signal is Low.,"The parcel at 607 N WILSON AV W in Sand Springs is a residential improvement (R IMP) lot with a relatively low bid cost of 4,068.06 and high extraction/data confidence. Address and legal description (LT 11 BLK 8, CITY OF SAND SPRINGS, WEST-SIDE ADDN) are clear, supporting basic usability and making it suitable for deeper review. However, the matched development (Meta data center at Fair Oaks Innovation Park) has no street, neighborhood, or ZIP overlap, so it does not materially enhance this parcel’s priority. The rule-based engine already flags it as a Strong Manual Review Candidate, primarily due to low bid and strong property clarity rather than development upside.","ZIP code is unknown, limiting precise value and neighborhood risk assessment; no confirmed surrounding value or crime risk data; development upside is not clearly supported by the cited Meta data center project; owner listed as Unknown may signal potential title complications; property condition and occupancy are entirely unknown.",Exact ZIP code; current market value and comps in the WEST-SIDE ADDN of Sand Springs; on-the-ground condition of the residential improvement; occupancy status; any code violations or liens beyond the tax issue; confirmation of utilities and access; detailed title history and ownership verification.,"Confirm the precise parcel location and ZIP, pull recent sales and rent comps for similar R IMP properties in the WEST-SIDE ADDN of Sand Springs, and obtain a preliminary title and lien check to assess ownership clarity and additional encumbrances before considering a bid.",High
99203-92-03-14350,7.2,Strong Manual Review Candidate,True,Research First,False,Matched development (Meta Tulsa Data Center at Fair Oaks Innovation Park) has no clear geographic overlap with this parcel; development signal is explicitly Low.,"The parcel at 2822 W EASTON ST N in Tulsa is a residential improvement (R IMP) property of 0.17 acres with a relatively low bid cost of 4081.97 and high extraction confidence. Address and parcel data are clear, and rule-based scoring (6.8) already categorizes it as a Strong Manual Review Candidate. However, the cited Meta data center project has no street, neighborhood, or ZIP overlap, so it does not materially enhance this parcel’s priority from a development standpoint.",ZIP code is unknown; no confirmed surrounding value or crime data; development upside is not clearly supported by the cited industrial/data center project; exact condition and usability of the residential improvement are unknown.,"Exact ZIP code; current structure condition and occupancy status; surrounding neighborhood characteristics and comparable values; confirmation of access, utilities, and any code or lien issues beyond the tax delinquency.","Manually verify parcel location and ZIP, confirm existing structure details and condition from county records or imagery, and check for additional liens or code violations to assess whether the low bid cost justifies acquisition risk.",High
23125-02-25-14790,7.2,Strong Manual Review Candidate,True,Research First,False,The only cited development (Meta Tulsa Data Center at Fair Oaks Innovation Park) has no clear geographic overlap with this parcel; development signal is explicitly Low.,"Bid cost is relatively low at 4116.25 for a residential improvement (R IMP) lot with a complete street address and high extraction confidence. Rule-based scoring already flags it as a Strong Manual Review Candidate, but the matched development project has no street, corridor, neighborhood, or ZIP overlap, so it does not materially enhance the investment case. The property merits further human review on its own fundamentals, not because of documented nearby development momentum.","ZIP code is unknown; no confirmed surrounding value or crime risk data; development upside is not clearly supported by the cited Meta/Fair Oaks project; ownership details are unclear (Owner Name: Unknown), which may indicate additional title or redemption complexities.",Exact ZIP code; detailed neighborhood and surrounding value context; condition and specifics of the residential improvement; confirmation of occupancy status; title status and any additional liens or encumbrances beyond the tax auction; local crime and code enforcement history.,"Verify parcel location and ZIP in county records, then pull detailed assessor data (structure type, square footage, year built, condition) and check for additional liens or code violations to confirm whether the low bid cost reflects distress, physical issues, or simply tax delinquency.",High
37800-93-02-09080,7.2,Strong Manual Review Candidate,True,Research First,False,"The only cited development is the Meta Tulsa Data Center at Fair Oaks Innovation Park, which has no clear street, neighborhood, or ZIP overlap with this Sheridan Hills residential parcel; development signal is therefore low.","The parcel at 6526 E 5 ST S in the City of Tulsa is a residential improvement (R IMP) lot in Sheridan Hills with a low bid cost of 4,146.25 and high extraction/data confidence. Address and parcel information are clear, and the rule-based system scores it 6.8 as a Strong Manual Review Candidate. However, the matched Meta data center project has no clear geographic overlap, so broader development-driven upside is uncertain. Overall, the combination of low entry cost and clear residential use justifies manual review, but not a Good Investment classification at this stage.",ZIP code is unknown; no confirmed surrounding value or crime risk data; development intelligence does not clearly apply to this neighborhood; overall development signal is low despite strong industrial investment elsewhere in East Tulsa.,Exact ZIP code; any confirmation of current structure condition or occupancy for the residential improvement; neighborhood-level value indicators and crime data; clearer evidence of nearby public or private investment specific to Sheridan Hills or this corridor.,"Verify the precise ZIP and map the parcel within Tulsa to confirm neighborhood context, then obtain recent property condition and occupancy information for the residential improvement and check for any local infrastructure or redevelopment initiatives specific to Sheridan Hills or the immediate area.",High
15125-03-33-05670,7.1,Strong Manual Review Candidate,True,Research First,False,"Meta Tulsa Data Center at Fair Oaks Innovation Park has no clear street, neighborhood, or ZIP overlap with this parcel; development signal is explicitly Low despite a high-level citywide investment story.","The parcel at 1433 N TOLEDO AV E is a residential improvement (R IMP) lot in the City of Tulsa with a clear legal description (LT 19 BLK 2 FRANCISCAN ADDN) and high extraction confidence. The bid cost of 4159.58 is relatively low, and rule-based scoring (6.8) already flags it as a Strong Manual Review Candidate. However, the ZIP is unknown, surrounding value and crime risk are unknown, and the only cited development (Meta data center) has no clear geographic overlap, so development upside cannot be assumed.",Unknown ZIP code; no quantified surrounding value or crime risk; no clear linkage to the cited Meta/Fair Oaks development; limited property detail beyond being a residential improvement; potential neighborhood or condition issues cannot be evaluated from the provided data.,Exact ZIP code; neighborhood context and surrounding property values; property condition and occupancy status; any code enforcement or lien issues beyond the tax auction; more precise location context relative to major corridors or redevelopment areas.,"Manually verify the parcel’s exact location and ZIP, then pull neighborhood sales/rent comps and any available city records (code violations, prior demolitions, or nuisance designations) to determine whether the low bid cost aligns with acceptable risk for a residential improvement in this addition.",High
26825-93-01-08300,7.1,Strong Manual Review Candidate,True,Research First,False,"Meta Tulsa Data Center at Fair Oaks Innovation Park has no clear geographic overlap with this parcel; development signal is explicitly Low with No Clear Match, so it should not be treated as a direct value driver.","The parcel at 9126 E 4 ST S in Tulsa is classified as residential with improvements (R HS IMP), has a complete address, and a relatively low bid cost of 4,163.58. Rule-based scoring (6.8) already flags it as a Strong Manual Review Candidate, supported by strong property clarity and high data confidence. However, the ZIP code and surrounding value context are unknown, and the only cited development (Meta data center at Fair Oaks Innovation Park) has no clear match to this location, so broader upside from that project is uncertain.","Unknown ZIP and surrounding value; no confirmed development overlap or uplift from the Meta data center; crime risk and neighborhood quality are unknown; only basic legal description (LT 14 BLK 10 MEADOWOOD ADDN) with no size or condition details; potential title, structure condition, or code issues cannot be assessed from current data.",Exact ZIP code; neighborhood and surrounding property values; structure condition and age; lot size and zoning specifics beyond R HS IMP; any liens or additional encumbrances; crime and school context; distance and connectivity to the Fair Oaks Innovation Park area.,"Verify parcel location and ZIP in county GIS, confirm zoning and lot size for LT 14 BLK 10 MEADOWOOD ADDN, pull recent sales and assessed values for nearby parcels, and check county records for code violations or structural issues before bidding.",High
26825-93-01-07370,7.2,Strong Manual Review Candidate,True,Research First,False,"The only cited development (Meta Tulsa Data Center at Fair Oaks Innovation Park) has no clear geographic overlap with this parcel; match strength is explicitly noted as No Clear Match, so it should not be treated as a direct upside driver.","The parcel at 172 S 91 AV E in Tulsa is a residential improved property (R HS IMP) with a relatively low bid cost of 4,166.25 and high extraction/data confidence. Address and parcel information are clear, and the rule-based system already flags it as a Strong Manual Review Candidate with a score of 6.8. However, the referenced Meta data center project has no confirmed street, neighborhood, or ZIP overlap, so development-driven upside is uncertain. Overall, the combination of low entry cost and clear residential use justifies manual review, but not a Good Investment classification at this stage.",ZIP code is unknown; surrounding value and crime risk are unknown; no confirmed development or infrastructure improvements directly tied to this specific area; development signal is low due to lack of overlap with the Meta/Fair Oaks project; long-term value and marketability cannot be assessed from the provided data alone.,Exact ZIP code; neighborhood and surrounding land use context; condition of improvements; occupancy status; access and utilities details; recent comparable sales or assessed values; any code violations or liens beyond tax delinquency; crime and school quality indicators.,"Verify the precise location and ZIP, then pull county assessor records and aerial/street imagery to confirm structure type, condition, and surrounding context; check for additional liens or code issues and look for any local planning or infrastructure projects specifically affecting the Meadowood Addition or immediate area.",High
36525-94-02-01380,7.1,Strong Manual Review Candidate,True,Research First,False,"The only cited development (Meta Tulsa Data Center at Fair Oaks Innovation Park) has no clear street, neighborhood, or ZIP overlap with this parcel, so it does not currently enhance this property’s priority.","The parcel at 135 S 166 AV E in Tulsa is a residential improved property (R HS IMP) with a relatively low bid cost of 4,189.58 and high extraction/data confidence. Address and legal description (LT 5 BLK 7, ROSE DEW ADDN, CITY OF TULSA) are clear, supporting basic usability and making it a solid candidate for deeper review. However, the ZIP code is unknown and there is no confirmed overlap with the cited Meta data center development, so development-driven upside is uncertain. Overall risk/return profile appears promising enough for manual review but not strong enough to classify as a Good Investment at this stage.",Unknown ZIP code and surrounding value; no clear development overlap with the Meta Tulsa Data Center project; crime risk and neighborhood quality are unknown; limited context on structure condition or occupancy despite being classified as residential improved.,"Exact ZIP code; detailed neighborhood and surrounding property values; structure details (age, size, condition, occupancy); zoning confirmation; any code violations or liens beyond the tax issue; proximity to employment centers or infrastructure beyond what is provided.","Confirm the precise location (including ZIP) and pull local parcel, zoning, and sales/assessment data for LT 5 BLK 7, ROSE DEW ADDN to evaluate neighborhood quality, structure condition, and comparable values before bidding.",High
20300-92-03-05240,7.1,Strong Manual Review Candidate,True,Research First,False,"Meta Tulsa Data Center at Fair Oaks Innovation Park has no clear geographic overlap with this parcel; development signal is explicitly Low with no matching street, corridor, neighborhood, or ZIP.","The property at 1919 W CAMERON ST N is an improved residential (R HS IMP) lot with a clear legal description (LT 8 BLK 14, IRVING PLACE, CITY OF TULSA), high extraction confidence, and a complete address. The bid cost of 4192.50 is relatively low for an improved residential parcel, which supports potential value relative to entry price. Rule-based scoring already classifies it as a Strong Manual Review Candidate, driven by strong bid price and property clarity signals. However, the ZIP is unknown and there is no confirmed development overlap or surrounding value signal, so it cannot be elevated to a Good Investment category based on current data.",Unknown ZIP and surrounding value context; no clear development or infrastructure investment overlap; crime risk and neighborhood quality are unknown; owner name is unknown; actual condition and usability of the residential improvement are not described.,"Exact ZIP code and neighborhood context; current physical condition of the structure and land; occupancy status and any structures present; confirmation of access, utilities, and zoning details beyond R HS IMP label; any liens or encumbrances beyond tax status; local sales or value benchmarks for comparable residential parcels in this area of Tulsa.","Verify the precise location and ZIP, then obtain current photos or on-the-ground inspection details to confirm the condition and existence of improvements, access, and utilities; follow with a basic title and lien check to ensure no non-tax encumbrances that would materially affect value.",High
91225-12-25-41510,7.4,Strong Manual Review Candidate,True,Research First,True,"High-strength match to Meta Tulsa Data Center at Fair Oaks Innovation Park with more than $1B in planned investment and significant local infrastructure improvements, indicating potentially rising industrial land value in East Tulsa.","The parcel has a modest bid cost of 4211.16 and a rural/residential-type designation (R) with a legal description that suggests a larger, irregular tract rather than a small infill lot. Address data is weak (ADDRESS UNKNOWN, ZIP unknown), but the rule-based system still rates address/property clarity as Moderate and overall rule-based score as 7.2, indicating the parcel is locatable enough for further work. Critically, there is a High-confidence, Strong Match development signal tied to the Meta Tulsa Data Center at Fair Oaks Innovation Park, with a High investment signal strength and positive surrounding value signal. This combination of low entry price and strong nearby industrial/infrastructure momentum makes the parcel a strong candidate for deeper manual review, while acknowledging that current data quality is only Medium and the exact siting relative to the innovation park and Delaware Creek carve-outs must be verified.","1) Location uncertainty: ADDRESS UNKNOWN and no ZIP; only the legal description and county reference (Tulsa County, Delaware Creek carve-out) define the parcel, increasing risk of misidentifying the tract. 2) Physical usability: Legal description references exclusions (LESS ALL LAND LYING S OF CL DELAWARE CR & E880), suggesting possible creek, floodplain, or irregular boundaries that may limit usable acreage. 3) Zoning/entitlement uncertainty: Property Type R may not align with nearby industrial/data center uses without rezoning or variances. 4) Data quality: Extraction confidence is Medium and owner name is Unknown, increasing the chance of description or classification errors. 5) Market fit: Even with nearby Meta investment, this specific tract may not be directly adjacent or functionally tied to the innovation park, limiting upside if it is poorly located or lacks access/utilities.","Exact site location (mapped boundaries, coordinates, or situs address); zoning and allowable uses; actual acreage and buildable area after accounting for Delaware Creek and excluded portions; access to public roads and utilities; proximity in miles/feet to Fair Oaks Innovation Park and the Meta data center site; current and delinquent tax status beyond the auction bid; environmental or floodplain status; any easements or encumbrances affecting development potential.","Obtain the full county GIS parcel map and overlay the legal description (including the exclusions south of the centerline of Delaware Creek and E880) to confirm exact boundaries, access, and approximate acreage; then verify zoning and any planned infrastructure improvements in the immediate vicinity related to the Fair Oaks Innovation Park and Meta data center to assess whether the parcel can realistically benefit from the nearby industrial investment.",Medium
91236-12-36-50430,8.5,Good Investment,True,Research First,True,"High-strength, strong-match signal to the Meta Tulsa Data Center at Fair Oaks Innovation Park, indicating significant nearby industrial and infrastructure investment momentum that may support surrounding commercial/industrial values.","The parcel at 6834 N PEORIA AV E is a commercial improvement (C IMP) with a low bid cost of 4,220.53 relative to the indicated value context (168,128). Address and parcel data are clear and complete, and rule-based scoring is high (8.7, Good Investment). Development intelligence shows a high-confidence, strong match to the Meta Tulsa Data Center at Fair Oaks Innovation Park, with over $1 billion in planned investment and substantial local infrastructure improvements, which materially enhances the strategic appeal of nearby commercial/industrial parcels. Despite the unknown ZIP, overall data quality and surrounding value signals are positive, making this a strong candidate for manual review.","ZIP code is unknown, limiting precise locational and comparables analysis; owner name is unknown; exact relationship of this parcel to the Fair Oaks Innovation Park and Meta data center footprint is not specified; crime and environmental risks are unknown.",Exact ZIP code and more granular location context; confirmation of current use and condition of the commercial improvements; zoning details and any use restrictions; verification of access/ingress from N Peoria Ave; confirmation of proximity and connectivity to the Fair Oaks Innovation Park and Meta data center infrastructure improvements.,"Verify zoning and current use of the commercial improvements, obtain precise mapping (including ZIP and parcel boundaries) to confirm proximity and access relative to the Fair Oaks Innovation Park and Meta data center, and check for any liens, environmental issues, or access constraints that could impair commercial/industrial use.",High
43925-03-35-15210,7.2,Strong Manual Review Candidate,True,Research First,False,No clear geographic overlap with the Meta Tulsa Data Center at Fair Oaks Innovation Park; development signal is explicitly rated Low despite strong project investment.,"The parcel at 7311 E KING ST N in Tulsa is a residential improvement (R IMP) lot of 7,728 sq ft with a relatively low bid cost of 4,227.57, making the price signal favorable for preliminary screening. Address and parcel data are clear and extraction confidence is high, reducing basic data risk. Rule-based scoring (6.8) already categorizes it as a Strong Manual Review Candidate, mainly due to low bid and strong property clarity. However, the ZIP code is unknown, surrounding value and crime risk are unknown, and there is no confirmed overlap with the major Meta/Fair Oaks development, so upside from nearby investment is not clearly supported and must not be assumed.","Unknown ZIP code and neighborhood context; surrounding value signal is Unknown; crime risk is Unknown; development upside is not clearly supported due to no street, corridor, neighborhood, or ZIP overlap with the cited Meta/Fair Oaks project; ownership details are limited (Owner Name: Unknown), which may complicate title and redemption research.","Exact ZIP code; neighborhood and market comps; condition of the residential improvement; confirmation of utilities and access; title status and any additional liens beyond the tax obligation; verification of proximity, if any, to other public or private investments not identified here.","Confirm the precise location and ZIP, pull recent sales and rent comps for the immediate area, and obtain a title and lien check to understand encumbrances and owner status before considering a bid at or above the 4,227.57 level.",High
99229-92-29-38016,7.4,Strong Manual Review Candidate,True,Research First,True,Strong Match to Meta Tulsa Data Center at Fair Oaks Innovation Park with high investment signal strength and noted local infrastructure improvements in East Tulsa.,"The parcel is a roughly 2.155-acre R-type property in Tulsa County with a bid cost of 4,232.91, which is attractive relative to the land size indicated by the legal description. Rule-based scoring (7.2) and category already flag it as a Strong Manual Review Candidate. Development intelligence shows a High-strength, Strong Match to the Meta Tulsa Data Center at Fair Oaks Innovation Park, suggesting positive surrounding value and infrastructure momentum. However, the address is unknown, ZIP is missing, and overall data confidence is only Medium, so it cannot be classified as a Good Investment without further verification.",Unknown physical address and ZIP; only legal description available for location; data confidence is Medium; property type listed only as R without clarity on zoning or access; potential locational mismatch risk despite development match being based on county/corridor tokens rather than a precise address.,Exact site location and mappable address; ZIP code; confirmation of zoning and allowable uses for the R-type classification; access/road frontage details; verification that the parcel is actually proximate to or benefits from the Fair Oaks Innovation Park/Meta data center infrastructure improvements.,"Use the legal description (SEC 29 19 12, 2.155 ACS, BEG 660S & 664E NWC NE NW) with county GIS or assessor records to precisely map the parcel, confirm zoning and access, and then compare its location to the Fair Oaks Innovation Park/Meta data center area to validate that it meaningfully benefits from the cited industrial investment.",Medium
29350-03-07-02400,7.2,Strong Manual Review Candidate,True,Research First,False,"Meta Tulsa Data Center at Fair Oaks Innovation Park has no clear street, neighborhood, or ZIP overlap with this parcel; development signal is explicitly Low.","The parcel at 2131 E 46 ST N in the City of Tulsa is a residential improvement (R IMP) lot in NORTH HIGHLAND ACRES ADDN with a low bid cost of 4,235.57 and high extraction/data confidence. Address and legal description are clear, supporting further investigation. However, the matched development (Meta data center at Fair Oaks Innovation Park) has no clear geographic overlap, so development-driven upside is not supported by the provided data.",ZIP code is unknown; no confirmed surrounding value or crime data; development upside is not clearly supported due to no match with the cited Meta data center project; owner listed as Unknown may complicate title/notification research.,Exact ZIP code; detailed property condition; surrounding property values; local crime and neighborhood stability indicators; confirmation of utilities and access; any liens or encumbrances beyond tax status.,"Manually verify parcel location and ZIP, pull county assessor records for structure details and market value, and review neighborhood comparables and on-the-ground condition to confirm whether the low bid cost aligns with actual risk and value.",High
44250-02-12-14150,7.2,Strong Manual Review Candidate,True,Research First,False,No clear geographic overlap with the Meta Tulsa Data Center at Fair Oaks Innovation Park; development signal is explicitly rated Low despite strong citywide industrial momentum.,"The parcel at 710 E 54 PL N in Tulsa is a residential improvement (R IMP) lot in Valley View Acres Third Addition with a bid cost of 4,235.57 and high data confidence. Address and parcel data are complete and clear, and the rule-based system already scores it as a Strong Manual Review Candidate. However, the ZIP is unknown and there is no confirmed overlap with the cited Meta/Fair Oaks development, so upside from nearby large-scale investment is not clearly supported.","Unknown ZIP and surrounding value; no confirmed development overlap; neighborhood condition and rental/resale demand are not provided; potential title, code, or occupancy issues typical of tax auction properties are unknown.",Exact ZIP code; current market value and comps; structure details and condition; occupancy status; code enforcement or liens beyond taxes; crime and neighborhood quality indicators; utility and infrastructure status.,"Verify exact location and ZIP, pull recent sales and rent comps for Valley View Acres Third Addition, confirm structure type and condition via local records or site inspection, and check for additional liens or code violations to determine realistic exit value versus the 4,235.57 bid cost.",High
35900-03-30-15790,7.1,Strong Manual Review Candidate,True,Research First,False,"Meta Tulsa Data Center at Fair Oaks Innovation Park has no clear geographic overlap with this parcel; development signal is explicitly Low with no street, neighborhood, or ZIP match.","The parcel at 2504 N XANTHUS AV E in Tulsa is a residential improvement (R IMP) with a relatively low bid cost of 4,236.24 and high extraction confidence. Address and parcel data are clear, and rule-based scoring (6.8) already categorizes it as a Strong Manual Review Candidate. However, the only cited development—the Meta data center at Fair Oaks Innovation Park—has no clear match to this location, so development-driven upside is not supported by the provided data.",ZIP code is unknown; no confirmed surrounding value or crime data; development upside is not clearly supported due to lack of overlap with the cited Meta data center project; owner name is unknown; limited property detail beyond being a residential improvement and lot/block description.,Exact ZIP code; detailed neighborhood context; condition and size of the residential improvement; current occupancy or use; surrounding property values; crime and school context; any code violations or liens beyond tax status.,"Verify the precise location and neighborhood context of 2504 N XANTHUS AV E (including ZIP), then obtain property condition and size details and check for additional liens or encumbrances to determine whether the low bid cost justifies proceeding.",High
44200-02-11-01560,7.2,Strong Manual Review Candidate,True,Research First,False,"The only cited development (Meta Tulsa Data Center at Fair Oaks Innovation Park) has no clear geographic overlap with this parcel; development match strength is explicitly noted as No Clear Match, so it should not be treated as a direct value driver.","The parcel at 141 W 50 CT N in Tulsa is a residential improvement (R IMP) with a relatively low bid cost of 4,239.57 and strong property/address clarity, making it a viable candidate for deeper review. Rule-based scoring (6.8) and category already flag it as a Strong Manual Review Candidate, and data confidence is High. However, the ZIP is unknown and the only referenced development signal has no clear match to this location, so any broader market upside from the Meta/Fair Oaks project is speculative and should not be relied upon at this stage.",Unknown ZIP code limits precise location and comp analysis; no confirmed overlap with major development activity; surrounding value and crime risk are both unknown; owner listed as Unknown may complicate title or notification history; development upside is not clearly supported by available data.,Exact ZIP code; detailed neighborhood context and surrounding property values; condition and occupancy status of the residential improvement; confirmation of clear title and any liens beyond tax delinquency; local crime and nuisance data; zoning and any code enforcement history.,"Verify precise location and ZIP, pull county assessor and GIS records for structure details and land size, and obtain a title report or lien search; then perform a quick neighborhood and sales comp check to confirm whether the low bid cost aligns with typical values and risk in this micro-area.",High
27775-03-36-02105,7.2,Strong Manual Review Candidate,True,Research First,False,Meta Tulsa Data Center at Fair Oaks Innovation Park has no clear geographic overlap with this parcel; development signal is explicitly Low with No Clear Match.,"The property is a residential improved parcel (R HS IMP) in the City of Tulsa with a clear address and legal description in Mingo Valley Sub No 1. The bid cost of 4243.04 is low relative to the noted 23,200 value, and rule-based scoring (6.8) already flags it as a Strong Manual Review Candidate. Data confidence is High and property clarity is Strong, but the ZIP is unknown and there is no confirmed development overlap with the Meta data center project, so upside from nearby investment is uncertain.",Unknown ZIP and surrounding value; no clear development overlap or documented infrastructure improvements tied to this specific area; crime and neighborhood risk are unknown; ownership listed as Unknown may signal title or notification complexities.,"Exact ZIP code and neighborhood context; confirmation of current physical condition of improvements; verification of access, utilities, and any code or lien issues; distance and connectivity to major corridors or employment centers; clarity on owner of record and any redemption or title complications.","Confirm parcel location and ZIP in county GIS, then pull assessor and code-enforcement records to verify structure condition, occupancy status, liens, and any demolition or nuisance actions before considering a bid.",High
35900-03-30-15590,7.2,Strong Manual Review Candidate,True,Research First,False,"The only cited development is the Meta Tulsa Data Center at Fair Oaks Innovation Park, which has no clear street, neighborhood, or ZIP overlap with this parcel; rule-based development signal is Low and match strength is No Clear Match.","The parcel at 2012 E ZION ST N in Tulsa has a low bid cost of 4244.24 and is identified as R IMP (residential improvement), with a clear lot and block legal description in the City of Tulsa (Roberts Addn). Address quality and property clarity are strong, and overall data confidence is high. Rule-based scoring (6.8) already places it as a Strong Manual Review Candidate, mainly due to low entry cost and usable property data. However, the ZIP code is unknown and there is no confirmed overlap with the major Meta/Fair Oaks industrial development, so development-driven upside is uncertain.",Unknown ZIP code and precise submarket context; no clear development overlap with the cited Meta/Fair Oaks project; surrounding value and crime risk are both unknown; owner name listed as Unknown may signal potential title or notification complexities.,Exact ZIP code and neighborhood context; confirmation of current structure condition and occupancy for the R IMP classification; verification of title status and owner of record; surrounding property values and local market indicators; any code enforcement or lien issues.,"Confirm the parcel’s exact location and ZIP in county records, pull the full assessor and deed history for ownership and improvement details, and review recent sales and code records in Roberts Addition to gauge condition, resale/rental potential, and any legal or structural issues before bidding.",High
40825-02-13-09510,7.2,Strong Manual Review Candidate,True,Research First,False,Meta Tulsa Data Center at Fair Oaks Innovation Park has no clear geographic overlap with this parcel; development signal is explicitly Low.,"The parcel at 4137 N FRANKFORT AV E in Tulsa is a residential improvement (R IMP) lot in the CITY OF TULSA | SUBURBAN ACRES SECOND addition, with a relatively low bid cost of 4244.24 and high extraction/data confidence. Address and parcel information are clear, and rule-based scoring (6.8) already flags it as a Strong Manual Review Candidate. However, the matched development (Meta data center at Fair Oaks Innovation Park) has no street, corridor, neighborhood, or ZIP overlap, so it does not materially enhance this parcel’s priority. Overall, the combination of low entry cost and clear property data justifies manual review, but not classification as a Good Investment at this stage.",ZIP is unknown; no confirmed surrounding value or crime risk data; development upside not clearly supported due to lack of overlap with the cited Meta data center project; owner name listed as Unknown may indicate potential title or notification complexities.,Exact ZIP code; current physical condition of the improvement; occupancy status; any code violations or liens beyond taxes; surrounding property values and neighborhood stability; crime and nuisance history.,"Verify the exact parcel location and ZIP in county GIS, then pull recent aerial/street imagery and county records to confirm structure type, condition, and any code enforcement or additional liens before bidding.",High
23900-03-27-09230,7.2,Strong Manual Review Candidate,True,Research First,False,"Meta Tulsa Data Center at Fair Oaks Innovation Park has no clear street, neighborhood, or ZIP overlap with this parcel; development signal is explicitly Low despite high-level industrial momentum in East Tulsa.","The parcel at 1555 N JOPLIN AV E is a residential improvement (R IMP) lot in the City of Tulsa with a relatively low bid cost of 4,269.57 and high extraction/data confidence. Address and parcel data are clear, making the asset identifiable for further research. Rule-based scoring (6.8) and category already flag it as a Strong Manual Review Candidate. However, the ZIP code and surrounding value context are unknown, and there is no clear geographic match to the cited Meta/Fair Oaks development, so broader upside from that project cannot be assumed.","Unknown ZIP and surrounding value; no confirmed overlap with major development activity; crime risk unknown; only basic legal description (LT-27-BLK-5 LOSEY'S ADDN) without lot size or structure details; potential that the improvement quality or occupancy status is poor or encumbered, which cannot be evaluated from current data.","ZIP code; neighborhood and surrounding property value context; structure details (year built, size, condition, occupancy); zoning specifics beyond R IMP label; any code violations or liens beyond tax status; proximity to employment centers or corridors; crime and school quality indicators.","Verify parcel details with Tulsa County records (mapping the legal description in LOSEY'S ADDN) to confirm exact location, ZIP, and physical characteristics of the improvement, then pull recent comparable sales and any code enforcement or lien history to assess realistic resale or rental potential relative to the 4,269.57 bid.",High
30200-02-26-07080,7.2,Strong Manual Review Candidate,True,Research First,False,"Matched development (Meta Tulsa Data Center at Fair Oaks Innovation Park) has no clear geographic overlap with this parcel; development signal is explicitly Low with no street, corridor, neighborhood, or ZIP match.","The property at 1916 N ELWOOD AV W in Tulsa is a residential improvement (R IMP) with a relatively low bid cost of 4,269.57 and high extraction/data confidence. Address quality and property clarity are strong, and the rule-based system already scores it as a Strong Manual Review Candidate. However, the only cited development is in East Tulsa at Fair Oaks Innovation Park with no clear match to this location, so development-driven upside is uncertain.","ZIP code is unknown; no confirmed overlap with major development activity; surrounding value and crime risk are unknown; owner name is unknown, which may signal title or notification complexities.",Exact ZIP code; detailed neighborhood and surrounding property values; condition and specifics of the residential improvements; confirmation of any liens or encumbrances beyond the tax issue; crime and rental/owner-occupancy context.,"Manually verify parcel location and ZIP, pull county assessor records for structure details and valuation, and review title and lien status to confirm that the low bid cost aligns with manageable legal and physical risks.",High
25650-03-34-12590,7.2,Strong Manual Review Candidate,True,Research First,False,The only cited development (Meta Tulsa Data Center at Fair Oaks Innovation Park) has no clear geographic overlap with this parcel; development signal is explicitly Low with No Clear Match.,"The parcel at 816 N HUDSON AV E in Tulsa is a residential improvement (R IMP) lot with a relatively low bid cost of 4,278.23 and strong data clarity (complete address, clear legal description LT 8 BLK 4, high extraction confidence). Rule-based scoring already classifies it as a Strong Manual Review Candidate, driven by the attractive bid price and solid property clarity. However, the development intelligence does not show a clear match to the major Meta data center project, and the ZIP and surrounding value context are unknown, limiting certainty about upside.",Unknown ZIP code and surrounding value; no confirmed overlap with major development activity; crime risk and neighborhood quality are unknown; owner listed as Unknown may indicate title or notification complexities.,ZIP code; neighborhood and surrounding property values; physical condition of the improvement; occupancy status; title status and any additional liens; zoning details beyond R IMP classification.,"Verify the exact location and ZIP, pull county records for title and lien status, and review recent sales and condition of nearby residential properties on N HUDSON AV E to assess realistic resale or rental value relative to the 4,278.23 bid.",High
37050-03-35-12510,7.2,Strong Manual Review Candidate,True,Research First,False,"Meta Tulsa Data Center at Fair Oaks Innovation Park has no clear street, neighborhood, or ZIP overlap with this parcel, so it does not provide a direct development signal for this property.","The parcel at 6615 E NEWTON PL N in Tulsa is a residential improvement (R IMP) lot with a relatively low bid cost of 4,306.72 and high extraction/data confidence. Address and parcel data are clear, and the rule-based system scores it 6.8 as a Strong Manual Review Candidate. However, the matched Meta data center project has no clear geographic overlap, so broader development momentum in East Tulsa cannot be reliably applied as a value driver here. The unknown ZIP and lack of surrounding value data introduce uncertainty but do not negate the appeal of the low entry cost for a residential improved property.",ZIP code is unknown; no confirmed overlap with major development activity; surrounding value and crime risk are unknown; owner name is unknown; actual condition and occupancy of the residential improvement are not provided.,Exact ZIP code; detailed neighborhood context and surrounding property values; physical condition and occupancy status of the residential improvement; confirmation of utilities and access; any code violations or liens beyond the tax auction status.,"Verify the precise location and ZIP, then pull local assessor and code enforcement records for 6615 E NEWTON PL N to confirm structure type, condition, occupancy, and any liens or violations before considering a bid.",High
34300-03-32-15710,7.2,Strong Manual Review Candidate,True,Research First,False,"Meta Tulsa Data Center at Fair Oaks Innovation Park has no clear street, neighborhood, or ZIP overlap with this parcel, so it does not materially enhance this property’s priority despite being a strong citywide investment signal.","The parcel at 121 N BIRMINGHAM AV E in Tulsa is a residential improvement (R IMP) lot in the City of Tulsa (Reddin Addn) with a relatively low bid cost of 4307.27 and high extraction/data confidence. Address and legal description are clear (LT 18 BLK 6), supporting basic usability and title research. Rule-based scoring already flags it as a Strong Manual Review Candidate, mainly due to low bid and strong property clarity. However, the matched development (Meta data center at Fair Oaks Innovation Park) has no clear geographic overlap, so local development upside is not confirmed. Missing ZIP and any condition or value data introduce uncertainty, but not enough to dismiss the asset at this bid level.",Unknown ZIP and neighborhood context; no information on structure condition or occupancy; no confirmed surrounding value or crime risk; development intelligence does not clearly apply to this location; potential that the residential improvement may be in poor condition or have limited resale/rental demand.,Exact ZIP code; property physical condition and age; interior and exterior photos; lot size and building square footage; current and recent assessed values; neighborhood market comps; code enforcement or demolition orders; utility status and access; any liens or encumbrances beyond tax delinquency.,"Confirm parcel location and ZIP via county GIS, then pull assessor records for building details and assessed value; check city code enforcement and demolition records; review recent sales and rents within the immediate area; and, if still promising, perform a quick exterior drive-by or street-level imagery review to gauge condition and block quality.",High
19650-03-35-06970,7.2,Strong Manual Review Candidate,True,Research First,False,"No clear geographic overlap with the Meta Tulsa Data Center at Fair Oaks Innovation Park; development match strength is explicitly noted as No Clear Match, so broader industrial momentum should not be treated as a direct upside signal for this parcel.","The parcel at 6943 E NEWTON PL N in Tulsa is a residential improvement (R IMP) lot in Huffman Heights with a low bid cost of 4312.23 and high extraction/data confidence. Address and parcel data are clear, supporting efficient follow-up. However, the ZIP code and surrounding value context are unknown, and there is no confirmed overlap with the cited Meta/Fair Oaks development area. Rule-based scoring already flags it as a Strong Manual Review Candidate, driven mainly by low bid and good data quality rather than proven external upside.",Unknown ZIP and neighborhood context; surrounding value signal is Unknown; no clear development overlap or documented local value driver; property condition and occupancy are completely unknown; owner listed as Unknown may indicate title or records complexity.,ZIP code; precise neighborhood and market context; current property condition and use; any code violations or liens beyond tax; recent comparable sales or assessed value trends in Huffman Heights; proximity to employment centers or amenities.,"Confirm exact location and ZIP, then pull county assessor and GIS records for this parcel to verify structure details, assessed value, and any additional liens or code issues, followed by a quick neighborhood and street-level review to assess surrounding property conditions and rental/resale potential.",High
41675-03-35-13900,7.2,Strong Manual Review Candidate,True,Research First,False,Meta Tulsa Data Center at Fair Oaks Innovation Park has no clear geographic overlap with this parcel; development signal is explicitly low despite strong project investment.,"The parcel at 7122 E MARSHALL ST N is a residential improved property (R HS IMP) with a low bid cost of 4,326.35 and high extraction confidence. Address and parcel data are clear, and rule-based scoring (6.8) already flags it as a Strong Manual Review Candidate. However, the matched Meta data center project has no street, neighborhood, or ZIP overlap, so it does not materially raise this parcel’s priority. Surrounding value and crime risk are unknown, and the ZIP code is missing, so the asset’s true marketability and risk profile require further validation.",Unknown ZIP code; no clear supporting development or neighborhood uplift; surrounding value and crime risk are unknown; residential structure condition and occupancy status are not provided; potential mismatch between low bid and unknown physical or legal issues.,Exact ZIP code; neighborhood and surrounding property values; condition and age of improvements; occupancy/tenancy status; any code violations or liens beyond tax; local crime and school context; recent comparable sales or rental data.,"Confirm parcel location and ZIP in county GIS, then pull assessor records and recent sales for Sun Valley Second Addn to estimate land and improvement value; verify structure condition via street-level imagery or drive-by, and check for code enforcement actions or other liens that might explain the low bid.",High
37800-93-02-09760,7.2,Strong Manual Review Candidate,True,Research First,False,"No Clear Match to the Meta Tulsa Data Center / Fair Oaks Innovation Park project; no street, corridor, neighborhood, or ZIP overlap found, so local development upside is not clearly supported.","The parcel at 7111 E 5 PL S in the City of Tulsa has a low bid cost of 4,333.70 and is classified as R HS IMP, indicating a residential property with improvements. Address and parcel data quality are strong and extraction confidence is high, which supports further review. However, the ZIP code is unknown and there is no clear overlap with the cited Meta Tulsa Data Center development, so external development-driven upside is uncertain. Overall, the combination of low entry cost and clear residential use makes it a strong candidate for manual review rather than an immediate high- or low-priority decision.",Unknown ZIP code; no confirmed surrounding value or crime risk data; development signal is low due to lack of clear geographic overlap with the major industrial/data center project; potential limitations from partial lot description (LT 15 W 12 1/2 LT 16 BLK 8) that may affect usability or future disposition.,"Exact ZIP code; current physical condition of improvements; surrounding property values and neighborhood context; zoning details beyond R HS IMP label; any code violations or liens beyond the tax issue; confirmation of proximity, if any, to other public or private investments not identified here.","Verify the precise location and ZIP, pull local assessor and GIS records for structure details and land size, and check neighborhood comparables and code/violation history to confirm that the low bid cost aligns with realistic resale or rental potential.",High
53725-02-01-03030,8.4,Strong Manual Review Candidate,True,Research First,True,"Strong Match to major industrial/data center investment (Meta Tulsa Data Center at Fair Oaks Innovation Park) with High development signal, suggesting positive broader Tulsa-area investment momentum that may support long-term value.","The parcel at 905 E 64 ST N (LT 5 BLK 7, NORTH TURLEY ADDN, property type R IMP) has high data confidence, complete address, and strong property clarity. The bid cost of 4348.07 is low relative to the referenced 40,000 figure, producing a favorable bid price signal. Rule-based scoring classifies it as Good Investment (8.7) with positive surrounding value signal and High development signal tied to a large Meta data center project in the Tulsa area. These factors justify elevating it as a Strong Manual Review Candidate rather than a final Good Investment classification, due to some missing basics like ZIP and unknown owner details.","ZIP code is unknown, limiting precise neighborhood and comp analysis; owner name is unknown, which may signal title or records complexity; crime risk is unknown; the development match is based on broader Tulsa-area token overlap (TULSA) rather than a clearly proximate submarket, so local spillover benefits are uncertain.",Exact ZIP code and more granular neighborhood data; current physical condition of the residential improvement; occupancy status and any structures present; detailed title report including liens or encumbrances; confirmation of proximity and connectivity to the Fair Oaks Innovation Park corridor; local crime and rental/sales market metrics.,"Verify parcel location and ZIP via county GIS, then pull a full title and tax history report; obtain recent street/lot imagery or drive-by photos to assess structure condition and occupancy; confirm zoning and permitted residential uses for LT 5 BLK 7 NORTH TURLEY ADDN; and map the parcel relative to the Fair Oaks Innovation Park and related infrastructure improvements to gauge realistic development spillover.",High
10225-93-02-04460,7.2,Strong Manual Review Candidate,True,Research First,False,"The only cited project is the Meta Tulsa Data Center at Fair Oaks Innovation Park, which has no clear street, neighborhood, or ZIP overlap with this parcel; development signal is therefore low and does not justify a development-based priority bump.","The parcel at 209 S 72 AV E in Tulsa is a residential improved (R IMP) lot in 3RD CRESTVIEW ESTATES with a clear legal description (LT 19 BLK 8) and high extraction confidence. The bid cost of 4357.56 is relatively low for an improved residential property, and rule-based scoring (6.8) already flags it as a Strong Manual Review Candidate. Address and parcel clarity are strong, making it feasible for further research. However, the ZIP code and surrounding value context are unknown, and the only referenced development (Meta data center at Fair Oaks Innovation Park) has no clear locational match, so there is no confirmed external upside from nearby major investment.",Unknown ZIP code and surrounding value context; no clear overlap with the cited Meta data center development; development signal explicitly low; crime risk and neighborhood quality are unknown; owner name listed as Unknown may indicate additional title or notification complexity.,Exact ZIP code; neighborhood and comparable value data; condition of the residential improvements; confirmation of utilities and access; any code enforcement or liens beyond taxes; precise distance and connectivity to major employment or development nodes.,"Manually verify the parcel location and ZIP in county GIS, confirm the nature and condition of the residential improvements, and pull nearby sales/rent comps to assess whether the low bid cost of 4357.56 is supported by local values despite the lack of confirmed development overlap.",High
02400-03-32-00700,7.2,Strong Manual Review Candidate,True,Research First,False,"Meta Tulsa Data Center at Fair Oaks Innovation Park has no clear street, neighborhood, or ZIP overlap with this parcel; development signal is explicitly Low despite high project investment.","The parcel at 516 N BIRMINGHAM AV E has high data confidence, a complete address, and a clear residential improvement (R IMP) designation. The bid cost of 4376.22 is low relative to the indicated 15,000 value, which supports potential value capture and aligns with the rule-based Strong Manual Review Candidate score of 6.8. However, the ZIP is unknown, surrounding value and crime risk are unknown, and there is no clear match to the major Meta data center development, limiting evidence of broader area upside. These factors support manual review rather than a Good Investment classification.","Unknown ZIP code and neighborhood context; surrounding value and crime risk are both unknown; no confirmed development or infrastructure improvements tied directly to this location; owner listed as Unknown may signal title or notification complexities; development intelligence explicitly notes no clear match to the Meta data center area, reducing expected spillover benefits.","Exact ZIP code and neighborhood context; confirmation of current physical condition of the residential improvements; verification of access, utilities, and any code or lien issues beyond tax delinquency; more precise proximity data to major Tulsa investment corridors or projects; any recent sales or value comps in the immediate area.","Manually map the parcel using the legal description and address to confirm neighborhood, ZIP, and proximity to active investment areas, then pull local code, lien, and condition information to validate that the residential improvements are usable and that the low bid cost is not offset by major rehab or legal issues.",High
12875-94-08-06230,7.2,Strong Manual Review Candidate,True,Research First,False,Meta Tulsa Data Center at Fair Oaks Innovation Park has no clear geographic overlap with this parcel; development signal is explicitly Low with No Clear Match.,"The parcel at 11804 E 14 ST S in Tulsa is a residential improvement (R IMP) with a relatively low bid cost of 4,378.60 and high extraction/data confidence. Address and legal description are clear, supporting basic usability. Rule-based scoring (6.8) and category already flag it as a Strong Manual Review Candidate. However, the ZIP is unknown and the cited Meta data center project has no confirmed overlap with this location, so development upside is not clearly supported.",Unknown ZIP and surrounding value; no confirmed development overlap with the Meta data center project; development signal is Low; broader crime and neighborhood quality are unknown.,Exact ZIP code; neighborhood and surrounding property values; physical condition of the residential improvement; occupancy status; any code violations or liens beyond tax; proximity to the Fair Oaks Innovation Park or other growth corridors.,"Verify the precise location and ZIP, then pull local comps and neighborhood data for Elm HurST/City of Tulsa around 11804 E 14 ST S, and check county records for structure details, code issues, and any additional liens to confirm whether the low bid cost aligns with realistic resale or rental potential.",High
79600-84-11-12350,7.2,Strong Manual Review Candidate,True,Research First,False,"The only cited project is the Meta Tulsa Data Center at Fair Oaks Innovation Park, which has no clear street, neighborhood, or ZIP overlap with this Broken Arrow parcel; development signal is explicitly Low.","The parcel at 412 W GALVESTON ST S in Broken Arrow is a residential improvement (R IMP) property with a relatively low bid cost of 4,382.22 and high extraction confidence, making it structurally attractive for further review. Address and parcel data are complete and clear, and the rule-based system already scores it as a Strong Manual Review Candidate. However, the ZIP is unknown, surrounding value and crime risk are unknown, and there is no confirmed development linkage to the cited Meta data center project, so upside from broader investment momentum cannot be assumed.","Unknown ZIP code; no quantified surrounding value or crime risk; no clear development overlap with the cited Meta data center project; limited detail on the nature and condition of the residential improvements; owner listed as Unknown, which may complicate title or occupancy assessment.","Exact ZIP code; property condition and current use; structure details (size, age, configuration); surrounding property values and market rents; local crime and nuisance context; any liens or encumbrances beyond the tax issue; proximity in miles to the Fair Oaks Innovation Park and other employment centers.","Confirm the precise location and ZIP of 412 W GALVESTON ST S, then pull parcel and building details from county records (improvement characteristics, year built, square footage, occupancy) and check for additional liens or code issues to validate whether the low bid cost aligns with realistic resale or rental potential.",High
29675-03-07-10040,6.8,Strong Manual Review Candidate,True,Research First,False,Meta Tulsa Data Center at Fair Oaks Innovation Park has no clear geographic overlap with this parcel; development signal is explicitly low despite high project investment.,"The parcel at 4823 N XANTHUS AV E is a residential improved property with a low bid cost of 4,393.48 and high data confidence, including a complete address and clear legal description (LT 11 BLK 26, NORTHRIDGE SECOND ADDN AMD). Rule-based scoring (6.8) and signals classify it as a Strong Manual Review Candidate. However, ZIP and surrounding value indicators are unknown, and the only cited development project has no clear match to this location, limiting evidence of broader value uplift.",Unknown ZIP code; no confirmed surrounding value data; development upside not clearly supported due to lack of overlap with the Meta data center area; neighborhood quality and crime risk are unknown; reliance on auction data only.,Exact ZIP code; neighborhood and crime context; recent comparable sales or assessed values; property condition details; confirmation of utilities and occupancy status.,"Verify the precise location and ZIP, then pull neighborhood comps and tax/assessment history for similar residential improved lots in the NORTHRIDGE SECOND ADDN area to gauge value relative to the 4,393.48 bid before proceeding.",High
25200-03-35-07780,7.2,Strong Manual Review Candidate,True,Research First,False,"Meta Tulsa Data Center at Fair Oaks Innovation Park has no clear street, neighborhood, or ZIP overlap with this parcel; current development signal is Low despite strong project investment overall.","The parcel at 6780 E INDEPENDENCE is a residential improved property (R HS IMP) with a low bid cost of 4,404.05 and high extraction/data confidence. Address and legal description are clear enough for follow-up, and rule-based scoring (6.8) already flags it as a Strong Manual Review Candidate. However, ZIP and city are unknown, surrounding value and crime risk are unknown, and there is no confirmed overlap with the cited Meta/Fair Oaks development, so it cannot be treated as a Good Investment from this data alone.",Unknown ZIP and city; no quantified surrounding value data; crime risk unknown; development upside not clearly supported due to lack of geographic overlap with Fair Oaks Innovation Park; only auction valuation signal is the low bid cost without corroborating market context.,"Exact ZIP code and city within Tulsa County; confirmation of neighborhood characteristics and surrounding property values; verification of structure condition and occupancy for this R HS IMP parcel; precise distance and connectivity to the Fair Oaks Innovation Park area; any code enforcement, liens, or title complications beyond tax status.","Confirm the full situs details (city and ZIP) for 6780 E INDEPENDENCE, then map the parcel relative to known Tulsa neighborhoods and to Fair Oaks Innovation Park to assess true locational quality and any realistic spillover from the Meta data center investment.",High
37800-93-02-09990,7.2,Strong Manual Review Candidate,True,Research First,False,Meta Tulsa Data Center at Fair Oaks Innovation Park has no clear geographic overlap with this parcel; development signal is explicitly Low despite high-level industrial momentum in East Tulsa.,"The parcel at 7107 E 6 ST S in Tulsa is a residential improved (R IMP) lot in the City of Tulsa, with a relatively low bid cost of 4406.22 and high extraction/data confidence. Address and legal description are clear (LT 14 BLK 9, Sheridan Hills), supporting basic usability and making it a viable candidate for further review. However, the matched development (Meta data center at Fair Oaks Innovation Park) has no street, corridor, neighborhood, or ZIP overlap, so it does not substantively raise this parcel’s priority beyond general market sentiment. Overall risk/uncertainty is moderate due to unknown ZIP and lack of surrounding value/crime data, but the low entry cost and clear residential nature justify manual review.","ZIP code is unknown; no quantified surrounding value or crime risk estimates; no clear development overlap to support appreciation assumptions; owner listed as Unknown may indicate title or notification complexities; development signal is Low, so external upside is uncertain.",Exact ZIP code; detailed neighborhood and surrounding property values; condition of the residential improvements; occupancy status; title status and any additional liens beyond the tax obligation; local crime and code enforcement history.,"Confirm exact ZIP and neighborhood context for 7107 E 6 ST S, pull county assessor records for structure details and valuation, and run a title and lien check to understand encumbrances and verify that the residential improvements are usable.",High
25225-03-35-09460,7.2,Strong Manual Review Candidate,True,Research First,False,"Meta Tulsa Data Center at Fair Oaks Innovation Park has no clear geographic match to this parcel; no street, corridor, neighborhood, or ZIP overlap was identified, so development upside cannot be reliably linked.","The parcel at 7849 E KING PL N in Tulsa is a residential improvement (R IMP) lot in Maplewood Third Addition with a low bid cost of 4,414.22 and high extraction confidence. Address and parcel data are clear, and rule-based scoring (6.8) already flags it as a strong manual review candidate. However, the matched Meta data center project has no clear locational overlap, and the ZIP code and surrounding value context are unknown, limiting certainty about upside.",Unknown ZIP code and surrounding value; no confirmed development overlap; crime risk and neighborhood quality are unknown; only basic legal description (LT 9 BLK 1) with no further property condition details.,ZIP code; detailed neighborhood and surrounding value data; property condition and occupancy status; exact proximity to major employment or infrastructure; crime and school context.,"Verify the exact location and ZIP in county GIS, confirm current structures and condition on the R IMP parcel via GIS and street-level imagery, and check recent comparable sales or assessed values in Maplewood Third Addition to gauge whether the 4,414.22 bid is discounted relative to local norms.",High
41650-03-35-13120,6.8,Strong Manual Review Candidate,True,Research First,False,Meta Tulsa Data Center at Fair Oaks Innovation Park has no clear geographic overlap with this parcel; development match is explicitly marked as No Clear Match and development signal is Low.,"The parcel at 6923 E MARSHALL PL N in Tulsa is a residential improved (R IMP) lot in the City of Tulsa, Sun Valley Addition, with a relatively low bid cost of 4414.22 and high extraction confidence. Address and legal description are clear (LT 17 BLK 2), and rule-based scoring (6.8) already categorizes it as a Strong Manual Review Candidate. However, the ZIP is unknown, surrounding value and crime risk are unknown, and there is no confirmed overlap with the cited Meta data center development, so upside from nearby investment is not clearly supported.",Unknown ZIP code; surrounding value signal unknown; crime risk estimate unknown; no clear development overlap to support appreciation; owner name listed as Unknown may complicate title research.,Exact ZIP code; confirmation of neighborhood and surrounding property values; crime and nuisance profile; physical condition of improvements; occupancy status; any liens or code violations beyond the tax delinquency.,"Verify exact parcel location and ZIP in county GIS, pull nearby sales and assessed values for Sun Valley Addition, and obtain a title and lien check to confirm encumbrances and owner of record before considering a bid.",High
42675-93-02-14170,7.2,Strong Manual Review Candidate,True,Research First,False,"Meta Tulsa Data Center at Fair Oaks Innovation Park has no clear street, neighborhood, or ZIP overlap with this parcel; development signal is explicitly Low despite high-level industrial momentum in East Tulsa.","The parcel at 7447 E 1 ST S in Tulsa is a residential improved property (R HS IMP) with a relatively low bid cost of 4,426.92 and high extraction confidence, indicating usable address and parcel data. Rule-based scoring (6.8) and categorization already flag it as a Strong Manual Review Candidate. However, the development intelligence only provides a No Clear Match to the Meta data center project, so there is no verified direct development tailwind. ZIP and surrounding value data are unknown, so upside is possible but unquantified.",Unknown ZIP and surrounding value; no confirmed development overlap with the Meta data center project; crime risk and neighborhood quality are unknown; lack of owner name clarity; development upside not clearly supported by the provided intelligence.,Exact ZIP code; neighborhood and surrounding property values; crime and livability context; condition of the residential improvements; confirmation of utilities and access; any code enforcement or zoning issues.,"Manually verify the exact location and ZIP, inspect county records for property condition and any liens or code issues, and review neighborhood sales/rent levels to determine whether the low bid cost of 4,426.92 aligns with realistic resale or rental potential.",High
97424-74-24-21620,8.5,Strong Manual Review Candidate,True,Research First,True,"High-strength, strong-match signal to the Meta Tulsa Data Center at Fair Oaks Innovation Park, a more than $1 billion data center project with over $25 million in local infrastructure improvements, indicating positive surrounding value and potential spillover benefits.","The parcel has high data confidence, a complete address, and a clear legal description for 8.07 acres in Tulsa County classified as R HS IMP, suggesting an improved residential holding. The bid cost of 4463.58 is low relative to the indicated value context (351,529 in source text) and the Rule-Based Score of 8.7 categorizes it as a Good Investment. Development intelligence shows a high-confidence, strong match to the Meta Tulsa Data Center at Fair Oaks Innovation Park with high investment signal strength, implying enhanced infrastructure and area momentum. The only notable data gap is the missing ZIP code, but overall clarity and strong development linkage justify elevating this as a strong manual review candidate rather than a final Good Investment classification at this stage.","ZIP code is unknown, limiting precise locational analysis; crime risk is unknown; actual zoning details and permitted uses beyond the R HS IMP label are not provided; physical condition, access, and any encumbrances or easements are unknown; proximity to large-scale industrial/data center uses may create future compatibility or nuisance considerations depending on exact siting.","Exact ZIP code and geolocation; detailed zoning and land-use entitlements; current structures and physical condition; access and utility status; any liens, easements, or environmental constraints; confirmation of precise distance and orientation relative to the Meta Tulsa Data Center and Fair Oaks Innovation Park infrastructure improvements.","Obtain parcel map and GIS location for 97424-74-24-21620 to confirm exact siting relative to Fair Oaks Innovation Park and the Meta data center, then pull zoning/land-use records and any available assessor data on existing improvements and access/utilities to validate that the low bid cost aligns with usable, marketable land and improvements.",High
11225-02-24-03490,7.2,Strong Manual Review Candidate,True,Research First,False,The only cited development (Meta Tulsa Data Center at Fair Oaks Innovation Park) has no clear geographic overlap with this parcel; development signal is explicitly Low despite strong citywide industrial momentum.,"The parcel at 643 E MOHAWK BV N is a residential improvement (R IMP) lot with a low bid cost of 4,481.55 and high data confidence, including a complete address and clear legal description (LT 14 BLK 11, CITY OF TULSA, DEVONSHIRE PLACE RESUB). Rule-based scoring already flags it as a Strong Manual Review Candidate. However, the ZIP is unknown, surrounding value is unknown, and there is no clear match to the major Meta/Fair Oaks development, so upside from nearby large-scale investment is not supported by the provided data. These factors support manual review rather than immediate classification as a good or bad investment.",Unknown ZIP and surrounding value; no confirmed proximity to major development; crime risk estimate unknown; condition of the residential improvement is not provided; potential neighborhood or market softness cannot be evaluated from current data.,Exact ZIP code; on-the-ground condition of the residential improvement; recent comparable sales or assessed value in Devonshire Place area; neighborhood crime and vacancy context; any code violations or liens beyond tax status.,"Confirm the exact ZIP and map the parcel within Tulsa to evaluate neighborhood context, then obtain recent sales or valuation data for similar properties in Devonshire Place and inspect or verify the condition and occupancy status of the existing improvement.",High
34600-93-25-02050,7.2,Strong Manual Review Candidate,True,Research First,False,"The only cited development is the Meta Tulsa Data Center at Fair Oaks Innovation Park, which has no clear street, neighborhood, or ZIP overlap with this parcel; development signal is explicitly Low.","The property is a residential house improvement (R HS IMP) in the City of Tulsa, located in Regency Park West, with a clear legal description (LT 56 BK 2) and complete address. The bid cost of 4491.48 is relatively low for an improved residential parcel, aligning with the rule-based Strong Manual Review Candidate score of 6.8. Data confidence is High and property clarity is Strong, supporting further review. However, the ZIP is unknown, surrounding value and crime risk are unknown, and the only referenced development project has no clear geographic overlap, so broader value and upside cannot be confirmed from the provided data alone.","Unknown ZIP code; no surrounding value data; crime risk estimate unknown; development upside not clearly supported by the cited Meta data center project; owner name listed as Unknown, which may indicate title or notification complexities.",Exact ZIP code; recent market value or comparables for Regency Park West; condition of the residential improvement; confirmation of occupancy status; any liens or additional encumbrances beyond the tax delinquency; neighborhood crime and amenity context.,"Verify the precise ZIP and map the parcel within Regency Park West, then pull recent sales and assessed values for similar R HS IMP parcels nearby to gauge potential equity relative to the 4491.48 bid, and check county records for additional liens or title complications associated with parcel 34600-93-25-02050.",High
37775-93-03-07050,6.2,Strong Manual Review Candidate,True,Research First,False,"The only cited development is the Meta Tulsa Data Center at Fair Oaks Innovation Park, which has no clear street, corridor, neighborhood, or ZIP overlap with this parcel; development signal is explicitly Low.","Parcel 37775-93-03-07050 at 6126 E 3 ST S in Tulsa is a residential improvement (R IMP) lot in Sheridan Heights Addition, City of Tulsa, with a bid cost of 4,503.56. Address and parcel data are clear and extraction confidence is High, supporting usability. Rule-based scoring (6.2) and category already flag it as a Strong Manual Review Candidate. However, ZIP is unknown and surrounding value and crime risk are unknown, so upside cannot be confirmed. The referenced Meta data center project in East Tulsa has no clear match to this parcel, so it does not materially enhance priority.",Unknown ZIP and neighborhood context; no quantified surrounding value or crime risk; development upside not clearly supported by the cited Meta/Fair Oaks project; physical condition and occupancy of the residential improvement are unknown.,Exact ZIP code; neighborhood and market context; current structure condition and habitability; occupancy status; any code violations or liens beyond the tax issue; comparable property values in Sheridan Heights Addition.,"Confirm the parcel’s ZIP and map the exact location within Sheridan Heights Addition, then obtain recent imagery or an on-site drive-by report to assess structure condition and neighborhood quality before bidding.",High
53450-02-01-01960,8.0,Strong Manual Review Candidate,True,Research First,True,"Strong Match to Meta Tulsa Data Center at Fair Oaks Innovation Park with high investment signal strength and positive surrounding value signal, indicating potential uplift from major industrial/data center development momentum and related infrastructure improvements.","The parcel at 5602 N PEORIA AV E (Parcel 53450-02-01-01960) has a low bid cost of 4526.74 against an indicated 22,500 value, with high extraction confidence and a clear commercial improvement (C IMP) designation. Address quality and property clarity are strong, and rule-based scoring (8.0) categorizes it as a Strong Manual Review Candidate. Development intelligence shows a High-strength signal and Strong Match to the Meta Tulsa Data Center at Fair Oaks Innovation Park, with more than $1B in planned investment and over $25M in local infrastructure improvements, supporting a positive surrounding value signal. These factors justify elevated priority for manual review despite some missing location details.","ZIP code and city are unknown, limiting precise location and comp analysis; only basic legal description (TRACT 1 TULSA COUNTY | KRUGER TRACTS) is provided; property type is only labeled C IMP without detail on condition, size, or specific commercial use; crime risk is unknown; ownership listed as Unknown may indicate potential title or notification complexities.","Exact city and ZIP code; detailed site characteristics (lot size, building size, age, condition, current use); zoning classification and any use restrictions; confirmation of proximity and access to infrastructure improvements associated with the Meta data center project; tax status details beyond bid amount (other liens, special assessments); verification of current owner of record and any occupancy or environmental issues.","Confirm precise location and zoning via Tulsa County records using the parcel ID, then pull assessor data for building and land characteristics and map the parcel relative to the Fair Oaks Innovation Park and Meta data center infrastructure improvements to validate that the development spillover and access justify the bid and potential upside.",High
00575-93-06-00950,6.2,Strong Manual Review Candidate,True,Research First,False,"Meta Tulsa Data Center at Fair Oaks Innovation Park has no clear street, neighborhood, or ZIP overlap with this parcel, so local development upside is not supported by the provided data.","The parcel at 401 S VICTOR AV E in Tulsa is a residential improvement (R IMP) with a relatively low bid cost of 4,526.88 and high extraction confidence, making it operationally clear for further review. Address and legal description are usable, but the ZIP is unknown and there is no confirmed overlap with the cited Meta data center development. Rule-based scoring (6.2) already flags it as a Strong Manual Review Candidate, primarily on bid level and data clarity rather than proven surrounding value or development momentum.",Unknown ZIP and surrounding value; no clear development overlap with the Meta data center project; limited context on property condition or neighborhood; upside is not supported by explicit crime or value data.,Exact ZIP code and neighborhood context; any information on current structure condition or occupancy; comparable values or tax assessments; confirmation of proximity to any active public or private investment corridors.,Verify the precise location (including ZIP and neighborhood) and obtain basic condition and occupancy information to assess whether the low bid cost aligns with local residential values and risk profile.,High
49800-03-34-14990,6.2,Strong Manual Review Candidate,True,Research First,False,"Meta Tulsa Data Center at Fair Oaks Innovation Park has no clear street, neighborhood, or ZIP overlap with this parcel, so current development intelligence does not materially enhance this property’s priority.","The parcel at 1241 N ALLEGHENY AVE in the City of Tulsa has a clear address, high extraction confidence, and is classified as R IMP (residential improvement), indicating a likely usable structure. The bid cost of 4540.87 is relatively modest for an improved residential parcel, aligning with the rule-based score of 6.2 and Strong Manual Review Candidate category. However, the ZIP is unknown, surrounding value and crime risk are unknown, and there is no clear development overlap with the cited Meta data center project, so upside from nearby investment is not supported by the provided data.",Unknown ZIP and neighborhood context; no surrounding value data; crime risk estimate unknown; no confirmed benefit from major nearby development; property condition and occupancy status are not provided; only a short legal description (LT 11 BLK 2 YALE TERRACE ADDN) without further land-use or zoning detail.,Exact ZIP code; neighborhood and comparable value context; property condition (interior/exterior); occupancy status; any code violations or liens beyond the tax issue; zoning details and allowed uses; confirmation of lot size and building size; proximity to employment centers or amenities.,"Verify the exact location and ZIP for 1241 N ALLEGHENY AVE within the Yale Terrace Addition, then pull local comps, zoning and code records, and any available photos or inspection data to assess structure condition and neighborhood risk before bidding.",High
60513-73-08-70260,6.2,Strong Manual Review Candidate,True,Research First,False,"The only cited development is the Meta Tulsa Data Center at Fair Oaks Innovation Park, which has no clear street, neighborhood, or ZIP overlap with this Jenks residential parcel; development signal is explicitly Low.","The parcel is a residential lot (LOT 62 BLOCK 3, Torrey Lakes, City of Jenks) with high extraction confidence, complete address, and a moderate bid cost of 4548.16, which supports potential value relative to clarity of the asset. Rule-based scoring (6.2) and category already classify it as a Strong Manual Review Candidate. However, ZIP and surrounding value are unknown, and the only referenced development project has no clear geographic match, so broader upside from nearby investment cannot be confirmed.","Unknown ZIP and surrounding value; no confirmed overlap with major development activity; crime risk unknown; limited detail on lot size, utilities, and buildability; owner listed as Unknown, which may complicate title or redemption review.","Exact ZIP code; lot dimensions and acreage; current land use and improvements, if any; utility access and road frontage details; HOA or subdivision restrictions in Torrey Lakes; recent comparable sales in the subdivision or nearby Jenks area; any code violations or liens beyond the tax issue.","Verify parcel details with county records (including ZIP, lot size, and subdivision plat for Torrey Lakes), pull recent comparable sales within the same subdivision, and confirm title status and any additional liens or HOA obligations to assess whether the 4548.16 bid aligns with realistic resale or hold value.",High
07410-94-07-23780,6.2,Strong Manual Review Candidate,True,Research First,False,"The only cited project is the Meta Tulsa Data Center at Fair Oaks Innovation Park, which has a high investment signal but no clear geographic or corridor overlap with this parcel; development match strength is explicitly noted as No Clear Match, so it should not be treated as a direct upside driver.","The parcel at 1525 S 112 AV E in Tulsa is a residential improved (R IMP) lot with a clear legal description (LT 9 BLK 6) and high extraction confidence. The bid cost of 4,554.87 is relatively modest for an improved residential property, and address quality and property clarity are both strong. Rule-based scoring already categorizes it as a Strong Manual Review Candidate, mainly due to usable data and manageable bid size. However, the ZIP code and surrounding value indicators are unknown, and the only referenced major development (Meta data center at Fair Oaks Innovation Park) has no clear match to this location, so broader value uplift from that project cannot be assumed.",Unknown ZIP code and surrounding value context; no clear overlap with the cited Meta/Fair Oaks development; crime risk and neighborhood quality are unknown; ownership details are limited (owner name unknown); lack of explicit land size or structure details beyond R IMP classification.,"Exact ZIP code; neighborhood and surrounding property values; detailed structure information (size, condition, year built, occupancy); confirmation of utilities and access; any liens or encumbrances beyond tax status; proximity to the Fair Oaks Innovation Park or other employment centers.","Verify the precise location and ZIP code, pull county assessor records for structure details and market value, and review recent comparable sales or rents in the immediate area to determine whether the 4,554.87 bid aligns with local residential improved property values.",High
90212-02-12-25800,6.2,Strong Manual Review Candidate,True,Research First,False,The only cited development (Meta Tulsa Data Center at Fair Oaks Innovation Park) has no clear geographic overlap with this parcel; development signal is explicitly Low despite high-level industrial momentum in East Tulsa.,"The parcel at 1130 E 50 PL N in Tulsa is a residential improvement (R IMP) on approximately 0.98 acres with a relatively low bid cost of 4,580.87 and high extraction/data confidence. Address and legal description are clear enough for follow-up research. Rule-based scoring (6.2) already classifies it as a Strong Manual Review Candidate. However, the ZIP code and surrounding value indicators are unknown, and there is no confirmed overlap with the major Meta/Fair Oaks development, so upside from nearby investment is not clearly supported.",Unknown ZIP and surrounding value; no crime or neighborhood quality data; no confirmation of structure condition or occupancy despite R IMP classification; development intelligence does not clearly apply to this location; potential that the low bid reflects local market weakness or property-specific issues.,Exact ZIP code; neighborhood and surrounding property values; physical condition and type of the residential improvement; current or recent market value; any code violations or liens beyond tax status; proximity to employment centers or amenities; crime and school quality indicators.,"Verify the parcel’s exact location and ZIP in county GIS, pull recent sales and assessed value for this parcel and nearby properties, and confirm the existence, type, and condition of the residential improvement via street-level imagery or an on-site drive-by before assigning a final investment rating.",High
22100-92-28-02330,6.2,Strong Manual Review Candidate,True,Research First,False,"The only cited development is the Meta Tulsa Data Center at Fair Oaks Innovation Park, which has no clear street, neighborhood, or ZIP overlap with this parcel; development signal is explicitly Low.","The property is a residential improvement (R IMP) lot in the City of Tulsa (Laurel Heights Addition) with a complete street address, clear parcel ID, and simple legal description (LT-9-BLK-1). The bid cost of 4589.54 is modest, and rule-based scoring already classifies it as a Strong Manual Review Candidate with high data confidence. However, the ZIP code and surrounding value indicators are unknown, and the matched development project in East Tulsa has no clear geographic overlap, so broader upside from that investment cannot be assumed.","Unknown ZIP code and surrounding value; no confirmed development or infrastructure improvements tied to this specific area; crime risk and neighborhood quality are unknown; owner listed as Unknown; development intelligence explicitly notes no clear match to the major Meta/Fair Oaks project, limiting evidence of external upside.",Exact ZIP code; neighborhood and market comps for Laurel Heights Addition; current property condition and occupancy; zoning details beyond R IMP classification; confirmation of utilities and access; any code violations or liens beyond the tax issue; local crime and school quality indicators.,"Verify the precise location and ZIP for 4109 S 41 AV W in Laurel Heights Addition, then pull recent sales and rental comps for similar residential improvements in that immediate area, along with a quick check of zoning, utilities, and any city code or nuisance records to confirm the parcel’s usability and realistic exit value relative to the 4589.54 bid.",High
44325-03-36-03990,6.2,Strong Manual Review Candidate,True,Research First,False,Meta Tulsa Data Center at Fair Oaks Innovation Park has no clear geographic overlap with this parcel; development signal is explicitly Low despite high-profile investment elsewhere in East Tulsa.,"The property is a residential improved parcel (R HS IMP) at 9415 E NEWTON ST N in Tulsa with a relatively low bid cost of 4,649.22 and a clear legal description (LOT 25 BLK 5, VAN ACRES ADDN AMD, CITY OF TULSA). Address quality and property clarity are strong, and data confidence is high, which supports further review. However, the ZIP is unknown, surrounding value and crime risk are unknown, and there is no clear match to the cited Meta/Fair Oaks development, so upside from nearby investment is not established.",Unknown ZIP and neighborhood context; surrounding value and crime risk are unknown; no confirmed benefit from major nearby development; owner listed as Unknown may complicate title or notification; development signal is Low despite a large regional project.,Exact ZIP code; neighborhood and school context; surrounding property values and land use; crime and nuisance indicators; condition of improvements; confirmation of distance and connectivity to Fair Oaks Innovation Park and related infrastructure upgrades.,"Verify the precise location and ZIP of 9415 E NEWTON ST N, confirm current land use and structure condition for LOT 25 BLK 5 VAN ACRES ADDN AMD, and pull recent comparable sales or assessed values in the immediate area to gauge whether the 4,649.22 bid is favorable relative to local residential values.",High
25150-03-34-10030,6.2,Strong Manual Review Candidate,True,Research First,False,Meta Tulsa Data Center at Fair Oaks Innovation Park has no clear geographic overlap with this parcel; development signal is explicitly Low despite high-level industrial momentum in East Tulsa.,"The property at 1059 N IRVINGTON AV E is a residential improved (R HS IMP) lot in the City of Tulsa, with a clear parcel ID, full address, and simple legal description (LT 8 BLK 22 MAPLEWOOD EXTENDED ADDN). The bid cost of 4,655.65 is relatively modest for an improved residential parcel, and rule-based scoring (6.2) already categorizes it as a Strong Manual Review Candidate. Data confidence is High and property clarity is Strong, but the ZIP and surrounding value context are unknown, and there is no confirmed overlap with the cited Meta/Fair Oaks development area.",Unknown ZIP and neighborhood context; surrounding value signal is Unknown; no clear development overlap to support appreciation thesis; crime risk estimate Unknown; owner listed as Unknown may complicate title research and redemption risk assessment.,Exact ZIP code; neighborhood and school context; recent comparable values or assessed value; structure details and condition for the residential improvement; zoning specifics beyond R HS IMP label; confirmation of any code violations or liens beyond taxes; precise distance from major employment or development nodes.,"Verify parcel details with Tulsa County records (including ZIP, zoning, assessed value, and any additional liens), then pull neighborhood-level sales and rent data around 1059 N IRVINGTON AV E to assess value versus the 4,655.65 bid and determine whether the improved residential structure has meaningful salvage or rental value.",High
09000-92-27-06570,6.2,Strong Manual Review Candidate,True,Research First,False,No clear geographic overlap between the subject property and the Meta Tulsa Data Center at Fair Oaks Innovation Park; development signal is explicitly rated Low.,"The parcel at 2111 W 41 PL S in the City of Tulsa is a residential improvement (R IMP) lot in the Clinton Home Addition with a relatively low bid cost of 4,666.86 and high extraction/data confidence. Address and legal description are clear (LT 10 BLK 1, CITY OF TULSA, CLINTON HOME ADDN), supporting basic usability and making it a viable candidate for deeper review. However, the development intelligence shows no clear match to the major Meta data center investment area, and surrounding value and crime risk are unknown, so upside is not clearly supported by external signals.","ZIP code is unknown; no confirmed development or infrastructure overlap with the Meta data center project; surrounding value and crime risk are unknown; property condition, occupancy status, and any code or lien issues are not provided.","Exact ZIP code; neighborhood and surrounding property values; physical condition of the residential improvement; occupancy/tenant status; any additional liens, code violations, or demolition orders; current market value or assessed value beyond the auction bid figure.","Verify parcel details with Tulsa County records (including ZIP, assessed value, and any liens), then perform a street-level and aerial review of 2111 W 41 PL S to assess structure condition and neighborhood context before determining maximum bid or walk-away price.",High
46825-03-33-18040,6.2,Strong Manual Review Candidate,True,Research First,False,Meta Tulsa Data Center at Fair Oaks Innovation Park has no clear geographic overlap with this parcel; development signal is explicitly Low and match strength is No Clear Match.,"The parcel at 1312 N SANDUSKY AV E in Tulsa has high data confidence, a complete address, and a clear residential improvement (R IMP) classification. The bid cost of 4668.86 is relatively low for an improved residential property, which supports potential value relative to entry price. Rule-based scoring (6.2) already categorizes it as a Strong Manual Review Candidate. However, the ZIP is unknown, surrounding value and crime risk are unknown, and the only cited development (Meta data center at Fair Oaks Innovation Park) has no direct match to this location, so development-driven upside is not supported by the provided data.",Unknown ZIP code; no surrounding value data; crime risk estimate unknown; no clear overlap with major cited development; owner listed as Unknown may complicate title or notification; limited property detail beyond R IMP and lot/block description.,"Exact ZIP code; neighborhood context and surrounding property values; structure details (size, condition, year built, occupancy); zoning specifics beyond R IMP label; any code violations or liens beyond tax status; crime and school context; proximity to employment centers or corridors.","Confirm parcel location and ZIP in county GIS, then pull assessor and code-enforcement records to verify structure details, condition, and any liens or violations before considering a bid at or above the 4668.86 level.",High
43800-93-04-19370,6.2,Strong Manual Review Candidate,True,Research First,False,"The only cited project is the Meta Tulsa Data Center at Fair Oaks Innovation Park, which has no clear street, corridor, neighborhood, or ZIP overlap with this parcel; development signal is explicitly Low.","The parcel at 420 S QUEBEC AV E in the City of Tulsa is a residential improvement (R IMP) lot in the UNIVERSITY PLACE addition with a relatively low bid cost of 4,670.86 and high extraction/data confidence. Address and legal description (LT 5 BLK 2 CITY OF TULSA | UNIVERSITY PLACE) are clear, supporting potential usability and making it suitable for deeper manual review. However, the ZIP code and surrounding value context are unknown, and the only referenced major investment (Meta data center in East Tulsa) has no clear geographic overlap, so broader development upside cannot be assumed.",Unknown ZIP and surrounding value; no confirmed overlap with major development activity; crime risk and neighborhood quality are unknown; owner listed as Unknown may complicate title research; development signal is Low despite strong industrial investment elsewhere in Tulsa.,Exact ZIP code; neighborhood and surrounding property values; structure condition and occupancy status; detailed title history and liens; local crime and code enforcement records; proximity to employment centers and amenities beyond the provided data.,"Verify the precise location and ZIP for 420 S QUEBEC AV E, pull county assessor records for structure details and valuation, and run a title and lien search to confirm encumbrances before prioritizing this parcel further.",High
36150-93-04-13930,6.2,Strong Manual Review Candidate,True,Research First,False,"Meta Tulsa Data Center at Fair Oaks Innovation Park shows strong citywide industrial momentum but has no clear street, neighborhood, or ZIP overlap with this parcel, so it should not be treated as a direct development catalyst.","The parcel at 220 S URBANA AV E in Tulsa is a residential improvement (R IMP) lot in the City of Tulsa with a bid cost of 4,698.86 and high extraction/data confidence. Address and parcel data are clear, and the rule-based system scores it 6.2 as a Strong Manual Review Candidate. However, the matched development (Meta data center at Fair Oaks Innovation Park) has no clear geographic overlap, so local development upside remains unproven. The unknown ZIP and lack of surrounding value/crime data introduce uncertainty, but the relatively modest bid and clear property type justify deeper manual review.","ZIP code unknown; no confirmed overlap with major development activity; surrounding value and crime risk are unknown; only basic legal description (LT 153 BK 2 RODGERS HGTS SUB) is available; current physical condition, occupancy, and code/ lien status are not provided.",Exact ZIP code; neighborhood and school context; current structure condition and habitability; occupancy status; any municipal liens or code violations; recent comparable sales or assessed value; flood or other environmental risk indicators.,"Verify the parcel’s ZIP and map the exact location within Tulsa, then pull county assessor and code-enforcement records to confirm structure type, condition, assessed value, and any liens or violations before considering a bid at approximately 4,698.86.",High
78810-84-11-09060,6.2,Strong Manual Review Candidate,True,Research First,False,The only cited development (Meta Tulsa Data Center at Fair Oaks Innovation Park) has no clear geographic overlap with this Broken Arrow parcel; development signal is explicitly Low.,"The parcel at 416 E COLLEGE ST N in Broken Arrow is classified as R HS IMP, indicating a residential improved property, with a clear legal description and high extraction confidence. The bid cost of 4,710.03 is modest for an improved residential lot, and rule-based scoring (6.2) already flags it as a Strong Manual Review Candidate. However, the matched development project in East Tulsa has no street, neighborhood, or ZIP overlap, so it does not materially raise this parcel’s priority beyond the intrinsic value of an improved residential asset at a relatively low entry cost.","ZIP code is unknown, limiting precise location and comp context; no confirmed surrounding value or crime data; development upside is not clearly supported by the cited industrial/data center project; owner name is unknown; fair market value or condition of improvements is not provided, creating uncertainty about rehab or demolition costs.","Exact ZIP code; detailed location context within Broken Arrow (neighborhood, nearby corridors); current structure condition and occupancy; any code violations or liens beyond the tax issue; recent market value or comparable sales; utility status and access; zoning specifics beyond the R HS IMP label.","Verify the exact parcel location and ZIP in county records, then pull recent sales and assessed value for similar residential improved parcels in the same Broken Arrow area; confirm structure condition and any code enforcement history to estimate rehab or teardown costs before bidding.",High
25050-03-34-03580,6.2,Strong Manual Review Candidate,True,Research First,False,"The only cited project (Meta Tulsa Data Center at Fair Oaks Innovation Park) has no clear geographic or neighborhood overlap with this parcel, so it does not currently enhance this property’s priority.","The parcel at 1455 N KINGSTON PL E in Tulsa is a residential improvement (R IMP) lot in the Maplewood Addition with a relatively low bid cost of 4,724.19 and high extraction confidence. Address and parcel data are clear, supporting further investigation. However, there is no confirmed development overlap and surrounding value and crime risk are unknown, so the property cannot be elevated beyond a strong candidate for manual review.",ZIP code is unknown; no clear evidence of nearby public or private investment; surrounding value and crime risk are unknown; development signal is low due to lack of overlap with the cited Meta data center project.,Exact ZIP code; current property condition and occupancy; detailed neighborhood characteristics and surrounding property values; confirmation of utilities and access; any liens or encumbrances beyond the tax auction context.,"Verify the exact location and ZIP, pull local comps and neighborhood data for Maplewood Addition, and obtain on-the-ground or street-level condition checks to assess structure quality and rental/resale potential relative to the 4,724.19 bid.",High
27775-03-36-02215,6.2,Strong Manual Review Candidate,True,Research First,False,"The only cited project is the Meta Tulsa Data Center at Fair Oaks Innovation Park, which has no clear street, neighborhood, or ZIP overlap with this parcel; development signal is explicitly Low.","The parcel at 501 N 89 AV E in Tulsa is a residential improvement (R IMP) lot in Mingo Valley Sub No 1 with a clear legal description (LT 4 BLK 7) and high extraction confidence. The bid cost of 4,728.19 is moderate against the referenced value of 39,150, suggesting potential margin if the structure is usable. Rule-based scoring (6.2) and category already flag it as a Strong Manual Review Candidate, supported by complete address data and strong property clarity. However, the ZIP is unknown and there is no confirmed overlap with the major Meta/Fair Oaks development, so broader appreciation from that project is uncertain.","Unknown ZIP code and lack of surrounding value data; no clear development overlap with the Meta/Fair Oaks project; crime risk and neighborhood quality are unknown; actual condition of the residential improvement is not provided, which could materially affect value relative to the 4,728.19 bid.","Exact ZIP code; current physical condition of the residential improvement; detailed neighborhood and surrounding value context; confirmation of any local infrastructure or private investment directly affecting Mingo Valley Sub No 1; occupancy status and any title, lien, or access issues.","Verify the parcel’s ZIP and map the exact location within Mingo Valley Sub No 1, then obtain on-the-ground or recent imagery/inspection data to assess structure condition and neighborhood context before bidding near the 4,728.19 level.",High
63725-12-13-01130,6.2,Strong Manual Review Candidate,True,Research First,False,"No Clear Match to the Meta Tulsa Data Center / Fair Oaks Innovation Park; no street, corridor, neighborhood, or ZIP overlap, so nearby industrial investment does not clearly enhance this parcel.","The parcel at 215 N ELGIN AV E, City of Sperry, is a residential improved lot (R HS IMP) with a relatively low bid cost of 4,742.42 and clear legal description (LT 18 BLK 3 LOLLAR ADDN, CITY OF SPERRY). Address and parcel data quality are strong and extraction confidence is high, supporting efficient follow-up. However, ZIP code and surrounding value indicators are unknown, and there is no clear development overlap with the cited Meta data center project, so broader upside is not confirmed. These factors align with the rule-based score of 6.2 and classification as a Strong Manual Review Candidate rather than a clearly good or bad investment.","Unknown ZIP and surrounding value; no confirmed development or infrastructure spillover from the Meta data center project; crime risk and neighborhood quality are unknown; residential improvements are not described in detail, so current condition and usability are unclear.","Exact ZIP code; detailed property condition and type of residential improvements; neighborhood and comparable value context in Sperry; confirmation of utilities, access, and any code or lien issues beyond the tax auction; crime and school context.","Confirm exact location and ZIP, then pull local sales/assessed values and any building/permit records for LT 18 BLK 3 LOLLAR ADDN in Sperry to gauge structure condition and neighborhood value before setting a maximum bid.",High
54675-92-05-05450,8.2,Strong Manual Review Candidate,True,Research First,True,"High-confidence, strong match to the Meta Tulsa Data Center at Fair Oaks Innovation Park, a more than $1 billion project with significant local infrastructure improvements, indicating positive surrounding value momentum.","The parcel at 32 S 62 AV W (Parcel 54675-92-05-05450) has a bid cost of 4,753.15 and is classified as R IMP, suggesting an existing residential improvement. Address quality and property clarity are strong, and rule-based scoring (8.0) already flags it as a strong manual review candidate. The development intelligence shows a high-confidence, strong match to the Meta Tulsa Data Center at Fair Oaks Innovation Park in East Tulsa, with a high development signal and positive surrounding value signal, which elevates the parcel’s potential priority. The main drawback is the unknown ZIP and limited physical/condition details, not a lack of investment momentum.","ZIP and precise neighborhood context are unknown; physical condition, occupancy, and access details are not provided; legal description is partial and may require careful title and boundary verification; residential use may or may not directly benefit from nearby industrial/data center development depending on exact location and zoning.","Exact ZIP code and neighborhood context; current structure details (size, age, condition, occupancy); zoning and permitted uses; confirmation of access, utilities, and any easements; full legal description and title status including liens or encumbrances; proximity in miles/drive time to the Fair Oaks Innovation Park site.","Verify full legal description and parcel boundaries with county records, then pull zoning, structure/assessor data, and a map-based location check to confirm proximity to the Meta Tulsa Data Center at Fair Oaks Innovation Park and assess whether residential or alternative use aligns with surrounding development.",High
18550-93-05-13060,6.2,Strong Manual Review Candidate,True,Research First,False,"Meta Tulsa Data Center at Fair Oaks Innovation Park shows high investment momentum in East Tulsa, but there is no clear street, neighborhood, or ZIP overlap with this parcel, so direct development upside cannot be assumed.","The parcel at 2505 E 8 ST S in the City of Tulsa is a residential improvement (R IMP) with a relatively low bid cost of 4766.19 and a clear legal description in Highlands Addn, indicating a defined, likely buildable urban lot segment (E 50' OF S 95' LT 12 BLK 7). Address and parcel data quality are high, and rule-based scoring (6.2) already categorizes it as a Strong Manual Review Candidate. However, the matched development (Meta data center at Fair Oaks Innovation Park) has no clear locational overlap with this property, so broader industrial momentum does not materially change this parcel’s priority beyond general market sentiment.",ZIP code is unknown; no confirmed surrounding value or crime context; development intelligence does not clearly apply to this specific location; owner name is unknown; residential improvement condition and occupancy status are not provided.,"Exact ZIP code; structure details (size, age, condition, bed/bath count); current occupancy or tenancy; code enforcement or nuisance history; surrounding property values and sales; local crime and school context; any liens or additional encumbrances beyond tax status.","Verify exact location and ZIP, pull county assessor record for structure details and valuation, and review neighborhood sales and condition via mapping and street-level imagery to confirm that the residential improvement is usable and that the low bid cost is not driven by severe physical or legal issues.",High
29775-02-26-05800,6.2,Strong Manual Review Candidate,True,Research First,False,"Meta Tulsa Data Center at Fair Oaks Innovation Park has no clear street, corridor, neighborhood, or ZIP overlap with this parcel, so current development intelligence does not directly enhance this property’s priority.","The parcel at 1923 N MAIN ST E in Tulsa is a residential improvement (R IMP) with a bid cost of 4,778.85 and high data confidence. Address quality and property clarity are strong, and the rule-based system assigns a 6.2 score and labels it a Strong Manual Review Candidate. However, the only cited development—the Meta data center at Fair Oaks Innovation Park—has no clear geographic overlap, so development-driven upside is low. The combination of modest bid, usable data, and unclear external upside supports manual review rather than a definitive good or bad investment classification.",Unknown ZIP code; no confirmed surrounding value or crime risk data; no clear overlap with major development activity; development upside not clearly supported; potential neighborhood or condition issues cannot be assessed from available data.,"Exact ZIP code; detailed neighborhood context; property condition; structure details (size, age, configuration); current occupancy or use; any liens or encumbrances beyond tax status; comparable property values or rents; local crime and amenity data.","Confirm the precise location and ZIP, then obtain on-the-ground or photographic condition information and basic market comps for similar residential improvements in this part of Tulsa to determine whether the roughly 4.8k bid aligns with local value and risk.",High
05075-93-24-08770,6.2,Strong Manual Review Candidate,True,Research First,False,No clear geographic overlap with the Meta Tulsa Data Center at Fair Oaks Innovation Park; development match strength is reported as No Clear Match and development signal is Low.,"The parcel at 3612 S 94 AV E in the City of Tulsa is a residential improvement (R IMP) lot in BRIARWOOD SECOND ADDN with a complete address and high extraction confidence. The bid cost of 4,785.98 is moderate for a residential-improved tax auction property, and rule-based scoring (6.2) already categorizes it as a Strong Manual Review Candidate. However, the ZIP code and surrounding value context are unknown, and there is no confirmed overlap with the cited East Tulsa industrial/data center development, so upside from nearby investment is not clearly supported.","Unknown ZIP code and surrounding value context; no clear development overlap or documented local investment uplift; property condition and occupancy status are unknown despite being classified as R IMP; crime risk estimate is unknown; owner name is unknown, which may signal title or notification complexities.",ZIP code; detailed neighborhood and surrounding property values; current property condition and any structures present; occupancy status; any code violations or liens beyond the tax issue; precise distance and connectivity to major employment or development nodes.,"Confirm the exact ZIP and map the parcel within Tulsa to assess neighborhood quality and comparable values, then obtain recent imagery or an on-site drive-by to verify the condition and existence of residential improvements before proceeding with any bid strategy.",High
13775-02-12-01430,6.2,Strong Manual Review Candidate,True,Research First,False,"The only cited development is the Meta Tulsa Data Center at Fair Oaks Innovation Park, which has no clear street, neighborhood, or ZIP overlap with this parcel; development signal is explicitly Low.","Parcel 13775-02-12-01430 at 4615 N HARTFORD AV E is a residential improvement (R IMP) lot in the City of Tulsa, Fairhill Addition, with a bid cost of 4,839.51 and a prior value reference of 11,400. Address and legal description are clear, and extraction confidence is High, supporting usability for further analysis. Rule-based scoring (6.2) already classifies it as a Strong Manual Review Candidate. However, ZIP and surrounding value context are unknown, and there is no confirmed overlap with major development areas, so upside is not clearly supported by development intelligence.","Unknown ZIP and surrounding value context; no clear development overlap or documented upside from nearby projects; crime risk and neighborhood quality are unknown; property condition and occupancy status are not provided; prior value reference (11,400) suggests limited margin if significant rehab or legal issues exist.",ZIP code; detailed neighborhood and surrounding property values; current structure condition and habitability; occupancy status; any code violations or liens beyond tax; precise distance and connectivity to major employment or development nodes.,"Verify exact ZIP and map the parcel within Tulsa to assess neighborhood quality and comps, then confirm structure condition and any code or lien issues before considering a bid near the 4,839.51 level.",High
57370-72-13-63370,6.2,Strong Manual Review Candidate,True,Research First,False,"The only cited development is the Meta Tulsa Data Center at Fair Oaks Innovation Park, which has no clear street, neighborhood, or ZIP overlap with this Glenpool parcel; development signal is explicitly Low.","The parcel at 1018 E 144 PL S in the City of Glenpool is a residential improved (R IMP) lot in Kendalwood Estates Addn I with a clear legal description (LT 1 BLK 3) and high extraction confidence. The bid cost is relatively low at 4,845.40, and rule-based scoring (6.2) already categorizes it as a Strong Manual Review Candidate. However, the ZIP code is unknown and there is no confirmed overlap with the major Meta/Fair Oaks development, so upside from nearby large-scale investment is not clearly supported.","Unknown ZIP code; no confirmed surrounding value or crime risk data; development intelligence shows no clear geographic match to the major Meta/Fair Oaks project; ownership listed as Unknown; overall development signal is Low, limiting confidence in appreciation potential.",Exact ZIP code; detailed neighborhood and surrounding value context; property condition details beyond R IMP classification; confirmation of current occupancy or structures; any liens or additional encumbrances beyond tax status.,"Verify the precise location and ZIP, then pull local comps and neighborhood data for Kendalwood Estates in Glenpool, and confirm physical condition and occupancy of the residential improvement before bidding.",High
91407-14-07-52320,4.8,Strong Manual Review Candidate,True,Research First,False,"No street, corridor, neighborhood, or ZIP overlap found",AI review failed validation; fallback rule-based review used.,ZIP unknown; development upside not clearly supported; no clear development overlap; address not fully verified,reasoning_summary not grounded enough,"Drive-by, title review, and neighborhood verification",Medium
19275-03-34-02480,6.2,Strong Manual Review Candidate,True,Research First,False,Meta Tulsa Data Center at Fair Oaks Innovation Park has no clear geographic overlap with this parcel; development signal is explicitly low despite high-level industrial momentum in East Tulsa.,"The property at 1407 N BRADEN AV E is a residential improvement (R IMP) with a relatively low bid cost of 4,850.84 and high extraction confidence, indicating usable parcel and address data. Rule-based scoring (6.2) already categorizes it as a strong manual review candidate. However, ZIP and surrounding value are unknown, and the matched development project has no clear locational match, so upside from nearby investment is not supported by the provided data.",Unknown ZIP and surrounding value; no confirmed overlap with major development activity; crime risk estimate unknown; ownership details limited to 'Unknown'; development signal explicitly low.,Exact ZIP code; condition and occupancy of the residential improvement; surrounding property values and neighborhood context; confirmation of any liens or encumbrances beyond the tax issue; more precise proximity to current or planned infrastructure improvements.,"Manually verify the parcel’s exact location and ZIP, then check local assessor and planning records for property condition, neighborhood context, and any nearby public or private projects not captured in the current development match.",High
17950-92-04-05170,6.2,Strong Manual Review Candidate,True,Research First,False,"The only cited development is the Meta Tulsa Data Center at Fair Oaks Innovation Park, which has no clear street, neighborhood, or ZIP overlap with this parcel; development signal is explicitly Low.","The parcel at 4413 W 3 ST S in Tulsa is a residential improvement (R IMP) with a relatively low bid cost of 4,853.82 and high data confidence, including a complete address and clear legal description (LT 5 BLK 5, HAYDEN-LEWIS SECOND ADDN, CITY OF TULSA). Rule-based scoring (6.2) and categorization already flag it as a Strong Manual Review Candidate. However, the matched development project in East Tulsa has no clear geographic overlap, and surrounding value and crime risk are unknown, so the upside case rests mainly on the low entry price and property clarity rather than documented external investment momentum.","ZIP code is unknown, limiting precise location and comp analysis; no clear overlap with the cited Meta data center development, so broader development upside is not supported; surrounding value and crime risk are both unknown; owner name is listed as Unknown, which may complicate title and notification steps.",Exact ZIP code; more precise neighborhood or corridor context; any indication of surrounding property values or market demand; crime and nuisance indicators; physical condition of the residential improvement; confirmation of occupancy status and any existing structures beyond the R IMP classification.,"Manually map the parcel using the legal description and address to confirm exact location and ZIP, then pull local sales/assessed values and basic neighborhood indicators to validate that the low bid cost aligns with realistic resale or rental potential.",High
62075-91-11-09360,6.2,Strong Manual Review Candidate,True,Research First,False,"The only cited project is the Meta Tulsa Data Center at Fair Oaks Innovation Park, which has no clear street, neighborhood, or ZIP overlap with this Sand Springs parcel; development signal is explicitly Low.","The parcel at 800 N MCKINLEY AV E in Sand Springs is classified as R IMP, suggesting an existing residential improvement, with a bid cost of 4,857.51 and clear legal description and address. Rule-based scoring (6.2) and category already flag it as a Strong Manual Review Candidate, supported by high data confidence and strong property clarity. However, the ZIP is unknown, surrounding value and crime risk are unknown, and the only referenced development (Meta data center in East Tulsa) has no clear geographic overlap, so broader upside from that project cannot be assumed.",Unknown ZIP and surrounding value; no crime risk estimate; no verified overlap with major development activity; owner listed as Unknown; residential improvement condition and occupancy status are not provided.,ZIP code; property condition and structure details; occupancy/tenancy status; surrounding property values and neighborhood context; any code enforcement or lien issues beyond the tax auction; distance and connectivity to major employment or development nodes.,"Confirm exact location and ZIP, then pull local assessor and GIS records for structure details, neighborhood context, and any code or lien issues; verify whether the residential improvement is habitable or distressed before bidding.",High
17925-92-04-04250,6.2,Strong Manual Review Candidate,True,Research First,False,"No street, corridor, neighborhood, or ZIP overlap found",AI review failed validation; fallback rule-based review used.,ZIP unknown; development upside not clearly supported; no clear development overlap,reasoning_summary not grounded enough,"Drive-by, title review, and neighborhood verification",High
06625-92-27-02490,6.2,Strong Manual Review Candidate,True,Research First,False,"Meta Tulsa Data Center at Fair Oaks Innovation Park shows strong citywide industrial momentum but has no clear street, neighborhood, or ZIP overlap with this Carbondale-area residential parcel; development signal is explicitly Low.","The parcel at 4648 S 31 AV W in Tulsa is a residential improvement (R IMP) with clear lot and block description (LTS 14 15 BLK 8, CITY OF TULSA, CARBONDALE) and high extraction confidence. The bid cost of 4950.17 is moderate for a residential-improvement tax auction asset, and address quality and property clarity are both strong. However, the ZIP code and surrounding value context are unknown, and the only cited development (Meta data center in East Tulsa) has no clear geographic match to this Carbondale location, so local upside from that project is not supported. These factors justify a Strong Manual Review Candidate classification rather than a Good Investment rating.","Unknown ZIP and surrounding value; no confirmed overlap with major development activity; development signal explicitly Low; crime risk and neighborhood quality unknown; owner listed as Unknown, which may complicate title or notification history.",Exact ZIP code; current and surrounding property condition; local sales or value benchmarks in Carbondale; zoning details beyond R IMP label; any code violations or liens beyond tax status; crime and school context.,"Manually verify parcel location and ZIP in county GIS, confirm zoning and allowed uses for LTS 14 15 BLK 8 in Carbondale, and check county records for additional liens, code issues, or structural concerns tied to the residential improvement.",High
45450-94-06-10580,6.2,Strong Manual Review Candidate,True,Research First,False,"The only cited project is the Meta Tulsa Data Center at Fair Oaks Innovation Park, which has no clear street, neighborhood, or ZIP overlap with this parcel; development signal is explicitly Low.","The parcel at 436 S 109 AV E in Tulsa is a residential improvement (R IMP) lot with a clear legal description (LT 3 BK 19 WAGON WHEEL ADDN) and high extraction confidence. The bid cost of 4,952.17 is moderate for a residential-improved tax auction property and the address quality is Complete, supporting further review. Rule-based scoring already classifies it as a Strong Manual Review Candidate, driven by strong property clarity and high data confidence. However, the matched development (Meta data center at Fair Oaks Innovation Park) has no clear geographic overlap, so development upside is not a primary factor here.",ZIP code is unknown; no confirmed surrounding value or crime context; development intelligence does not clearly apply to this specific location; ownership listed as Unknown may signal title or notification complexities; no explicit land size or structure details beyond R IMP classification.,Exact ZIP code; lot size and building square footage; year built and condition of improvements; occupancy status; any municipal liens or code violations; precise proximity to employment centers or corridors; confirmation of neighborhood market values and crime risk.,"Verify parcel details with Tulsa County records (including ZIP, lot size, structure characteristics, and any liens) and pull neighborhood sales/assessed values around Wagon Wheel Addition Block 19 to determine whether the roughly 4,952.17 bid is supported by local residential values and condition.",High
17025-02-36-12170,6.2,Strong Manual Review Candidate,True,Research First,False,"The only cited development (Meta Tulsa Data Center at Fair Oaks Innovation Park) has no clear street, corridor, neighborhood, or ZIP overlap with this Greenwood Addition parcel, so it does not materially enhance this property’s priority.","The parcel at 1173 N FRANKFORT AV E in the Greenwood Addition is a residential improvement (R IMP) with a relatively low bid cost of 4,974.16 and high data confidence, including a complete address and strong property clarity. Rule-based scoring (6.2) already categorizes it as a Strong Manual Review Candidate. However, the matched development in East Tulsa (Meta data center at Fair Oaks Innovation Park) has no clear geographic overlap, so development-driven upside is low. The combination of low entry cost and clear residential use justifies manual review despite limited development signals and an unknown ZIP.","ZIP code is unknown, limiting precise location and value context; no confirmed overlap with major nearby development, reducing clear appreciation catalysts; surrounding value and crime risk are both unknown; owner name is unknown, which may complicate title and notification steps.","Exact ZIP code and finer-grained location context; surrounding property values and neighborhood condition; crime and nuisance indicators; structure details (size, condition, occupancy status); any code violations or liens beyond the tax delinquency; confirmation of access, utilities, and zoning specifics within Greenwood Addition.","Confirm the exact parcel location and ZIP within Greenwood Addition, then obtain county assessor records for structure details, market value, and any additional liens or code issues; follow with a targeted neighborhood and street-level review to assess surrounding conditions and rent/resale potential before bidding.",High
40850-02-12-07500,6.2,Strong Manual Review Candidate,True,Research First,False,"Meta Tulsa Data Center at Fair Oaks Innovation Park shows strong industrial investment in East Tulsa, but there is no clear neighborhood, street, or ZIP overlap with this parcel, so direct development upside cannot be assumed.","The property at 534 E 48 PL N in Tulsa is a residential improved parcel (R IMP) with a bid cost of 4,985.56 and a clearly defined lot and block legal description in the Suburban Acres Third Addition. Address quality and property clarity are strong, and data confidence is high, which supports further manual review. However, the ZIP code and surrounding value context are unknown, and the only cited development (Meta data center at Fair Oaks Innovation Park) has no clear geographic match to this parcel, limiting evidence of external upside. These factors keep the asset in a Strong Manual Review Candidate tier rather than a Good Investment classification.",Unknown ZIP and surrounding value context; no confirmed overlap with major development activity; development signal rated Low; crime risk estimate unknown; upside case relies mainly on low bid and basic residential use rather than documented neighborhood appreciation drivers.,Exact ZIP code; neighborhood and comparable property values; condition of improvements on the R IMP parcel; occupancy status; any code violations or liens beyond the tax issue; more precise location context relative to major corridors or employment centers.,"Verify the precise location and ZIP code, then pull neighborhood sales and rent comps for Suburban Acres Third Addition and confirm the physical condition and occupancy status of the improvements before bidding.",High
56600-92-20-00740,8.2,Strong Manual Review Candidate,True,Research First,True,"Strong Match to Meta Tulsa Data Center at Fair Oaks Innovation Park with high investment signal strength and noted surrounding value positivity, indicating broader industrial and infrastructure momentum in Tulsa.","The parcel at 3310 S 61 AV W (Berry Hill Acres, LT 19 & 20 BLK 3) is a residential improvement (R IMP) with a bid cost of 4,992.83 against a referenced value of 76,289, suggesting a potentially favorable cost-to-value ratio. Address and parcel data are clear, and rule-based scoring (8.0) already flags it as a Strong Manual Review Candidate. Development intelligence shows a high-signal, strong-match industrial/data center project (Meta Tulsa Data Center) in Tulsa, contributing to a positive surrounding value signal. However, the exact relationship between this west-side residential parcel and the east Tulsa Fair Oaks Innovation Park is not defined, and the ZIP is unknown, so this remains a preliminary screen rather than a firm investment judgment.","Unknown ZIP and incomplete locational context; unclear direct benefit linkage between this west Tulsa residential parcel and the East Tulsa Fair Oaks Innovation Park development; owner name listed as Unknown; no explicit confirmation of current occupancy, condition, or access; crime risk estimate unknown.",Exact ZIP code and more precise locational context; current property condition and occupancy; confirmation of utilities and access; any code violations or liens beyond the tax auction; clearer evidence of direct spillover effects from the Meta Tulsa Data Center development to this specific neighborhood.,"Verify exact location and ZIP, then obtain county records or on-the-ground information on structure condition, occupancy, and access; confirm any additional liens or encumbrances; and assess neighborhood-level impacts or expected spillover from broader Tulsa industrial/data center investment.",High
04350-02-25-02620,6.2,Strong Manual Review Candidate,True,Research First,False,The only cited development (Meta Tulsa Data Center at Fair Oaks Innovation Park) has no clear geographic overlap with this Booker Washington Addition parcel; development signal is explicitly Low.,"The parcel at 1537 N NORFOLK AV E in the City of Tulsa has a complete address, clear legal description in Booker Washington Addition, and high extraction confidence. The bid cost of 4993.50 against a stated 9,000 value and a B IMP property type suggests a potentially improved, low-priced asset that merits closer inspection. However, the matched Meta data center project has no street, neighborhood, or ZIP overlap, so it does not currently enhance this parcel’s priority from a development standpoint. Overall rule-based scoring (6.2) and strong property clarity support manual review, but missing ZIP and unknown surrounding value/crime keep it from being classified as a Good Investment.","ZIP code is unknown; surrounding value and crime risk are unknown; no confirmed development or infrastructure momentum tied to this specific neighborhood; property type B IMP is not further detailed, so actual condition and usability are unclear relative to the bid cost.","Exact ZIP code; confirmation of structure type and condition for the B IMP classification; neighborhood-level market indicators (rents, sales, vacancies); crime and nuisance history; any code enforcement or lien issues beyond taxes.","Verify the precise location and ZIP, pull county assessor records for building details and condition, and review neighborhood-level sales/rent comps and code enforcement history to determine whether the 4,993.50 bid is justified by current and potential value.",High
06100-02-26-00080,6.2,Strong Manual Review Candidate,True,Research First,False,"The only cited project is the Meta Tulsa Data Center at Fair Oaks Innovation Park, which has no clear street, neighborhood, or ZIP overlap with this parcel; development signal is explicitly Low.","The parcel at 1806 N BOSTON AV E is a residential improved property (R HS IMP) with a bid cost of 5,016.55 and a clear legal description in the City of Tulsa (Burroughs View Addn). Rule-based scoring (6.2) and category already mark it as a Strong Manual Review Candidate, supported by complete address data, strong property clarity, and high data confidence. However, the development intelligence shows no clear match to the major Meta data center investment, so broader development upside is uncertain.",ZIP code is unknown; no confirmed overlap with major development areas; surrounding value and crime risk are both unknown; owner name is unknown; development upside is not clearly supported by the provided intelligence.,Exact ZIP code; detailed surrounding property values; crime and neighborhood risk indicators; current physical condition of improvements; occupancy status; any liens or code enforcement issues beyond tax delinquency.,"Manually verify the parcel’s ZIP and neighborhood context, confirm the nature and condition of the residential improvements, and check local comparables and municipal records to assess whether the bid cost of 5,016.55 is justified relative to likely resale or rental value.",High
91316-13-16-06510,8.5,Strong Manual Review Candidate,True,Research First,True,"High-confidence, strong match to the Meta Tulsa Data Center at Fair Oaks Innovation Park with over $1B in planned investment and significant local infrastructure improvements, indicating potentially rising land and surrounding value in East Tulsa.","The parcel at 10500 N YALE AV E has high data confidence, a complete address, and a clear legal description indicating approximately 1.989 acres in the E/2 NE of Section 16-21N-13E, with a mobile home explicitly excluded. The bid cost of 5056.93 is moderate for a nearly 2-acre tract, and rule-based scoring (8.0) already flags it as a Strong Manual Review Candidate. Development intelligence shows a high-strength, high-confidence match to the Meta Tulsa Data Center at Fair Oaks Innovation Park, with over $1B in investment and at least $25M in infrastructure improvements, supporting a positive surrounding value signal. These factors justify elevating the parcel for manual review despite some missing details such as ZIP and current use specifics.","ZIP code and city are unknown; current on-site improvements and actual use are not specified beyond exclusion of a mobile home; potential access, zoning, or utility constraints are not documented; ownership details are unclear (owner name unknown), which may complicate title and redemption research.",Exact ZIP and city designation; zoning classification and permitted uses; confirmation of road access and utility availability; any existing structures or encumbrances beyond the excluded mobile home; current assessed value and comparable land sales; detailed title history and any liens or easements.,"Obtain county GIS and assessor records for this parcel to confirm precise location, zoning, access, utilities, and any improvements; then pull title and tax history to identify liens, redemption status, and encumbrances, with specific attention to proximity and connectivity to the Fair Oaks Innovation Park and Meta data center infrastructure improvements.",High
08375-03-29-02800,6.2,Strong Manual Review Candidate,True,Research First,False,The only cited development (Meta Tulsa Data Center at Fair Oaks Innovation Park) has no clear geographic overlap with this parcel; development signal is explicitly Low with a No Clear Match designation.,"The parcel at 2141 N DELAWARE AV E in Tulsa is a residential improved property (R HS IMP) with a relatively low bid cost of 5,074.15 and strong property clarity. Address quality is complete and data confidence is high, which reduces basic information risk. Rule-based scoring (6.2) already categorizes it as a Strong Manual Review Candidate. However, the matched development project in East Tulsa shows no street, neighborhood, or ZIP overlap, so it does not currently enhance this parcel’s priority from a development standpoint.","ZIP code is unknown, limiting precise location and comp analysis; no confirmed overlap with major development activity, so appreciation from the cited project is uncertain; surrounding value and crime risk are both unknown, increasing neighborhood risk; owner name is unknown, which may complicate title and notification steps.",Exact ZIP code; neighborhood and surrounding property values; crime and nuisance profile; current physical condition of improvements; occupancy status; any code violations or liens beyond the tax issue; confirmation of lot dimensions and access based on the legal description.,"Verify the exact parcel location and ZIP in county GIS, confirm structure type and condition via street-level imagery or drive-by, and pull neighborhood sales/rent data to assess whether the low bid cost for an improved residential parcel aligns with local values and risk.",High
41100-92-34-03610,6.2,Strong Manual Review Candidate,True,Research First,False,Meta Tulsa Data Center at Fair Oaks Innovation Park has no clear geographic overlap with this parcel; development signal is explicitly Low despite high-profile investment elsewhere in East Tulsa.,"The parcel at 5902 S 31 AV W in Tulsa is a residential improvement (R IMP) with a relatively low bid cost of 5,074.82 and a clear, high-confidence legal description and address. Rule-based scoring (6.2) already categorizes it as a Strong Manual Review Candidate. However, the matched development (Meta data center at Fair Oaks Innovation Park) has no street, neighborhood, or ZIP overlap, so it does not materially raise this parcel’s priority. Surrounding value and crime risk are unknown, and the ZIP code is missing, limiting location-specific valuation. Overall, the combination of low entry cost and clear property data justifies manual review, but with tempered expectations on growth or redevelopment upside.",Unknown ZIP and surrounding value; no clear development or infrastructure overlap to support appreciation; crime risk unknown; owner listed as Unknown may complicate title or notification history; development signal explicitly Low despite a large citywide project.,Exact ZIP code; neighborhood and surrounding property values; physical condition of the residential improvement; occupancy status; any code violations or liens beyond tax; more precise proximity to employment centers or corridors.,"Confirm exact location/ZIP and neighborhood context, then pull local comparables and any code enforcement or lien history to assess whether the existing residential improvement is habitable or salvageable at the current bid level.",High
22200-03-36-00370,6.2,Strong Manual Review Candidate,True,Research First,False,"The only cited project is the Meta Tulsa Data Center at Fair Oaks Innovation Park, which has no clear street, neighborhood, or ZIP overlap with this parcel; development signal is explicitly Low.","The parcel at 8934 E MARSHALL PL N is a residential improved property (R HS IMP) with a bid cost of 5,094.88 and a clear legal description (LT 7 BLK 3, LAYMAN ACRES, City of Tulsa). Address and parcel data quality are strong and extraction confidence is high. Rule-based scoring (6.2) already categorizes it as a Strong Manual Review Candidate. However, the matched development (Meta data center at Fair Oaks Innovation Park) has no clear locational overlap, so it does not materially raise the priority beyond the existing rule-based score.",ZIP code is unknown; no confirmed surrounding value or crime context; development upside is not clearly supported by the cited Meta/Fair Oaks project; owner name is unknown; broader market and physical condition details are not provided.,"Exact ZIP code; detailed neighborhood and surrounding value indicators; crime risk specifics; property condition and occupancy status; confirmation of proximity, if any, to the Fair Oaks Innovation Park area; title issues and any additional liens beyond the tax auction amount.","Manually map the parcel using the legal description and address to confirm neighborhood context and proximity to any East Tulsa growth corridors, then pull local comps and verify title, liens, and property condition before bidding above the minimum.",High
43775-93-05-22530,8.0,Strong Manual Review Candidate,True,Research First,True,"Strong Match to the Tulsa Market District / NOMA residential hub corridor, where a 256‑unit residential hub and broader efforts to revitalize vacant spaces, improve walkability, and support new commercial activity are underway.","The parcel at 208 S HARVARD AV E (LT 5 BLK 11, CITY OF TULSA, UNIVERSITY PARK) is classified as R IMP, indicating an existing residential improvement. The bid cost of 5,098.15 is moderate for an improved residential lot, and address/parcel data quality is strong. Development intelligence shows a High-strength, Strong Match to the Tulsa Market District / NOMA residential hub along the Harvard corridor, with active efforts to revitalize vacant spaces and support new commercial activity. Rule-based scoring (8.0) and positive surrounding value signals support elevating this for manual review despite the unknown ZIP.","ZIP code is unknown, limiting quick comps and precise locational analysis; current physical condition, occupancy, and code status of the residential improvement are unknown; owner name is listed as Unknown, so title and redemption risk need careful review.",Exact ZIP code; current structure condition and habitability; occupancy/tenancy status; any code enforcement or nuisance liens; detailed title report including any additional liens or encumbrances; confirmation of exact distance and connectivity to the core NOMA/Tulsa Market District hub.,"Pull county GIS and assessor records for 208 S HARVARD AV E to confirm ZIP, building characteristics, and land use; obtain a preliminary title report to identify liens and redemption issues; verify proximity and access to the NOMA/Tulsa Market District improvements; and, if feasible, conduct a drive-by or recent imagery review to assess structure condition.",High
74985-94-20-10040,6.2,Strong Manual Review Candidate,True,Research First,False,"The Meta Tulsa Data Center at Fair Oaks Innovation Park shows strong industrial investment in East Tulsa, but there is no clear street, neighborhood, or ZIP overlap with this parcel, so direct development upside cannot be assumed.","The property at 12608 E 31 PL S is a residential improved parcel (R HS IMP) with a bid cost of 5104.84 and a clear legal description (LT 2 BLK 2, Briarglen Meadows, City of Tulsa). Address and parcel data quality are strong and extraction confidence is high, which reduces basic data risk. Rule-based scoring (6.2) already flags it as a Strong Manual Review Candidate. However, the ZIP is unknown and the only cited development (Meta data center at Fair Oaks Innovation Park) has no clear locational overlap, so development-driven appreciation cannot be reliably factored in at this stage.",Unknown ZIP code and lack of surrounding value data; no confirmed proximity to the cited Meta/Fair Oaks development; development signal explicitly rated Low; crime risk and neighborhood quality are unknown; reliance on tax auction status without condition or occupancy details.,"Exact ZIP code; confirmation of physical condition and occupancy; neighborhood and surrounding value context; precise distance and connectivity to the Fair Oaks Innovation Park area; any code enforcement, liens, or title complications beyond the tax auction status.","Verify the precise location and ZIP, then map the parcel relative to Fair Oaks Innovation Park and other East Tulsa investments; obtain recent imagery or inspection data to confirm structure condition and neighborhood context before bidding.",High
85315-72-15-46520,6.2,Strong Manual Review Candidate,True,Research First,False,"The only cited development is the Meta Tulsa Data Center at Fair Oaks Innovation Park, which has no clear street, neighborhood, or ZIP overlap with this Glenpool parcel; development signal is explicitly Low.","The parcel at 14623 S VANCOUVER AV (LT 2 BLK 8 W, ROLLING MEADOWS II, CITY OF GLENPOOL) is a residential improved property (R HS IMP) with a bid cost of 5,178.06 and high extraction/data confidence. Address and legal description are clear, supporting basic usability. Rule-based scoring (6.2) already categorizes it as a Strong Manual Review Candidate. However, the matched development (Meta data center in East Tulsa/Fair Oaks Innovation Park) has no clear geographic overlap, so it does not materially enhance this parcel’s priority beyond baseline interest.","ZIP code and detailed location context are unknown; no quantified surrounding value or crime data; development upside is not clearly supported due to lack of overlap with the cited Meta/Fair Oaks project; owner name is unknown, which may complicate title and notification steps.",Exact ZIP code; detailed neighborhood and surrounding property values; structure details and condition for the residential improvement; confirmation of occupancy status; any liens or encumbrances beyond tax delinquency; precise distance and connectivity to major employment or development nodes.,"Confirm parcel mapping in Glenpool (Rolling Meadows II, LT 2 BLK 8 W) to verify physical location and access, then pull county assessor records for structure details, market value, and any additional liens before deciding on bid participation at approximately 5,178.06.",High
11575-03-35-04690,6.2,Strong Manual Review Candidate,True,Research First,False,"The only cited project is the Meta Tulsa Data Center at Fair Oaks Innovation Park, which has no clear street, corridor, neighborhood, or ZIP overlap with this parcel; development signal is explicitly Low.","The parcel at 7320 E LATIMER PL N (LT 8 BLK 6, DOLLIE-MAC ADDN, City of Tulsa) is classified as R HS IMP, indicating a residential improved property. Address and parcel data quality are strong and extraction confidence is high. The bid cost of 5182.52 is moderate for an improved residential parcel, supporting potential value relative to cost. Rule-based scoring (6.2) and category already flag it as a Strong Manual Review Candidate. However, development intelligence shows no clear match to the major Meta data center project, and the development signal is Low, so upside from nearby large-scale investment is not supported by the provided data.",ZIP code is unknown; no clear evidence of surrounding value or neighborhood quality; development upside is not supported by a confirmed match to major projects; crime risk and broader market context are unknown.,"Exact ZIP code; detailed property characteristics (structure condition, size, year built, occupancy); neighborhood and surrounding value indicators; crime risk; zoning confirmation beyond R HS IMP label; any liens or additional encumbrances beyond tax status.","Manually verify the parcel’s exact location and ZIP, obtain county assessor records for structure details and condition, and review neighborhood comparables and recent sales to assess whether the 5182.52 bid is justified for an improved residential lot in this addition.",High
12060-94-08-20510,6.2,Strong Manual Review Candidate,True,Research First,False,"The only cited project is the Meta Tulsa Data Center at Fair Oaks Innovation Park, but there is no street, corridor, neighborhood, or ZIP overlap; development match strength is explicitly noted as No Clear Match, so this parcel should not be treated as having a direct development tailwind.","The parcel at 12217 E 13 PL S in Tulsa is classified as R HS IMP (residential with improvements) with a relatively low bid cost of 5,185.69 and high extraction/data confidence. Address and parcel data are clear, and the rule-based system assigns a 6.2 score and labels it a Strong Manual Review Candidate. However, the referenced Meta data center investment has no clear geographic overlap with this parcel, so development-driven upside is uncertain. Overall, the combination of low entry cost, clear residential use, and strong data quality justifies manual review, but not a Good Investment classification at this stage.",Unknown ZIP code; no confirmed overlap with major development activity; surrounding value and crime risk are both unknown; development signal is low despite a large regional project; owner listed as Unknown may complicate title or notification history.,"Exact ZIP code; details on existing residential improvements (condition, size, occupancy); surrounding neighborhood values and market demand; crime and nuisance context; any code violations or liens beyond the tax issue; proximity in miles to the Fair Oaks Innovation Park and other employment centers.","Verify the precise location and ZIP, then pull county assessor records for structure details and market value, followed by a map-based review of neighborhood context and recent sales to determine whether the low bid cost aligns with local residential values.",High
98434-84-34-00350,4.8,Strong Manual Review Candidate,True,Research First,False,Insufficient overlap data,AI review failed validation; fallback rule-based review used.,ZIP unknown; development upside not clearly supported; no clear development overlap; address not fully verified,reasoning_summary not grounded enough,"Drive-by, title review, and neighborhood verification",Medium
99027-90-27-68130,8.5,Strong Manual Review Candidate,True,Research First,True,"High-strength, strong-match signal to the Meta Tulsa Data Center at Fair Oaks Innovation Park, indicating significant nearby industrial/data center investment and associated infrastructure improvements.","The parcel at 4321 S 225 AV W (R IMP) has a bid cost of 5198.99 and high extraction/data confidence with a clear legal description. Rule-based scoring is 8.0 with a Strong Manual Review Candidate category, supported by a High development signal tied to Meta’s more than $1B data center at Fair Oaks Innovation Park and positive surrounding value indications. Address quality is complete, and property clarity is strong, suggesting the asset is identifiable and likely usable. The combination of modest bid cost, improved property type, and strong nearby industrial development momentum justifies elevated priority for manual review, even though ZIP and owner name are unknown.",ZIP code and precise city context are unknown; owner name is unknown; exact proximity and access to the cited Meta/Fair Oaks development are not confirmed; crime risk is unknown.,Exact ZIP and city; confirmation of current on-site improvements and condition; verification of distance and access to Fair Oaks Innovation Park and related infrastructure; title status and any additional liens; zoning specifics beyond R IMP classification.,"Verify parcel location and boundaries against county GIS and tax maps, confirm zoning and existing improvements, and map its distance and access routes to the Meta Tulsa Data Center/Fair Oaks Innovation Park to assess how directly it may benefit from the nearby industrial and infrastructure investment.",High
30950-03-33-14960,6.2,Strong Manual Review Candidate,True,Research First,False,"The only cited project is the Meta Tulsa Data Center at Fair Oaks Innovation Park, which has no clear street, neighborhood, or ZIP overlap with this parcel; development signal is explicitly Low.","The parcel at 3337 E KING PL N in Tulsa is a residential improvement (R IMP) with a bid cost of 5,203.47 and high extraction confidence. Address quality is complete and property clarity is strong, supporting basic usability for further analysis. Rule-based scoring (6.2) already categorizes it as a Strong Manual Review Candidate. However, the matched development (Meta data center at Fair Oaks Innovation Park) has no clear geographic overlap, so it does not materially enhance this parcel’s priority beyond general market sentiment.",Unknown ZIP code; no confirmed surrounding value or crime risk data; development upside not clearly tied to this specific location; owner listed as Unknown may complicate title or notification history.,"Exact ZIP code; detailed neighborhood and surrounding property values; structure details and condition for the residential improvement; confirmation of proximity, if any, to the Fair Oaks Innovation Park area; any liens or additional encumbrances beyond the tax status.","Verify the precise location and ZIP of 3337 E KING PL N, pull parcel and neighborhood comps for similar residential improvements, and confirm any title, lien, or occupancy issues before considering a bid at or above 5,203.47.",High
12150-93-11-01280,6.5,Strong Manual Review Candidate,True,Research First,False,Meta Tulsa Data Center at Fair Oaks Innovation Park has no clear geographic overlap with this parcel; development signal is explicitly Low and match strength is No Clear Match.,"The parcel at 7519 E 13 ST S in Tulsa is a residential improvement (R IMP) lot in the City of Tulsa (EASTMOOR PARK) with a relatively modest bid cost of 5222.14 and high data confidence. Address and legal description are clear (LT 11 BLK 7), supporting basic usability. Rule-based scoring (6.2) already classifies it as a Strong Manual Review Candidate. However, ZIP and surrounding value are unknown, and there is no confirmed nearby development overlap, so upside is not clearly supported and requires human review of comps, structure condition, and neighborhood context.",Unknown ZIP and surrounding value; no clear supporting development or infrastructure investment nearby; crime risk unknown; only basic legal description and property type available; potential condition issues typical of tax auction residential properties cannot be evaluated from current data.,ZIP code; year built and building size; current physical condition and occupancy; recent sales or assessed value comparables; neighborhood crime and school context; confirmation of utilities and access; any code violations or liens beyond the tax issue.,"Manually verify parcel location and neighborhood quality using county GIS and mapping tools, then pull county assessor data for structure details and value, followed by a drive-by or street-level imagery review to assess property condition before setting a maximum bid above the 5222.14 baseline.",High
56900-92-20-02220,8.2,Strong Manual Review Candidate,True,Research First,True,"Strong Match to Meta Tulsa Data Center at Fair Oaks Innovation Park with High investment signal strength and noted surrounding value momentum, indicating positive macro-level industrial and infrastructure investment in Tulsa.","The parcel at 6115 W 39 ST S (LT 9 BLK 2 PLEASURE ACREAGE SECOND ADDN, R IMP) has high extraction confidence, a complete and usable address, and a clear residential improvement type. The bid cost of 5224.32 against an 18,800 value suggests a potentially favorable entry point. Rule-based scoring (8.0) and category already flag it as a Strong Manual Review Candidate. Development intelligence shows a High-strength, Strong Match to the Meta Tulsa Data Center project in East Tulsa, with over $1B in investment and significant local infrastructure improvements, which supports a positive macro environment even though the match is based on Tulsa-wide overlap rather than a hyperlocal corridor. Overall, the combination of clear data, moderate bid, and strong city-level development momentum justifies elevated manual review priority.",ZIP code and precise neighborhood context are unknown; development match is at the city/county level (TULSA token overlap) rather than a confirmed nearby corridor; crime risk is unknown; no direct confirmation of current structure condition or occupancy despite R IMP classification.,Exact ZIP code and neighborhood context; distance and connectivity from the parcel to Fair Oaks Innovation Park and the Meta data center; current physical condition of improvements; zoning specifics and any use restrictions; recent comparable sales or assessed value trend in the immediate area; confirmation of utilities and access.,"Manually map the parcel (6115 W 39 ST S, LT 9 BLK 2 PLEASURE ACREAGE SECOND ADDN) to confirm exact location, ZIP, surrounding land use, and proximity to major corridors and the Fair Oaks Innovation Park area, then verify zoning, improvement condition, and recent local sale/assessment data to validate that the 5224.32 bid is justified by local market support.",High
54225-03-06-05290,8.2,Strong Manual Review Candidate,True,Research First,True,Strong Match to Meta Tulsa Data Center at Fair Oaks Innovation Park with high investment signal strength and positive surrounding value signal.,"The parcel at 6439 N WHEELING AV E has a complete address, clear parcel ID, and is classified as R IMP (residential improvement), indicating an existing improvement rather than raw land. The bid cost of 5224.79 is moderate for an improved residential-type asset, which, combined with strong property clarity and high data confidence, supports further review. Development intelligence shows a Strong Match to the Meta Tulsa Data Center at Fair Oaks Innovation Park with a High investment signal and positive surrounding value signal, suggesting potential uplift from nearby large-scale industrial/data center investment. The main constraint is incomplete basic location metadata (city/ZIP unknown), not asset clarity.","Unknown ZIP and city limit precise locational analysis; actual proximity to the Meta Tulsa Data Center and Fair Oaks Innovation Park is not quantified; crime risk is unknown; owner name is unknown; residential improvement condition, occupancy, and access are not described.","Exact city and ZIP code; confirmation of physical condition and type of residential improvement; verification of access, utilities, and zoning; precise distance and connectivity to Fair Oaks Innovation Park and the Meta data center; any liens or encumbrances beyond the tax issue.","Manually map the parcel using county GIS or tax records to confirm exact location, city, ZIP, and proximity to Fair Oaks Innovation Park, then verify zoning, improvement type/condition, and any additional liens before bidding.",High
34750-02-26-07380,6.5,Strong Manual Review Candidate,True,Research First,False,Meta Tulsa Data Center at Fair Oaks Innovation Park has no clear geographic overlap with this parcel; development signal is explicitly Low and match strength is No Clear Match.,"The parcel at 2516 N MARTIN LUTHER (LT-3-BLK-1 KING JR B, Reservoir Hill Addn, City of Tulsa) is a residential improvement (R IMP) with a relatively low bid cost of 5,271.47 and high extraction/data confidence. Address and property clarity are strong, making it operationally straightforward to research further. However, ZIP and detailed surrounding value indicators are unknown, and the only cited development intelligence does not clearly relate to this location, limiting confirmed upside. These factors support a Strong Manual Review Candidate classification rather than a Good Investment.",Unknown ZIP and surrounding value; no clear supporting development or infrastructure investment nearby; crime risk unknown; owner name unknown; development signal explicitly Low with no corridor or neighborhood match.,Exact ZIP code; current market value and condition of the residential improvement; neighborhood sales and rent comps; local crime and code enforcement history; occupancy status; any liens or special assessments beyond the tax auction amount.,"Confirm precise location and ZIP within Reservoir Hill Addition via county GIS, then pull recent residential sales and rent comps plus code enforcement and lien history to assess realistic exit value versus the 5,271.47 bid cost.",High
07700-02-13-02200,6.2,Strong Manual Review Candidate,True,Research First,False,Meta Tulsa Data Center at Fair Oaks Innovation Park has no clear geographic overlap with this parcel; development signal is explicitly Low despite high-level city investment momentum.,"The property at 4026 N ELGIN AV E is a residential improved parcel with clear legal description and high extraction confidence. The bid cost of 5279.47 is relatively low for an improved residential asset, and rule-based scoring (6.2) already flags it as a Strong Manual Review Candidate. However, the ZIP code and surrounding value context are unknown, and the only cited development project has no street, corridor, neighborhood, or ZIP overlap, so local upside from that project is not supported.",Unknown ZIP and neighborhood context; no confirmed surrounding value signal; development upside from the cited Meta data center project is not clearly linked to this location; crime risk is unknown; owner listed as Unknown may indicate title or notification complexities.,Exact ZIP code; neighborhood and surrounding property values; current structure condition and occupancy; code enforcement or nuisance history; detailed title status and any additional liens beyond the tax auction; precise distance and connectivity to major employment or redevelopment areas.,"Confirm the parcel’s ZIP and neighborhood, pull recent comparable sales and assessed values for nearby residential improved parcels, and obtain current exterior condition via street-level imagery or drive-by to determine whether the low bid cost reflects distress, location risk, or simply auction discounting.",High
10475-92-08-00680,6.2,Strong Manual Review Candidate,True,Research First,False,Meta Tulsa Data Center at Fair Oaks Innovation Park has no clear geographic overlap with this parcel; development signal is explicitly Low despite high-level industrial momentum in East Tulsa.,"The parcel at 1125 S 56 AV W in Tulsa is a residential improvement (R IMP) lot in the Cunningham Addition with a relatively low bid cost of 5289.47 and high extraction/data confidence. Address and legal description are clear, supporting further review. However, the ZIP is unknown, surrounding value and crime risk are unknown, and the only cited development (Meta data center in East Tulsa) has no clear match to this location, so broader upside from that project cannot be assumed.",Unknown ZIP code; no quantified surrounding value or crime risk; development intelligence shows no clear overlap with the Meta data center area; overall development signal is Low; upside case depends on local neighborhood conditions that are not provided.,Exact ZIP code; neighborhood and surrounding property values; condition and specifics of the residential improvement; zoning confirmation; any code violations or liens beyond tax status; crime and school context; proximity to employment centers or corridors.,"Verify the precise location and ZIP, then pull neighborhood sales/rent comps and any city records on structure condition or code issues to determine whether the low bid cost aligns with local market value and risk.",High
55425-91-07-00270,8.0,Strong Manual Review Candidate,True,Research First,True,"Strong Match to Meta Tulsa Data Center at Fair Oaks Innovation Park with high investment signal and noted surrounding value positivity, suggesting potential uplift from major industrial/data center development and related infrastructure improvements.","The parcel at 1702 S 168 AV W (LT 20 BLK 2, River Valley Estates Amd, Tulsa County) is classified as R HS IMP, indicating a residential improved property. The bid cost of 5,297.09 against a referenced 18,000 figure suggests a relatively low entry price. Rule-based scoring is high (8.0) with strong property clarity, complete address, and a High development signal tied to the Meta Tulsa Data Center project in East Tulsa. Surrounding value signal is Positive and data confidence is High, making this a strong candidate for deeper review rather than dismissal, even though the exact ZIP and finer-grained locational risk factors are unknown.","ZIP code and precise neighborhood context are unknown; actual proximity to the Fair Oaks Innovation Park and Meta data center is not quantified; residential condition, occupancy status, and any code or lien issues are not provided; owner name is unknown, which may complicate title research.",Exact ZIP and neighborhood context; verified distance and access to Fair Oaks Innovation Park/Meta data center; current structure condition and habitability; utilities and infrastructure status; title report including other liens or encumbrances; zoning confirmation and any subdivision-specific restrictions for River Valley Estates Amd.,"Confirm exact location and ZIP, then map the parcel relative to Fair Oaks Innovation Park and the Meta Tulsa Data Center; obtain a preliminary title report for liens and encumbrances; verify zoning and subdivision covenants for River Valley Estates Amd; and, if feasible, conduct a drive-by or recent imagery review to assess structure condition and surrounding residential market context.",High
31125-92-27-16750,6.2,Strong Manual Review Candidate,True,Research First,False,"The only cited project is the Meta Tulsa Data Center at Fair Oaks Innovation Park, which has no clear street, corridor, neighborhood, or ZIP overlap with this parcel; development signal is explicitly Low.","Parcel 31125-92-27-16750 at 4235 S 26 AV W is a residential improvement (R IMP) in the City of Tulsa with a bid cost of 5,302.80 and a clear legal description in PARK ADDN - RED FORK. Address and parcel data quality are strong and extraction confidence is high, supporting further review. Rule-based scoring (6.2) already classifies it as a Strong Manual Review Candidate. However, the ZIP is unknown, surrounding value and crime risk are unknown, and the only cited development (Meta data center in East Tulsa) has no clear geographic overlap, so broader upside from that project is not supported.","Unknown ZIP code; no quantified surrounding value signal; crime risk estimate unknown; development intelligence shows no clear overlap with major industrial investment; owner name listed as Unknown, which may complicate title or notification research.",Exact ZIP code; current condition of the residential improvement; surrounding property values and neighborhood stability; any code violations or liens beyond the tax issue; crime and rental/owner-occupancy context for PARK ADDN - RED FORK.,"Confirm parcel location and ZIP in county GIS, verify structure type and condition for the R IMP classification, and pull neighborhood sales/rent data for the PARK ADDN - RED FORK area to determine whether the roughly 5.3K bid aligns with realistic resale or rental potential.",High
91213-12-13-51390,8.5,Strong Manual Review Candidate,True,Research First,True,Strong Match to Meta Tulsa Data Center at Fair Oaks Innovation Park with high investment signal strength and noted surrounding value uplift.,"The parcel has a complete street address, clear R IMP (residential improvement) property type, and a modest bid cost of 5,325.25, which aligns with the rule-based score of 8.0 and Strong Manual Review Candidate category. Development intelligence indicates a High-strength, Strong Match to the Meta Tulsa Data Center at Fair Oaks Innovation Park, including over $1 billion in investment and more than $25 million in local infrastructure improvements, supporting a positive surrounding value signal. Data confidence is High, and property clarity is Strong, making this a compelling candidate for deeper review despite the unknown ZIP and owner name.","ZIP code and owner name are unknown, limiting precise location and ownership verification; crime risk is unknown; legal description is complex and may require survey or title review to confirm exact boundaries and access.","Exact ZIP code, owner identity, detailed site characteristics (lot size, structure condition, utilities, access), and confirmation of proximity and connectivity to the Fair Oaks Innovation Park and Meta data center infrastructure improvements.","Verify parcel boundaries and access from county records, obtain the exact ZIP and GIS location, confirm current structures and condition on-site, and map the parcel’s distance and connectivity to the Meta Tulsa Data Center and related infrastructure improvements to validate the development upside.",High
29650-03-07-03370,6.2,Strong Manual Review Candidate,True,Research First,False,"No Clear Match to the cited Meta Tulsa Data Center / Fair Oaks Innovation Park project; no street, corridor, neighborhood, or ZIP overlap found, so nearby industrial investment does not clearly enhance this parcel’s priority.","The parcel at 1380 E 54 ST N in Tulsa is a residential improvement (R IMP) lot in the CITY OF TULSA | NORTHRIDGE ADDN with a bid cost of 5339.46. Address and parcel data are clear and extraction confidence is high, supporting efficient follow-up. Rule-based scoring (6.2) already categorizes it as a Strong Manual Review Candidate. However, the ZIP is unknown and there is no confirmed overlap with the major Meta data center investment area, so development upside is not clearly supported. These factors argue for manual review rather than immediate high-priority classification.",Unknown ZIP and unclear micro-location context; no confirmed development overlap with the Meta data center project; surrounding value and crime risk are unknown; property condition and usability of the residential improvement are not described; development signal is explicitly Low despite a large regional project in East Tulsa.,"Exact ZIP code and more precise neighborhood context; any details on structure type, size, and condition for the R IMP classification; surrounding property values or comparable sales; local crime and nuisance indicators; confirmation of utilities and access; verification of any liens or encumbrances beyond the tax issue.","Manually map the parcel using the legal description (LT 4 BLK 2 CITY OF TULSA | NORTHRIDGE ADDN) and address to confirm ZIP, neighborhood, and proximity to active investment corridors, then obtain basic property condition and neighborhood quality checks before deciding bid strategy.",High
29650-03-07-03310,6.2,Strong Manual Review Candidate,True,Research First,False,"Meta Tulsa Data Center at Fair Oaks Innovation Park has no clear geographic overlap with this parcel; development signal is explicitly Low with no street, corridor, neighborhood, or ZIP match.","The parcel at 1577 E 53 ST N in Tulsa is a residential improved (R IMP) lot in the City of Tulsa, with a relatively low bid cost of 5,347.46 and high extraction/data confidence. Address and legal description (LT 34 BLK 1, NORTHRIDGE ADDN) are clear, supporting basic usability and making it suitable for deeper review. However, the ZIP is unknown, surrounding value and crime risk are unknown, and there is no clear development overlap with the cited Meta data center project, limiting visible upside from nearby major investment.",Unknown ZIP and neighborhood context; surrounding value signal is Unknown; crime risk estimate is Unknown; no confirmed benefit from major nearby development; development upside not clearly supported; property value and condition cannot be assessed from available data.,ZIP code; neighborhood and market context; property condition; detailed surrounding property values; any code enforcement or nuisance history; confirmation of utilities and access.,"Confirm the exact ZIP and map the parcel within Tulsa to assess neighborhood quality, recent sales, and rental or resale potential; then check county/city records for property condition, liens, and code issues before bidding.",High
13850-93-05-10530,6.2,Strong Manual Review Candidate,True,Research First,False,Meta Tulsa Data Center at Fair Oaks Innovation Park has no clear geographic overlap with this parcel; development signal is explicitly Low and match strength is No Clear Match.,"The parcel at 2605 E ADMIRAL CT N is a residential improved property (R HS IMP) with a bid cost of 5,358.29 and a clear legal description (LT 14 BLK 1, FAIRMONT ADDN, CITY OF TULSA). Address and parcel data quality are strong and extraction confidence is high, supporting further review. However, the ZIP code and surrounding value context are unknown, and the only cited development (Meta data center at Fair Oaks Innovation Park) has no corridor or neighborhood overlap, so development upside is not clearly supported.","Unknown ZIP and neighborhood context; surrounding value signal is Unknown; no confirmed nearby public/private investment; development signal is Low; crime risk is Unknown; owner name listed as Unknown, which may complicate title and notification steps.",Exact ZIP code; neighborhood and market comps for Fairmont Addition; current property condition and occupancy; confirmation of structure type and size; title status and any additional liens beyond tax; local crime and code enforcement history.,"Verify the precise location and ZIP, pull recent sales and rent comps for Fairmont Addition, obtain county assessor details on improvements and any additional liens, and confirm any city code violations or nuisance history before assigning a final investment rating.",High
22100-92-28-03130,6.2,Strong Manual Review Candidate,True,Research First,False,No clear geographic overlap with the Meta Tulsa Data Center at Fair Oaks Innovation Park; development signal is explicitly Low despite high-profile project elsewhere in East Tulsa.,"The parcel at 3904 W 41 PL S in Tulsa is a residential improved property (R HS IMP) with a relatively modest bid cost of 5,361.41 and high data confidence. Address and parcel information are clear, and the rule-based system scores it 6.2 as a Strong Manual Review Candidate. However, the matched development (Meta data center at Fair Oaks Innovation Park) has no street, neighborhood, or ZIP overlap, so it does not materially raise this parcel’s priority. The unknown ZIP and lack of surrounding value or crime data introduce uncertainty, but not enough to discard the property outright given the low bid and clear residential use.",ZIP and precise neighborhood context are unknown; no quantified surrounding value or crime risk data; no direct development overlap to support appreciation; property condition and occupancy status are completely unknown; owner listed as Unknown may indicate title or notification complexities.,Exact ZIP code and neighborhood context; current property condition and any structures present; occupancy status and potential code violations; recent comparable sales or assessed value in Laurel Heights Addition; confirmation of clear title and any liens beyond tax delinquency; local crime and school quality indicators.,"Confirm exact location and ZIP for 3904 W 41 PL S, then pull county assessor records and recent sales in Laurel Heights Addition to estimate market value versus the 5,361.41 bid, and check for structural condition issues, code enforcement actions, and any additional liens or title complications.",High
10175-93-02-01530,6.2,Strong Manual Review Candidate,True,Research First,False,"Meta Tulsa Data Center at Fair Oaks Innovation Park has no clear street, neighborhood, or ZIP overlap with this parcel; development signal is explicitly Low despite high-profile investment elsewhere in East Tulsa.","The parcel at 444 S 66 AV E in Tulsa is a residential improved property (R HS IMP) in Crest View Estates with a relatively low bid cost of 5,366.03 and high data confidence. Address and legal description are clear, supporting further manual review. However, the ZIP is unknown, surrounding value and crime risk are unknown, and the only cited development intelligence has no clear geographic match to this location, so broader upside is not confirmed.",Unknown ZIP code; no clear overlap with major Meta/Fair Oaks development; surrounding value signal unknown; crime risk estimate unknown; owner name unknown; development signal explicitly Low.,Exact ZIP code; confirmation of physical condition and occupancy of the residential improvement; neighborhood crime and rental/sales comparables; verification of any local infrastructure or private investment specific to Crest View Estates or immediate surroundings; title and lien status beyond tax auction context.,"Manually map the parcel using the address and legal description (LT 11 BLK G, Crest View Estates) to confirm location, neighborhood quality, and proximity to any documented investment; then obtain recent sales/rent comps and a basic condition check to determine whether the low bid cost of 5,366.03 reflects distress, location risk, or simply auction discounting.",High
27875-92-11-03570,6.2,Strong Manual Review Candidate,True,Research First,False,Meta Tulsa Data Center at Fair Oaks Innovation Park has no clear geographic overlap with this parcel; development signal is explicitly Low with No Clear Match.,"The property at 701 S PHOENIX AV W is a residential improvement (R IMP) parcel with a relatively low bid cost of 5,389.46 and high data confidence, including a complete address and strong property clarity. Rule-based scoring (6.2) already categorizes it as a Strong Manual Review Candidate. However, the only cited development—the Meta data center in East Tulsa—has no street, corridor, neighborhood, or ZIP overlap, so it does not materially raise this parcel’s priority for development-driven upside.","ZIP code is unknown; no confirmed surrounding value or crime data; development upside is not clearly supported due to lack of overlap with the Meta data center project; owner name is unknown, which may signal additional title or notification complexity.",Exact ZIP code; lot size and structure details; current occupancy/condition; surrounding property values; zoning specifics beyond R IMP classification; any code enforcement or lien history beyond the tax issue.,"Verify parcel boundaries and improvements for W 1/2 LT 26 BLK 2 MITCHELL-CROSBIE ADDN via county GIS and assessor records, confirm ZIP and zoning, and check for additional liens or code issues to validate that the low bid cost aligns with manageable risk.",High
45350-94-06-07290,6.2,Strong Manual Review Candidate,True,Research First,False,"Meta Tulsa Data Center at Fair Oaks Innovation Park shows strong industrial investment in East Tulsa, but there is no clear street, neighborhood, or ZIP overlap with this parcel, so direct development upside cannot be assumed.","The parcel at 310 S 105 PL E in Tulsa is a residential improvement (R IMP) lot with a bid cost of 5,390.12 and high extraction confidence. Address and parcel data are clear, supporting further review. Rule-based scoring (6.2) already categorizes it as a Strong Manual Review Candidate. However, the ZIP is unknown, surrounding value and crime risk are unknown, and the only cited development (Meta data center at Fair Oaks Innovation Park) has no clear locational match to this property, limiting evidence of broader value uplift.","Unknown ZIP code; no clear overlap with the cited Meta/Fair Oaks development; surrounding property values and crime risk are unknown; development signal is low; ownership details are limited to 'Unknown', which may complicate title and redemption checks.",Exact ZIP code; confirmation of proximity to Fair Oaks Innovation Park or other active development corridors; surrounding sales or assessed values; neighborhood condition and crime risk; occupancy status and structure condition; any municipal liens or code violations.,"Verify the exact location and ZIP of 310 S 105 PL E, then map it relative to Fair Oaks Innovation Park to confirm or rule out any practical spillover from the Meta data center investment; concurrently pull county records for title status, redemption timelines, and any liens or code enforcement actions on this residential improvement parcel.",High
78810-84-11-09070,6.2,Strong Manual Review Candidate,True,Research First,False,"No Clear Match to the Meta Tulsa Data Center / Fair Oaks Innovation Park project; no street, corridor, neighborhood, or ZIP overlap, so nearby industrial/data center investment does not clearly enhance this parcel’s priority.","The parcel at 424 E COLLEGE ST N in Broken Arrow is a residential improvement property (R IMP) with a full legal description (ALL LT 12 BLK 15 & E15 OF LT 11, COLLEGE ADDN) and complete address, supporting good basic clarity. The bid cost of 5,428.12 is modest for a residential-improvement parcel, which, combined with high extraction confidence and strong property clarity, supports manual review. However, the ZIP is unknown, surrounding value and crime risk are unknown, and there is no clear development overlap with the cited Meta data center project, so upside from broader development cannot be assumed. Overall, the rule-based score of 6.2 and the structured signals justify a Strong Manual Review Candidate classification rather than a Good Investment.",Unknown ZIP and surrounding value; no clear development or infrastructure overlap with the Meta Tulsa Data Center project; crime risk estimate unknown; actual condition and usability of the residential improvement are not described; ownership listed as Unknown may signal potential title or notification complexities.,Exact ZIP code; current physical condition of any structures; confirmation of utilities and access; neighborhood and surrounding property values; crime and nuisance context; any code violations or liens beyond the tax issue; verification of current owner of record and occupancy status.,"Confirm parcel location and ZIP via county GIS, then pull county assessor and recorder data to verify land use, structure details, ownership, and any additional liens or code issues; follow with a drive-by or recent imagery review to assess property condition and neighborhood context before bidding.",High
20725-93-03-06410,6.2,Strong Manual Review Candidate,True,Research First,False,Meta Tulsa Data Center at Fair Oaks Innovation Park has no clear geographic overlap with this parcel; development signal is explicitly Low despite high project investment.,"Bid cost of 5429.45 for an R IMP (residential improved) lot at 6330 E 4 PL S with clear parcel ID and legal description (LT 5 BLK 1, Johansen Sub / Glenhaven area) and high extraction confidence makes this a structurally attractive tax sale candidate. Rule-based system scores it 6.2 and labels it a Strong Manual Review Candidate. However, ZIP and surrounding value are unknown, and the only cited development (Meta data center) has no street, corridor, neighborhood, or ZIP overlap, so broader upside from nearby investment is not supported.",Unknown ZIP and surrounding value; no confirmed development or infrastructure overlap; crime risk unknown; upside case relies mainly on generic residential use rather than documented external catalysts.,"Exact ZIP code; current market value or assessed value beyond the 11,900 reference; neighborhood and surrounding property conditions; any code violations or occupancy status; precise distance and connectivity to major employment or infrastructure nodes.","Manually map the parcel to confirm ZIP, neighborhood context, and proximity to employment and amenities, then compare the 5,429.45 bid cost to recent sales or assessed values for similar improved residential lots on the same block.",High
41025-02-01-00530,6.2,Strong Manual Review Candidate,True,Research First,False,"The only cited development (Meta Tulsa Data Center at Fair Oaks Innovation Park) has no clear geographic or neighborhood overlap with this parcel, so it does not currently enhance this property’s priority.","The parcel at 518 E 57 PL N in Tulsa is a residential improved (R IMP) lot in the City of Tulsa, with a bid cost of 5,432.12 and high extraction confidence. Address quality and property clarity are strong, and the rule-based system assigns a 6.2 score and labels it a Strong Manual Review Candidate. However, the matched Meta data center project has no clear street, corridor, neighborhood, or ZIP overlap, so development-driven upside is low and not a reason to upgrade its priority beyond rule-based scoring.","Unknown ZIP code; no confirmed surrounding value or crime risk data; development upside not clearly supported by current intelligence; reliance on tax auction data only with no condition, occupancy, or structure details beyond R IMP classification.",ZIP code; property condition and age; current use and occupancy; detailed structure characteristics; surrounding neighborhood value indicators; any liens or additional encumbrances beyond the tax auction context.,"Verify the exact ZIP and map the parcel within Tulsa to confirm neighborhood context, then obtain county/municipal records or imagery to assess structure condition, occupancy, and surrounding residential values before bidding.",High
07225-02-13-00060,6.2,Strong Manual Review Candidate,True,Research First,False,"The only cited project is the Meta Tulsa Data Center at Fair Oaks Innovation Park, which has no clear street, neighborhood, or ZIP overlap with this parcel; development signal is explicitly Low.","The parcel at 3936 N LANSING PL E (LT 5 BLK 1, CITY OF TULSA, CAWILL ADDN RESUB PRT B8-10 CHANDLER FRATES) is classified as R IMP, indicating an improved residential property. The bid cost of 5,434.28 is relatively low for an improved residential lot, and the address and legal description are clear, supporting practical follow‑up. Rule-based scoring (6.2) already tags it as a Strong Manual Review Candidate, driven by complete address data, strong property clarity, and high data confidence. However, the ZIP is unknown, surrounding value and crime risk are unknown, and the only referenced development (Meta data center) has no clear geographic match, so there is no confirmed external upside from nearby major investment.",Unknown ZIP and neighborhood context; no quantified surrounding value or crime risk; no clear overlap with the cited Meta/Fair Oaks development; ownership details not specified beyond 'Unknown'; development upside not clearly supported by the provided intelligence.,Exact ZIP code and neighborhood context; current condition and occupancy status of the residential improvement; any code violations or liens beyond the tax issue; surrounding property values and market activity; crime and nuisance indicators; confirmation of utilities and access.,"Manually confirm the precise location and ZIP, then pull local assessor and code-enforcement records for 3936 N LANSING PL E to verify structure type, condition, occupancy, and any additional liens or violations before assigning a final investment rating.",High
37800-93-02-09000,6.2,Strong Manual Review Candidate,True,Research First,False,"Meta Tulsa Data Center at Fair Oaks Innovation Park shows high investment momentum in East Tulsa, but there is no street, corridor, neighborhood, or ZIP overlap with this parcel, so it does not materially raise this property’s priority.","The parcel at 6535 E 5 ST S in Tulsa is a residential improved property (R HS IMP) with a relatively low bid cost of 5,443.44 and high extraction/data confidence. Address and legal description (LT 20 BLK 4, CITY OF TULSA, SHERIDAN HILLS) are clear, supporting further review. However, the development intelligence has no clear match to this location, ZIP is unknown, and surrounding value and crime risk are unknown, so the asset cannot be treated as a clear Good Investment from this data alone.",ZIP code unknown; no quantified surrounding value signal; crime risk unknown; development upside not clearly supported by the cited Meta/Fair Oaks project; owner listed as Unknown may complicate title or notification research.,Exact ZIP code; confirmation of current physical condition of improvements; neighborhood value context and rental/sales comparables; crime and code enforcement history; any liens or encumbrances beyond the tax delinquency.,"Verify parcel location and ZIP via county GIS, then pull neighborhood sales/rent comps and code enforcement records for Sheridan Hills to assess surrounding value and property condition risk before bidding.",High
27300-93-14-10790,6.2,Strong Manual Review Candidate,True,Research First,False,"The only cited project (Meta Tulsa Data Center at Fair Oaks Innovation Park) has no clear street, corridor, neighborhood, or ZIP overlap with this parcel, so development upside cannot be reliably linked.","The parcel at 7610 E 21 ST S in Tulsa is a residential improved property (R HS IMP) with a relatively low bid cost of 5,444.74 and high extraction confidence. Address and legal description (LT 6 BLK 1, MICHAEL HGTS ADDN, CITY OF TULSA) are clear, supporting usability and making it suitable for deeper review. However, the ZIP is unknown and there is no confirmed overlap with the nearby Meta/Fair Oaks development, so broader value uplift is uncertain. These factors align with the rule-based score of 6.2 and the system classification as a Strong Manual Review Candidate rather than a clearly good or bad investment.","Unknown ZIP and precise neighborhood context; no verified development or surrounding value signal; development match explicitly flagged as No Clear Match; potential that residential improvements may be in poor condition or encumbered, which is not described in the data.",Exact ZIP code and neighborhood context; condition and occupancy status of the residential improvements; any liens or code violations; current market value or comparable sales in MICHAEL HGTS ADDN; confirmation of proximity (or lack thereof) to the Fair Oaks Innovation Park area.,"Manually map the parcel using the legal description and address to confirm neighborhood and ZIP, then pull recent comparable sales and rent data for MICHAEL HGTS ADDN and verify property condition, occupancy, and any liens or code issues before bidding.",High
38200-92-26-00840,6.2,Strong Manual Review Candidate,True,Research First,False,Meta Tulsa Data Center at Fair Oaks Innovation Park has no clear geographic overlap with this parcel; development signal is explicitly Low despite high-profile investment elsewhere in East Tulsa.,"The parcel at 4629 S UNION AV W is a residential improvement (R IMP) with a complete address and high data confidence. The bid cost of 5,454.78 is moderate for an improved residential property and the rule-based system already flags it as a Strong Manual Review Candidate. However, the ZIP is unknown, surrounding value and crime risk are unknown, and there is no clear match to the cited Meta/Fair Oaks development, so upside from nearby investment cannot be assumed.","Unknown ZIP code; no surrounding value data; crime risk unknown; no confirmed benefit from major development; physical condition, occupancy status, and title issues are not provided.",Exact ZIP code; neighborhood and surrounding property values; property condition and occupancy; detailed legal description beyond LT 2 BLK 1 SHROFF SUB; any liens or encumbrances beyond tax status; local crime and rental/owner-occupancy context.,"Confirm the precise location and ZIP, then pull local sales and rent comps for SHROFF SUB and nearby blocks, and verify current structure condition and occupancy to determine whether the moderate bid cost is justified relative to likely resale or rental value.",High
76925-94-19-48280,6.2,Strong Manual Review Candidate,True,Research First,False,"The only cited project is the Meta Tulsa Data Center at Fair Oaks Innovation Park, which has no clear street, neighborhood, or ZIP overlap with this parcel; development signal is explicitly Low.","The parcel at 3712 S 109 AV E in Tulsa is a residential improvement (R IMP) lot in Shannon Park Sixth with a bid cost of 5,467.19 and high extraction confidence. Address and legal description are clear, and rule-based scoring (6.2) classifies it as a Strong Manual Review Candidate. However, the matched Meta data center project has no clear geographic overlap, so development-driven upside is uncertain and the development signal is Low.",Unknown ZIP code; no confirmed surrounding value or crime risk data; development upside not clearly supported due to lack of overlap with the Meta/Fair Oaks Innovation Park project; owner listed as Unknown may complicate title or notification; limited context on property condition despite R IMP designation.,"Exact ZIP code; neighborhood and surrounding value context; property condition and occupancy status; lot size and structure details; confirmation of proximity, if any, to the Fair Oaks Innovation Park area; title status and any additional liens beyond the tax obligation.","Verify parcel location and ZIP in county GIS, confirm structure presence and condition for this R IMP lot in Shannon Park Sixth, and pull title and lien information to assess encumbrances before considering a bid around 5,467.19.",High
23850-93-15-11970,6.2,Strong Manual Review Candidate,True,Research First,False,No clear geographic overlap with the Meta Tulsa Data Center at Fair Oaks Innovation Park; development signal is explicitly low despite strong industrial investment elsewhere in East Tulsa.,"The parcel at 4999 E 26 ST S in the City of Tulsa is classified as R HS IMP (residential with improvements) in the Lortondale Addition, with a bid cost of 5479.42 and high extraction confidence. Address and parcel data are clear, and rule-based scoring (6.2) already categorizes it as a Strong Manual Review Candidate. However, the matched development (Meta data center at Fair Oaks Innovation Park) has no street, corridor, neighborhood, or ZIP overlap, so it does not materially raise this parcel’s priority beyond confirming general East Tulsa investment momentum.",Unknown ZIP code; no confirmed surrounding value or crime risk data; development upside not clearly supported due to lack of overlap with the Meta/Fair Oaks project; property condition and occupancy status are unknown despite being marked as improved; potential for hidden liens or title complications typical of tax auction properties.,"Exact ZIP code; detailed neighborhood and surrounding property values; current structure condition and habitability; occupancy status; any code enforcement or nuisance issues; title and lien status beyond tax delinquency; confirmation of proximity, if any, to other public or private investments not listed here.","Manually confirm the parcel’s exact location and ZIP, pull county assessor and code enforcement records for structure details and violations, and review recent sales or assessed values in the Lortondale Addition to benchmark the 5,479.42 bid against likely resale or rental potential.",High
74735-84-06-61950,7.2,Strong Manual Review Candidate,True,Research First,False,"The only cited project is the Meta Tulsa Data Center at Fair Oaks Innovation Park, which has no clear street, corridor, neighborhood, or ZIP overlap with this parcel; development signal is explicitly Low.","The parcel at 6623 S 107 AV E in Tulsa is classified as R HS IMP (residential with improvements) with a bid cost of 5,491.99 and a clear legal description (LT 26 BLK 2, CITY OF TULSA, BEDFORD, THE). Address quality and property clarity are strong, and data confidence is High, which supports further review despite the unknown ZIP. Rule-based scoring (6.2) already tags it as a Strong Manual Review Candidate. There is no confirmed development overlap with the Meta data center project, so development upside is uncertain, but the relatively modest bid for an improved residential lot in the City of Tulsa justifies manual underwriting.","ZIP code is unknown; no clear evidence of surrounding value or comparable area performance; development intelligence does not show a direct or nearby match, limiting confidence in appreciation from the cited Meta project; owner name is unknown, which may complicate title and notification steps.","Exact ZIP code; details on existing improvements (structure size, condition, occupancy); zoning specifics beyond R HS IMP label; confirmation of utilities and access; any liens or encumbrances beyond tax delinquency; neighborhood crime and value trends.","Verify parcel location and ZIP via county GIS, then pull assessor records to confirm structure details, zoning, and any additional liens or code issues before assigning a final bid ceiling.",High
57320-14-33-14860,8.5,Strong Manual Review Candidate,True,Research First,True,"Strong Match to Meta Tulsa Data Center at Fair Oaks Innovation Park with high investment signal and noted positive surrounding value, indicating potential uplift from major industrial/data center development and related infrastructure improvements.","Parcel 57320-14-33-14860 at 7536 N 145 AV E is a residential improved property (R HS IMP) consisting of two lots (9 & 10, Block 1, Prairie View Acres) with a stated value indicator of 111,232 and a bid cost of 5,515.42. Address quality and property clarity are strong, and rule-based scoring (8.0) categorizes it as a Strong Manual Review Candidate. Development intelligence shows a High-strength, Strong Match to the Meta Tulsa Data Center at Fair Oaks Innovation Park in East Tulsa, with over $1 billion in investment and more than $25 million in local infrastructure improvements, and the surrounding value signal is Positive. The combination of modest bid, clear legal description, and strong nearby industrial/data center development momentum justifies elevated priority for manual review, even though ZIP and some location specifics are missing.","ZIP code and precise city are unknown, limiting clarity on exact micro-location and jurisdictional factors; property type is residential with a mobile home explicitly excluded (MH NOT INCLUDED), so existing improvements may be limited or non-conforming; reliance on corridor-level development match (TULSA) may overstate direct proximity benefits; crime risk is unknown; ownership details are incomplete (Owner Name: Unknown), which may complicate title research.","Exact ZIP code and city; detailed site characteristics (lot size, utilities, access, zoning specifics); condition and nature of the residential improvements; confirmation of actual distance and access to Fair Oaks Innovation Park and the Meta data center; any code violations or liens beyond the tax issue; current occupancy status.","Verify precise location and zoning by pulling county GIS and assessor records for Prairie View Acres Lots 9 & 10, Block 1, and confirm the parcel’s distance and access routes to Fair Oaks Innovation Park/Meta Tulsa Data Center; then obtain assessor improvement details and recent sales/assessed values to validate the indicated 111,232 value against the 5,515.42 bid level.",High
11575-03-35-03730,6.2,Mid Investment,True,Research First,False,Meta Tulsa Data Center at Fair Oaks Innovation Park has no clear geographic overlap with this parcel; development signal is Low despite high project investment.,"The parcel at 7350 E NEWTON ST N in Tulsa has a clear address, defined lot and block in the Dollie-Mac Addition, and a relatively modest bid cost of 5,516.78, supporting preliminary interest. Rule-based scoring of 6.2 and Mid Investment category reflect some upside potential but with notable uncertainty, including unknown ZIP and no confirmed surrounding value data. Development intelligence for the Meta Tulsa Data Center shows strong citywide industrial momentum but no direct match to this location, so it does not materially upgrade the parcel’s priority. Overall, the combination of usable property data, low-to-moderate bid, and high data confidence justifies manual review.",ZIP code is unknown; no clear evidence of nearby development or surrounding value; development match to Fair Oaks Innovation Park is non-overlapping; owner name is unknown; crime and neighborhood quality are not provided.,Exact ZIP code; neighborhood and surrounding property values; current structure condition for this R IMP parcel; occupancy status; code enforcement or lien history; crime and school context; any local infrastructure or commercial projects specifically near 7350 E NEWTON ST N.,"Confirm parcel location and ZIP in county GIS, then pull recent sales and assessed values for Dollie-Mac Addition and adjacent blocks to gauge land and improvement value relative to the 5,516.78 bid, and check county records for structure condition, code violations, and any additional liens.",High
07415-94-07-29470,6.2,Mid Investment,True,Research First,False,Meta Tulsa Data Center at Fair Oaks Innovation Park has no clear geographic overlap with this parcel; development signal is explicitly Low despite high-level industrial momentum in East Tulsa.,"Residential improvement parcel at 1441 S 112 AV E in Tulsa with clear legal description (LT 15 BLK 4, CITY OF TULSA, CENTURY 21 EAST EXT RESUB PRT PHEASANT RUN) and high extraction confidence. Bid cost of 5,517.44 is moderate for a residential-improved tax auction property, and address/parcel data quality is strong. Rule-based system assigns a 6.2 Mid Investment score, but ZIP and surrounding value are unknown and there is no confirmed development overlap, so the asset merits manual review rather than a strong automated endorsement.",ZIP code and surrounding value context are unknown; no clear overlap with the cited Meta/Fair Oaks development; crime risk is unknown; current owner name is unknown; bid may be high relative to uncertainty about neighborhood quality and existing structure condition.,Exact ZIP code; neighborhood and surrounding property values; condition and type of the residential improvement; occupancy status; any code violations or liens beyond taxes; proximity to employment centers or corridors; confirmation of distance from Fair Oaks Innovation Park.,"Manually map the parcel to confirm ZIP, neighborhood, and proximity to major corridors; pull county assessor and code-enforcement records to verify structure type, square footage, condition, and any additional liens; compare bid cost of 5,517.44 to recent nearby sales and assessed values to validate pricing.",High
35725-93-31-08440,6.2,Mid Investment,True,Research First,False,No Clear Match to the cited Meta Tulsa Data Center / Fair Oaks Innovation Park project; development signal is Low despite high-level citywide momentum.,"The parcel at 5737 S QUINCY AV E in Tulsa has a complete address, clear residential improvement (R IMP) classification, and a defined legal description (LOT-11-BLK-2, RIVERVIEW ACRES ADDN, City of Tulsa). The bid cost of 5,526.11 is moderate for a property with improvements, and data confidence is High. However, the ZIP code and surrounding value context are unknown, and there is no clear geographic overlap with the major Meta/Fair Oaks development, so direct development upside is not supported. These factors place the property in a Mid Investment category but make it a Strong Manual Review Candidate due to usable data and moderate entry cost.",Unknown ZIP and surrounding value; no clear development overlap with the Meta/Fair Oaks project; crime risk and neighborhood quality are unknown; only basic improvement information (R IMP) is available without detail on structure condition or use.,"ZIP code; details on the residential improvement (size, age, condition, occupancy); neighborhood and surrounding property values; crime and code enforcement history; any liens or encumbrances beyond tax status; zoning specifics within RIVERVIEW ACRES ADDN.",Confirm exact ZIP and map the parcel within RIVERVIEW ACRES ADDN; pull county assessor records for structure details and recent valuations; review neighborhood comparables and any nearby public/private projects not captured in the current development match; verify title status and any non-tax liens before bidding.,High
16375-93-03-04910,6.2,Mid Investment,True,Research First,False,Meta Tulsa Data Center at Fair Oaks Innovation Park has no clear geographic overlap with this parcel; development signal is explicitly Low despite high-level industrial momentum in East Tulsa.,"The parcel at 574 S MAPLEWOOD AV E in Tulsa has a complete address, clear legal description (LT 3 BLK 2, CITY OF TULSA, GLENHAVEN & GLENHAVEN AMD RESUB), and high extraction confidence, which supports basic usability. The bid cost of 5,550.11 is moderate for a residential improvement (R IMP) asset, aligning with the rule-based Mid Investment score of 6.2. However, the ZIP code and surrounding value context are unknown, and there is no confirmed overlap with the major Meta/Fair Oaks development, so broader upside is not clearly supported. These factors justify manual review but not a Good Investment classification at this stage.",Unknown ZIP and surrounding value context; no clear development overlap with the Meta data center project; crime risk and neighborhood conditions are unknown; owner listed as Unknown may complicate title or notification history; bid level is not trivial given these uncertainties.,Exact ZIP code; neighborhood and surrounding property values; current condition and occupancy of the residential improvement; zoning confirmation; any code violations or liens beyond taxes; proximity to employment centers or corridors; crime and school context.,"Verify the precise location and ZIP, then pull local assessor and GIS data to confirm structure details, zoning, and nearby sales; check county records for additional liens or code issues; and map the parcel relative to known growth corridors in Tulsa to validate whether the moderate bid is justified.",Medium
40325-94-17-06480,6.2,Mid Investment,True,Research First,False,Meta Tulsa Data Center at Fair Oaks Innovation Park has no clear geographic overlap with this parcel; development signal is explicitly Low despite high-level industrial momentum in East Tulsa.,"Residential improved parcel (LT 25 BLK 3, STACEY LYNN ADDN, City of Tulsa) with complete address and strong property clarity, offered at a moderate bid cost of 5,632.77. Rule-based score of 6.2 places it in a mid-tier investment category. Data confidence is high, but ZIP and surrounding value context are unknown, and there is no clear match to the cited major development area, limiting confirmed upside. These factors justify manual review rather than outright rejection.",Unknown ZIP and surrounding value; no clear overlap with the major Meta/Fair Oaks development; development signal rated Low; crime risk and neighborhood quality unknown; residential condition and occupancy status not provided.,Exact ZIP code; neighborhood and surrounding value indicators; property condition and age; occupancy/tenancy status; any code enforcement or lien issues beyond taxes; more precise location context relative to major Tulsa submarkets.,"Manually map the parcel to confirm ZIP, neighborhood, and proximity to employment centers; pull county assessor records for structure details and market value; check for additional liens or code violations; and compare the bid cost of 5,632.77 to assessed value and recent nearby sales to validate risk-adjusted upside.",High
19275-03-34-02810,5.8,Mid Investment,True,Research First,False,"The only cited development is the Meta Tulsa Data Center at Fair Oaks Innovation Park, which has no clear street, neighborhood, or ZIP overlap with this parcel; development signal is explicitly Low and match strength is No Clear Match.","The parcel at 4925 E OKLAHOMA ST N in Tulsa is a residential improvement (R IMP) lot in HOMESTEAD ADDN with a relatively low bid cost of 5,644.76 and strong property/address clarity. Rule-based scoring places it in a Mid Investment category, with data confidence High. However, the ZIP is unknown and there is no confirmed overlap with the major Meta/Fair Oaks development, so broader upside from that project is uncertain. These factors support manual review rather than outright rejection.","Unknown ZIP and surrounding value context; no clear development overlap with the Meta/Fair Oaks project; limited detail on the nature and condition of the residential improvement; owner listed as Unknown, which may complicate title or occupancy assessment.","Exact ZIP code; confirmation of structure type, condition, and occupancy; neighborhood-level value indicators; proximity to the Fair Oaks Innovation Park and other infrastructure; any code violations or liens beyond the tax issue.","Verify the precise location and ZIP, then pull parcel and aerial data to confirm existing improvements, neighborhood context, and distance to the Fair Oaks Innovation Park; follow with a title and lien check to clarify ownership and encumbrances.",Medium
44325-03-36-04310,6.2,Mid Investment,True,Research First,False,Meta Tulsa Data Center at Fair Oaks Innovation Park has no clear geographic overlap with this parcel; development signal is explicitly Low despite high-level industrial momentum in East Tulsa.,"The parcel at 9541 E NEWTON PL N in the City of Tulsa has a complete address, clear residential improvement classification (R IMP), and a specific legal description (LOT 15 BLK 6 VAN ACRES ADDN AMD), indicating strong property clarity. The bid cost of 5,659.43 is moderate for a residential-improved tax auction asset, supporting potential value relative to cost. However, the ZIP code is unknown, surrounding value and crime risk are unknown, and there is no clear match to the nearby Meta/Fair Oaks development, limiting confidence in upside from external investment. Overall rule-based score of 6.2 and Mid Investment category suggest it merits deeper manual review but not a high-conviction rating.",Unknown ZIP and surrounding value; no clear development overlap with the Meta data center project; crime risk estimate unknown; owner listed as Unknown; limited context on structure condition or occupancy despite R IMP classification.,Exact ZIP code; neighborhood and surrounding property values; condition and age of the residential improvement; occupancy status; code enforcement or nuisance history; detailed proximity to major corridors or employment centers; any liens or encumbrances beyond the tax delinquency.,"Confirm exact location and ZIP, then pull local comparables and aerial/street imagery to assess structure condition and neighborhood context; verify any additional liens or title complications and check city records for code violations or demolition orders.",Medium
15875-02-25-09420,6.2,Mid Investment,True,Research First,False,Meta Tulsa Data Center at Fair Oaks Innovation Park has no clear geographic overlap with this parcel; development signal is explicitly Low with No Clear Match.,"Parcel 15875-02-25-09420 at 2431 N LANSING AV E is a residential improvement (R IMP) in the City of Tulsa with a complete address and high extraction confidence. The bid cost of 5,709.25 is moderate for a residential-improved tax auction asset, and rule-based scoring places it in a Mid Investment category. However, the ZIP code and surrounding value context are unknown, and there is no confirmed overlap with the cited Meta/Fair Oaks development, so broader upside from nearby investment is not supported by the data provided. These factors justify manual review but not a Good Investment classification at this stage.",Unknown ZIP and surrounding value; no clear development overlap or documented external upside; crime risk estimate unknown; owner listed as Unknown; only partial legal description detail (S 51.12 LT 4 BLK 1) without lot dimensions or structure specifics.,"ZIP code; details on existing improvements (structure condition, size, use); neighborhood and surrounding property values; crime and code enforcement history; occupancy status; any liens or encumbrances beyond tax delinquency.","Manually verify parcel location and ZIP, confirm the nature and condition of the residential improvement (site visit or recent imagery), and check local records for liens, code violations, and neighborhood value indicators before bidding.",High
04125-93-14-02940,6.2,Mid Investment,True,Research First,False,Meta Tulsa Data Center at Fair Oaks Innovation Park has no clear geographic overlap with this parcel; development signal is explicitly Low despite high-level industrial momentum in East Tulsa.,"The parcel at 6743 E 26 PL S in Tulsa is a residential improved property (R HS IMP) with a relatively modest bid cost of 5,717.55 and a clear legal description in Boman Acres 3rd Addition. Address and parcel data quality are strong, and extraction confidence is high. However, the ZIP code and surrounding value context are unknown, and there is no clear match to the cited Meta/Fair Oaks development, limiting confirmed upside. These factors support a Mid Investment classification but warrant manual review due to low entry cost and clear residential improvement status.","Unknown ZIP and surrounding value; no clear development overlap with the Meta/Fair Oaks project; crime risk and neighborhood quality are unknown; residential improvement condition and occupancy status are not provided; market value beyond the raw auction text (9,800) is not independently verified.",Exact ZIP code; current structure condition and habitability; occupancy/tenant status; detailed neighborhood and crime context; recent comparable sales or assessed market value; any code violations or liens beyond tax delinquency.,"Confirm the precise ZIP and map the parcel within Tulsa to evaluate neighborhood context, then verify current structure condition and occupancy status through local records or a drive-by inspection before bidding.",High
17925-92-04-03240,6.2,Mid Investment,True,Research First,False,Meta Tulsa Data Center at Fair Oaks Innovation Park has no clear geographic overlap with this parcel; development signal is explicitly Low with No Clear Match.,"Residential improved parcel at 319 S 43 AV W in the City of Tulsa with clear legal description (LOT 17 BLK 2 HAYDEN-LEWIS ADDN) and high extraction confidence. Bid cost of 5,748.75 is moderate for an improved residential property, and address/parcel data quality is strong. However, ZIP is unknown, surrounding value and crime risk are unknown, and there is no confirmed linkage to the cited East Tulsa data center development. These factors support a mid-tier investment profile that warrants manual review rather than immediate prioritization.",Unknown ZIP code and neighborhood context; surrounding value signal is Unknown; crime risk estimate is Unknown; no clear development overlap to support appreciation thesis; owner name listed as Unknown may indicate title or records complexity.,Exact ZIP code and neighborhood context; current physical condition of the improvement; occupancy status; detailed surrounding property values and market comps; crime and nuisance profile; any code violations or liens beyond the tax issue; access and utilities confirmation.,"Manually confirm parcel location and ZIP in county GIS, then pull neighborhood comps and recent sales for Hayden-Lewis Addn; verify structure type and condition via street-level imagery or site visit; check county records for additional liens or code issues; assess rent or resale potential relative to the 5,748.75 bid level.",High
49850-92-28-05460,6.2,Mid Investment,True,Research First,False,Meta Tulsa Data Center at Fair Oaks Innovation Park has no clear geographic overlap with this parcel; development signal is explicitly Low despite high-level city investment momentum.,"The parcel at 4109 S 34 AV W in Tulsa is a residential improvement (R IMP) with a moderate bid cost of 5,750.75 and strong property clarity and address quality. Rule-based scoring places it in the mid investment range, with no major data quality issues but an unknown ZIP and no confirmed surrounding value or crime context. Development intelligence references a large Meta data center project in East Tulsa, but there is no street, neighborhood, or ZIP overlap, so it does not materially raise this parcel’s priority. Overall, the combination of a usable address, clear residential classification, and moderate bid cost justifies manual review, but missing location detail and weak development linkage prevent a higher rating.","ZIP and precise neighborhood context are unknown; no clear development overlap or surrounding value signal; crime risk is unknown; owner name is unknown; residential improvement details (structure condition, size, occupancy, access, utilities) are not provided.","Exact ZIP code and neighborhood; physical condition and size of improvements; current occupancy and any structures on lots 20 and 21, block 13; access, utilities, and zoning specifics; comparable property values and tax/assessment history; any code violations or liens beyond the tax auction.","Confirm the exact location and ZIP for 4109 S 34 AV W, then pull county records for structure details, zoning, and any code or lien history to assess whether the residential improvements and land justify the 5,750.75 bid in the absence of clear nearby development catalysts.",High
31125-92-27-17320,6.2,Mid Investment,True,Research First,False,No Clear Match to the cited Meta Tulsa Data Center / Fair Oaks Innovation Park project; development signal explicitly rated Low.,"Parcel 31125-92-27-17320 at 4107 S SOUTHWEST BV W in Tulsa has a moderate bid cost of 5,774.08 and is classified as C IMP, indicating a commercial improvement with relatively clear property data and a complete address. Rule-based scoring places it at 6.2 (Mid Investment), with strong property clarity and high data confidence but unknown ZIP and surrounding value. Development intelligence references a large Meta data center project in East Tulsa (Fair Oaks Innovation Park), but there is no street, corridor, neighborhood, or ZIP overlap, so it does not materially raise this parcel’s priority. Overall, the low-to-moderate bid and clear commercial nature justify manual review despite limited information on neighborhood value and crime.",ZIP and surrounding value are unknown; no clear overlap with major development activity; crime risk is unknown; commercial use (C IMP) may involve specialized structures or zoning constraints that are not detailed; legal description is partial and may require survey/title clarification.,Exact ZIP code; neighborhood and corridor context; current use and condition of the commercial improvement; zoning specifics and allowable uses; surrounding property values and market demand; environmental or code enforcement issues; detailed legal description and title status beyond the abbreviated text.,"Confirm exact location and ZIP, pull zoning and permitted uses for the C IMP classification, obtain recent imagery or on-site photos to assess structure condition, and review county records for code violations or environmental issues; then compare assessed/market value to the 5,774.08 bid to validate risk-adjusted upside.",High
98225-82-25-36030,6.2,Mid Investment,True,Research First,False,Matched development (Meta Tulsa Data Center at Fair Oaks Innovation Park) has no clear geographic overlap with this Jenks parcel; development signal is Low despite high investment at the cited site.,"The parcel at 10607 S ELWOOD AV W in the City of Jenks has a complete address, clear legal description, and is classified as R IMP, indicating an improved residential property. The bid cost of 5,782.95 is relatively modest for an improved parcel, and data confidence is High. However, the ZIP is unknown and there is no confirmed surrounding value or crime data. Development intelligence references a large Meta data center project in East Tulsa with no clear match to this location, so it does not materially raise this parcel’s priority. Overall, the combination of low bid, usable address/parcel data, and improved status justifies manual review, but missing context on neighborhood value and condition keeps it in the Mid Investment category.",Unknown ZIP and surrounding value; no clear development overlap to support appreciation; property condition and occupancy status are unknown; crime risk is unknown; legal description suggests a non-standard shaped tract that may complicate access or future use.,ZIP code; neighborhood and surrounding property values; on-the-ground condition of improvements; access details and utilities; zoning specifics within Jenks; any code violations or liens beyond the tax issue; crime and school context.,"Verify exact location and parcel shape in county GIS for access and utility availability, then pull recent sales and assessed values for nearby properties in Jenks to gauge value relative to the 5,782.95 bid; confirm zoning and any city of Jenks restrictions or liens on this R IMP parcel.",High
04125-93-14-02930,6.2,Mid Investment,True,Research First,False,Meta Tulsa Data Center at Fair Oaks Innovation Park has no clear geographic overlap with this parcel; development signal is explicitly Low despite high-level industrial momentum in East Tulsa.,"Residential improvement parcel at 6747 E 26 PL S in Tulsa with clear legal description and high extraction confidence. Bid cost of 5,785.69 is moderate for a residential-improved tax auction asset, and address/parcel data quality is strong. However, ZIP and surrounding value context are unknown, and the matched Meta data center project has no street, corridor, neighborhood, or ZIP overlap, so development upside is not clearly supported. Overall rule-based score of 6.2 and Mid Investment classification justify manual review but not a Good Investment rating at this stage.","Unknown ZIP and surrounding value; no clear development overlap with the cited Meta data center project; crime risk and neighborhood quality unknown; only basic valuation signal from bid cost (9,940 value reference in raw text) with no corroborating market data; owner listed as Unknown, which may complicate title or notification history.",Exact ZIP code; neighborhood and surrounding property values; condition of the residential improvement; confirmation of current occupancy or structures; any code violations or liens beyond the tax issue; proximity to employment centers or schools; crime and blight indicators.,"Confirm parcel location and ZIP in county GIS, then pull recent comparable sales and rent levels for Boman Acres 3rd Addn area to gauge whether the 5,785.69 bid is discounted relative to land and improvement value; verify structure type and condition via street imagery or site visit; check county records for additional liens or code issues.",High
12375-92-04-01560,6.2,Mid Investment,True,Research First,False,Meta Tulsa Data Center at Fair Oaks Innovation Park has no clear geographic overlap with this parcel; development signal is explicitly Low despite high project significance.,"The parcel at 530 N 42 AV W in Tulsa is a residential improvement (R IMP) with a moderate bid cost of 5,786.08 and strong property clarity and address quality. Rule-based scoring is 6.2 (Mid Investment), and data confidence is High. However, the ZIP code and surrounding value context are unknown, and there is no clear development overlap with the cited Meta data center project, limiting confirmed upside. These factors, combined with a manageable bid level and clear legal description (LT 2 BLK 1 CITY OF TULSA, EDISON ROAD 2ND ADDN), justify manual review but not a Good Investment classification at this stage.","Unknown ZIP and surrounding value; no confirmed nearby public/private investment activity; development signal explicitly Low; crime risk unknown; owner listed as Unknown, which may complicate title or notification history.",Exact ZIP code; neighborhood and surrounding property values; condition of existing residential improvements; local crime and code enforcement history; any liens or encumbrances beyond tax delinquency; proximity to employment centers or amenities.,"Verify parcel location and ZIP, then pull local comps and neighborhood data for Edison Road 2nd Addition; confirm structure type and condition for this R IMP parcel via county records or site inspection; check for additional liens or legal issues before prioritizing bidding strategy.",High
62250-91-22-02240,6.2,Mid Investment,True,Research First,False,Meta Tulsa Data Center at Fair Oaks Innovation Park has no clear geographic overlap with this Sand Springs parcel; development signal is explicitly Low despite high project investment.,"Parcel 62250-91-22-02240 at 313 W 40 PL S in Sand Springs is a residential improved property (R HS IMP) in the River View Gardens Addition with a complete address and high extraction confidence. The bid cost of 5,795.03 is moderate for an improved residential parcel, and rule-based scoring (6.2) places it in a mid investment range. However, the ZIP code and surrounding value context are unknown, and there is no clear development overlap with the cited Meta data center project, limiting confirmed upside. These factors support a mid-tier investment classification but justify manual review due to the relatively modest bid and clear parcel data.",Unknown ZIP and surrounding value; no clear supporting development or infrastructure investment nearby; development signal explicitly Low; crime risk estimate unknown; upside not clearly supported beyond basic residential improvement status.,"Exact ZIP code; detailed property characteristics (structure size, condition, year built, occupancy); neighborhood and surrounding value data; local market comps; zoning confirmation; tax/assessment history; any liens or code violations.","Confirm the precise ZIP and map the parcel within Sand Springs to assess neighborhood quality and surrounding property values, then pull county assessor records for structure details, condition, and recent assessments to determine whether the 5,795.03 bid is attractive relative to likely resale or rental value.",High
04375-92-12-00740,5.2,Mid Investment,True,Research First,False,Meta Tulsa Data Center at Fair Oaks Innovation Park has no clear geographic overlap with this parcel; development signal is explicitly Low.,"Parcel 04375-92-12-00740 on S BOSTON AV E in the City of Tulsa has a moderate bid cost of 5,807.41 and a clear basic legal description (LT 22 BLK 1, BOSTON ADDN, CITY OF TULSA). Address quality is partial and ZIP is unknown, but the parcel appears to be a standard city lot rather than an obviously unusable remnant. Rule-based scoring (4.8, Mid Investment) and Medium data confidence support preliminary interest but not a Good Investment classification. The lack of confirmed surrounding value data and no clear match to the cited Meta/Fair Oaks development keep the upside uncertain, yet the manageable bid level and usable legal description justify manual review.","ZIP code and precise location within Tulsa are unknown; address is incomplete (no street number, only S BOSTON AV E). Development intelligence does not show clear overlap with major new investment areas, limiting confirmed upside. Surrounding value and crime risk are unknown. Owner name is listed as Unknown, which may signal title or data issues. Overall data confidence is only Medium.",Exact street number and ZIP code; parcel map and dimensions; current zoning and allowed uses for Property Type C; confirmation of land-only vs. improvements; recent assessed value and any structures or condition details; verification of any liens or encumbrances beyond tax delinquency; neighborhood-level comps or surrounding property values; crime and school context for the immediate area.,"Use the parcel ID and legal description (LT 22 BLK 1, BOSTON ADDN, CITY OF TULSA) to pull the county GIS map, confirm the exact location and lot size, and verify zoning and any existing structures. Then compare the 5,807.41 bid cost to assessed value and nearby sale prices to determine whether the risk-adjusted price is acceptable given the lack of clear development tailwinds.",Medium
27325-93-14-12410,6.2,Mid Investment,True,Research First,False,No Clear Match to the Meta Tulsa Data Center / Fair Oaks Innovation Park; development signal explicitly rated Low despite high-profile project elsewhere in East Tulsa.,"Bid cost is relatively low at 5829.41 with high extraction confidence and a complete street address, and the property type is clearly identified as C IMP (commercial improvement), which supports potential value. However, the ZIP code is unknown, the legal description is partial and requires plat verification, and the development intelligence has no clear geographic overlap with the cited Meta data center project, so broader upside from that investment is uncertain. Overall signals place this in the Mid Investment range but with enough clarity and low bid to justify manual review.",Unknown ZIP and incomplete locational context; legal description is abbreviated and needs confirmation against county records; no confirmed surrounding value or crime data; development upside not clearly supported due to lack of overlap with the Meta/Fair Oaks project; commercial use may entail higher rehab or compliance costs that cannot be evaluated from current data.,"Exact ZIP code; full legal description and plat/block verification; confirmation of current use and condition of the commercial improvement; surrounding property values and land use context; any code enforcement, liens, or environmental issues; proximity to actual East Tulsa growth corridors versus the Fair Oaks Innovation Park area.","Pull the full parcel record and plat map from Tulsa County to confirm the precise boundaries and zoning of 7924 E 21 ST S, then verify current structure condition and occupancy status via county records or site imagery before assessing comparable commercial values along E 21st Street.",High
98402-84-02-01880,6.2,Mid Investment,True,Research First,False,"No street, corridor, neighborhood, or ZIP overlap found",AI review failed validation; fallback rule-based review used.,ZIP unknown; development upside not clearly supported; no clear development overlap,reasoning_summary not grounded enough,"Drive-by, title review, and neighborhood verification",High
25050-03-34-06390,6.2,Mid Investment,True,Research First,False,No Clear Match to the Meta Tulsa Data Center at Fair Oaks Innovation Park; development signal explicitly rated Low despite high-profile project elsewhere in East Tulsa.,"Parcel 25050-03-34-06390 at 5929 E KING ST N in Tulsa is a residential improvement (R IMP) lot in the Maplewood Addition with a complete address and strong property clarity. The bid cost is relatively modest at 5,882.74, and rule-based scoring places it in a Mid Investment category with a 6.2 score. However, the ZIP is unknown and surrounding value and crime risk are unknown, limiting certainty. Development intelligence references a large Meta data center project at Fair Oaks Innovation Park, but there is no street, corridor, neighborhood, or ZIP overlap, and the development signal is explicitly Low, so it does not materially upgrade this parcel’s priority. Overall, the combination of low bid, clear residential classification, and solid data quality makes it a strong candidate for manual review, but not a clearly strong investment without further checks.",Unknown ZIP code; unknown surrounding value and crime risk; no confirmed development or infrastructure improvements tied to this specific neighborhood; development upside not clearly supported by the cited Meta data center project; ownership listed as Unknown may indicate potential title or notification complexities.,"Exact ZIP code; detailed neighborhood and surrounding property values; crime and nuisance indicators; physical condition of the residential improvement; occupancy status; any liens or encumbrances beyond tax delinquency; local code enforcement or demolition history, if any.","Verify the precise location and ZIP, then pull neighborhood sales/assessed values and any code enforcement or demolition records for Maplewood Addition; confirm title status and any additional liens; and, if feasible, obtain recent imagery or a drive-by assessment of the structure’s condition before bidding.",High
34375-92-22-05090,6.2,Mid Investment,True,Research First,False,"No street, corridor, neighborhood, or ZIP overlap found",AI review failed validation; fallback rule-based review used.,ZIP unknown; development upside not clearly supported; no clear development overlap,reasoning_summary not grounded enough,"Drive-by, title review, and neighborhood verification",High
11600-93-30-07650,6.2,Mid Investment,True,Research First,False,Matched development (Meta Tulsa Data Center at Fair Oaks Innovation Park) has no clear geographic overlap with the subject parcel; development signal is explicitly Low despite high-level industrial momentum in East Tulsa.,"The parcel at 1426 E 42 ST S in Tulsa is a residential improvement (R IMP) with a relatively low bid cost of 5,893.97 and strong property/address clarity. Rule-based scoring is 6.2 (Mid Investment), and data confidence is High. However, the ZIP code and surrounding value context are unknown, and there is no clear development overlap with the cited Meta data center project, limiting confirmed upside. These factors support a mid-tier investment classification but justify manual review due to low entry cost and clear parcel data.",Unknown ZIP and surrounding value; no confirmed development or infrastructure overlap; development signal explicitly Low; crime risk estimate Unknown; upside not clearly supported beyond general East Tulsa industrial momentum.,Exact ZIP code; neighborhood and surrounding property values; current structure condition and occupancy; zoning details beyond R IMP classification; any code violations or liens beyond tax status; local crime and school quality indicators.,"Verify the precise location and ZIP, then pull local sales/assessed value comps and zoning/land-use details for LT 3 BLK 2 CITY OF TULSA (DON-LEE) to confirm market value and usability of the existing improvement relative to the 5,893.97 bid.",High
74850-94-19-17590,6.2,Mid Investment,True,Research First,False,"No street, corridor, neighborhood, or ZIP overlap found",AI review failed validation; fallback rule-based review used.,ZIP unknown; development upside not clearly supported; no clear development overlap,reasoning_summary not grounded enough,"Drive-by, title review, and neighborhood verification",High
14625-93-12-00820,6.2,Mid Investment,True,Research First,False,"Meta Tulsa Data Center at Fair Oaks Innovation Park shows strong industrial investment in East Tulsa, but there is no clear geographic overlap or corridor/ZIP match to this parcel, so direct development upside is uncertain.","The parcel at 1228 S 83 AV E in Tulsa is a residential improvement (R IMP) lot in the City of Tulsa, Forest Acres, with a bid cost of 5,972.06 and a relatively clear legal description (LT 14 BLK 3). Address and parcel data quality are strong and extraction confidence is high, supporting basic usability. However, the ZIP code and surrounding value context are unknown, and the matched Meta data center project has no clear locational overlap, so development-driven upside is limited. These factors support a mid-tier investment profile that still merits manual review due to the modest bid and clear property data.",Unknown ZIP and surrounding value; no clear overlap with major development activity; limited information on current structure condition or neighborhood quality; development signal explicitly rated Low; potential mismatch between assessed value and bid cannot be evaluated from provided data.,ZIP code; neighborhood and surrounding property values; condition and specifics of the residential improvement; zoning confirmation beyond R IMP label; proximity to employment centers or corridors; any code violations or liens beyond tax status.,"Confirm exact location and ZIP, then pull neighborhood sales/comps and zoning/land-use details for Forest Acres; verify structure condition via imagery or inspection and check for additional liens or code issues to determine whether the 5,972.06 bid is justified relative to local values.",High
45350-94-06-07770,6.2,Mid Investment,True,Research First,False,"Meta Tulsa Data Center at Fair Oaks Innovation Park shows strong industrial momentum in East Tulsa, but there is no clear geographic overlap or match to this parcel, so direct development upside is uncertain.","Parcel 45350-94-06-07770 at 138 S 107 AV E in the Wagon Wheel Addition is a residential improvement (R IMP) with a relatively low bid cost of 5,972.06 and high data confidence. Address and parcel data are clear, and the rule-based system scores it 6.2 (Mid Investment). However, the ZIP code and surrounding value context are unknown, and the cited Meta data center project has no clear match to this specific location, limiting confirmed development-driven upside. These factors support a mid-tier investment classification but justify manual review due to low entry cost and clear property identification.",Unknown ZIP and surrounding value; no confirmed overlap with major development activity; crime risk unknown; residential improvement condition and occupancy status not provided; potential title or owner issues indicated by owner name listed as Unknown.,Exact ZIP code; detailed neighborhood and surrounding property values; current structure condition and habitability; occupancy status; clear owner/title history; any code violations or liens beyond the tax issue; proximity specifics to major corridors or the Fair Oaks Innovation Park area.,"Verify exact location and ZIP, pull county assessor and GIS records for structure details and neighborhood context, and check title/ownership history and any additional liens or code issues to confirm whether the low bid cost aligns with manageable risk.",High
97328-73-28-61960,8.5,Strong Manual Review Candidate,True,Research First,True,"High-confidence, strong match to the Fair Oaks Innovation Park area with a $1B Meta Tulsa Data Center project and over $25M in local infrastructure improvements, indicating positive surrounding value and industrial momentum that may enhance long-term land value.","The parcel is a 2.5AC unplatted residential-improved property (R HS IMP) with clear legal description and complete street address, and a moderate tax bid cost of 6008.44. Rule-based scoring is high (8.0) with strong property clarity and positive surrounding value signals. Development intelligence shows a strong, high-confidence match to the Meta Tulsa Data Center at Fair Oaks Innovation Park, a $1B project with significant infrastructure investment, which materially elevates the parcel’s strategic interest. The main data gap is the missing ZIP, but overall data confidence is high, supporting classification as a Strong Manual Review Candidate rather than a final investment judgment.","ZIP code and city are unspecified; exact proximity to the Meta data center and related infrastructure is unknown; current residential-improvement status may not align with future industrial or commercial uses without entitlement changes; potential access, utility, or easement constraints cannot be evaluated from the provided data.","Exact mapped location (GPS/parcel map), ZIP code and city confirmation, current use and condition of improvements, access/road frontage details, utility availability, zoning/land-use designation, and any known encumbrances or easements.","Map the legal description and address to confirm precise location relative to Fair Oaks Innovation Park and the Meta Tulsa Data Center, then verify zoning, access, and utilities to determine whether the 2.5AC tract can benefit from nearby infrastructure improvements or future industrial/commercial spillover.",High
38975-92-33-02620,6.2,Mid Investment,True,Research First,False,Meta Tulsa Data Center at Fair Oaks Innovation Park has no clear geographic overlap with this parcel; development signal is explicitly Low despite high project investment.,"The parcel at 3751 W 52 PL S in Tulsa is a residential improvement (R IMP) with a bid cost of 6,022.06 and clear legal description (LOTS 22 23 BLK 4, CITY OF TULSA, SOUTH HAVEN AMD). Address and parcel data quality are strong and extraction confidence is high, supporting basic usability. Rule-based scoring places it in a Mid Investment category due to moderate bid price and good data quality but unknown surrounding value and crime risk. Development intelligence for the Meta data center in East Tulsa shows no street, neighborhood, or ZIP overlap, so it does not materially raise this parcel’s priority. Overall, the combination of modest bid, clear residential use, and solid data quality justifies manual review, but lack of ZIP, unclear neighborhood value, and no confirmed development tailwinds prevent classifying it as a Good Investment at this stage.","ZIP code is unknown, limiting precise market and comp analysis; surrounding value and crime risk are unknown; no clear overlap with major cited development, so long-term appreciation drivers are uncertain; bid cost of 6,022.06 may be high relative to these uncertainties; owner name is unknown, which may signal title or notification complexities.",Exact ZIP code; neighborhood and surrounding property value context; crime and code-enforcement history; structure condition and occupancy status for the R IMP classification; confirmation of utilities and access; any liens or encumbrances beyond tax delinquency.,"Confirm the exact ZIP and map the parcel within Tulsa to assess neighborhood quality and comparable values, then obtain basic property condition and occupancy information for the residential improvement to determine whether the 6,022.06 bid aligns with local land and structure value.",High
62225-91-22-01600,6.2,Mid Investment,True,Research First,False,"No street, corridor, neighborhood, or ZIP overlap found",AI review failed validation; fallback rule-based review used.,ZIP unknown; development upside not clearly supported; no clear development overlap,reasoning_summary not grounded enough,"Drive-by, title review, and neighborhood verification",High
61400-14-30-07430,6.2,Mid Investment,True,Research First,False,Matched development (Meta Tulsa Data Center at Fair Oaks Innovation Park) has no clear geographic overlap with this Owasso parcel; development signal is Low despite high project investment.,"Parcel 61400-14-30-07430 at 402 N CARLSBAD ST W, Owasso, is a residential improvement (R IMP) lot with clear address and legal description (LT 2 BLK 2 CITY OF OWASSO | STARLANE). Bid cost is relatively modest at 6,083.84, and data confidence is High with strong property clarity. However, the ZIP is unknown and surrounding value and crime risk are unknown, limiting certainty. Development intelligence shows a high-profile Meta data center project in East Tulsa, but there is no street, neighborhood, or ZIP overlap, so it does not materially raise this parcel’s priority. Overall, the combination of low-to-moderate bid, clear parcel data, and unknown local value context supports a Mid Investment classification and warrants manual review rather than dismissal.","Unknown ZIP code; no clear evidence of nearby public or private investment specific to this Owasso location; surrounding value and crime risk are unknown; development match is explicitly No Clear Match to the cited Meta Tulsa Data Center project, so upside from that investment is speculative.",Exact ZIP code; any recent sales or value indicators for the immediate area; confirmation of current structure condition for this R IMP property; neighborhood-level crime and amenity context; zoning and any local code or lien issues beyond the tax auction status.,"Verify the precise location and ZIP, then pull local comparables and basic condition/zoning information for LT 2 BLK 2 CITY OF OWASSO (STARLANE) to assess resale/rental potential relative to the 6,083.84 bid.",High
57845-73-14-53600,4.8,Bad Investment,False,Avoid,False,Meta Tulsa Data Center at Fair Oaks Innovation Park has no clear geographic overlap with this parcel; development match is explicitly marked as No Clear Match with Low development signal.,"The parcel at 14750 S GRANT ST W in the City of Bixby is a commercial improvement (C IMP) lot in MORRIS BRIGHT INDUSTRIAL PARK ADDN with a bid cost of 6144.71. Address and parcel data quality are strong, but the ZIP is unknown and surrounding value and crime risk are unknown. The rule-based system scores it 6.2 and categorizes it as Bad Investment, citing lack of clear development overlap and limited upside evidence. The only cited development, Meta’s data center at Fair Oaks Innovation Park, has no street, corridor, neighborhood, or ZIP overlap with this parcel, so it does not materially improve the investment case. Given the moderate bid and high uncertainty about local value drivers, this does not merit prioritized manual review.",Unknown ZIP and local market context; no clear supporting development or surrounding value signal; development intelligence explicitly indicates no clear match to nearby major investment; rule-based classification already flags as Bad Investment; bid cost is not negligible relative to the level of uncertainty.,Exact ZIP code; detailed location context within Bixby; current condition and use of the commercial improvement; surrounding property values and occupancy; local crime and infrastructure details beyond the generic development reference.,"If reconsidered, first confirm the precise location (including ZIP and mapping within Bixby/MORRIS BRIGHT INDUSTRIAL PARK ADDN) and check for any more localized industrial or commercial activity not captured in the provided development intelligence.",High
08300-93-04-02320,6.2,Mid Investment,True,Research First,False,Meta Tulsa Data Center at Fair Oaks Innovation Park has no clear geographic overlap with this parcel; development signal is explicitly Low despite high-profile investment elsewhere in East Tulsa.,"The parcel at 3311 E 5 PL S in Tulsa is a residential improvement (R IMP) lot in the City of Tulsa with a complete address, clear legal description (LT 18 BLK 2, CHULA VISTA FIRST ADDN), and high extraction/data confidence. The bid cost of 6,169.38 is moderate for a usable residential parcel, and rule-based scoring places it in a Mid Investment category. However, the ZIP code and surrounding value context are unknown, and there is no confirmed overlap with the cited Meta/Fair Oaks development, limiting clear upside from nearby large-scale investment.","ZIP code and neighborhood value context are unknown; surrounding value signal is Unknown; no clear development overlap with the Meta data center project; crime risk is Unknown; only basic property type information (R IMP) is available with no condition or structure details, creating uncertainty about actual usability and required rehab or demolition costs.","Exact ZIP code; neighborhood and comparable value context; details on existing improvements (structure size, condition, occupancy, code violations); zoning specifics beyond generic R IMP classification; any liens or encumbrances beyond tax status; utility access and infrastructure condition.","Confirm the precise ZIP and neighborhood context, then pull county/municipal records to verify structure details, zoning, and any code or lien issues; follow with a quick market check on nearby residential values and rents to determine whether the 6,169.38 bid aligns with realistic exit or hold scenarios.",High
74965-94-20-07530,6.2,Mid Investment,True,Research First,False,"No street, corridor, neighborhood, or ZIP overlap found",AI review failed validation; fallback rule-based review used.,ZIP unknown; development upside not clearly supported; no clear development overlap,reasoning_summary not grounded enough,"Drive-by, title review, and neighborhood verification",High
34600-93-25-02750,6.0,Mid Investment,True,Research First,False,"Meta Tulsa Data Center at Fair Oaks Innovation Park has no clear street, neighborhood, or ZIP overlap with this Regency Park West residential parcel, so local development upside is not clearly supported.","Residential improved parcel (R HS IMP) in the City of Tulsa with a complete address and clear legal description (LT 20 BK 3, Regency Park West). Bid cost is relatively modest at 6,246.97, and data confidence is high. However, ZIP and surrounding value signals are unknown, and there is no clear match to the major Meta/Fair Oaks development. These factors support a mid-tier investment rating but justify manual review due to low bid and strong property clarity.",Unknown ZIP and surrounding value; no clear development overlap or documented upside from nearby projects; crime risk and neighborhood quality unknown; owner listed as Unknown may complicate title or notification history.,Exact ZIP code; neighborhood and surrounding property values; physical condition of improvements; occupancy status; detailed title history and any liens beyond tax delinquency; local crime and code enforcement records.,"Confirm parcel location and ZIP in county GIS, then pull recent sales and assessed values for Regency Park West Block 3 to benchmark potential value versus the 6,246.97 bid; follow with a title search and, if feasible, a drive-by or street-level imagery review to assess structure condition and neighborhood stability.",High
45350-94-06-06870,6.1,Mid Investment,True,Research First,False,"Meta Tulsa Data Center at Fair Oaks Innovation Park shows strong industrial momentum in East Tulsa, but there is no clear street, corridor, neighborhood, or ZIP overlap with 10620 E ADMIRAL PL N, so direct development upside is not supported.","The parcel at 10620 E ADMIRAL PL N (LT 7 BK 1, Wagon Wheel Addn, City of Tulsa) has a clear address, high extraction confidence, and a modest bid cost of 6,267.37 for an R IMP (residential improvement) property, which supports preliminary interest. Rule-based scoring places it in a mid investment range, with no major data quality issues but also no confirmed surrounding value or crime data. Development intelligence for the Meta Tulsa Data Center is high-level and not clearly tied to this specific location, so it does not materially raise the priority but does indicate some broader East Tulsa momentum.","ZIP code is unknown; no clear evidence of nearby public or private investment directly tied to this parcel; surrounding value and crime risk are both unknown; the improvement type and condition are not described beyond R IMP; owner name is unknown, which may complicate title and notification steps.","Exact ZIP code; detailed location context within Tulsa (neighborhood, corridor); any structure details (size, age, condition, occupancy); surrounding land use and comparable values; crime and code enforcement history; confirmation of proximity, if any, to the Fair Oaks Innovation Park area.","Verify the precise location and ZIP for 10620 E ADMIRAL PL N, then pull parcel maps, aerial imagery, and local zoning/land-use data to confirm the nature and condition of the residential improvement and its relationship, if any, to the Fair Oaks/Fair Oaks Innovation Park area.",High
36525-94-02-00450,6.2,Mid Investment,True,Research First,False,Meta Tulsa Data Center at Fair Oaks Innovation Park has no clear geographic overlap with this parcel; development signal is explicitly Low despite high-level industrial momentum in East Tulsa.,"The parcel at 142 S 169 AV E in Tulsa is a residential improved property (R HS IMP) with a moderate bid cost of 6,294.01 and clear legal description (LT 15 BLK 2, ROSE DEW ADDN, CITY OF TULSA). Address and parcel data quality are strong and extraction confidence is high, supporting basic usability. Rule-based scoring of 6.2 places it in a mid-range opportunity: some potential upside due to low entry cost and clarity, but important context such as ZIP code, surrounding values, and crime risk are unknown. Development intelligence references a large Meta data center project in East Tulsa, but there is no street, corridor, neighborhood, or ZIP overlap, so it does not materially upgrade this parcel’s priority.","ZIP code and neighborhood context are unknown; surrounding property values and crime risk are not provided; development upside is not clearly supported due to lack of overlap with the cited Meta data center project; residential condition, occupancy, and any code or lien issues are unknown; bid cost, while moderate, may still be high relative to these uncertainties.",Exact ZIP code; neighborhood and school context; current structure condition and occupancy status; any additional liens or code violations beyond tax status; recent comparable sales or assessed values in ROSE DEW ADDN; proximity to employment centers or amenities; crime statistics.,"Verify the exact location and ZIP for 142 S 169 AV E, then pull county records for structure details, assessed value, and any additional liens or code issues; follow with a drive-by or photo-based condition check and basic comp analysis within ROSE DEW ADDN to determine whether the 6,294.01 bid is discounted relative to local land and improved residential values.",High
31100-93-02-05790,6.2,Mid Investment,True,Research First,False,Meta Tulsa Data Center at Fair Oaks Innovation Park has no clear geographic overlap with this parcel; development signal is explicitly Low despite high-level industrial momentum in East Tulsa.,"The parcel at 538 S 79 AV E in Tulsa is a residential improvement (R IMP) lot in PAMELA ACRES with a bid cost of 6,328.03. Address and parcel data quality are strong and extraction confidence is high, supporting basic usability. The rule-based system assigns a 6.2 Mid Investment score, reflecting moderate upside potential but with notable gaps such as unknown ZIP and no clear supporting development or surrounding value data. Given the relatively modest bid and clear property identification, it merits manual review but cannot be elevated to Good Investment based on current information.","ZIP code is unknown, limiting precise location and comp analysis; no clear overlap with the major Meta/Fair Oaks development, so broader industrial momentum may not translate into direct value uplift; surrounding value and crime risk are unknown; owner name is listed as Unknown, which may complicate title or notification steps; development signal is Low, reducing confidence in near-term appreciation from public/private projects.",Exact ZIP code and more precise neighborhood context; any information on surrounding property values or land use; crime and livability indicators; confirmation of current occupancy/condition of the residential improvement; verification of ownership and any liens or encumbrances beyond the tax issue.,"Confirm the exact ZIP and map the parcel within Tulsa to understand neighborhood context, then pull recent sales or assessed values for comparable residential properties in PAMELA ACRES or the immediate area to gauge whether the 6,328.03 bid is supported by likely resale or rental value.",High
26390-94-16-15330,6.2,Mid Investment,True,Research First,False,"No street, corridor, neighborhood, or ZIP overlap found",AI review failed validation; fallback rule-based review used.,ZIP unknown; development upside not clearly supported; no clear development overlap,reasoning_summary not grounded enough,"Drive-by, title review, and neighborhood verification",High
82170-84-21-72600,6.2,Mid Investment,True,Research First,False,"Meta Tulsa Data Center at Fair Oaks Innovation Park shows strong regional investment momentum, but there is no clear geographic match or overlap with this Broken Arrow residential parcel, so direct development upside is uncertain.","Residential improved parcel (R HS IMP) in Broken Arrow with clear address and legal description in Wolf Creek Estates VI. Bid cost is relatively modest at 6,384.77, and data confidence is high. However, ZIP and surrounding value context are unknown, and the only cited development (Meta data center at Fair Oaks Innovation Park) has no clear location overlap, limiting confirmed upside. Overall signals support a mid-tier investment profile that merits manual review rather than immediate rejection or promotion as a strong buy.",Unknown ZIP and surrounding value; no clear overlap with major cited development; crime risk unknown; limited context on property condition despite being classified as improved residential; potential title or owner issues given owner name is unknown.,Exact ZIP code; neighborhood and surrounding property values; physical condition of improvements; occupancy status; detailed title history and liens; local crime and school quality indicators; proximity to employment centers and amenities beyond the generic city reference.,"Verify parcel location and ZIP in county GIS, pull recent comparable sales and assessed values for Wolf Creek Estates VI, confirm structure type and condition via street-level imagery or inspection, and run a title and lien check to clarify ownership and encumbrances before bidding.",High
03312-03-20-04220,6.2,Mid Investment,True,Research First,False,"Meta Tulsa Data Center at Fair Oaks Innovation Park has no clear street, neighborhood, or ZIP overlap with 2645 N LEWIS AV E; development signal is explicitly Low despite high project investment.","Parcel 03312-03-20-04220 at 2645 N LEWIS AV E in the City of Tulsa has high data confidence, a complete address, and strong property clarity. The bid cost of 6,391.36 is moderate for a C IMP (improved commercial) classification, which can justify deeper review despite unknown ZIP and surrounding value. Rule-based scoring of 6.2 and a Mid Investment category reflect some potential upside but with notable information gaps and no confirmed nearby development boost.","ZIP and surrounding value are unknown; no clear overlap with major development areas; crime risk is unknown; current use, condition, and income potential of the C IMP asset are not described; owner name is unknown, which may complicate title and occupancy assessment.","Exact ZIP code; details on structure type, size, and condition; current occupancy and tenant status; surrounding property values and land use context; crime and neighborhood stability indicators; any code violations or liens beyond the tax issue.","Verify the precise location and ZIP, pull county assessor records for building details and valuation, and review aerial/street imagery to confirm commercial use, condition, and surrounding context before deciding on bidding strategy.",High
61375-14-30-06240,6.2,Mid Investment,True,Research First,False,Matched development (Meta Tulsa Data Center at Fair Oaks Innovation Park) has no clear geographic overlap with this Owasso parcel; development signal is explicitly Low.,"The parcel at 901 N ELM ST E in Owasso is a residential improvement (R IMP) lot with a relatively low bid cost of 6,394.30 and high extraction/data confidence. Address and parcel data are clear, and the property size is specified in the raw text (10,008), supporting basic usability. However, the ZIP code and surrounding value context are unknown, and there is no confirmed overlap with the cited Meta data center development, limiting clear upside from nearby investment. These factors support a mid-tier investment profile that still merits manual review due to low entry cost and strong data clarity.",Unknown ZIP and surrounding value; no clear development overlap or documented upside from nearby projects; crime risk unknown; only basic legal description (LT 11 BLK 1 CITY OF OWASSO | SMITHVIEW) without further context on neighborhood quality or existing structure condition.,Exact ZIP code; condition and specifics of the residential improvement; neighborhood and surrounding property values; local crime and school context; any code violations or liens beyond tax status; confirmation of utilities and access details.,"Verify the exact ZIP and map the parcel within Owasso to assess neighborhood quality and comps, then confirm the nature and condition of the residential improvement and check for any additional liens or code issues beyond the tax delinquency.",High
04025-93-15-00650,6.2,Mid Investment,True,Research First,False,No Clear Match to the Meta Tulsa Data Center at Fair Oaks Innovation Park; development signal explicitly rated Low despite high-profile project elsewhere in East Tulsa.,"Residential improved parcel (R HS IMP) at 5790 E 26 ST S in the City of Tulsa with clear lot/block description (LT 3 BLK 3, BOMAN ACRES) and high extraction confidence. Bid cost of 6416.85 is moderate for an improved residential property, and address quality and property clarity are both strong. Rule-based score of 6.2 places it in a mid-range investment category, with no confirmed overlap with major development areas and unknown surrounding value and crime risk. These factors justify manual review but not a strong investment rating at this stage.",ZIP code and surrounding value are unknown; no clear development overlap with the cited Meta data center project; development upside not clearly supported; crime risk estimate unknown; bid may be high relative to uncertainty about neighborhood quality and current condition of the residential improvement.,Exact ZIP code; neighborhood and surrounding property values; condition and age of the residential improvement; occupancy status; detailed crime and school context; confirmation of any nearby public or private investment specific to BOMAN ACRES or the immediate corridor.,"Manually verify neighborhood quality and comparable property values around 5790 E 26 ST S in BOMAN ACRES, confirm the property’s physical condition and occupancy, and obtain ZIP and local market data to reassess whether the 6416.85 bid is attractive relative to likely resale or rental value.",High
45625-93-21-16710,6.2,Mid Investment,True,Research First,False,Meta Tulsa Data Center at Fair Oaks Innovation Park has no clear geographic overlap with this parcel; development signal is explicitly Low despite high project investment.,"Parcel 45625-93-21-16710 at 3518 S SANDUSKY AV E in Tulsa has a complete address, clear residential improved (R HS IMP) classification, and a moderate bid cost of 6,474.68, which supports preliminary interest. Rule-based scoring places it in a Mid Investment category with strong property clarity and high data confidence. However, the ZIP is unknown and there is no confirmed surrounding value or crime data, so upside and risk are not well quantified. Development intelligence for the Meta data center in East Tulsa shows no street, corridor, neighborhood, or ZIP overlap, so it does not materially enhance this parcel’s priority.",Unknown ZIP and surrounding value; no crime risk estimate; no clear overlap with major development activity; only partial legal description provided; residential improvements may require condition assessment that is not available from current data.,Exact ZIP code; neighborhood and surrounding property values; structure details and condition for the residential improvement; confirmation of lot dimensions and full legal description; local crime and code enforcement history; any existing liens or occupancy status.,"Verify full legal description and GIS location for 3518 S SANDUSKY AV E, confirm ZIP and neighborhood context, and pull recent comparable sales and rent data to assess whether the 6,474.68 bid aligns with local residential land and improved property values.",High
23600-93-24-15470,6.2,Mid Investment,True,Research First,False,"Meta Tulsa Data Center at Fair Oaks Innovation Park has no clear street, neighborhood, or ZIP overlap with this parcel; development signal is Low despite high project momentum.","Parcel 23600-93-24-15470 at 8149 E 31 CT S in Tulsa is a residential improved (R HS IMP) lot in Longview Acres 3rd Addn with clear legal description and complete address. The bid cost of 6,496.28 is moderate for an improved residential parcel, and rule-based scoring (6.2) places it in a mid-range opportunity band. Data quality is high and property clarity is strong, but the ZIP is unknown and there is no confirmed surrounding value or crime context. Development intelligence from the Meta Tulsa Data Center is not location-matched, so it does not materially raise this parcel’s priority. Overall, the combination of a modest bid, clear parcel data, and improved residential status makes it a solid candidate for manual review, but not yet a clearly strong investment.",Unknown ZIP code and surrounding value; no clear overlap with major development activity; crime risk estimate unknown; only basic property type information (R HS IMP) without structure details or condition; bid may be high relative to these uncertainties.,"Exact ZIP code; neighborhood and surrounding property values; structure details (size, age, condition, occupancy); zoning specifics beyond R HS IMP label; any code violations or liens beyond tax status; crime and school context.","Confirm exact ZIP and map the parcel within Longview Acres 3rd Addn, then pull county assessor records for structure details, recent valuations, and any liens or code issues to determine whether the 6,496.28 bid is justified relative to likely resale or rental value.",High
10800-93-01-04840,5.7,Mid Investment,True,Research First,False,Meta Tulsa Data Center at Fair Oaks Innovation Park has no clear geographic overlap with this parcel; development signal is explicitly Low despite high-level industrial momentum in East Tulsa.,"The parcel at 49 S 85 AV E in Tulsa has a complete address, clear legal description (S 99 LT 1 BLK 3 CITY OF TULSA | DAY SUBURBAN ACRES), and high extraction/data confidence. The bid cost of 6,504.01 is modest, and the property type is identified as B IMP, suggesting an improved property rather than raw land. However, the ZIP code and surrounding value context are unknown, and there is no clear match to the cited Meta/Fair Oaks development area. These factors support a Mid Investment classification with a recommendation for manual review rather than a clear good or bad investment call.","Unknown ZIP and surrounding value; no clear overlap with major development activity; crime risk unknown; property type B IMP not further detailed, so current condition and usability are unclear; bid cost, while not high, is not negligible given these uncertainties.",Exact ZIP code; neighborhood and surrounding property values; current structure details and condition for the B IMP classification; zoning and permitted uses; any code violations or liens beyond tax status; crime and school context; proximity in miles to the Fair Oaks Innovation Park/Meta data center area.,"Confirm the precise location (including ZIP) and zoning, then pull recent comparable sales and rent data for DAY SUBURBAN ACRES and nearby blocks to assess value relative to the 6,504.01 bid; verify the nature and condition of existing improvements associated with the B IMP classification and check for any additional liens or code enforcement issues.",High
55980-74-05-47490,7.5,Mid Investment,True,Research First,True,"High-strength development signal tied to Meta Tulsa Data Center at Fair Oaks Innovation Park in East Tulsa, indicating significant nearby industrial and infrastructure investment momentum.","Parcel 55980-74-05-47490 at 12606 S 119 AV E has a relatively low bid cost of 6,518.27, complete address data, and strong property clarity. Rule-based scoring is 7.5 (Mid Investment) with a High development signal and Strong Match to major industrial/data center investment in Tulsa (Meta Tulsa Data Center at Fair Oaks Innovation Park). Surrounding value signal is Positive and data confidence is High, but the ZIP is unknown and specific local context for this exact lot is not provided. Overall, the combination of modest entry cost, clear parcel data, and strong nearby development momentum justifies manual review for potential upside.",ZIP code and precise neighborhood context are unknown; only basic legal description (LOT 9 BLK 1 WILLOW SPRINGS WEST ADDN) is available; relationship between this residential improvement parcel and the industrial/data center development area is not clearly defined beyond city-level overlap; crime risk is unknown.,Exact ZIP code and neighborhood profile; current property condition and use; zoning details and any restrictions in Willow Springs West Addition; confirmation of proximity and direct benefit to the Fair Oaks Innovation Park/Meta data center infrastructure improvements; comparable values and market activity for similar lots in this subdivision.,"Verify the parcel’s exact location and ZIP, then map its distance and access routes to Fair Oaks Innovation Park and the Meta Tulsa Data Center; confirm zoning and allowable uses for LOT 9 BLK 1 WILLOW SPRINGS WEST ADDN; obtain recent sales or assessed values for nearby properties to gauge whether the 6,518.27 bid is favorable relative to local market and any uplift from the industrial development.",High
45575-93-04-21370,5.8,Mid Investment,True,Research First,False,Meta Tulsa Data Center at Fair Oaks Innovation Park has no clear geographic overlap with this parcel; development signal is explicitly Low despite high-level industrial momentum in East Tulsa.,"The parcel at 234 S INDIANAPOLIS AV E in the City of Tulsa has high data confidence, a complete address, and a clear legal description (LT 8 BLK 12, WALNUT PARK ADDN, CITY OF TULSA). The bid cost of 6,542.71 is modest, aligning with the rule-based Mid Investment score of 5.7. However, the ZIP is unknown and there is no clear match to the cited Meta/Fair Oaks development, so broader upside from that project is not well supported. Overall, the combination of usable parcel/address data, clear property type (R IMP), and manageable bid level makes it a reasonable candidate for manual review, but not a clear high-priority or Good Investment without further neighborhood and value checks.","Unknown ZIP and surrounding value; no confirmed development overlap with the Meta Tulsa Data Center; limited context on neighborhood quality, crime, and market values; property condition is unknown despite being classified as R IMP; bid, while not high, is not negligible relative to these uncertainties.",Exact ZIP code; neighborhood and comparable property values; current structure condition and occupancy status; any code violations or liens beyond tax; crime and nuisance profile for the immediate area; zoning specifics and any local restrictions within WALNUT PARK ADDN.,"Verify the precise location and ZIP, then pull recent sales and assessed values for similar residential improved lots in WALNUT PARK ADDN and nearby blocks along S INDIANAPOLIS AV E to confirm that the 6,542.71 bid is supported by land and improvement value; follow with a basic exterior condition check and lien/code enforcement search.",High
99301-93-01-11400,5.8,Mid Investment,True,Research First,False,"Meta Tulsa Data Center at Fair Oaks Innovation Park shows strong industrial momentum in East Tulsa, but there is no clear street, corridor, neighborhood, or ZIP overlap with this parcel, so direct development upside cannot be assumed.","The parcel at 9201 E ADMIRAL CT N in Tulsa has a clear address, high extraction confidence, and is classified as C IMP (improved commercial) with a modest bid cost of 6,555.34 for approximately 0.56 acres, suggesting potentially favorable price per parcel for a commercial asset. Rule-based scoring places it in the Mid Investment range, with strong property clarity and complete address data but unknown ZIP and surrounding value. Development intelligence indicates major investment at the Meta Tulsa Data Center in East Tulsa, yet there is no clear locational match to this parcel, so only general area momentum can be inferred, not direct spillover. These factors make the property suitable for manual review but not yet a clear strong investment.","ZIP code and precise market context are unknown; no confirmed proximity to the Meta/Fair Oaks Innovation Park development; surrounding property values and crime risk are unknown; commercial use viability and current improvements are unspecified; bid cost, while not high, is material relative to these uncertainties.","Exact ZIP code; confirmation of proximity to Fair Oaks Innovation Park or other industrial corridors; details on existing commercial improvements (building size, condition, use); zoning specifics; access/visibility from major roads; surrounding land use and comparable values; environmental or title issues beyond tax status.","Verify the parcel’s exact location and ZIP, then map it relative to Fair Oaks Innovation Park and major East Tulsa corridors; obtain zoning and current use details, plus any building/improvement data, to assess commercial viability and resale/rent potential before bidding.",High
20300-92-03-06160,6.1,Mid Investment,True,Research First,False,Meta Tulsa Data Center at Fair Oaks Innovation Park has no clear geographic overlap with this parcel; development signal is explicitly Low despite high-level industrial momentum in East Tulsa.,"Parcel 20300-92-03-06160 at 1704 W RECONCILIATION is a residential improvement (R IMP) in the City of Tulsa with a complete address and strong property clarity. The bid cost is relatively modest at 6,557.34, and rule-based scoring places it in a Mid Investment category. However, ZIP and detailed surrounding value indicators are unknown, and there is no clear match to the cited Meta/Fair Oaks development area, limiting development-driven upside. The combination of usable address/parcel data, residential improvement classification, and manageable bid level makes it a reasonable candidate for manual review, but not a clear Good Investment based on current information.",Unknown ZIP and surrounding value; no clear development overlap with the Meta Tulsa Data Center project; development signal is Low; crime risk and neighborhood quality are unknown; upside case cannot be validated from available data.,Exact ZIP code; neighborhood and surrounding property values; condition and specifics of the residential improvement; crime and code enforcement history; occupancy status; any liens or encumbrances beyond tax delinquency.,"Confirm precise location and ZIP, then pull neighborhood sales/rent comps and any available condition or code enforcement data for 1704 W RECONCILIATION in Irving Place, City of Tulsa, to validate whether the residential improvement and area fundamentals justify the 6,557.34 bid level.",High
17925-92-04-03930,5.7,Mid Investment,True,Research First,False,Meta Tulsa Data Center at Fair Oaks Innovation Park has no clear geographic overlap with this parcel; development signal is Low despite high-level city investment momentum.,"The parcel at 328 S 46 AV W in Tulsa is a residential improvement (R IMP) lot in the Hayden-Lewis Addition with a complete address, clear legal description (LOT 6 BLK 6), and high extraction confidence. The bid cost of 6,595.34 is modest for an improved residential parcel, and the rule-based system assigns a Mid Investment score of 5.7 with strong property clarity and complete address data. However, the ZIP code and surrounding value context are unknown, and there is no clear match to the cited Meta/Fair Oaks development, limiting confirmed upside from nearby large-scale investment.","Unknown ZIP and surrounding value; no clear development overlap with the Meta Tulsa Data Center project; crime risk and neighborhood quality are unknown; only basic valuation context is available (8,400 reference in raw text) with no confirmation of current market value or condition of improvements.",ZIP code; detailed neighborhood and surrounding property values; condition and type of the residential improvement; current occupancy or code enforcement status; precise distance from major employment or redevelopment nodes; any liens or additional encumbrances beyond tax status.,"Confirm the exact ZIP and map the parcel within Tulsa to assess neighborhood context and comparable values, then verify the nature and condition of the residential improvement (structure type, habitability, and any code issues) before evaluating whether the 6,595.34 bid aligns with realistic resale or rental potential.",High
98210-82-10-15720,4.2,Mid Investment,True,Research First,False,Insufficient overlap data,AI review failed validation; fallback rule-based review used.,ZIP unknown; development upside not clearly supported; no clear development overlap; address not fully verified,reasoning_summary not grounded enough,"Drive-by, title review, and neighborhood verification",Medium
90329-03-29-41780,7.5,Mid Investment,True,Research First,True,"High-confidence match to the Tulsa Market District / NOMA residential hub corridor with a High investment signal, indicating active multifamily/mixed-use revitalization and improved surrounding value near N Harvard Ave.","The parcel at 1504 N HARVARD AV E has a clear address and legal description, is classified as C IMP (improved commercial), and carries a relatively modest bid cost of 6,614.00. Rule-based scoring is 7.5 (Mid Investment) with strong property clarity and a High development signal tied to the Tulsa Market District / NOMA residential hub, suggesting nearby revitalization and positive surrounding value. The combination of low entry cost, usable address/parcel data, and strong nearby development activity makes it a strong candidate for manual review despite some missing details.","ZIP code is unknown, limiting precise locational and comparables analysis; property type is only broadly identified as C IMP without detail on structure condition, size, or current use; ownership listed as Unknown may indicate potential title or notification complexities; no crime or neighborhood risk data is available.","Exact ZIP code; detailed site and building characteristics (square footage, year built, current use, occupancy, condition); zoning designation and any use restrictions; confirmation of access, utilities, and parking; title status, liens, and any code enforcement issues; more granular neighborhood and crime data.","Verify zoning and allowed uses for the parcel at 1504 N HARVARD AV E, then obtain county records or on-the-ground information on existing improvements (building size, condition, current tenancy/use) and run a title and lien check, with specific attention to alignment and connectivity with the Tulsa Market District / NOMA corridor activity.",High
78540-84-14-02370,6.1,Mid Investment,True,Research First,False,Meta Tulsa Data Center at Fair Oaks Innovation Park has no clear geographic overlap with this Broken Arrow residential parcel; development signal is explicitly Low despite high-level regional investment momentum.,"Residential improved parcel in Broken Arrow (LT 1 BLK 3, BROKEN ARROW HGTS 3RD ADDN) with complete address and strong property clarity, offered at a relatively modest bid cost of 6,614.67. Rule-based system scores it as Mid Investment with high data confidence. However, ZIP is unknown and surrounding value and crime risk are unknown, limiting conviction. Development intelligence references a large Meta data center project in East Tulsa with no clear match to this location, so it does not materially raise this parcel’s priority. Overall, the combination of low bid, clear residential use, and solid data quality makes it a reasonable candidate for manual review, but not a clear Good Investment based on available information.",Unknown ZIP code and surrounding value; no clear development overlap to support appreciation; crime risk estimate unknown; owner listed as Unknown may indicate title or contact complexity; only basic legal description and no condition or occupancy data for the residential improvement.,Exact ZIP code; neighborhood and surrounding property value context; physical condition and age of the residential improvement; occupancy status; any code violations or liens beyond the tax issue; precise distance and connectivity to major employment or development nodes; utility and infrastructure details.,"Confirm parcel location and ZIP in county GIS, then pull neighborhood sales and rent comps for Broken Arrow Heights 3rd Addn area, along with any code enforcement or lien records, to assess realistic exit value versus the 6,614.67 bid and determine whether the improved residential structure is habitable or requires major rehab.",Medium
61975-91-12-03150,5.8,Mid Investment,True,Research First,False,Matched development (Meta Tulsa Data Center at Fair Oaks Innovation Park) has no clear geographic overlap with this Sand Springs parcel; development signal is explicitly Low.,"The parcel at 908 E FOREST DR N in the Oak Park Addition of Sand Springs has a clear address, clear legal description (LT 11 BLK 7 CITY OF SAND SPRINGS | OAK PARK ADDN), and a relatively modest bid cost of 6681.26. Rule-based scoring places it in the Mid Investment range with strong property clarity and complete address data, but the ZIP is unknown and surrounding value and crime risk are unknown. Development intelligence references a large Meta data center project in East Tulsa with high investment momentum, but there is no street, neighborhood, or ZIP overlap, so it does not materially enhance this parcel’s priority. Overall, the combination of low bid, clear parcel data, and lack of clear downside from the available information makes it a reasonable candidate for manual review, but not a clearly strong investment without further due diligence.","ZIP code is unknown; surrounding value and crime risk are unknown; no confirmed development or infrastructure improvements near this specific Sand Springs location; owner name listed as Unknown; development match is explicitly No Clear Match, so broader Tulsa industrial momentum may not translate into local upside for this parcel.",Exact ZIP code; current land use and structure condition for this R IMP property; surrounding property values and market demand in the Oak Park Addition of Sand Springs; local crime and nuisance factors; any code violations or liens beyond the tax issue; zoning specifics and allowable uses.,"Verify the parcel’s exact ZIP and map the lot within the Oak Park Addition in Sand Springs, then pull local sales/comparable values and confirm current structure condition and zoning to determine whether the 6681.26 bid aligns with realistic resale or rental potential.",High
12425-92-04-02590,5.8,Mid Investment,True,Research First,False,Meta Tulsa Data Center at Fair Oaks Innovation Park has no clear geographic overlap with this parcel; development signal is explicitly Low despite high-level city investment momentum.,"The parcel at 137 N 44 AV W in Tulsa is a residential improvement (R IMP) lot with a bid cost of 6,690.66 and high extraction/data confidence. Address and parcel data are clear, and the property type is usable, which supports preliminary interest. However, the rule-based score is only 5.7 (Mid Investment), ZIP is unknown, surrounding value and crime risk are unknown, and there is no clear match to the major Meta/Fair Oaks development, limiting development-driven upside. These factors suggest moderate potential but warrant manual review rather than a strong automated endorsement.",Unknown ZIP code; no surrounding value data; crime risk unknown; development upside not clearly supported by the cited Meta/Fair Oaks project; bid cost may be material relative to uncertainty about neighborhood conditions and asset quality.,Exact ZIP code; neighborhood and surrounding value context; condition of the residential improvement; lot size and structure details; zoning confirmation; any liens or encumbrances beyond tax status; local crime and rental/owner-occupancy context.,"Manually verify the precise location and ZIP, confirm zoning and existing structure condition, and review neighborhood comparables and city/county records to assess whether the bid of 6,690.66 is justified given local values and risks.",High
00725-03-33-00530,5.8,Mid Investment,True,Research First,False,Meta Tulsa Data Center at Fair Oaks Innovation Park has no clear geographic overlap with this parcel; development signal is explicitly Low with No Clear Match.,"Residential improvement parcel at 1326 N KNOXVILLE AV E with clear address, simple legal (LT 2, ACME ACRE ADDN RESUB L41-42), and high data confidence. Bid cost of 6,743.65 is modest for an improved residential property, and rule-based system scores it as Mid Investment with strong property clarity. However, ZIP is unknown, surrounding value and crime risk are unknown, and there is no confirmed nearby development upside. These factors keep it from being classified as a Good Investment but make it a reasonable candidate for manual review given the low bid and clear parcel data.",Unknown ZIP and neighborhood context; surrounding value signal unknown; crime risk estimate unknown; no clear development overlap or documented upside; owner listed as Unknown may indicate title or notification complexities.,Exact ZIP code; neighborhood and market context; condition of the residential improvement; occupancy status; code enforcement or nuisance history; detailed title status and any liens beyond taxes; current assessed value and recent comparable sales.,"Verify parcel location and ZIP in county GIS, pull assessor record for structure details and valuation, check for additional liens or legal issues, and review neighborhood conditions and sales comps to determine whether the 6,743.65 bid aligns with realistic resale or rental potential.",High
40375-94-08-07940,6.1,Mid Investment,True,Research First,False,"Meta Tulsa Data Center at Fair Oaks Innovation Park shows strong industrial momentum in East Tulsa, but there is no clear street, neighborhood, or ZIP overlap with this parcel, so direct development upside is not supported.","The parcel at 1640 S 128 AV E in Tulsa has a clear address, high extraction confidence, and is classified as R IMP, indicating an improved residential property. The bid cost of 6,791.32 is modest for an improved parcel, and the rule-based system assigns a Mid Investment score of 5.7 with strong property clarity and complete address data. However, the ZIP code and detailed context (lot size, structure details, condition, surrounding values) are missing, and there is no confirmed overlap with the major Meta/Fair Oaks development area, limiting clear upside from nearby projects. These factors support a mid-tier investment classification but justify manual review due to the low bid and clear parcel data.","Unknown ZIP and neighborhood context; no confirmed development overlap with the Meta/Fair Oaks project; limited information on structure condition, occupancy, and surrounding property values; crime risk and surrounding value signals are unknown, increasing uncertainty relative to the bid.",ZIP code; lot size and building square footage; year built and property condition; occupancy status; detailed neighborhood and comp values; confirmation of proximity to or separation from Fair Oaks Innovation Park and related infrastructure improvements.,"Verify the exact location and ZIP of 1640 S 128 AV E, pull county assessor records for structure details and condition, and map the parcel relative to Fair Oaks Innovation Park and associated infrastructure projects to confirm whether any spillover benefit from the Meta data center investment is plausible.",High
08150-94-08-00330,5.7,Mid Investment,True,Research First,False,"Meta Tulsa Data Center at Fair Oaks Innovation Park shows strong industrial investment in East Tulsa, but there is no clear geographic match or overlap with this parcel, so direct development upside is uncertain.","The parcel at 11524 E 15 ST S in Tulsa is a residential improvement (R IMP) with a relatively modest bid cost of 6,800.65 and clear address and legal description (LT 2 BLK 2, CITY OF TULSA, CHEROKEE VILLAGE). Rule-based scoring places it at 5.7 (Mid Investment). Data quality is high and property clarity is strong, but the ZIP is unknown and surrounding value and crime risk are unknown. Development intelligence for the Meta Tulsa Data Center at Fair Oaks Innovation Park carries a high investment signal but has no clear match to this parcel, limiting direct development-driven upside.","Unknown ZIP code; no clear overlap with the major Meta/Fair Oaks Innovation Park development; surrounding value and crime risk are unknown; owner listed as Unknown, which may complicate title or notification history.","Exact ZIP code; confirmation of proximity to Fair Oaks Innovation Park and related infrastructure improvements; neighborhood-level market indicators (values, rents, vacancy); condition of existing residential improvements; access, utilities, and any code or lien issues beyond the tax auction.","Manually map the parcel using the legal description and address to confirm its exact location, ZIP, and neighborhood context, then compare that location to the Fair Oaks Innovation Park/Meta data center area to determine any realistic spillover benefit and verify current property condition and encumbrances.",High
54425-02-02-04980,7.5,Mid Investment,True,Research First,True,"Strong Match to Meta Tulsa Data Center at Fair Oaks Innovation Park with high development signal and positive surrounding value, indicating potential uplift from major industrial/data center investment and related infrastructure improvements.","Parcel 54425-02-02-04980 at 405 W 58 ST N has a low bid cost of 6819.31 relative to a stated 40,000 value, clear residential improved property type (R HS IMP), and a complete address with high extraction confidence. Rule-based scoring is 7.5 (Mid Investment) with strong property clarity and a high development signal tied to the Meta Tulsa Data Center project, suggesting potential upside from broader Tulsa-area industrial momentum. However, the match to Fair Oaks Innovation Park is based on general Tulsa overlap rather than a specific corridor, and the ZIP is unknown, so the direct benefit to this specific parcel is uncertain. These factors make it a solid candidate for manual review rather than an automatic high-priority investment.",Unknown ZIP and precise submarket location; development match is based on city-level token overlap (TULSA) rather than confirmed proximity to Fair Oaks Innovation Park; owner name unknown; residential use may not directly benefit from industrial/data center investment if not in a closely linked corridor.,"Exact ZIP code and neighborhood context; confirmation of distance and connectivity to Fair Oaks Innovation Park and related infrastructure improvements; current occupancy/condition of the residential improvements; any title, lien, or access issues beyond tax status.","Verify the parcel’s exact location and ZIP, then map it relative to Fair Oaks Innovation Park and associated infrastructure projects to confirm whether the Meta data center investment materially affects this neighborhood’s demand and values.",High
20575-93-30-08990,7.5,Mid Investment,True,Research First,True,"Property at 4103 S PEORIA AV E has a Strong Match to the Tulsa Market District / NOMA residential hub corridor, with a High development signal tied to multifamily/mixed-use revitalization and improved walkability and commercial activity along Route 66. This suggests potential uplift from nearby investment activity.","Parcel 20575-93-30-08990 is a commercial improvement (C IMP) lot (LT 4 BLK 1, JENNINGS-ROBARDS ADDN, City of Tulsa) with a relatively low bid cost of 6,826.65 and high extraction/data confidence. Address quality and property clarity are strong, and surrounding value and development signals are positive. The property is strongly matched to the Tulsa Market District / NOMA residential hub area, where a 256-unit residential hub and broader corridor revitalization efforts are underway, indicating potential value from nearby mixed-use and residential activity. However, the ZIP is unknown and detailed property condition/use is not provided, so it cannot be classified as a clear Good Investment without further verification.","ZIP code unknown; limited detail on the specific commercial improvement (current use, condition, tenancy, and building size unknown); ownership listed as Unknown, which may complicate title and redemption research; tax auction context may involve additional liens or encumbrances not visible in the provided data.","Exact ZIP code; building details (square footage, age, condition, current or prior use); current occupancy/tenancy and rent roll (if any); zoning specifics and any corridor overlays; confirmation of proximity and direct relationship to the NOMA/Tulsa Market District improvements; title status and presence of other liens or code enforcement issues.","Verify zoning and allowed uses for LT 4 BLK 1 JENNINGS-ROBARDS ADDN at 4103 S PEORIA AV E, then pull county records for building characteristics, code violations, and liens, and map the parcel relative to the Tulsa Market District / NOMA hub to confirm it is within the active revitalization corridor before prioritizing bidding strategy.",High
24525-94-07-04110,6.1,Mid Investment,True,Research First,False,"Meta Tulsa Data Center at Fair Oaks Innovation Park shows strong industrial investment in East Tulsa, but there is no clear geographic overlap with this parcel, so direct development upside is uncertain.","The parcel at 1622 S 108 AV E in the City of Tulsa is a residential improved property (R HS IMP) with a complete address, clear legal description (LT 25 BLK 13, MAGIC CIRCLE ADDN), and high extraction/data confidence. The bid cost of 6,830.15 is modest for an improved residential lot, which, combined with strong property clarity and usable address data, makes it a reasonable candidate for deeper review despite unknown ZIP and surrounding value signals. Development intelligence indicates a large Meta data center project in East Tulsa, but there is no clear match to this specific location, so development-driven upside is not strongly supported.",ZIP code and surrounding value signals are unknown; no clear overlap with the cited Meta/Fair Oaks Innovation Park development; crime risk is unknown; the relatively low bid still represents capital at risk given limited context on neighborhood quality and market values.,Exact ZIP code; neighborhood and comparable value context; confirmation of current structure condition and occupancy; verification of proximity (or lack thereof) to the Fair Oaks Innovation Park area; any code violations or liens beyond the tax issue.,"Verify the precise location and ZIP of 1622 S 108 AV E, confirm current improvements and property condition on-site or via imagery, and pull basic neighborhood sales/rent comps to gauge whether the 6,830.15 bid aligns with local residential land and improved property values.",High
57628-73-15-20120,6.1,Mid Investment,True,Research First,False,Meta Tulsa Data Center at Fair Oaks Innovation Park has no clear geographic overlap with this Bixby parcel; development signal is explicitly Low despite high-level regional investment momentum.,"The parcel at 14901 S YALE AV E in the City of Bixby has a clear address, high data confidence, and a simple legal description (LT 1 BLK 1, CITY OF BIXBY, CELEBRITY COUNTRY RESUB B2 SITRIN CENTER). The bid cost of 6,855.98 is modest relative to the indicated value figure of 116,670 in the raw auction text, suggesting potential value spread if the property is usable. Rule-based scoring places it in a Mid Investment category, with strong property clarity and complete address but unknown ZIP and surrounding value. Development intelligence for the Meta Tulsa Data Center is not location-matched to this parcel, so it does not materially raise priority, but the parcel still merits manual review based on clarity and pricing.","ZIP code and precise market context are unknown; no confirmed surrounding value or crime data; development upside is not clearly supported by the cited Meta data center project; owner name is unknown; property type coded as C without further detail may indicate commercial use with uncertain demand; potential title, access, or use constraints cannot be evaluated from current data.",Exact ZIP code; detailed zoning/use information for Property Type C; confirmation of current improvements (land vs. structures); surrounding property values and market comps in this part of Bixby; access/ingress details along S Yale Ave; any liens or encumbrances beyond tax delinquency; confirmation of parcel size and dimensions.,"Verify zoning and allowed uses for LT 1 BLK 1 in the Celebrity Country Resub B2 Sitrin Center plat in Bixby, and obtain parcel size, improvement status, and recent comparable sales or assessed values to confirm whether the apparent value-to-bid spread (116,670 vs. 6,855.98) is realistic and not offset by access, use, or title issues.",Medium
12210-94-16-41680,5.8,Mid Investment,True,Research First,False,Meta Tulsa Data Center at Fair Oaks Innovation Park has no clear geographic overlap with this parcel; development signal is explicitly Low despite high-level East Tulsa momentum.,"Residential improved parcel in the City of Tulsa (LT 19 BLK 2 EASTPARK) with a complete address and high data confidence is offered at a relatively low bid cost of 6,862.64. Rule-based scoring places it in a Mid Investment category due to usable property data and low entry cost, but with unknown ZIP, unknown surrounding values, and no clear match to the major Meta/Fair Oaks development. These factors justify manual review rather than outright rejection.",ZIP and precise submarket context are unknown; surrounding value signal is Unknown; no clear development overlap with the Meta/Fair Oaks project; crime risk estimate is Unknown; current condition and occupancy of the residential improvement are not provided.,"Exact ZIP code; detailed neighborhood and surrounding property values; current physical condition and occupancy status of the improvement; any code enforcement or title issues beyond tax delinquency; confirmation of proximity, if any, to the Fair Oaks Innovation Park corridor.","Verify the exact ZIP and map the parcel within Tulsa to assess neighborhood comps and rental/sale values; obtain recent imagery or inspection data to confirm the condition and usability of the residential improvement; check county records for liens or code violations; then reassess whether the low bid cost of 6,862.64 aligns with local value and risk.",High
54375-02-01-07910,7.5,Mid Investment,True,Research First,True,"High-strength development signal from Meta Tulsa Data Center at Fair Oaks Innovation Park in East Tulsa, indicating significant industrial and infrastructure investment momentum that could support surrounding values.","Parcel 54375-02-01-07910 at 1148 E 60 ST N has a complete address, clear legal description (Lots 1–5, Block 6, TURLEY-ORIGINAL TOWN, Tulsa County), and a relatively low bid cost of 6,907.12 for a C IMP (commercial improvement) property. Rule-based scoring is 7.5 with strong property clarity and positive surrounding value signals. There is a High development signal tied to major industrial/data center investment in Tulsa (Meta’s $1B data center at Fair Oaks Innovation Park), which raises potential upside despite location uncertainty within the metro. However, missing ZIP and limited detail on the specific commercial use and condition prevent classifying it as a Good Investment at this stage.","ZIP and precise neighborhood context are unknown; actual proximity and relevance to the Fair Oaks Innovation Park development are unclear despite a strong Tulsa-wide match; property condition, occupancy, and specific commercial use are unknown; crime risk is unknown.","Exact ZIP code and neighborhood context; confirmation of distance and connectivity to Fair Oaks Innovation Park; current structure type, condition, and occupancy; zoning specifics beyond C IMP classification; any code violations or liens beyond tax status; local crime and market rent/sales data for Turley-Original Town commercial properties.","Verify the parcel’s exact location and ZIP, then map its distance and access routes to Fair Oaks Innovation Park and the Meta data center; confirm zoning and allowable uses for C IMP in this block of Turley-Original Town; obtain county records or imagery to assess existing improvements and condition; check for additional liens or code issues; and compare bid cost of 6,907.12 to recent commercial land/improvement sales in the immediate Turley area.",High
84830-72-11-53420,5.8,Mid Investment,True,Research First,False,Matched development (Meta Tulsa Data Center at Fair Oaks Innovation Park) has no clear geographic overlap with this Glenpool residential parcel; development signal is explicitly Low.,"Residential improved parcel (R HS IMP) in City of Glenpool with clear address and legal description (LT 24 BLK 4, APPALOOSA ACRES SECOND) and high data confidence. Bid cost is relatively modest at 6927.56, and rule-based score is 5.7 in the Mid Investment range. However, ZIP and surrounding value signals are unknown, and there is no confirmed overlap with the cited East Tulsa industrial/data center development, limiting development-driven upside. These factors make it a reasonable candidate for manual review rather than a clear good or bad investment.","Unknown ZIP and surrounding value; no clear development overlap to support appreciation; crime risk estimate unknown; only basic valuation context (9,000) provided; owner name unknown; potential title, condition, and access issues not addressed in available data.",Exact ZIP code; detailed surrounding property values and comps; property condition and occupancy status; utility/access details; any code violations or liens beyond tax; precise distance and connectivity to major employment or development nodes.,"Verify parcel location and ZIP in county GIS, confirm current improvements and condition on-site or via imagery, and pull nearby sales/assessed values in Appaloosa Acres Second and surrounding Glenpool area to gauge whether the 6,927.56 bid is supported by local residential values.",High
45350-94-06-08780,5.8,Mid Investment,True,Research First,False,"The only cited project is the Meta Tulsa Data Center at Fair Oaks Innovation Park, which has a High investment signal but explicitly shows no clear match to this parcel by street, corridor, neighborhood, or ZIP, so it should not be treated as a direct development upside driver for this property.","The property is a residential improvement (R IMP) lot in the City of Tulsa (WAGON WHEEL ADDN, LT 32 BK 8) with complete address data and high extraction confidence, supporting basic usability. The bid cost of 6949.58 is relatively modest, aligning with the rule-based Mid Investment score of 5.7. However, the ZIP and surrounding value context are unknown, and the development intelligence indicates no clear match to the major Meta/Fair Oaks project, limiting confirmed upside. These factors justify a Mid Investment classification and manual review rather than a Good or Bad Investment label.","Unknown ZIP and surrounding value; no clear development overlap with the cited Meta/Fair Oaks project; crime risk estimate unknown; only basic property type information (R IMP) without condition, occupancy, or structure details; potential neighborhood or title issues not visible from current data.","Exact ZIP code; property condition and any existing structure details; neighborhood and comparable value context; crime and code enforcement history; title status, liens, and any municipal assessments; confirmation of utilities and access; proximity to employment centers or corridors beyond the non-matching Meta/Fair Oaks project.","Verify the precise parcel location and ZIP in county GIS, then pull recent sales and assessed values for WAGON WHEEL ADDN and nearby blocks to gauge market support for a 6949.58 bid; follow with a title search for liens and a basic exterior/streetscape review to assess property condition and neighborhood stability.",High
80610-84-11-13910,6.1,Mid Investment,True,Research First,False,Meta Tulsa Data Center at Fair Oaks Innovation Park has no clear geographic overlap with this Broken Arrow parcel; development signal is explicitly Low despite high-level regional investment momentum.,"Residential improved parcel (R HS IMP) at 806 N CEDAR AV W in Broken Arrow with clear legal description (LTS 15 16 BLK 8, NORTH SIDE ADDN) and high data confidence. Bid cost is relatively modest at 6,953.43, and address/parcel data are strong, supporting potential value for a small residential lot with improvements. However, ZIP and surrounding value/crime context are unknown, and the only cited development (Meta data center at Fair Oaks Innovation Park) has no clear match to this location, so broader upside from that project is uncertain. Overall risk/return appears balanced enough to justify manual review but not strong enough to classify as a clear good investment.","Unknown ZIP and surrounding value; no crime risk estimate; no clear development overlap with the cited Meta data center project; bid cost near 7,000 may be high if improvements are minimal or distressed; owner listed as Unknown may indicate title or notification complexities.",Exact ZIP code; lot size and building square footage; current structure condition and occupancy; zoning specifics beyond R HS IMP label; recent comparable sales or assessed value; neighborhood crime and rental/owner-occupancy profile; any liens or code violations.,"Confirm parcel location and ZIP in county GIS, pull assessor record for structure details and assessed value, and review aerial/street imagery to gauge neighborhood quality and building condition before deciding bid ceiling relative to the 6,953.43 minimum.",High
36540-94-02-16310,5.8,Mid Investment,True,Research First,False,"Meta Tulsa Data Center at Fair Oaks Innovation Park shows strong industrial investment in East Tulsa, but there is no clear street, corridor, neighborhood, or ZIP overlap with this parcel, so direct development upside is not supported.","The parcel at 16312 E 4 PL S in the City of Tulsa is a residential improvement (R IMP) lot in ROSE DEW THIRD ADDN with a relatively low bid cost of 6,968.63 and high data confidence. Address and parcel data are clear and usable, and property clarity is strong. However, the ZIP code and surrounding value context are unknown, and the only cited development (Meta data center at Fair Oaks Innovation Park) has no clear geographic overlap, limiting confirmed upside. These factors support a mid-tier investment classification but warrant manual review due to the modest bid and clear residential nature.",Unknown ZIP and surrounding value; no clear overlap with major nearby development; crime risk unknown; owner name listed as Unknown; development signal is Low despite large regional project; potential that local neighborhood fundamentals may not justify even a modest bid without further verification.,Exact ZIP code; neighborhood and comparable value context; current condition of the residential improvement; occupancy status; any code violations or liens beyond tax delinquency; crime and school quality indicators; proximity in miles to Fair Oaks Innovation Park and other employment centers.,"Verify the precise ZIP and map the parcel within Tulsa to confirm neighborhood quality and proximity to employment and infrastructure; obtain recent imagery or a drive-by assessment to confirm the condition and usability of the residential improvement; check county records for additional liens or code issues; compare bid cost of 6,968.63 to nearby assessed values and recent sales in ROSE DEW THIRD ADDN and adjacent blocks.",High
98412-84-12-02870,5.7,Mid Investment,True,Research First,False,Meta Tulsa Data Center at Fair Oaks Innovation Park has no clear geographic overlap with this Broken Arrow parcel; development signal is explicitly Low despite high-level regional investment momentum.,"The parcel at 315 N 14 ST E in Broken Arrow has a complete address, clear legal description, and high data confidence, with a bid cost of 6,982.63 and property type R IMP, suggesting an improved residential asset. Rule-based scoring places it in the Mid Investment range, primarily due to unknown ZIP, unknown surrounding values, and no clear development overlap. These factors, plus the modest bid level and strong property clarity, justify manual review but not a Good Investment classification at this stage.","ZIP and neighborhood context are unknown; surrounding value and crime risk are unknown; no clear overlap with the cited Meta/Fair Oaks development; development upside is not clearly supported; bid cost near 7,000 may be high relative to uncertainty about condition, access, and marketability.","Exact ZIP code; neighborhood and surrounding property values; property condition and occupancy status; structure details (size, age, configuration); confirmation of utilities and access; any liens or encumbrances beyond tax status; proximity to employment centers or schools.","Confirm the precise location and ZIP, then pull local sales and rent comps for this block of N 14 ST E in Broken Arrow and verify current structure condition and occupancy to determine whether the roughly 6,982.63 bid is supported by realistic resale or rental value.",High
57490-90-30-41030,5.7,Mid Investment,True,Research First,False,Meta Tulsa Data Center at Fair Oaks Innovation Park has no clear geographic overlap with this parcel; development signal is explicitly Low despite high-level regional investment momentum.,"Parcel 57490-90-30-41030 at 5009 S ROBERT E LEE TE is a residential improved property (R HS IMP) with a bid cost of 6,993.39 and a reported value of 43,635, implying a relatively low entry price. Address and parcel data quality are strong and extraction confidence is high. However, ZIP and city are unknown, surrounding value and crime risk are unknown, and there is no clear match to the cited Meta/Fair Oaks development area. These factors support a Mid Investment classification but justify manual review due to the low bid and clear residential improvement status.",Unknown ZIP and city; no confirmed surrounding value or crime data; development upside not clearly supported by the Meta/Fair Oaks project; partial legal description may require survey/title clarification; regional development signal is Low for this specific parcel.,"Exact ZIP code and city; confirmation of current occupancy/condition of the residential improvement; neighborhood-level comps and rent/sale demand; crime and school context; title status, liens, and any encumbrances beyond tax; zoning confirmation and any code enforcement issues.","Manually locate the parcel using county GIS and confirm the exact city/ZIP and neighborhood context, then pull recent comparable sales and rent data for similar residential improved properties nearby to validate that the 6,993.39 bid is justified relative to the indicated 43,635 value.",High
85175-72-12-57030,5.8,Mid Investment,True,Research First,False,No Clear Match to the cited Meta Tulsa Data Center / Fair Oaks Innovation Park project; development signal is Low despite high-level regional investment momentum.,"Parcel 85175-72-12-57030 at 1277 E 139 ST S in the City of Glenpool is a residential improved (R HS IMP) lot in Kendalwood III AMD, with a bid cost of 7,004.96. Address and parcel data are clear and extraction confidence is High, supporting basic usability. Rule-based scoring places it in a Mid Investment category due to moderate bid level and solid data quality, but with unknown ZIP, unknown surrounding value, and no clear overlap with the major Meta/Fair Oaks development. These factors justify manual review rather than outright rejection or strong endorsement.","ZIP code and surrounding value context are unknown; no clear development overlap with the Meta Tulsa Data Center project; crime risk is unknown; bid cost of 7,004.96 is not trivial given the uncertainty; ownership listed as Unknown may signal potential title or notification complexities.",Exact ZIP code; detailed neighborhood and surrounding property values; confirmation of existing structure condition for this R HS IMP parcel; any liens or encumbrances beyond tax delinquency; local crime and school context; proximity to other Glenpool or regional investments not cited here.,"Verify the precise location and ZIP, then pull county assessor and GIS records to confirm structure details, current assessed value, and any additional liens or code issues; follow with a targeted check of Glenpool-area development or infrastructure projects not captured in the provided Meta/Fair Oaks intelligence.",High
46000-93-30-11430,5.7,Mid Investment,True,Research First,False,Meta Tulsa Data Center at Fair Oaks Innovation Park has no clear geographic overlap with this parcel; development signal is explicitly Low despite high-level industrial momentum in East Tulsa.,"The parcel at 1558 E 41 ST S in Tulsa has a complete address, clear residential improvement (R IMP) classification, and a specific legal description (LOT 7 BLK 1 WARREN HGTS, City of Tulsa), indicating a usable, identifiable property. The bid cost of 7,025.18 is moderate and not flagged as high, and rule-based scoring places it in a Mid Investment range. However, the ZIP code and surrounding value context are unknown, and there is no confirmed overlap with the cited Meta/Fair Oaks development, limiting clear upside from nearby investment. These factors justify manual review but do not support classifying it as a Good Investment at this stage.","Unknown ZIP and surrounding value; no clear development overlap with the Meta/Fair Oaks project; crime risk unknown; only basic size information (8,316) and R IMP type are provided without condition or market context; ownership listed as Unknown may complicate title or notification steps.","Exact ZIP code; neighborhood and surrounding property values; property condition and current occupancy; detailed structure characteristics (year built, square footage, configuration); confirmation of any liens or encumbrances beyond tax delinquency; proximity to other known Tulsa corridors or redevelopment areas; crime and school context.","Verify the precise location and ZIP for 1558 E 41 ST S, confirm parcel boundaries and improvements with county GIS and assessor records, and pull recent comparable sales or assessed values in Warren Heights (or equivalent subdivision) to gauge value versus the 7,025.18 bid before proceeding.",High
12145-94-09-44920,6.1,Mid Investment,True,Research First,False,"Meta Tulsa Data Center at Fair Oaks Innovation Park shows strong industrial investment in East Tulsa, but there is no clear geographic or corridor match to this parcel, so direct development upside cannot be assumed.","The parcel at 1733 S 141 AV E in the City of Tulsa is a residential improvement (R IMP) lot in EASTLAND PARK with a complete address, clear legal description (LT 8 BLK 13), and high extraction confidence. The bid cost is relatively modest at 7,033.29, and rule-based scoring places it in a Mid Investment category with a 5.7 score. However, the ZIP code and surrounding value context are unknown, and there is no confirmed overlap with the nearby Meta data center development, limiting clear upside. These factors, combined with usable property data and manageable bid size, justify manual review but not a Good Investment classification at this stage.","Unknown ZIP and surrounding value; no confirmed development overlap with the Meta data center project; crime risk and neighborhood quality are unknown; only basic property type information (R IMP) is available with no condition or structure details; bid cost of 7,033.29 may be high relative to uncertainty if improvements are obsolete or distressed.","Exact ZIP code; property physical condition and age; structure details (square footage, bed/bath count, occupancy); current and typical market values in EASTLAND PARK; local crime and school quality; confirmation of distance and connectivity to Fair Oaks Innovation Park and related infrastructure improvements.","Verify the parcel’s exact location and ZIP, then pull county assessor records for structure details and assessed value, followed by a map-based check of distance and access to Fair Oaks Innovation Park and any related infrastructure upgrades to determine whether the Meta data center investment materially affects this specific neighborhood.",Medium
14175-03-33-03800,5.7,Mid Investment,True,Research First,False,"Meta Tulsa Data Center at Fair Oaks Innovation Park has no clear street, neighborhood, or ZIP overlap with this parcel; development signal is explicitly Low despite high project investment.","The parcel at 131 N MARION AV E in Tulsa has complete address data, a clear residential improvement (R IMP) classification, and high extraction/data confidence. The bid cost of 7,064.62 is modest for a residential-improved lot, and the legal description is specific (ALL OF LT 26 & S 25 OF LT 27 BLK 17, FEDERAL HGTS SECOND ADDN), supporting usability. However, the ZIP is unknown, surrounding value and crime risk are unknown, and there is no clear development overlap with the cited Meta data center project. Rule-based scoring places it in a Mid Investment category with a recommendation for manual review rather than immediate high-priority status.",Unknown ZIP code; no quantified surrounding value signal; crime risk estimate unknown; development upside not clearly supported by any matched project; owner name listed as Unknown may indicate title or records complexity.,Exact ZIP code; neighborhood and surrounding property value context; condition and specifics of the residential improvement; occupancy status; any liens or encumbrances beyond tax status; local crime and code enforcement history.,"Confirm parcel location and ZIP, then pull local comps and neighborhood data for Federal Heights Second Addition; verify structure type and condition for the R IMP classification; check title, liens, and any municipal code issues to assess true all-in cost and risk.",High
16375-93-03-05080,5.7,Mid Investment,True,Research First,False,Meta Tulsa Data Center at Fair Oaks Innovation Park has no clear geographic overlap with this parcel; development signal is explicitly Low despite high-level city investment momentum.,"Residential improved parcel in the City of Tulsa (LT 10 BLK 3, GLENHAVEN & GLENHAVEN AMD RESUB) with a complete address and high extraction confidence. Bid cost is $7,071.29, which is moderate for a residential-improved tax auction asset and supported by strong property clarity and usable address data. However, the ZIP code and surrounding value/crime context are unknown, and the only cited development (Meta data center at Fair Oaks Innovation Park) has no clear match to this location, limiting confirmed upside. Overall signals place it in a mid-tier investment category but with enough clarity and manageable bid size to justify manual review.",Unknown ZIP and surrounding value; no confirmed overlap with major development activity; crime risk estimate unknown; owner listed as Unknown; bid may be high relative to local market conditions that are not provided.,Exact ZIP code; neighborhood and surrounding property values; condition and occupancy status of the residential improvement; any code violations or liens beyond the tax issue; crime and school context; proximity to employment centers or corridors; lot size and building square footage.,"Confirm parcel location and ZIP in county GIS, then pull recent comparable sales and rent levels for Glenhaven & Glenhaven Amd Resub area, along with a basic exterior condition check (street view or drive-by) to assess the residential improvement and refine value versus the $7,071.29 bid.",High
08675-93-01-02070,6.1,Mid Investment,True,Research First,False,Meta Tulsa Data Center at Fair Oaks Innovation Park has no clear geographic overlap with this parcel; development signal is explicitly Low despite high-level industrial momentum in East Tulsa.,"Residential improved parcel (R HS IMP) at 529 S 90 AV E in Tulsa with clear legal description (LT 7 BLK 22, Clarland Acres) and high extraction confidence. Bid cost of 7,105.95 is moderate and supported by strong property clarity and complete address, but ZIP and surrounding value signals are unknown. Development intelligence references a major Meta data center project in East Tulsa, yet there is no street, corridor, neighborhood, or ZIP overlap, so it does not materially upgrade this parcel’s priority. Overall, the property merits manual review based on clarity and manageable bid level, but missing ZIP and unknown surrounding value/crime risk keep it in Mid Investment rather than Good Investment.",ZIP and neighborhood context unknown; surrounding value and crime risk are unknown; no confirmed benefit from nearby large-scale development; bid cost may be high relative to uncertainty about local comparables and condition of improvements; owner name unknown may complicate title research.,Exact ZIP code; neighborhood and market context; condition and age of improvements; lot size and building size; current occupancy or tenancy; detailed title status and any additional liens; confirmation of proximity (or lack thereof) to major infrastructure or redevelopment corridors.,"Verify parcel location and ZIP via county GIS, then pull aerial imagery and assessor records to confirm structure type, size, and condition; follow with a title and lien search to identify any encumbrances beyond the tax lien and assess whether the 7,105.95 bid is justified relative to likely resale or rental value.",High
30800-93-07-13130,5.8,Mid Investment,True,Research First,False,Meta Tulsa Data Center at Fair Oaks Innovation Park has no clear geographic overlap with this parcel; development signal is Low despite high-level industrial momentum in East Tulsa.,"Parcel 30800-93-07-13130 at 1716 S ST LOUIS AV E, Tulsa, has a clear address and legal description (LT 4 BLK 21, ORCUTT ADDN, CITY OF TULSA) and is classified as R IMP, indicating a residential improvement rather than vacant land. The bid cost of 7119.92 is modest, and rule-based scoring (5.7, Mid Investment) plus strong property clarity and complete address support preliminary interest. However, the ZIP is unknown, surrounding value and crime risk are unknown, and there is no clear match to the cited Meta/Fair Oaks development, limiting confidence in upside. These factors justify manual review rather than a definitive good or bad classification.","Unknown ZIP code and neighborhood context; no quantified surrounding value or crime risk; development intelligence does not clearly apply to this specific location; ownership listed as Unknown; tax auction status may indicate deferred maintenance or title complications; bid cost, while modest, is not negligible given location and condition uncertainties.",Exact ZIP code and neighborhood context; current structure condition and occupancy; interior and exterior physical condition; current and recent assessed values; any code violations or liens beyond taxes; zoning details beyond R IMP classification; rental and sales comparables for ORCUTT ADDN and immediate surroundings; confirmation of utilities and access.,"Confirm parcel location and ZIP in county GIS, then pull county assessor records for structure details, assessed value history, and any code issues; follow with a drive-by or street-level imagery review of 1716 S ST LOUIS AV E to assess condition and block quality before considering bid strategy.",Medium
04175-93-14-07050,6.1,Mid Investment,True,Research First,False,Meta Tulsa Data Center at Fair Oaks Innovation Park has no clear geographic overlap with this parcel; development signal is explicitly Low despite high-level industrial momentum in East Tulsa.,"Residential improved parcel in the City of Tulsa (Boman Acres Fourth Addn, LT 14 BLK 34) with a complete address and strong property clarity signal. Bid cost of 7,152.78 is moderate and data confidence is High. However, ZIP is unknown, surrounding value and crime risk are unknown, and the only cited development (Meta data center at Fair Oaks Innovation Park) has no clear match to this location, so broader upside is not clearly supported. These factors place the property in a Mid Investment category but with sufficient clarity and manageable bid size to justify manual review.",Unknown ZIP code and neighborhood context; no surrounding value data; crime risk estimate unknown; development upside not clearly supported due to no clear match with the cited Meta/Fair Oaks project; bid cost may be high relative to these uncertainties.,Exact ZIP code; neighborhood and surrounding property values; condition and occupancy status of the residential improvement; any code violations or liens beyond tax; crime and safety context; proximity to employment centers or schools; confirmation of distance from Fair Oaks Innovation Park and other major investments.,"Verify the precise location and ZIP, then pull neighborhood sales/rent comps and visual/condition checks (street-level imagery or in-person) for 7721 E 30 PL S in Boman Acres Fourth Addn to assess structure condition and local market strength before bidding near 7,152.78.",High
61500-91-27-00840,5.8,Mid Investment,True,Research First,False,"The only cited development is the Meta Tulsa Data Center at Fair Oaks Innovation Park, which has no clear street, neighborhood, or ZIP overlap with this Sand Springs parcel; development signal is explicitly Low.","The property at 4817 S NASSAU AV W in Sand Springs is a residential improved (R IMP) lot in Angus Valley Acres with a bid cost of 7162.16. Address and parcel data are complete and extraction confidence is High, and the rule-based system assigns a Mid Investment score of 5.7, indicating some potential. However, ZIP and surrounding value are unknown, and there is no clear match to the major Meta/Fair Oaks development, so broader upside is not supported by the provided data. These factors support a Mid Investment classification and warrant manual review rather than a strong automated endorsement.",Unknown ZIP and surrounding value; no clear development overlap or documented local investment momentum; only Mid Investment rule-based score (5.7); bid cost of 7162.16 may be high relative to the uncertainty about neighborhood quality and resale/rental potential.,Exact ZIP code; surrounding property values and neighborhood quality; condition of the residential improvements; occupancy status; any code violations or liens beyond the tax issue; more precise proximity to any current or planned infrastructure improvements.,"Manually verify the parcel location and neighborhood context in Sand Springs (Angus Valley Acres), confirm the ZIP and recent comparable sales or assessed values, and check county records for structure details, condition indicators, and any additional encumbrances before bidding.",Medium
85375-72-14-01945,5.7,Mid Investment,True,Research First,False,"No street, corridor, neighborhood, or ZIP overlap found",AI review failed validation; fallback rule-based review used.,ZIP unknown; development upside not clearly supported; no clear development overlap,reasoning_summary not grounded enough,"Drive-by, title review, and neighborhood verification",High
42025-93-07-18720,5.7,Mid Investment,True,Research First,False,"Meta Tulsa Data Center at Fair Oaks Innovation Park shows strong industrial investment in East Tulsa, but there is no clear geographic overlap with this parcel, so direct development upside is not supported.","Residential improved parcel at 1711 E 13 PL S in Tulsa with clear address and legal description (LT 15 BLK 14 CITY OF TULSA TERRACE DRIVE ADDN RESUB B6 & L1-3 B4). Bid cost is relatively modest at 7,230.61, and data confidence is high. Rule-based system scores it 5.7 (Mid Investment) with a strong property clarity signal but unknown surrounding value and crime risk, and no clear development match. These factors make it suitable for manual review but not a clear strong investment based solely on current data.","ZIP code and surrounding value are unknown; no confirmed overlap with major development areas; crime risk is unknown; bid cost of 7,230.61 may be high relative to uncertainty about neighborhood quality and property condition.",Exact ZIP code; neighborhood and surrounding value context; property condition; occupancy status; detailed proximity to employment centers or amenities; any code violations or liens beyond tax status.,"Verify precise location and ZIP, pull neighborhood sales/rent comps, and check city/county records for code issues or additional liens to determine whether the 7,230.61 bid is justified relative to local values.",High
61940-91-27-37160,5.7,Mid Investment,True,Research First,False,Meta Tulsa Data Center at Fair Oaks Innovation Park has no clear geographic overlap with this Sand Springs parcel; development signal is explicitly Low despite high project investment.,"The parcel at 603 W 47 PL S in Sand Springs (Limestone Estates, LT 10 BLK 2) has clear address and legal description with high extraction confidence and a moderate bid cost of 7,258.08. Rule-based scoring is 5.7 (Mid Investment), supported by strong property clarity and complete address data. However, ZIP and surrounding value signals are unknown, and there is no clear match to the cited Meta data center development, limiting confirmed upside. These factors make it a reasonable candidate for manual review rather than an immediate high- or low-priority decision.","ZIP code and surrounding value are unknown; no clear development overlap with the major Meta data center project; development upside not clearly supported; bid cost of 7,258.08 may be high relative to uncertainty about neighborhood conditions and property improvements.",Exact ZIP code; details on existing improvements and condition for this R IMP parcel; neighborhood and surrounding property values; local crime and school quality; confirmation of any nearer public or private investment activity in Sand Springs or Limestone Estates.,Verify the precise ZIP and map the parcel within Limestone Estates; pull recent sales and assessed values for nearby lots and improved properties; confirm the nature and condition of the improvements on LT 10 BLK 2; check for any closer public or private investment initiatives in Sand Springs that could affect this subdivision.,High
46875-93-03-13050,5.7,Mid Investment,True,Research First,False,Meta Tulsa Data Center at Fair Oaks Innovation Park has no clear geographic overlap with this parcel; development signal is explicitly Low despite high-level industrial momentum in East Tulsa.,"The parcel at 5101 E 11 ST S in the City of Tulsa has a complete address, clear legal description (LOT 7 BLK 29, WHITE CITY ADDN), and high data confidence. The bid cost of 7,273.93 is modest for a commercial improvement (C IMP) property, and the rule-based system assigns a Mid Investment score of 5.7. However, the ZIP code and surrounding value context are unknown, and there is no clear match to the cited Meta/Fair Oaks development, limiting confirmed upside. These factors support a Mid Investment classification but justify manual review due to the relatively low bid and clear parcel data.","Unknown ZIP and surrounding value; no clear development overlap with the Meta Tulsa Data Center project; development signal Low; crime risk and local market conditions unknown; commercial improvement status (C IMP) not further detailed, so current use, condition, and income potential are unclear.","Exact ZIP code; detailed property characteristics (building size, condition, use); surrounding property values and comps; local zoning specifics; crime and neighborhood risk profile; any code violations or liens beyond tax status; confirmation of proximity to other active or planned developments not listed here.","Manually verify the parcel’s exact location and ZIP, then pull local zoning, building details, and recent sales/lease comps for WHITE CITY ADDN and the immediate 11th Street corridor to assess commercial viability and confirm whether any unlisted nearby public or private investments materially enhance value.",High
22775-94-17-02590,5.7,Mid Investment,True,Research First,False,"No street, corridor, neighborhood, or ZIP overlap found",AI review failed validation; fallback rule-based review used.,ZIP unknown; development upside not clearly supported; no clear development overlap,reasoning_summary not grounded enough,"Drive-by, title review, and neighborhood verification",High
20300-92-03-04570,5.7,Mid Investment,True,Research First,False,Meta Tulsa Data Center at Fair Oaks Innovation Park has no clear geographic overlap with this parcel; development signal is explicitly Low despite high project investment.,"Residential improved parcel (R HS IMP) at 1707 W EASTON PL N with clear legal description (LT 11 BLK 8, Irving Place, City of Tulsa) and high data confidence. Bid cost is relatively modest at 7,303.81, and address/parcel data are strong, supporting potential value for a small residential investment. However, ZIP and surrounding value signals are unknown, and there is no clear match to the major Meta data center development, limiting development-driven upside. Overall rule-based score of 5.7 places it in a mid-tier opportunity that merits manual review rather than immediate dismissal.",Unknown ZIP and surrounding value; no clear development overlap or documented upside from nearby projects; crime risk and neighborhood quality unknown; bid cost may be high relative to these uncertainties; owner listed as Unknown may signal title or records complexity.,Exact ZIP code; neighborhood and surrounding property values; condition of the residential improvements; occupancy status; code enforcement or nuisance history; detailed title status beyond tax auction; crime and school context.,"Confirm precise location and ZIP, then pull local sales/comparable values and any code or nuisance records for Irving Place area; verify structure condition via drive-by or recent imagery and check title/encumbrances beyond tax liens to assess whether the 7,303.81 bid is justified.",High
17950-92-04-04930,6.1,Mid Investment,True,Research First,False,Meta Tulsa Data Center at Fair Oaks Innovation Park has no clear geographic overlap with this parcel; development signal is explicitly Low despite high-level city investment momentum.,"The parcel at 134 S 42 AV W in Tulsa has a complete address, clear residential improvement classification (R IMP), and a straightforward legal description (LT 7 BLK 3, HAYDEN-LEWIS SECOND ADDN, CITY OF TULSA). Data confidence is High and property clarity is Strong. The bid cost of 7,308.60 is modest for a residential-improved parcel, which, combined with good data quality, makes it a reasonable candidate for deeper review. However, the rule-based score is only 5.7 (Mid Investment), ZIP is unknown, surrounding value and crime risk are unknown, and there is no clear development overlap with the cited Meta data center project, limiting confirmed upside.","Unknown ZIP code; no quantified surrounding value signal; crime risk estimate unknown; development upside not clearly supported by the only cited project; owner listed as Unknown may complicate title research; bid price, while not high, is not negligible given the uncertainty around neighborhood quality and market value.",Exact ZIP code; neighborhood and surrounding property value context; crime and livability indicators; physical condition of the residential improvement; occupancy status; any code violations or liens beyond tax; access and utility status; recent comparable sales in HAYDEN-LEWIS SECOND ADDN or nearby blocks.,"Confirm the precise location and ZIP, then pull neighborhood sales and rent comps for HAYDEN-LEWIS SECOND ADDN and adjacent blocks; verify structure type and condition via imagery or drive-by; check county records for additional liens or code issues; and assess whether the modest bid cost is supported by realistic resale or rental potential in this micro-area.",High
46525-94-05-05250,6.1,Mid Investment,True,Research First,False,"Meta Tulsa Data Center at Fair Oaks Innovation Park shows strong industrial investment momentum in East Tulsa, but there is no clear geographic match or overlap to this parcel, so direct development upside cannot be assumed.","The parcel at 293 S 118 AV E in the City of Tulsa is a residential improvement (R IMP) lot in Western Village Second Addition with a complete address, clear legal description (LT 17 BLK 13), and high extraction confidence. The bid cost of 7,315.38 is modest for an improved residential property, and rule-based scoring places it in a Mid Investment category with a 5.7 score. However, the ZIP code and surrounding value context are unknown, and there is no confirmed overlap with the major Meta data center development area, limiting clear upside signals. These factors justify manual review rather than outright rejection.","Unknown ZIP and surrounding value; no clear development overlap with the Meta Tulsa Data Center project; crime risk and neighborhood quality are unknown; only basic auction and property-type data are available, so actual structure condition, occupancy, and code issues are unverified.",ZIP code; detailed neighborhood and surrounding value data; property condition and age; current occupancy or tenant status; any code violations or liens beyond the tax issue; precise distance and connectivity to the Fair Oaks Innovation Park area.,"Verify the exact ZIP and map the parcel within Tulsa to assess neighborhood context, recent comparable sales, and proximity to employment centers; then check county records for structure details, code violations, and any additional liens or encumbrances before considering a bid at or above 7,315.38.",High
23850-93-15-12810,5.8,Mid Investment,True,Research First,False,Meta Tulsa Data Center at Fair Oaks Innovation Park has no clear geographic overlap with this Lortondale Addition residential parcel; development signal is explicitly Low.,"Residential improved parcel (R IMP) in the City of Tulsa with a complete address and clear legal description (LT 17 BLK 4 LORTONDALE ADDN) and high extraction confidence. Bid cost is relatively modest at 7,334.48, and rule-based scoring places it in a Mid Investment category with strong property clarity and complete address data. However, ZIP and surrounding value signals are unknown, and there is no clear match to the cited Meta/Fair Oaks development, limiting confirmed upside. These factors justify manual review rather than a definitive good or bad classification.",Unknown ZIP and surrounding value; no clear supporting development overlap; crime risk estimate unknown; ownership listed as Unknown; development signal Low despite broader East Tulsa investment momentum.,Exact ZIP code; detailed neighborhood and surrounding property values; physical condition of improvements; occupancy status; title issues or liens beyond tax delinquency; precise distance to major employment centers or infrastructure improvements.,"Confirm exact ZIP and neighborhood context for 4920 E 26 PL S in Lortondale Addition, pull recent comparable sales and assessed values for similar residential improved parcels on the same block, and verify any title encumbrances or structural issues before bidding above the 7,334.48 level.",High
04025-93-15-00140,5.7,Mid Investment,True,Research First,False,Meta Tulsa Data Center at Fair Oaks Innovation Park shows high regional investment but has no clear geographic match to this parcel; development signal is explicitly Low.,"The parcel at 2640 S SHERIDAN RD E in Tulsa is a residential improved property (R HS IMP) with a bid cost of 7,339.85. Address and parcel data quality are strong and extraction confidence is high, supporting basic usability. However, the ZIP is unknown and there is no clear overlap with the cited Meta data center development, so broader upside from nearby projects is not supported. Rule-based scoring places it in a mid investment range, suggesting potential but with notable information gaps.",Unknown ZIP and surrounding value; no clear development overlap despite regional industrial investment; limited detail on the specific residential improvements; bid cost may be high relative to uncertainty about neighborhood quality and market value.,"Exact ZIP code; details on structure size, condition, and occupancy; neighborhood and surrounding property values; zoning confirmation beyond R HS IMP label; any liens or additional encumbrances beyond tax status.","Confirm the precise location and ZIP, pull county assessor records for building characteristics and valuation, and review neighborhood comparables and zoning/land-use context to determine whether the 7,339.85 bid aligns with local market value and risk.",High
37425-04-21-00950,3.8,Bad Investment,True,Avoid,False,"The Meta Tulsa Data Center at Fair Oaks Innovation Park shows strong industrial investment in East Tulsa, but there is no clear street, corridor, neighborhood, or ZIP overlap with this parcel. Development match strength is explicitly marked as No Clear Match, so local industrial momentum cannot be reliably tied to this specific property.","Rule-based scoring categorizes this as a Bad Investment (score 4.2) driven by medium data confidence, partial address quality, and only moderate property clarity. The bid cost of 7347.26 is meaningful relative to the uncertainty: the legal description is minimal ('BLK 1 CITY OF TULSA | SEWELL INDUSTRIAL DISTRICT'), the owner is unknown, and the ZIP is missing. Development intelligence references a high-profile Meta data center project, but the system flags No Clear Match and a Low development signal for this parcel, so nearby investment upside is not clearly supported.",Unknown ZIP and incomplete address; unclear exact location and size within Sewell Industrial District; owner listed as Unknown; only block-level legal description; no confirmed overlap with the Meta/Fair Oaks Innovation Park investment; rule-based system already flags it as Bad Investment with low development signal.,"Exact site location (full address and ZIP); parcel dimensions and land use specifics within BLK 1; confirmation of zoning and allowable uses; verification of proximity to any active industrial or infrastructure improvements; any environmental, access, or title issues beyond the tax status.","Use the parcel_id 37425-04-21-00950 to pull the full county assessor record, including GIS map, zoning, acreage, and any improvements, then verify whether the Sewell Industrial District location has any documented linkage to current or planned infrastructure or industrial projects beyond the Meta/Fair Oaks development.",Medium
26275-93-09-07670,5.7,Mid Investment,True,Research First,False,Meta Tulsa Data Center at Fair Oaks Innovation Park shows strong citywide industrial momentum but has no clear geographic overlap with this parcel; development signal is explicitly Low.,"The parcel at 4004 E 11 ST S in the City of Tulsa has a complete address, clear legal description (LT-5-BLK-1, MAYO ADDN), and is classified as C IMP, indicating a commercial improvement rather than raw land. The bid cost of 7,361.93 is modest for a commercial-improved parcel, and data confidence is High. However, the ZIP code and surrounding value context are unknown, and the only cited development (Meta data center at Fair Oaks Innovation Park) has no clear match to this location, so broader development upside is not well supported. These factors support a Mid Investment classification but justify manual review due to the low bid and clear parcel data.","Unknown ZIP and surrounding value; no clear overlap with major cited development; crime risk and neighborhood context unknown; commercial improvement condition and usability are not described; bid, while modest, may still be high relative to uncertainty about structure quality and marketability.","Exact ZIP code; details on the existing commercial improvement (size, use, condition, occupancy); surrounding property values and market demand; zoning specifics; any code violations or liens beyond tax status; crime and neighborhood stability indicators.","Manually verify the parcel location and ZIP, then pull local assessor and zoning records to identify the type, size, and condition of the commercial improvement and confirm any additional liens or code issues before considering a bid at or near 7,361.93.",High
77200-94-21-16190,5.7,Mid Investment,True,Research First,False,"No street, corridor, neighborhood, or ZIP overlap found",AI review failed validation; fallback rule-based review used.,ZIP unknown; development upside not clearly supported; no clear development overlap,reasoning_summary not grounded enough,"Drive-by, title review, and neighborhood verification",High
61000-14-31-00520,5.8,Mid Investment,True,Research First,False,Meta Tulsa Data Center at Fair Oaks Innovation Park has no clear geographic overlap with this Owasso parcel; development signal is explicitly Low despite high-level regional investment momentum.,"The parcel at 404 S BIRCH ST E in Owasso has a complete address, clear legal description (ALL LT 1 & N10.8 LT 2 BLK 33, CITY OF OWASSO, ORIGINAL TOWN), and is classified as R HS IMP, indicating a residential improvement rather than raw land. The bid cost of 7,416.81 is modest for an improved residential parcel, aligning with the rule-based Mid Investment score of 5.7. Data confidence is High and property clarity is Strong, which supports manual review. However, the ZIP is unknown, surrounding value and crime risk are unknown, and there is no clear development overlap with the cited Meta data center project, limiting evidence of external upside. These factors keep the property in Mid Investment rather than Good Investment but make it a solid candidate for deeper manual review.","Unknown ZIP and surrounding value; no clear development or infrastructure overlap with the Meta Tulsa Data Center project; crime risk estimate unknown; owner name listed as Unknown may signal title or records complexity; development signal explicitly Low, so external appreciation drivers are uncertain.",Exact ZIP code; current physical condition of the residential improvement; surrounding neighborhood value and comparable sales or rents; any code violations or liens beyond the tax issue; clarity on ownership/title status beyond 'Owner Name: Unknown'; local crime and school context.,"Manually verify parcel details with Tulsa County records, including full mailing/ZIP information, ownership chain, and any additional liens; confirm the nature and condition of the residential improvement on-site or via imagery; and pull basic neighborhood value indicators to assess whether the 7,416.81 bid is well-covered by likely resale or rental value.",High
22350-93-31-06310,5.7,Mid Investment,True,Research First,False,Meta Tulsa Data Center at Fair Oaks Innovation Park has no clear geographic overlap with this parcel; development signal is explicitly Low despite high-level city investment momentum.,"The parcel at 1608 E 54 ST S in Tulsa is a residential improvement (R IMP) lot with a relatively low bid cost of 7,464.70 and high data confidence. Address and parcel data are clear, and the legal description is straightforward (LT 2 BLK 11 LECRONE'S LAZY L ADDN). Rule-based scoring places it in the Mid Investment range, mainly due to usable property data and modest bid, but with unknown ZIP, unknown surrounding value, and no clear development overlap. These factors justify manual review rather than dismissal.",ZIP code and surrounding value context are unknown; development upside is not clearly supported by the matched Meta data center project; crime risk is unknown; bid price signal is weak relative to these uncertainties.,"Exact ZIP code; neighborhood and surrounding property values; physical condition of the improvement; occupancy status; access, utilities, and any code or lien issues beyond taxes; more precise proximity to current or planned infrastructure improvements.","Verify the exact ZIP and neighborhood context for 1608 E 54 ST S, then pull recent comparable sales and rent data for similar residential properties in LECRONE'S LAZY L ADDN or nearby blocks to assess whether the 7,464.70 bid aligns with local value and risk.",High
90308-03-08-08590,6.1,Mid Investment,True,Research First,False,"The only cited development is the Meta Tulsa Data Center at Fair Oaks Innovation Park, which has no street, corridor, neighborhood, or ZIP overlap with this parcel and is explicitly marked as No Clear Match; therefore it does not materially enhance this parcel’s development priority.","The property at 2661 E 54 ST N in Tulsa has high data confidence, a complete address, and strong property clarity with an A IMP classification, indicating an improved asset rather than vacant land. The bid cost of 7,542.57 is modest for an improved parcel, supporting potential value relative to cost. However, the ZIP code and surrounding value context are unknown, and the rule-based development signal is Low with no clear match to the major Meta/Fair Oaks project. These gaps prevent classification as a Good Investment but justify manual review to assess structure condition, access, and local market context.","Unknown ZIP and surrounding value conditions; no clear supporting development or infrastructure momentum in the immediate area; unclear nature, size, and condition of the improvement despite A IMP classification; legal description complexity with multiple exceptions (LESS clauses) that may affect usable area and access; crime risk and neighborhood quality are unknown.","Exact ZIP code; confirmation of structure type, size, and condition for the A IMP improvement; current and recent market values or comps in the immediate area; zoning and permitted uses; verification of legal access and impact of the multiple LESS exceptions in the legal description; any code violations, liens beyond taxes, or occupancy status; neighborhood crime and amenity context.","Obtain county assessor records and GIS maps for parcel 90308-03-08-08590 to confirm the improvement details (building type, square footage, year built, condition), verify legal boundaries and access given the multiple LESS carve-outs, and identify the ZIP and neighborhood context before deciding on a final bid strategy.",High
81210-84-15-63180,5.7,Mid Investment,True,Research First,False,"Meta Tulsa Data Center at Fair Oaks Innovation Park shows strong regional industrial momentum, but there is no clear geographic overlap or match to this Broken Arrow residential parcel, so it should not be treated as a direct development upside signal.","Residential improved parcel (R HS IMP) in Broken Arrow with a complete address and strong property clarity signal, offered at a bid cost of 7,554.54. Rule-based score of 5.7 places it in a mid investment range: data quality is high and the address is usable, but the ZIP is unknown and surrounding value and crime risk are unknown. Development intelligence is rated High for the Meta data center project but has no clear match to this parcel, so it does not materially raise the priority. Overall, the combination of a modest bid, clear parcel/address, and improved residential use justifies manual review, but missing context on neighborhood value and risks prevents classifying it as a good investment at this stage.",Unknown ZIP code; no surrounding value data; crime risk unknown; development signal is low due to lack of clear overlap with the cited Meta data center project; ownership details unclear beyond auction text; potential condition or title issues not visible in current data.,Exact ZIP code; neighborhood and surrounding property values; crime and nuisance indicators; physical condition of improvements; occupancy status; detailed title history and any liens beyond taxes; local code enforcement or zoning issues.,"Confirm the precise location and ZIP, then pull local comps and neighborhood data for this block in Broken Arrow, followed by a title and lien check and, if feasible, a drive-by or street-level imagery review to assess the condition of the residential improvements.",High
55200-91-10-03090,7.5,Mid Investment,True,Research First,True,Strong Match to Meta Tulsa Data Center at Fair Oaks Innovation Park with high investment signal and positive surrounding value indicators.,"The parcel at 501 N RIDGE DR W is a residential improved property (R HS IMP) with clear legal description and complete address, offered at a relatively modest bid cost of 7,556.80. Rule-based scoring is 7.5 (Mid Investment) with strong property clarity and positive surrounding value signal. There is a Strong Match to the Meta Tulsa Data Center at Fair Oaks Innovation Park with a High development signal, suggesting potential uplift from major industrial investment momentum in Tulsa. However, missing ZIP and limited site-specific detail prevent classifying it as a Good Investment at this stage.","ZIP code and precise neighborhood context are unknown; only basic tax auction data is available. The development match is based on broader Tulsa-level overlap rather than a parcel-specific linkage, so the direct benefit from the Meta data center is uncertain.","Exact ZIP code, neighborhood context, current structure condition, occupancy status, zoning confirmation beyond R HS IMP label, and any liens or code enforcement issues are not provided.","Verify the exact location and ZIP, confirm zoning and allowable uses for the R HS IMP classification, and check local comparables and code/ lien records to determine whether the bid cost of 7,556.80 is supported by surrounding residential values and any spillover from the Meta Tulsa Data Center investment.",High
18950-93-33-02280,6.1,Mid Investment,True,Research First,False,Meta Tulsa Data Center at Fair Oaks Innovation Park has no clear geographic overlap with this parcel; development signal is explicitly Low despite high-level industrial momentum in East Tulsa.,"The parcel at 4370 E 57 PL S in the City of Tulsa is a residential improved property (R HS IMP) with a complete address, clear legal description (LT 3 BLK 13, HOLLIDAY HILLS ADDN, CITY OF TULSA), and high extraction/data confidence. The bid cost of 7,604.75 is modest for an improved residential parcel, aligning with the rule-based Mid Investment score of 5.7. However, the ZIP code and surrounding value context are unknown, and there is no confirmed overlap with the cited Meta/Fair Oaks development, so upside from nearby investment is not clearly supported. These factors justify a mid-range AI review score and a recommendation for manual review rather than a Good Investment classification.",Unknown ZIP and surrounding value; no clear development overlap with the Meta Tulsa Data Center project; development signal explicitly Low; crime risk estimate unknown; tax bid may be high relative to local market conditions that are not provided.,Exact ZIP code; neighborhood and surrounding property value context; condition of the residential improvements; occupancy status; any code enforcement or lien issues beyond the tax auction; more precise distance and connectivity to major employment or development nodes.,"Manually confirm the parcel location and ZIP, verify current structure condition and occupancy, and compare the 7,604.75 bid level to recent sales or assessed values for similar lots in Holliday Hills Addition to determine whether the tax bid is justified.",High
12145-94-09-42810,5.7,Mid Investment,True,Research First,False,Meta Tulsa Data Center at Fair Oaks Innovation Park has no clear geographic overlap with this parcel; development signal is Low despite high-level industrial momentum in East Tulsa.,"The property at 1532 S 140 AV E, Tulsa, OK is a residential improvement (R IMP) lot in the City of Tulsa, Eastland Park, with a relatively low bid cost of 7,605.90 and high data confidence. Address and parcel data are clear and usable, and the legal description is straightforward (LT 9 BLK 5). However, the surrounding value and crime risk are unknown, the ZIP code is missing, and there is no clear match to the nearby Meta/Fair Oaks development, limiting direct development upside. These factors support a Mid Investment classification but justify manual review due to low entry cost and clear property data.","Unknown ZIP and surrounding value; crime risk estimate unknown; no clear development overlap with the Meta Tulsa Data Center project; development upside not clearly supported; residential improvement details (structure condition, occupancy, access, utilities) are not provided.",Exact ZIP code; current property condition and any structures present; occupancy status; utility access and street/drive access details; neighborhood comparables and surrounding property values; local crime and code enforcement history.,"Verify parcel location and ZIP via county GIS, then pull recent sales and assessed values for Eastland Park Block 5 and adjacent blocks; confirm structure presence/condition via street-level imagery or site visit; check Tulsa County records for liens, code violations, and zoning/land-use constraints.",High
91236-12-36-47530,7.5,Mid Investment,True,Research First,True,"High-strength development signal tied to Meta Tulsa Data Center at Fair Oaks Innovation Park in East Tulsa, indicating significant nearby industrial and infrastructure investment momentum.","Parcel 91236-12-36-47530 at 7002 N PEORIA AV E has a relatively low bid cost of 7,624.18, complete address data, and strong property clarity. The rule-based system assigns a 7.5 Mid Investment score, and there is a High development signal with a Strong Match to the Meta Tulsa Data Center at Fair Oaks Innovation Park, suggesting positive surrounding value and infrastructure improvements. While the exact ZIP and detailed use characteristics are unknown, the combination of low entry cost, clear commercial improvement classification (C IMP), and strong nearby industrial development justifies manual review for potential upside.","ZIP code and finer location context are unknown; actual proximity to the Fair Oaks Innovation Park and Meta data center is not confirmed beyond a corridor-level match; specific condition, current use, access, and any environmental or right-of-way constraints are not provided; legal description references multiple carve-outs (RR right-of-way, road, and E40 for road) that may reduce usable acreage or complicate site layout.","Exact ZIP code; precise acreage remaining after all right-of-way and road carve-outs; current zoning and allowable uses; on-site improvement details despite C IMP classification; confirmation of actual distance and access routes to Fair Oaks Innovation Park and the Meta data center; any liens, encumbrances, or environmental issues.","Verify the parcel’s exact boundaries and remaining usable acreage from county GIS and legal description, then confirm zoning and current use, and map the parcel’s precise distance and access to Fair Oaks Innovation Park and the Meta Tulsa Data Center to assess how directly it may benefit from the nearby industrial and infrastructure investment.",High
38125-92-27-17970,5.7,Mid Investment,True,Research First,False,Meta Tulsa Data Center at Fair Oaks Innovation Park has no clear geographic overlap with this parcel; development signal is explicitly Low despite high-level industrial momentum in East Tulsa.,"Residential improved parcel (R IMP) at 4427 S ZENITH AV W in the City of Tulsa with clear lot and block description (LT 7 BK 2, Sherwood Forest) and high extraction confidence. Bid cost is relatively modest at 7,627.90, and address/parcel data quality is strong, supporting further review. However, ZIP is unknown, surrounding value and crime risk are unknown, and there is no clear match to the cited Meta/Fair Oaks development, limiting development-driven upside. Overall rule-based score of 5.7 places it in a mid-range investment profile that warrants manual review but not a strong automated endorsement.","Unknown ZIP code and surrounding value; no clear development overlap with the major Meta data center project; crime risk estimate unknown; owner listed as Unknown; development signal Low, so appreciation from nearby large-scale projects is not supported by the data.",Exact ZIP code; detailed neighborhood and surrounding property values; condition and occupancy status of the residential improvement; any code violations or liens beyond tax status; crime and school quality indicators; confirmation of proximity (or lack thereof) to other local infrastructure improvements not captured in the provided development intelligence.,"Manually verify the parcel location and neighborhood context for 4427 S ZENITH AV W (Sherwood Forest, LT 7 BK 2), including current market values for comparable residential properties, physical condition of the improvement, and any additional liens or encumbrances, to determine whether the 7,627.90 bid cost is supported by local resale or rental potential.",High
78260-84-12-00420,6.1,Mid Investment,True,Research First,False,Meta Tulsa Data Center at Fair Oaks Innovation Park has no clear geographic overlap with this Broken Arrow parcel; development signal is explicitly Low despite high project investment.,"Residential improved parcel (R HS IMP) in Broken Arrow with clear legal description (LOT 14 BLK 4, ARROW VILLAGE ADDN) and complete address, offered at a relatively modest bid cost of 7,636.31. Rule-based system scores it as Mid Investment with strong property clarity and high data confidence, but surrounding value and crime risk are unknown and ZIP is missing. Development intelligence references a large Meta data center in East Tulsa with no clear match to this location, so it does not materially raise this parcel’s priority. Overall, the combination of low bid, usable address/parcel data, and improved residential status justifies manual review, but missing context on neighborhood quality and values prevents classifying it as a Good Investment.","Unknown ZIP and surrounding value; no clear development overlap to support appreciation; crime risk unknown; only basic size/value context from auction text (9,709) with no confirmation of market value or structure condition.",Exact ZIP code; confirmation of structure condition and occupancy; neighborhood and surrounding property values; local crime and code enforcement history; proximity to employment centers or schools; any liens or encumbrances beyond tax status.,"Verify the exact location and ZIP for 212 N 10 ST E in Broken Arrow, then pull recent comparable sales and rental data for Arrow Village Addition and inspect county records for building details, code issues, and any non-tax liens to assess realistic value versus the 7,636.31 bid.",High
85240-72-13-61990,5.7,Mid Investment,True,Research First,False,"No street, corridor, neighborhood, or ZIP overlap found",AI review failed validation; fallback rule-based review used.,ZIP unknown; development upside not clearly supported; no clear development overlap,reasoning_summary not grounded enough,"Drive-by, title review, and neighborhood verification",High
43800-93-04-19590,5.7,Mid Investment,True,Research First,False,"Meta Tulsa Data Center at Fair Oaks Innovation Park shows strong industrial investment in East Tulsa, but there is no clear geographic overlap with 512 S QUEBEC AV E; development signal is explicitly Low.","Parcel 43800-93-04-19590 at 512 S QUEBEC AV E is a residential improvement (R IMP) lot in the City of Tulsa, with a bid cost of 7,753.89 and clear legal description (LT 3 BLK 3, UNIVERSITY PLACE). Address and parcel data quality are strong and extraction confidence is high, supporting usability. The rule-based system assigns a 5.7 Mid Investment score, reflecting some potential but with notable uncertainty: ZIP and surrounding value are unknown, and crime risk is unknown. Development intelligence references a large Meta data center project in East Tulsa, but there is no street, corridor, neighborhood, or ZIP overlap, so it does not materially upgrade this parcel’s priority.","Unknown ZIP and surrounding value; no clear development overlap to support appreciation; crime risk unknown; bid cost of 7,753.89 may be high relative to these uncertainties.",Exact ZIP code; neighborhood and surrounding property values; current structure condition and occupancy for the R IMP classification; zoning specifics; any code violations or liens beyond the tax issue; crime and school context.,"Verify the precise neighborhood and ZIP for 512 S QUEBEC AV E, then pull recent comparable sales and rent data in UNIVERSITY PLACE and inspect county records for structure condition, code issues, and any additional liens to determine if the 7,753.89 bid is justified.",High
47075-93-30-12810,6.1,Mid Investment,True,Research First,False,Meta Tulsa Data Center at Fair Oaks Innovation Park has no clear geographic overlap with this parcel; development signal is explicitly Low despite high-level city investment momentum.,"The parcel at 1356 E 44 ST S in Tulsa is a residential improved property (R HS IMP) with a relatively modest bid cost of 7,827.99. Address and parcel data quality are strong and extraction confidence is high, which supports further review. However, the ZIP code and surrounding value signals are unknown, and there is no clear match to the major Meta/Fair Oaks development, so broader upside from that project is uncertain. Rule-based scoring places this in a Mid Investment category with a 5.7 baseline, consistent with a property that merits manual review but not a clear Good Investment classification.","Unknown ZIP and surrounding value; no clear development overlap with the Meta/Fair Oaks project; development signal is Low; crime risk estimate is Unknown; bid cost, while not extremely high, is material given location and value uncertainty.",Exact ZIP code; neighborhood and surrounding property values; physical condition of improvements; occupancy status; title issues or other liens beyond taxes; local crime and code enforcement history.,"Confirm exact location and ZIP, then pull recent comparable sales and assessed values for nearby residential properties to gauge whether the 7,827.99 bid is supported; verify structure condition via street-level imagery or site visit and check for additional liens or code violations.",High
42675-93-02-15780,5.8,Mid Investment,True,Research First,False,"Meta Tulsa Data Center at Fair Oaks Innovation Park shows strong industrial investment in East Tulsa, but there is no clear street, neighborhood, or ZIP overlap with this parcel, so direct development upside is not supported.","The parcel at 7453 E 3 ST S in Tulsa is a residential improvement (R IMP) with a bid cost of 7,843.21. Address and parcel data quality are strong and extraction confidence is high, which supports further review. The rule-based system scores it 5.7 and categorizes it as Mid Investment, mainly due to usable data and moderate bid level but with unknown surrounding value and crime risk. Development intelligence from the Meta data center project does not clearly overlap this location, so it does not materially raise the priority but does indicate general East Tulsa momentum.","ZIP code is unknown; surrounding value and crime risk are unknown; no clear overlap with the cited Meta/Fair Oaks development; residential improvement details (structure condition, size, occupancy, access, utilities) are not provided; bid cost near 7,843.21 may be high if the structure is distressed or encumbered.","Exact ZIP code; neighborhood context and surrounding property values; structure details (square footage, age, condition, bed/bath count); current occupancy or title/encumbrance status; zoning confirmation; verification of access, utilities, and any code violations.","Confirm parcel location and ZIP in county records, then pull assessor data for structure details and zoning; check for liens, code violations, and occupancy; compare bid cost of 7,843.21 to assessed value and recent nearby sales to validate whether the tax auction price is justified.",High
74850-94-19-17270,5.8,Mid Investment,True,Research First,False,"Meta Tulsa Data Center at Fair Oaks Innovation Park shows strong industrial investment in East Tulsa, but there is no clear street, neighborhood, or ZIP overlap with this parcel, so direct development upside is not supported.","The parcel at 10829 E 33 CT S in the City of Tulsa is a residential improvement (R IMP) lot in the Briardale subdivision (LT 27 BLK 3 CITY OF TULSA | BRIARDALE) with a relatively modest bid cost of 7,909.20 and strong address/parcel clarity. Rule-based scoring places it in a Mid Investment category due to usable data and manageable bid size, but the ZIP is unknown and surrounding value and crime risk are not available. Development intelligence for the Meta Tulsa Data Center is high-level and not clearly tied to this specific location, so it does not materially upgrade the opportunity but does indicate some broader East Tulsa momentum. Overall, the combination of clear residential use, defined lot in an existing platted block, and moderate bid cost justifies manual review, but missing local value and risk context prevent classifying it as a Good Investment at this stage.","Unknown ZIP code and surrounding value; no crime risk estimate; no clear development overlap with the Meta Tulsa Data Center project; residential improvement condition and occupancy status are unknown; bid cost of 7,909.20 may be high relative to these uncertainties.",Exact ZIP code; current structure condition and occupancy; recent comparable sales or assessed value in Briardale; neighborhood crime and school context; any code violations or liens beyond taxes; proximity in miles to Fair Oaks Innovation Park and related infrastructure improvements.,Confirm the precise ZIP and map the parcel within Briardale; obtain county assessor data on improvements and assessed value; check for code enforcement issues or additional liens; pull recent residential sales in the immediate subdivision; and map distance and access routes to the Fair Oaks Innovation Park to see if broader East Tulsa industrial investment is likely to influence this micro-location.,Medium
74955-94-20-02740,6.1,Mid Investment,True,Research First,False,"Meta Tulsa Data Center at Fair Oaks Innovation Park shows strong industrial investment in East Tulsa, but there is no clear geographic overlap or match to this residential parcel, so direct development upside is uncertain.","Residential improved parcel (R IMP) at 12427 E 32 PL S with clear lot/block description (LT 15 BLK 2, Briarglen East/Briarglen Ext) and high extraction confidence suggests a standard single-lot residential asset. Bid cost of 7,945.87 is moderate and not flagged as a strong negative. Rule-based score of 5.7 and Mid Investment category indicate some potential but with notable unknowns, including ZIP and surrounding value. Development intelligence for the Meta Tulsa Data Center is high-level and not clearly tied to this specific neighborhood, so it does not materially upgrade the opportunity. Overall, data quality is good enough and bid is modest enough to justify manual review, but not enough support to classify as a Good Investment from available data alone.",ZIP and surrounding value are unknown; no clear overlap with major nearby development; crime risk estimate unknown; residential condition and occupancy status not provided; bid may be high relative to these uncertainties for a tax auction context.,Exact ZIP code; neighborhood and surrounding value context; property condition and age; current occupancy or tenant status; any code violations or liens beyond taxes; proximity to the Fair Oaks Innovation Park and other employment centers.,"Confirm exact location and ZIP, then pull neighborhood sales/rent comps and visual/assessor data (photos, year built, square footage, condition) to assess whether the roughly $7.9K bid aligns with local land and improved property values; also verify any additional liens or encumbrances beyond delinquent taxes.",Medium
07900-94-18-00140,5.8,Mid Investment,True,Research First,False,"Meta Tulsa Data Center at Fair Oaks Innovation Park shows strong industrial investment in East Tulsa, but there is no clear geographic match or overlap with this parcel, so direct development upside is not supported.","The parcel at 2117 S 102 AV E, Tulsa, OK is a residential improvement (R IMP) lot in the City of Tulsa, with clear legal description (LT 14 BLK 1, CHARYL LYNN ACRES) and high extraction confidence. The bid cost of 7,964.53 is moderate and the address quality and property clarity are strong, supporting potential value. However, the ZIP code and surrounding value context are unknown, and there is no confirmed overlap with the major Meta/Fair Oaks Innovation Park development. Overall, the property merits manual review as a mid-tier opportunity but cannot be classified as a strong investment based on current data.","Unknown ZIP and surrounding value; no clear development overlap with the Meta/Fair Oaks Innovation Park project; crime risk and neighborhood quality are unknown; owner listed as Unknown may indicate title or notification complexities; bid cost near $8,000 may be high relative to current uncertainty.",Exact ZIP code; neighborhood and surrounding property values; condition of the residential improvement; confirmation of proximity to major employment or infrastructure; title status and any additional liens; zoning confirmation beyond R IMP label; local crime and code enforcement history.,"Verify the precise location and ZIP code of 2117 S 102 AV E and pull parcel maps and comps for CHARYL LYNN ACRES to assess surrounding values and neighborhood quality; then obtain a title report and check for additional liens or code issues before considering a bid near 7,964.53.",High
28725-92-34-02190,5.7,Mid Investment,True,Research First,False,"No street, corridor, neighborhood, or ZIP overlap found",AI review failed validation; fallback rule-based review used.,ZIP unknown; development upside not clearly supported; no clear development overlap,reasoning_summary not grounded enough,"Drive-by, title review, and neighborhood verification",High
49900-93-21-18650,5.7,Mid Investment,True,Research First,False,Meta Tulsa Data Center at Fair Oaks Innovation Park has no clear geographic overlap with this parcel; development signal is explicitly Low despite high-level industrial momentum in East Tulsa.,"Residential improved parcel (R HS IMP) at 3541 S NEW HAVEN AV E with clear legal description and high extraction confidence. Bid cost is relatively modest at 7,966.97, and address/parcel data quality is strong, supporting potential upside. However, ZIP code and surrounding value signals are unknown, and there is no confirmed linkage to the cited Meta data center development. Overall risk/return profile is uncertain but not clearly negative, warranting manual review rather than dismissal.",Unknown ZIP and surrounding value; no clear development overlap with major industrial project; crime risk and neighborhood quality unknown; owner listed as Unknown; bid cost may be high relative to these uncertainties.,Exact ZIP code; neighborhood and surrounding property values; occupancy/condition of the residential improvement; any code violations or liens beyond taxes; crime and school context; distance and connectivity to major employment or redevelopment nodes.,"Verify parcel location and ZIP in county GIS, then pull recent comparable sales and rent levels for similar residential properties on or near S NEW HAVEN AVE to assess whether the 7,966.97 bid aligns with local value and condition expectations.",High
58000-73-25-00270,5.7,Mid Investment,True,Research First,False,"No street, corridor, neighborhood, or ZIP overlap found",AI review failed validation; fallback rule-based review used.,ZIP unknown; development upside not clearly supported; no clear development overlap,reasoning_summary not grounded enough,"Drive-by, title review, and neighborhood verification",High
