parcel_id,owner_name,property_address,city,state,zip_code,legal_description,bid_cost,property_type,source_page,raw_text,extraction_confidence,extraction_notes
00575-93-06-00770,Unknown,405 S WHEELING AV E,Tulsa,OK,Unknown,LT 24 S3.4 LT 25 BLK 6,1468.51,R IMP,1,"1 00575-93-06-00770 405 S WHEELING AV E 3,920 R IMP 1,468.51 567.50 | LT 24 S3.4 LT 25 BLK 6 CITY OF TULSA | ABDO'S ADDN",High,parsed cleanly
00575-93-06-00950,Unknown,401 S VICTOR AV E,Tulsa,OK,Unknown,LTS 25 & 26 LESS ST BLK-7,4526.88,R IMP,1,"2 00575-93-06-00950 401 S VICTOR AV E 5,600 R IMP 4,526.88 379.50 | LTS 25 & 26 LESS ST BLK-7 CITY OF TULSA | ABDO'S ADDN",High,parsed cleanly
00575-93-06-01170,Unknown,511 S VICTOR AV E,Tulsa,OK,Unknown,LTS 43 & 44 BLK 8,3910.27,R IMP,1,"3 00575-93-06-01170 511 S VICTOR AV E 7,000 R IMP 3,910.27 504.50 | LTS 43 & 44 BLK 8 CITY OF TULSA | ABDO'S ADDN",High,parsed cleanly
00700-03-33-00090,Unknown,ADDRESS UNKNOWN,Tulsa,OK,Unknown,S30 E66.23 LT 7 BLK 1,14.66,R,1,"4 00700-03-33-00090 ADDRESS UNKNOWN 1,987 R 14.66 318.00 | S30 E66.23 LT 7 BLK 1 CITY OF TULSA | ACME ACRE ADD",Medium,partial or unknown address
00725-03-33-00530,Unknown,1326 N KNOXVILLE AV E,Tulsa,OK,Unknown,LT 2,6743.65,R IMP,1,"5 00725-03-33-00530 1326 N KNOXVILLE AV E 9,435 R IMP 6,743.65 442.50 | LT 2 CITY OF TULSA | ACME ACRE ADDN RESUB L41-42",High,parsed cleanly
00775-02-25-00490,Unknown,223 E ZION ST N,Tulsa,OK,Unknown,W1/2 LT 13 BLK 2,2546.41,R IMP,1,"6 00775-02-25-00490 223 E ZION ST N 8,960 R IMP 2,546.41 348.00 | W1/2 LT 13 BLK 2 CITY OF TULSA | ACRE GARDENS",High,parsed cleanly
00775-02-25-00730,Unknown,325 E YOUNG PL N,Tulsa,OK,Unknown,E84 LT 8 BLK 4,3819.61,R IMP,1,"7 00775-02-25-00730 325 E YOUNG PL N 11,760 R IMP 3,819.61 332.25 | E84 LT 8 BLK 4 CITY OF TULSA | ACRE GARDENS",High,parsed cleanly
00775-02-25-01100,Unknown,303 E WOODROW ST N,Tulsa,OK,Unknown,W1/2 LT 16 BLK 8,2716.39,R IMP,2,"8 00775-02-25-01100 303 E WOODROW ST N 8,960 R IMP 2,716.39 536.00 | W1/2 LT 16 BLK 8 CITY OF TULSA | ACRE GARDENS",High,parsed cleanly
00875-02-35-00590,Unknown,1313 N BOSTON PL E,Tulsa,OK,Unknown,LT 12 BLK 2,2584.89,R HS IMP,2,"9 00875-02-35-00590 1313 N BOSTON PL E 5,382 R HS IMP 2,584.89 332.25 | LT 12 BLK 2 CITY OF TULSA | ADAMS RESUB L5-19 B1 & L1-17 B2 CLINESS CREST",High,parsed cleanly
00900-02-35-00210,Unknown,1141 N BOSTON PL E,Tulsa,OK,Unknown,LT 21 BLK 1,1197.21,R IMP,2,"10 00900-02-35-00210 1141 N BOSTON PL E 6,900 R IMP 1,197.21 332.25 | LT 21 BLK 1 CITY OF TULSA | ADAMS RESUB B1 THE POUDER AND POMEROY",High,parsed cleanly
01350-93-21-00260,Unknown,3404 E 33 ST S,Tulsa,OK,Unknown,W70 E140 W165 N120 LT 23,11854.56,C IMP,2,"11 01350-93-21-00260 3404 E 33 ST S 8,400 C IMP 11,854.56 332.25 | W70 E140 W165 N120 LT 23 CITY OF TULSA | ALBERT PIKE SUB",High,parsed cleanly
01500-03-32-00010,Unknown,ADDRESS UNKNOWN,Tulsa,OK,Unknown,N25 OF W137.88 OF LT 10 BLK 1,43.99,R,2,"12 01500-03-32-00010 ADDRESS UNKNOWN 3,447 R 43.99 270.75 | N25 OF W137.88 OF LT 10 BLK 1 CITY OF TULSA | ALEX LEWIS ADDN",Medium,partial or unknown address
01675-03-20-00060,Unknown,ADDRESS UNKNOWN,Tulsa,OK,Unknown,LT 7 LESS TR BEG NWC S53 SE50.16 N57 W50 TO BEG,14.66,R,2,"13 01675-03-20-00060 ADDRESS UNKNOWN 4,017 R 14.66 270.75 | LT 7 LESS TR BEG NWC S53 SE50.16 N57 W50 TO BEG CITY OF TULSA | FOR HWY BLK 1",Medium,partial or unknown address
01675-03-20-00080,Unknown,ADDRESS UNKNOWN,Tulsa,OK,Unknown,LT 9 LESS TR BEG NWC S62.58 NE50.21 N57.79 W50,14.66,R,2,"14 01675-03-20-00080 ADDRESS UNKNOWN 3,758 R 14.66 318.00 | LT 9 LESS TR BEG NWC S62.58 NE50.21 N57.79 W50 CITY OF TULSA | TO BEG FOR HWY BLK 1",Medium,partial or unknown address
01675-03-20-00090,Unknown,ADDRESS UNKNOWN,Tulsa,OK,Unknown,LT 10 BLK 1 LESS BEG NW COR LT 10 TH S 67.37 NELY,14.66,R,3,"15 01675-03-20-00090 ADDRESS UNKNOWN 3,567 R 14.66 302.25 | LT 10 BLK 1 LESS BEG NW COR LT 10 TH S 67.37 NELY CITY OF TULSA | 50.21 N 62.58 W 50 TO BEG",Medium,partial or unknown address
01675-03-20-00100,Unknown,ADDRESS UNKNOWN,Tulsa,OK,Unknown,LTS 11 & 12 LESS TR BEG NWC THEREOF S77,58.66,R,3,"16 01675-03-20-00100 ADDRESS UNKNOWN 6,135 R 58.66 302.25 | LTS 11 & 12 LESS TR BEG NWC THEREOF S77 CITY OF TULSA | NE100.42 N67.37 W99.99 TO BEG FOR HWY BLK 1",Medium,partial or unknown address
01675-03-20-00240,Unknown,ADDRESS UNKNOWN,Tulsa,OK,Unknown,PT LT 1 BLK 2 BEG SEC TH N44.17 SW51.34 S32.5 E50,14.66,R,3,"17 01675-03-20-00240 ADDRESS UNKNOWN 1,917 R 14.66 318.00 | PT LT 1 BLK 2 BEG SEC TH N44.17 SW51.34 S32.5 E50 CITY OF TULSA | TO BEG",Medium,partial or unknown address
01675-03-20-00720,Unknown,ADDRESS UNKNOWN,Tulsa,OK,Unknown,LT 10 BLK 4,58.66,R,3,"18 01675-03-20-00720 ADDRESS UNKNOWN 6,750 R 58.66 443.00 | LT 10 BLK 4 CITY OF TULSA | AMOS T HALL ADDN",Medium,partial or unknown address
01775-03-29-01680,Unknown,1512 N COLUMBIA PL E,Tulsa,OK,Unknown,LT 9 BLK 2,2811.2,R HS IMP,3,"19 01775-03-29-01680 1512 N COLUMBIA PL E 7,695 R HS IMP 2,811.20 332.25 | LT 9 BLK 2 CITY OF TULSA | ANELEN HGTS THIRD ADDN",High,parsed cleanly
01800-03-35-01450,Unknown,7569 E OKLAHOMA PL N,Tulsa,OK,Unknown,LT 5 BLK 5,3546.22,R HS IMP,3,"20 01800-03-35-01450 7569 E OKLAHOMA PL N 7,200 R HS IMP 3,546.22 316.50 | LT 5 BLK 5 CITY OF TULSA | ANNAHLEE HGTS",High,parsed cleanly
01875-03-19-00200,Unknown,2612 N TRENTON AV E,Tulsa,OK,Unknown,LT 10 BLK 2,962.57,R IMP,3,"21 01875-03-19-00200 2612 N TRENTON AV E 7,000 R IMP 962.57 332.25 | LT 10 BLK 2 CITY OF TULSA | APACHE PLACE ADDN",High,parsed cleanly
01900-03-19-00560,Unknown,2711 N TRENTON AV E,Tulsa,OK,Unknown,LT 10 BLK 1,2263.03,R HS IMP,4,"22 01900-03-19-00560 2711 N TRENTON AV E 7,000 R HS IMP 2,263.03 363.75 | LT 10 BLK 1 CITY OF TULSA | APACHE PLACE SECOND ADDN",High,parsed cleanly
01900-03-19-00570,Unknown,2707 N TRENTON AV E,Tulsa,OK,Unknown,LT 11 BLK 1,249.3,R,4,"23 01900-03-19-00570 2707 N TRENTON AV E 7,000 R 249.30 302.25 | LT 11 BLK 1 CITY OF TULSA | APACHE PLACE SECOND ADDN",High,parsed cleanly
01900-03-19-01190,Unknown,ADDRESS UNKNOWN,Tulsa,OK,Unknown,S 25 LT 14 BLK 5,14.66,R,4,"24 01900-03-19-01190 ADDRESS UNKNOWN 3,500 R 14.66 286.50 | S 25 LT 14 BLK 5 CITY OF TULSA | APACHE PLACE SECOND ADDN",Medium,partial or unknown address
02000-02-23-00060,Unknown,108 E 27 ST N,Tulsa,OK,Unknown,LT 4 BLK 2,1689.16,R IMP,4,"25 02000-02-23-00060 108 E 27 ST N 7,700 R IMP 1,689.16 426.75 | LT 4 BLK 2 CITY OF TULSA | ARCHER HGTS AMD",High,parsed cleanly
02000-02-23-00290,Unknown,ADDRESS UNKNOWN,Tulsa,OK,Unknown,LT 19 BLK 3,36.66,R,4,"26 02000-02-23-00290 ADDRESS UNKNOWN 6,750 R 36.66 270.75 | LT 19 BLK 3 CITY OF TULSA | ARCHER HGTS AMD",Medium,partial or unknown address
02050-93-29-00080,Unknown,4647 S ATLANTA AV E,Tulsa,OK,Unknown,W/2 LT 3 LESS BEG NWC E152.5 S113 NW84.43,38399.79,R HS IMP,4,"27 02050-93-29-00080 4647 S ATLANTA AV E 31,500 R HS IMP 38,399.79 348.00 | W/2 LT 3 LESS BEG NWC E152.5 S113 NW84.43 CITY OF TULSA | SW72.56 N100 POB",High,parsed cleanly
02275-03-31-00390,Unknown,911 N VICTOR AV E,Tulsa,OK,Unknown,LT 9 BLK 5,859.24,R IMP,4,"28 02275-03-31-00390 911 N VICTOR AV E 7,000 R IMP 859.24 348.00 | LT 9 BLK 5 CITY OF TULSA | AUTO HGTS ADDN",High,parsed cleanly
02350-03-35-02480,Unknown,6521 E LATIMER PL N,Tulsa,OK,Unknown,E80 OF S140 LT 3 BLK 1 LESS E5 & S5 FOR ST,3996.66,R HS IMP,5,"29 02350-03-35-02480 6521 E LATIMER PL N 10,125 R HS IMP 3,996.66 363.75 | E80 OF S140 LT 3 BLK 1 LESS E5 & S5 FOR ST CITY OF TULSA | AVIATION VIEW SUB",High,parsed cleanly
02400-03-32-00700,Unknown,516 N BIRMINGHAM AV E,Tulsa,OK,Unknown,E9.9 OF LTS 3 & 4 & ALL LTS 5 & 6 BLK 1 SUB OF,4376.22,R IMP,5,"30 02400-03-32-00700 516 N BIRMINGHAM AV E 15,000 R IMP 4,376.22 332.25 | E9.9 OF LTS 3 & 4 & ALL LTS 5 & 6 BLK 1 SUB OF CITY OF TULSA | N193.6 OF BLK 1 CHEROKEE HGTS 2ND",High,parsed cleanly
02450-03-31-01980,Unknown,E HASKELL ST N,Tulsa,OK,Unknown,LTS 35 & 36 BLK 5,329.96,C,5,"31 02450-03-31-01980 E HASKELL ST N 5,953 C 329.96 302.25 | LTS 35 & 36 BLK 5 CITY OF TULSA | BAIRD ADDN AMD",Medium,partial or unknown address
02475-03-32-00810,Unknown,839 N GARY AV E,Tulsa,OK,Unknown,LT 9,2122.45,R IMP,5,"32 02475-03-32-00810 839 N GARY AV E 7,400 R IMP 2,122.45 332.25 | LT 9 CITY OF TULSA | BAKERS ADDN",High,parsed cleanly
02575-02-24-00510,Unknown,1027 E APACHE ST N,Tulsa,OK,Unknown,LT 6 BLK 1,2457.75,R IMP,5,"33 02575-02-24-00510 1027 E APACHE ST N 7,500 R IMP 2,457.75 458.25 | LT 6 BLK 1 CITY OF TULSA | BANFIELD ADDN",High,parsed cleanly
02850-02-25-01370,Unknown,346 E XYLER ST N,Tulsa,OK,Unknown,LT 1,1949.8,R IMP,5,"34 02850-02-25-01370 346 E XYLER ST N 5,880 R IMP 1,949.80 363.75 | LT 1 CITY OF TULSA | BEARDEN'S SUB RESUB L1-2 & 39-40 B7",High,parsed cleanly
03125-93-30-03560,Unknown,1411 E 50 ST S,Tulsa,OK,Unknown,LT 9 BLK 11,9854.06,R HS IMP,5,"35 03125-93-30-03560 1411 E 50 ST S 7,200 R HS IMP 9,854.06 316.50 | LT 9 BLK 11 CITY OF TULSA | BELLAIRE ACRES SECOND EXT",High,parsed cleanly
03150-93-16-00530,Unknown,3532 E 29 ST S,Tulsa,OK,Unknown,LT 5 BLK 4,11760.54,R IMP,6,"36 03150-93-16-00530 3532 E 29 ST S 6,750 R IMP 11,760.54 363.75 | LT 5 BLK 4 CITY OF TULSA | BELLAIRE HGTS ADDN",High,parsed cleanly
03175-03-32-01540,Unknown,1331 N LEWIS AV E,Tulsa,OK,Unknown,LT 19 BLK 3,799.25,C IMP,6,"37 03175-03-32-01540 1331 N LEWIS AV E 6,563 C IMP 799.25 332.25 | LT 19 BLK 3 CITY OF TULSA | BELLEVUE HGTS",High,parsed cleanly
03312-03-20-02010,Unknown,ADDRESS UNKNOWN,Tulsa,OK,Unknown,LT 7 -LESS BEG SECR LT 7 TH W 25 NE 52.82 S 46.67,58.66,R,6,"38 03312-03-20-02010 ADDRESS UNKNOWN 6,462 R 58.66 286.50 | LT 7 -LESS BEG SECR LT 7 TH W 25 NE 52.82 S 46.67 CITY OF TULSA | TO BEG BLK 2",Medium,partial or unknown address
03312-03-20-03130,Unknown,ADDRESS UNKNOWN,Tulsa,OK,Unknown,LT 5 -LESS BEG NEC TH S 65.94 SWLY 82.60 N 131.88 E,14.66,R,6,"39 03312-03-20-03130 ADDRESS UNKNOWN 2,055 R 14.66 302.25 | LT 5 -LESS BEG NEC TH S 65.94 SWLY 82.60 N 131.88 E CITY OF TULSA | 50 P.O.B. BLK 7",Medium,partial or unknown address
03312-03-20-03180,Unknown,ADDRESS UNKNOWN,Tulsa,OK,Unknown,PT LT 10 BEG NWC LT 10 TH E 50 SW 67.23 N 45.16 TO,14.66,R,6,"40 03312-03-20-03180 ADDRESS UNKNOWN 1,129 R 14.66 302.25 | PT LT 10 BEG NWC LT 10 TH E 50 SW 67.23 N 45.16 TO CITY OF TULSA | BEG BLK 7",Medium,partial or unknown address
03312-03-20-03190,Unknown,ADDRESS UNKNOWN,Tulsa,OK,Unknown,LT 11 LESS BEG SE COR LT 11 TH W 50 N 49.68 NE,14.66,R,6,"41 03312-03-20-03190 ADDRESS UNKNOWN 3,387 R 14.66 286.50 | LT 11 LESS BEG SE COR LT 11 TH W 50 N 49.68 NE CITY OF TULSA | 67.23 S 94.84 POB BLK 7",Medium,partial or unknown address
03312-03-20-03250,Unknown,ADDRESS UNKNOWN,Tulsa,OK,Unknown,LT 17 LESS BEG SW COR TH N ALONG W.L. 140 TO NW,14.66,R,7,42 03312-03-20-03250 ADDRESS UNKNOWN 99 R 14.66 270.75 | LT 17 LESS BEG SW COR TH N ALONG W.L. 140 TO NW CITY OF TULSA | COR TH E ALONG N.L 50 TO NE COR TH S ALONG E.L,Medium,partial or unknown address
03312-03-20-03530,Unknown,E 27 ST N,Tulsa,OK,Unknown,LT 1 BLK 9,454.62,C,7,"43 03312-03-20-03530 E 27 ST N 24,626 C 454.62 333.75 | LT 1 BLK 9 CITY OF TULSA | THE BEN C FRANKLIN ADDN",Medium,partial or unknown address
03312-03-20-03750,Unknown,ADDRESS UNKNOWN,Tulsa,OK,Unknown,LT 10 LESS BEG NWC LT 10 TH E 50 S 70 SW85.78 N,14.66,R,7,"44 03312-03-20-03750 ADDRESS UNKNOWN 1,750 R 14.66 302.25 | LT 10 LESS BEG NWC LT 10 TH E 50 S 70 SW85.78 N CITY OF TULSA | 140 POB BLK 10",Medium,partial or unknown address
03312-03-20-04220,Unknown,2645 N LEWIS AV E,Tulsa,OK,Unknown,LTS 10 & 11 BLK 12,6391.36,C IMP,7,"45 03312-03-20-04220 2645 N LEWIS AV E 18,571 C IMP 6,391.36 411.00 | LTS 10 & 11 BLK 12 CITY OF TULSA | THE BEN C FRANKLIN ADDN",High,parsed cleanly
03312-03-20-04240,Unknown,2645 N LEWIS AV E,Tulsa,OK,Unknown,LT 13 BLK 12,674.59,C,7,"46 03312-03-20-04240 2645 N LEWIS AV E 9,190 C 674.59 381.00 | LT 13 BLK 12 CITY OF TULSA | THE BEN C FRANKLIN ADDN",High,parsed cleanly
03350-03-31-03220,Unknown,1950 E MARSHALL ST N,Tulsa,OK,Unknown,LT 1 BLK 5,95.32,R,7,"47 03350-03-31-03220 1950 E MARSHALL ST N 6,300 R 95.32 286.50 | LT 1 BLK 5 CITY OF TULSA | BERRY-HART ADDN",High,parsed cleanly
03350-03-31-03600,Unknown,1140 N WHEELING AV E,City Of Tulsa Structure Removed,OK,Unknown,LT-1-BLK-7,1313.58,R,8,"48 03350-03-31-03600 1140 N WHEELING AV E 7,000 R 1,313.58 316.50 | LT-1-BLK-7 CITY OF TULSA STRUCTURE REMOVED | BERRY-HART ADDN",High,parsed cleanly
03350-03-31-03649,Unknown,1738 E LATIMER CT N,Tulsa,OK,Unknown,LT 6 BLK 7,381.29,R,8,"49 03350-03-31-03649 1738 E LATIMER CT N 5,000 R 381.29 318.00 | LT 6 BLK 7 CITY OF TULSA | BERRY-HART ADDN",High,parsed cleanly
03350-03-31-03650,Unknown,1734 E LATIMER CT N,Tulsa,OK,Unknown,LT 7 BLK 7,395.96,R,8,"50 03350-03-31-03650 1734 E LATIMER CT N 6,250 R 395.96 318.00 | LT 7 BLK 7 CITY OF TULSA | BERRY-HART ADDN",High,parsed cleanly
03400-02-25-01680,Unknown,763 E PINE PL N,Tulsa,OK,Unknown,LTS 24 & 25 BLK 7,476.61,R,8,"51 03400-02-25-01680 763 E PINE PL N 13,070 R 476.61 412.50 | LTS 24 & 25 BLK 7 CITY OF TULSA | BERRY-HART'S RESUB B7-10 ROOSEVELT ADDN",High,parsed cleanly
03600-93-09-03240,Unknown,1140 S TOLEDO AV E,Tulsa,OK,Unknown,LT 15 & PRT LT 16 BEG SWC LT 16 TH N23 E35 S23,8767.78,R IMP,8,"52 03600-93-09-03240 1140 S TOLEDO AV E 7,805 R IMP 8,767.78 332.25 | LT 15 & PRT LT 16 BEG SWC LT 16 TH N23 E35 S23 CITY OF TULSA | W35 POB BLK 4",High,parsed cleanly
04025-93-15-00140,Unknown,2640 S SHERIDAN RD E,Tulsa,OK,Unknown,LT 3 BLK 1,7339.85,R HS IMP,8,"53 04025-93-15-00140 2640 S SHERIDAN RD E 8,040 R HS IMP 7,339.85 332.25 | LT 3 BLK 1 CITY OF TULSA | BOMAN ACRES",High,parsed cleanly
04025-93-15-00650,Unknown,5790 E 26 ST S,Tulsa,OK,Unknown,LT 3 BLK 3,6416.85,R HS IMP,8,"54 04025-93-15-00650 5790 E 26 ST S 10,362 R HS IMP 6,416.85 379.50 | LT 3 BLK 3 CITY OF TULSA | BOMAN ACRES",High,parsed cleanly
04025-93-15-04470,Unknown,5749 E 31 ST S,Tulsa,OK,Unknown,LT 30 BLK 15,8359.83,R IMP,9,"55 04025-93-15-04470 5749 E 31 ST S 7,320 R IMP 8,359.83 379.50 | LT 30 BLK 15 CITY OF TULSA | BOMAN ACRES",High,parsed cleanly
04075-93-14-00800,Unknown,6509 E 27 ST S,Tulsa,OK,Unknown,LT 23 BLK 10,8927.77,R IMP,9,"56 04075-93-14-00800 6509 E 27 ST S 7,040 R IMP 8,927.77 332.25 | LT 23 BLK 10 CITY OF TULSA | BOMAN ACRES 3RD ADDN",High,parsed cleanly
04125-93-14-02930,Unknown,6747 E 26 PL S,Tulsa,OK,Unknown,LT 10 BLK 5 & S 30 VAC ST ON N,5785.69,R IMP,9,"57 04125-93-14-02930 6747 E 26 PL S 9,940 R IMP 5,785.69 316.50 | LT 10 BLK 5 & S 30 VAC ST ON N CITY OF TULSA | BOMAN ACRES 3RD ADDN AMD B5&8 & N/2 B9",High,parsed cleanly
04125-93-14-02940,Unknown,6743 E 26 PL S,Tulsa,OK,Unknown,LT 11 BLK 5 & S 30 VAC ST ON N,5717.55,R HS IMP,9,"58 04125-93-14-02940 6743 E 26 PL S 9,800 R HS IMP 5,717.55 332.25 | LT 11 BLK 5 & S 30 VAC ST ON N CITY OF TULSA | BOMAN ACRES 3RD ADDN AMD B5&8 & N/2 B9",High,parsed cleanly
04175-93-14-07050,Unknown,7721 E 30 PL S,Tulsa,OK,Unknown,LT 14 BLK 34,7152.78,R IMP,9,"59 04175-93-14-07050 7721 E 30 PL S 9,750 R IMP 7,152.78 316.50 | LT 14 BLK 34 CITY OF TULSA | BOMAN ACRES FOURTH ADDN",High,parsed cleanly
04350-02-25-02620,Unknown,1537 N NORFOLK AV E,Tulsa,OK,Unknown,S 90 LTS 11 & 12 BLK 4,4993.5,B IMP,9,"60 04350-02-25-02620 1537 N NORFOLK AV E 9,000 B IMP 4,993.50 332.25 | S 90 LTS 11 & 12 BLK 4 CITY OF TULSA | BOOKER WASHINGTON ADDN",High,parsed cleanly
04350-02-25-03100,Unknown,ADDRESS UNKNOWN,Tulsa,OK,Unknown,N 33 OF W 140 LT 6 BLK 6,109.98,R,9,"61 04350-02-25-03100 ADDRESS UNKNOWN 4,620 R 109.98 302.25 | N 33 OF W 140 LT 6 BLK 6 CITY OF TULSA | BOOKER WASHINGTON ADDN",Medium,partial or unknown address
04350-02-25-03160,Unknown,ADDRESS UNKNOWN,Tulsa,OK,Unknown,E 50 W 1/2 LT 8 BLK 6,95.32,R,10,"62 04350-02-25-03160 ADDRESS UNKNOWN 3,630 R 95.32 270.75 | E 50 W 1/2 LT 8 BLK 6 CITY OF TULSA | BOOKER WASHINGTON ADDN",Medium,partial or unknown address
04375-92-12-00710,Unknown,1914 S BOSTON AV E,City Of Tulsa Structure Removed,OK,Unknown,LT 19 BLK 1,12157.45,C,10,"63 04375-92-12-00710 1914 S BOSTON AV E 7,825 C 12,157.45 363.75 | LT 19 BLK 1 CITY OF TULSA STRUCTURE REMOVED | BOSTON ADDN",High,parsed cleanly
04375-92-12-00730,Unknown,1922 S BOSTON AV E,Tulsa,OK,Unknown,LT 21 BLK 1,11279.53,C IMP,10,"64 04375-92-12-00730 1922 S BOSTON AV E 7,920 C IMP 11,279.53 363.75 | LT 21 BLK 1 CITY OF TULSA | BOSTON ADDN",High,parsed cleanly
04375-92-12-00740,Unknown,S BOSTON AV E,Tulsa,OK,Unknown,LT 22 BLK 1,5807.41,C,10,"65 04375-92-12-00740 S BOSTON AV E 7,920 C 5,807.41 302.25 | LT 22 BLK 1 CITY OF TULSA | BOSTON ADDN",Medium,partial or unknown address
04550-03-32-02430,Unknown,813 N FLORENCE AV E,Tulsa,OK,Unknown,LT 4 BLK 1,3368.99,R IMP,10,"66 04550-03-32-02430 813 N FLORENCE AV E 5,980 R IMP 3,368.99 332.25 | LT 4 BLK 1 CITY OF TULSA | BOYCE SUB W/2 L16 GARDEN ACRES SUB",High,parsed cleanly
04925-03-35-02930,Unknown,7107 E NEWTON PL N,Tulsa,OK,Unknown,LT 4 BLK 1,3836.94,R IMP,10,"67 04925-03-35-02930 7107 E NEWTON PL N 7,840 R IMP 3,836.94 348.00 | LT 4 BLK 1 CITY OF TULSA | BREWER ADDN",High,parsed cleanly
05025-93-24-04640,Unknown,9129 E 38 ST S,Tulsa,OK,Unknown,LT 18 BLK 15,10143.65,R IMP,10,"68 05025-93-24-04640 9129 E 38 ST S 8,625 R IMP 10,143.65 316.50 | LT 18 BLK 15 CITY OF TULSA | BRIARWOOD RES A L35-36 B7 & B11-17",High,parsed cleanly
05075-93-24-05930,Unknown,9449 E 39 PL S,Tulsa,OK,Unknown,LT 19 BLK 1,11418.53,R IMP,11,"69 05075-93-24-05930 9449 E 39 PL S 10,586 R IMP 11,418.53 332.25 | LT 19 BLK 1 CITY OF TULSA | BRIARWOOD SECOND ADDN",High,parsed cleanly
05075-93-24-08770,Unknown,3612 S 94 AV E,Tulsa,OK,Unknown,LT 24 BLK 13,4785.98,R IMP,11,"70 05075-93-24-08770 3612 S 94 AV E 29,999 R IMP 4,785.98 348.00 | LT 24 BLK 13 CITY OF TULSA | BRIARWOOD SECOND ADDN",High,parsed cleanly
05225-93-07-02750,Unknown,1423 S PEORIA AV,Tulsa,OK,Unknown,LTS 7 8 BLK 1,14063.99,C IMP,11,"71 05225-93-07-02750 1423 S PEORIA AV 11,970 C IMP 14,063.99 348.00 | LTS 7 8 BLK 1 CITY OF TULSA | BROADMOOR HGTS SECOND ADDN",High,parsed cleanly
05375-02-25-03355,Unknown,ADDRESS UNKNOWN,Tulsa,OK,Unknown,W62 LT 10 BLK 1,124.65,R,11,"72 05375-02-25-03355 ADDRESS UNKNOWN 8,680 R 124.65 286.50 | W62 LT 10 BLK 1 CITY OF TULSA | BROOKDALE ADDN",Medium,partial or unknown address
05375-02-25-03750,Unknown,ADDRESS UNKNOWN,Tulsa,OK,Unknown,S/2 LT 80 LESS E62.9 BLK 4,14.66,R,11,73 05375-02-25-03750 ADDRESS UNKNOWN 140 R 14.66 302.25 | S/2 LT 80 LESS E62.9 BLK 4 CITY OF TULSA | BROOKDALE ADDN,Medium,partial or unknown address
05375-02-25-03760,Unknown,ADDRESS UNKNOWN,Tulsa,OK,Unknown,N/2 LT 80 LESS E62.9 BLK 4,14.66,R,11,74 05375-02-25-03760 ADDRESS UNKNOWN 140 R 14.66 302.25 | N/2 LT 80 LESS E62.9 BLK 4 CITY OF TULSA | BROOKDALE ADDN,Medium,partial or unknown address
05400-02-25-04330,Unknown,524 E YOUNG ST N,Tulsa,OK,Unknown,LT 8 BLK 3,1418.58,R IMP,11,"75 05400-02-25-04330 524 E YOUNG ST N 6,720 R IMP 1,418.58 332.25 | LT 8 BLK 3 CITY OF TULSA | BROOKDALE INVESTMENT CO'S RESUB PT B1-4",High,parsed cleanly
05400-02-25-04370,Unknown,ADDRESS UNKNOWN,Tulsa,OK,Unknown,LT 4 LESS W11.62 THEREOF BLK 4,234.64,R,12,"76 05400-02-25-04370 ADDRESS UNKNOWN 5,040 R 234.64 318.00 | LT 4 LESS W11.62 THEREOF BLK 4 CITY OF TULSA | BROOKDALE INVESTMENT CO'S RESUB PT B1-4",Medium,partial or unknown address
05400-02-25-04375,Unknown,ADDRESS UNKNOWN,Tulsa,OK,Unknown,W11.62 LT 4 BLK 4,14.66,R,12,"77 05400-02-25-04375 ADDRESS UNKNOWN 1,627 R 14.66 302.25 | W11.62 LT 4 BLK 4 CITY OF TULSA | BROOKDALE INVESTMENT CO'S RESUB PT B1-4",Medium,partial or unknown address
05425-02-25-04650,Unknown,618 E XYLER ST N,Tulsa,OK,Unknown,LT 1 BLK 8,1623.72,R IMP,12,"78 05425-02-25-04650 618 E XYLER ST N 6,720 R IMP 1,623.72 316.50 | LT 1 BLK 8 CITY OF TULSA | BROOKDALE RESUB PRT B3-4 & ALL B8 ELGINDALE",High,parsed cleanly
05450-02-25-27030,Unknown,610 E YOUNG PL N,Tulsa,OK,Unknown,LT 5 BLK 4,3089.69,R IMP,12,"79 05450-02-25-27030 610 E YOUNG PL N 6,860 R IMP 3,089.69 316.50 | LT 5 BLK 4 CITY OF TULSA | BROOKDALE RESUB B4 & PRT B5 HOMEBUILDERS",High,parsed cleanly
05725-02-12-03450,Unknown,1111 E 50 ST N,Tulsa,OK,Unknown,LT 5 BLK 1,329.96,R,12,"80 05725-02-12-03450 1111 E 50 ST N 17,050 R 329.96 286.50 | LT 5 BLK 1 CITY OF TULSA | BUENOS VISTA SUB",High,parsed cleanly
05825-03-30-01260,Unknown,2039 N QUAKER AV E,Tulsa,OK,Unknown,LT 1 LESS N 5 FOR ST BLK 2,3268.33,R IMP,12,"81 05825-03-30-01260 2039 N QUAKER AV E 11,620 R IMP 3,268.33 348.00 | LT 1 LESS N 5 FOR ST BLK 2 CITY OF TULSA | BULLETTE HGTS ADDN",High,parsed cleanly
05850-03-30-04070,Unknown,1844 N TRENTON AV E,Tulsa,OK,Unknown,LT 22 & S25 VAC UTE ST ON N BLK 8,1297.53,R HS IMP,12,"82 05850-03-30-04070 1844 N TRENTON AV E 10,500 R HS IMP 1,297.53 332.25 | LT 22 & S25 VAC UTE ST ON N BLK 8 CITY OF TULSA | BULLETTE HGTS 2ND ADDN",High,parsed cleanly
05850-03-30-04100,Unknown,1838 N ST LOUIS AV E,Tulsa,OK,Unknown,LT 3 BLK 9,2328.43,R IMP,13,"83 05850-03-30-04100 1838 N ST LOUIS AV E 7,420 R IMP 2,328.43 363.75 | LT 3 BLK 9 CITY OF TULSA | BULLETTE HGTS 2ND ADDN",High,parsed cleanly
05925-92-03-00490,Unknown,7 N VANCOUVER AV W,Tulsa,OK,Unknown,LT 6 BLK 2,2502.41,R IMP,13,"84 05925-92-03-00490 7 N VANCOUVER AV W 7,500 R IMP 2,502.41 316.50 | LT 6 BLK 2 CITY OF TULSA | BUNKER HILL ADDN",High,parsed cleanly
06100-02-26-00080,Unknown,1806 N BOSTON AV E,Tulsa,OK,Unknown,S20 LT 8 & ALL LTS 9 & 10 BLK 1,5016.55,R HS IMP,13,"85 06100-02-26-00080 1806 N BOSTON AV E 18,620 R HS IMP 5,016.55 363.75 | S20 LT 8 & ALL LTS 9 & 10 BLK 1 CITY OF TULSA | BURROUGHS VIEW ADDN",High,parsed cleanly
06179-03-36-06010,Unknown,1208 N MINGO RD E,Tulsa,OK,Unknown,LT 1 BLK 1,24820.85,C IMP,13,"86 06179-03-36-06010 1208 N MINGO RD E 37,306 C IMP 24,820.85 363.75 | LT 1 BLK 1 CITY OF TULSA | BUTLER PARK",High,parsed cleanly
06525-03-31-04430,Unknown,721 N PEORIA AV E,Tulsa,OK,Unknown,LTS 31 & 32 BLK 12,498.61,R IMP,13,"87 06525-03-31-04430 721 N PEORIA AV E 7,000 R IMP 498.61 379.50 | LTS 31 & 32 BLK 12 CITY OF TULSA | CAPITOL HILL ADDN",High,parsed cleanly
06575-03-31-05068,Unknown,ADDRESS UNKNOWN,Tulsa,OK,Unknown,W20 N50 E160 LT 3 BLK 4,14.66,R,13,"88 06575-03-31-05068 ADDRESS UNKNOWN 1,000 R 14.66 286.50 | W20 N50 E160 LT 3 BLK 4 CITY OF TULSA | CAPITOL HILL SECOND L3 B4",Medium,partial or unknown address
06625-92-27-02490,Unknown,4648 S 31 AV W,Tulsa,OK,Unknown,LTS 14 15 BLK 8,4950.17,R IMP,13,"89 06625-92-27-02490 4648 S 31 AV W 6,750 R IMP 4,950.17 332.25 | LTS 14 15 BLK 8 CITY OF TULSA | CARBONDALE",High,parsed cleanly
06625-92-27-02680,Unknown,4641 S 31 AV W,Tulsa,OK,Unknown,LTS 19 20 BLK 9,2397.22,R HS IMP,14,"90 06625-92-27-02680 4641 S 31 AV W 6,750 R HS IMP 2,397.22 316.50 | LTS 19 20 BLK 9 CITY OF TULSA | CARBONDALE",High,parsed cleanly
06625-92-27-04570,Unknown,4621 S 29 AV W,Tulsa,OK,Unknown,LT 6 BLK 17,1228.54,R,14,"91 06625-92-27-04570 4621 S 29 AV W 6,345 R 1,228.54 286.50 | LT 6 BLK 17 CITY OF TULSA | CARBONDALE",High,parsed cleanly
06950-03-31-06470,Unknown,1711 E OKLAHOMA ST N,Tulsa,OK,Unknown,LT-15-BLK-2,395.96,R,14,"92 06950-03-31-06470 1711 E OKLAHOMA ST N 6,400 R 395.96 318.00 | LT-15-BLK-2 CITY OF TULSA | CARPENTER'S FIRST ADDN",High,parsed cleanly
06950-03-31-06480,Unknown,1719 E OKLAHOMA ST N,Tulsa,OK,Unknown,LT-16-BLK-2,535.27,C IMP,14,"93 06950-03-31-06480 1719 E OKLAHOMA ST N 6,375 C IMP 535.27 332.25 | LT-16-BLK-2 CITY OF TULSA | CARPENTER'S FIRST ADDN",High,parsed cleanly
06950-03-31-06490,Unknown,1719 E OKLAHOMA ST N,Tulsa,OK,Unknown,LT-17-BLK-2,2450.42,C IMP,14,"94 06950-03-31-06490 1719 E OKLAHOMA ST N 6,400 C IMP 2,450.42 348.00 | LT-17-BLK-2 CITY OF TULSA | CARPENTER'S FIRST ADDN",High,parsed cleanly
07225-02-13-00060,Unknown,3936 N LANSING PL E,Tulsa,OK,Unknown,LT 5 BLK 1,5434.28,R IMP,14,"95 07225-02-13-00060 3936 N LANSING PL E 14,070 R IMP 5,434.28 395.25 | LT 5 BLK 1 CITY OF TULSA | CAWILL ADDN RESUB PRT B8-10 CHANDLER FRATES",High,parsed cleanly
07225-02-13-00160,Unknown,ADDRESS UNKNOWN,Tulsa,OK,Unknown,LT 8 BLK 2,359.29,R,14,"96 07225-02-13-00160 ADDRESS UNKNOWN 11,340 R 359.29 270.75 | LT 8 BLK 2 CITY OF TULSA | CAWILL ADDN RESUB PRT B8-10 CHANDLER FRATES",Medium,partial or unknown address
07410-94-07-22830,Unknown,10829 E 15 PL S,Tulsa,OK,Unknown,LT 16 BLK 3,2475.08,R IMP,15,"97 07410-94-07-22830 10829 E 15 PL S 2,373 R IMP 2,475.08 395.25 | LT 16 BLK 3 CITY OF TULSA | CENTURY 21 EAST",High,parsed cleanly
07410-94-07-23780,Unknown,1525 S 112 AV E,Tulsa,OK,Unknown,LT 9 BLK 6,4554.87,R IMP,15,"98 07410-94-07-23780 1525 S 112 AV E 3,967 R IMP 4,554.87 348.00 | LT 9 BLK 6 CITY OF TULSA | CENTURY 21 EAST",High,parsed cleanly
07415-94-07-29470,Unknown,1441 S 112 AV E,Tulsa,OK,Unknown,LT 15 BLK 4,5517.44,R IMP,15,"99 07415-94-07-29470 1441 S 112 AV E 3,490 R IMP 5,517.44 316.50 | LT 15 BLK 4 CITY OF TULSA | CENTURY 21 EAST EXT RESUB PRT PHEASANT RUN",High,parsed cleanly
07450-93-16-02290,Unknown,4065 E 25 ST S,Tulsa,OK,Unknown,LT 26 BLK 3,10711.59,R IMP,15,"100 07450-93-16-02290 4065 E 25 ST S 8,100 R IMP 10,711.59 379.50 | LT 26 BLK 3 CITY OF TULSA | CHANDLER-FRATES ADDN",High,parsed cleanly
07600-02-24-00740,Unknown,3353 N LANSING PL E,Tulsa,OK,Unknown,LT 10 BLK 1,3530.98,R IMP,15,"101 07600-02-24-00740 3353 N LANSING PL E 8,520 R IMP 3,530.98 363.75 | LT 10 BLK 1 CITY OF TULSA | CHANDLER FRATES SECOND ADDN",High,parsed cleanly
07600-02-24-00790,Unknown,3329 N LANSING PL E,Tulsa,OK,Unknown,LT 15 BLK 1,2218.44,R IMP,15,"102 07600-02-24-00790 3329 N LANSING PL E 7,320 R IMP 2,218.44 348.00 | LT 15 BLK 1 CITY OF TULSA | CHANDLER FRATES SECOND ADDN",High,parsed cleanly
07600-02-24-01200,Unknown,820 E 36 ST N,Tulsa,OK,Unknown,LTS 1 & 2 BLK 3,3152.35,C IMP,15,"103 07600-02-24-01200 820 E 36 ST N 15,600 C IMP 3,152.35 348.00 | LTS 1 & 2 BLK 3 CITY OF TULSA | CHANDLER FRATES SECOND ADDN",High,parsed cleanly
07600-02-24-01240,Unknown,3514 N LANSING AV E,Tulsa,OK,Unknown,LT 6 BLK 3,1901.8,R IMP,16,"104 07600-02-24-01240 3514 N LANSING AV E 7,259 R IMP 1,901.80 348.00 | LT 6 BLK 3 CITY OF TULSA | CHANDLER FRATES SECOND ADDN",High,parsed cleanly
07600-02-24-02510,Unknown,723 E 33 ST N,Tulsa,OK,Unknown,LT 19 BLK 9,2758.39,R IMP,16,"105 07600-02-24-02510 723 E 33 ST N 7,200 R IMP 2,758.39 395.25 | LT 19 BLK 9 CITY OF TULSA | CHANDLER FRATES SECOND ADDN",High,parsed cleanly
07675-02-13-01140,Unknown,4018 N GARRISON AV E,Tulsa,OK,Unknown,LT 1 BLK 5,3245.67,R HS IMP,16,"106 07675-02-13-01140 4018 N GARRISON AV E 8,265 R HS IMP 3,245.67 316.50 | LT 1 BLK 5 CITY OF TULSA | CHANDLER FRATES FOURTH ADDN",High,parsed cleanly
07675-02-13-01570,Unknown,4021 N ELGIN AV E,Tulsa,OK,Unknown,LT 11 BLK 6,3624.97,R IMP,16,"107 07675-02-13-01570 4021 N ELGIN AV E 6,530 R IMP 3,624.97 348.00 | LT 11 BLK 6 CITY OF TULSA | CHANDLER FRATES FOURTH ADDN",High,parsed cleanly
07675-02-13-01590,Unknown,4013 N ELGIN AV E,Tulsa,OK,Unknown,PT LT 12 BLK 6 BEG SWC LT 12 NE159.80 NW61.30,3368.32,R IMP,16,"108 07675-02-13-01590 4013 N ELGIN AV E 14,504 R IMP 3,368.32 316.50 | PT LT 12 BLK 6 BEG SWC LT 12 NE159.80 NW61.30 CITY OF TULSA | W136.85 S123.05 TO BEG",High,parsed cleanly
07675-02-13-01610,Unknown,421 E 40 ST N,Tulsa,OK,Unknown,LT 14 BLK 6,3505.64,R IMP,16,"109 07675-02-13-01610 421 E 40 ST N 7,749 R IMP 3,505.64 316.50 | LT 14 BLK 6 CITY OF TULSA | CHANDLER FRATES FOURTH ADDN",High,parsed cleanly
07700-02-13-02200,Unknown,4026 N ELGIN AV E,Tulsa,OK,Unknown,LT 10,5279.47,R IMP,16,"110 07700-02-13-02200 4026 N ELGIN AV E 8,700 R IMP 5,279.47 363.75 | LT 10 CITY OF TULSA | CHANDLER-FRATES 4TH ADDN RESUB L1-20 B7",High,parsed cleanly
07725-02-13-02870,Unknown,3917 N LANSING AV E,Tulsa,OK,Unknown,LT 34 BLK 10,4067.59,R IMP,17,"111 07725-02-13-02870 3917 N LANSING AV E 8,990 R IMP 4,067.59 316.50 | LT 34 BLK 10 CITY OF TULSA | CHANDLER-FRATES FIFTH ADDN",High,parsed cleanly
07725-02-13-02930,Unknown,918 E 37 ST N,Tulsa,OK,Unknown,LT 4 BLK 11,3234.47,R HS IMP,17,"112 07725-02-13-02930 918 E 37 ST N 10,707 R HS IMP 3,234.47 363.75 | LT 4 BLK 11 CITY OF TULSA | CHANDLER-FRATES FIFTH ADDN",High,parsed cleanly
07725-02-13-03030,Unknown,758 E 39 ST N,Tulsa,OK,Unknown,LT 3 BLK 12,2963.31,R IMP,17,"113 07725-02-13-03030 758 E 39 ST N 7,440 R IMP 2,963.31 332.25 | LT 3 BLK 12 CITY OF TULSA | CHANDLER-FRATES FIFTH ADDN",High,parsed cleanly
07725-02-13-03090,Unknown,730 E 39 ST N,Tulsa,OK,Unknown,LT 9 BLK 12,2588.38,R IMP,17,"114 07725-02-13-03090 730 E 39 ST N 7,440 R IMP 2,588.38 363.75 | LT 9 BLK 12 CITY OF TULSA | CHANDLER-FRATES FIFTH ADDN",High,parsed cleanly
07900-94-18-00140,Unknown,2117 S 102 AV E,Tulsa,OK,Unknown,LT 14 BLK 1,7964.53,R IMP,17,"115 07900-94-18-00140 2117 S 102 AV E 8,646 R IMP 7,964.53 316.50 | LT 14 BLK 1 CITY OF TULSA | CHARYL LYNN ACRES",High,parsed cleanly
08050-03-31-07630,Unknown,715 N XANTHUS AV E,Tulsa,OK,Unknown,LT 12 BLK 11,476.61,R,17,"116 08050-03-31-07630 715 N XANTHUS AV E 9,500 R 476.61 318.00 | LT 12 BLK 11 CITY OF TULSA | CHEROKEE HGTS ADDN",High,parsed cleanly
08050-03-31-08790,Unknown,114 N YORKTOWN AV E,Tulsa,OK,Unknown,LT 4 BLK 18,2978.35,R HS IMP,17,"117 08050-03-31-08790 114 N YORKTOWN AV E 7,500 R HS IMP 2,978.35 442.50 | LT 4 BLK 18 CITY OF TULSA | CHEROKEE HGTS ADDN",High,parsed cleanly
08150-94-08-00330,Unknown,11524 E 15 ST S,Tulsa,OK,Unknown,LT 2 BLK 2,6800.65,R IMP,18,"118 08150-94-08-00330 11524 E 15 ST S 12,688 R IMP 6,800.65 348.00 | LT 2 BLK 2 CITY OF TULSA | CHEROKEE VILLAGE",High,parsed cleanly
08300-93-04-02320,Unknown,3311 E 5 PL S,Tulsa,OK,Unknown,LT 18 BLK 2,6169.38,R IMP,18,"119 08300-93-04-02320 3311 E 5 PL S 8,456 R IMP 6,169.38 332.25 | LT 18 BLK 2 CITY OF TULSA | CHULA VISTA FIRST ADDN",High,parsed cleanly
08375-03-29-01830,Unknown,2257 N EVANSTON PL E,Tulsa,OK,Unknown,LT 3 LESS E. 25' & LESS W.5' BLK 1,718.59,R,18,"120 08375-03-29-01830 2257 N EVANSTON PL E 33,920 R 718.59 365.25 | LT 3 LESS E. 25' & LESS W.5' BLK 1 CITY OF TULSA | CITY VIEW ADDN",High,parsed cleanly
08375-03-29-02800,Unknown,2141 N DELAWARE AV E,Tulsa,OK,Unknown,S50 N106 W1/2 OF LT 1 BLK 10,5074.15,R HS IMP,18,"121 08375-03-29-02800 2141 N DELAWARE AV E 7,400 R HS IMP 5,074.15 426.75 | S50 N106 W1/2 OF LT 1 BLK 10 CITY OF TULSA | CITY VIEW ADDN",High,parsed cleanly
08425-03-29-03180,Unknown,2204 N EVANSTON AV E,Tulsa,OK,Unknown,LT 11 BLK 1,1941.05,R IMP,18,"122 08425-03-29-03180 2204 N EVANSTON AV E 7,293 R IMP 1,941.05 348.00 | LT 11 BLK 1 CITY OF TULSA | CITY VIEW ADDN RESUB L1-2 & E/2 L3-4 B11",High,parsed cleanly
08450-03-29-03260,Unknown,2901 E WOODROW ST N,Tulsa,OK,Unknown,LT 4 BLK 1,3456.98,R IMP,18,"123 08450-03-29-03260 2901 E WOODROW ST N 6,384 R IMP 3,456.98 411.00 | LT 4 BLK 1 CITY OF TULSA | CITY VIEW ADDN RESUB B12",High,parsed cleanly
08650-93-01-01310,Unknown,8548 E 5 PL S,Tulsa,OK,Unknown,E1/2 N1/2 LT 1 BLK 15,8903.1,R IMP,18,"124 08650-93-01-01310 8548 E 5 PL S 23,409 R IMP 8,903.10 332.25 | E1/2 N1/2 LT 1 BLK 15 CITY OF TULSA | CLARLAND ACRES",High,parsed cleanly
08675-93-01-02070,Unknown,529 S 90 AV E,Tulsa,OK,Unknown,LT 7 BLK 22,7105.95,R HS IMP,19,"125 08675-93-01-02070 529 S 90 AV E 17,670 R HS IMP 7,105.95 442.50 | LT 7 BLK 22 CITY OF TULSA | CLARLAND ACRES B17-19 & PRT B21-22",High,parsed cleanly
08700-93-01-02380,Unknown,450 S 91 AV E,Tulsa,OK,Unknown,LT 27 BLK 22,2993.75,R HS IMP,19,"126 08700-93-01-02380 450 S 91 AV E 10,400 R HS IMP 2,993.75 316.50 | LT 27 BLK 22 CITY OF TULSA | CLARLAND ACRES B20-37",High,parsed cleanly
08875-03-19-03540,Unknown,2624 N QUINCY AV E,Tulsa,OK,Unknown,LT 12 BLK 3,2177.11,R IMP,19,"127 08875-03-19-03540 2624 N QUINCY AV E 7,000 R IMP 2,177.11 316.50 | LT 12 BLK 3 CITY OF TULSA | CLIFF VIEW ADDN",High,parsed cleanly
09000-92-27-06570,Unknown,2111 W 41 PL S,Tulsa,OK,Unknown,LT 10 BLK 1,4666.86,R IMP,19,"128 09000-92-27-06570 2111 W 41 PL S 7,000 R IMP 4,666.86 348.00 | LT 10 BLK 1 CITY OF TULSA | CLINTON HOME ADDN",High,parsed cleanly
09000-92-27-06930,Unknown,2111 W 42 CT S,Tulsa,OK,Unknown,LT 11 BLK 6,2645.73,R IMP,19,"129 09000-92-27-06930 2111 W 42 CT S 6,750 R IMP 2,645.73 363.75 | LT 11 BLK 6 CITY OF TULSA | CLINTON HOME ADDN",High,parsed cleanly
09175-93-05-05710,Unknown,2520 E 6 ST S,Tulsa,OK,Unknown,LT 8 BLK 9 & N61 W/2 LT 3 BLK 8 HIGHLANDS ADDN,3780.86,R HS IMP,19,"130 09175-93-05-05710 2520 E 6 ST S 7,500 R HS IMP 3,780.86 348.00 | LT 8 BLK 9 & N61 W/2 LT 3 BLK 8 HIGHLANDS ADDN CITY OF TULSA | COLLEGE VIEW ADDN AMD",High,parsed cleanly
09525-93-21-04720,Unknown,3305 S TOLEDO AV E,Tulsa,OK,Unknown,LT 8 BLK 2,11586.17,R HS IMP,21,"136 09525-93-21-04720 3305 S TOLEDO AV E 8,296 R HS IMP 11,586.17 348.00 | LT 8 BLK 2 CITY OF TULSA | CONWAY PARK THIRD ADDN",High,parsed cleanly
09650-92-04-01285,Unknown,514 N 37 AV W,Tulsa,OK,Unknown,LTS 3 & 4 LYING S OF A L DESC AS BEG 12.5S OF NEC,352.63,R,21,"137 09650-92-04-01285 514 N 37 AV W 13,250 R 352.63 318.00 | LTS 3 & 4 LYING S OF A L DESC AS BEG 12.5S OF NEC CITY OF TULSA | LT 1 TH SW306.5 TO A PT 243.5W OF SECR LT 4 ALL IN",High,parsed cleanly
09700-03-30-07560,Unknown,2104 N ST LOUIS AV E,Tulsa,OK,Unknown,LT 11 BLK 7,439.95,R,21,"138 09700-03-30-07560 2104 N ST LOUIS AV E 7,700 R 439.95 302.25 | LT 11 BLK 7 CITY OF TULSA | COOTS' ADDN",High,parsed cleanly
09725-03-30-07610,Unknown,2417 N YORKTOWN AV E,Tulsa,OK,Unknown,LT 5 BLK 1,2228.44,R IMP,21,"139 09725-03-30-07610 2417 N YORKTOWN AV E 7,920 R IMP 2,228.44 332.25 | LT 5 BLK 1 CITY OF TULSA | COOTS 2ND ADDN AMD",High,parsed cleanly
09725-03-30-07770,Unknown,2052 E YOUNG PL N,Tulsa,OK,Unknown,LT 5 BLK 3,2227.77,R IMP,21,"140 09725-03-30-07770 2052 E YOUNG PL N 6,441 R IMP 2,227.77 332.25 | LT 5 BLK 3 CITY OF TULSA | COOTS 2ND ADDN AMD",High,parsed cleanly
09725-03-30-08040,Unknown,2043 E XYLER ST N,Tulsa,OK,Unknown,LT 15 BLK 4,3183.01,R IMP,21,"141 09725-03-30-08040 2043 E XYLER ST N 6,105 R IMP 3,183.01 348.00 | LT 15 BLK 4 CITY OF TULSA | COOTS 2ND ADDN AMD",High,parsed cleanly
09825-93-31-03860,Unknown,5741 S UTICA AV E,Tulsa,OK,Unknown,LT 14 BLK 7,10774.92,R IMP,22,"142 09825-93-31-03860 5741 S UTICA AV E 9,044 R IMP 10,774.92 332.25 | LT 14 BLK 7 CITY OF TULSA | CORONA HGTS SECOND ADDN",High,parsed cleanly
10125-94-07-01600,Unknown,1327 S 99 AV E,Tulsa,OK,Unknown,LT 18 BLK 6,10180.74,R IMP,22,"143 10125-94-07-01600 1327 S 99 AV E 21,750 R IMP 10,180.74 332.25 | LT 18 BLK 6 CITY OF TULSA | CRESCENT HGTS ADDN",High,parsed cleanly
10175-93-02-00730,Unknown,41 S SHERIDAN RD E,Tulsa,OK,Unknown,"LTS 15, 16 & 17 BLK A",8557.14,C IMP,22,"144 10175-93-02-00730 41 S SHERIDAN RD E 18,750 C IMP 8,557.14 316.50 | LTS 15, 16 & 17 BLK A CITY OF TULSA | CREST VIEW ESTATES",High,parsed cleanly
10175-93-02-01530,Unknown,444 S 66 AV E,Tulsa,OK,Unknown,LT 11 BLK G,5366.03,R HS IMP,22,"145 10175-93-02-01530 444 S 66 AV E 7,000 R HS IMP 5,366.03 316.50 | LT 11 BLK G CITY OF TULSA | CREST VIEW ESTATES",High,parsed cleanly
10225-93-02-04460,Unknown,209 S 72 AV E,Tulsa,OK,Unknown,LT 19 BLK 8,4357.56,R IMP,22,"146 10225-93-02-04460 209 S 72 AV E 8,400 R IMP 4,357.56 363.75 | LT 19 BLK 8 CITY OF TULSA | 3RD CRESTVIEW ESTATES",High,parsed cleanly
10275-92-02-00760,Unknown,317 S PHOENIX AV W,Tulsa,OK,Unknown,LT 10 BLK 6,1702.49,R IMP,22,"147 10275-92-02-00760 317 S PHOENIX AV W 6,150 R IMP 1,702.49 348.00 | LT 10 BLK 6 CITY OF TULSA | CROSBIE HGTS",High,parsed cleanly
10450-03-19-50550,Unknown,3128 N TROOST PL E,Tulsa,OK,Unknown,LT 6 BLK 1,3389.11,R HS IMP,22,"148 10450-03-19-50550 3128 N TROOST PL E 9,760 R HS IMP 3,389.11 348.00 | LT 6 BLK 1 CITY OF TULSA | CUL-DE-SAC LANE ADDN",High,parsed cleanly
10475-92-08-00260,Unknown,1107 S 53 AV W,Tulsa,OK,Unknown,LT 2 BLK 1,2558.41,R IMP,23,"149 10475-92-08-00260 1107 S 53 AV W 7,440 R IMP 2,558.41 363.75 | LT 2 BLK 1 CITY OF TULSA | CUNNINGHAM ADDN",High,parsed cleanly
10475-92-08-00580,Unknown,5333 W 12 ST S,Tulsa,OK,Unknown,LT 7 BLK 3,1678.49,R IMP,23,"150 10475-92-08-00580 5333 W 12 ST S 7,239 R IMP 1,678.49 348.00 | LT 7 BLK 3 CITY OF TULSA | CUNNINGHAM ADDN",High,parsed cleanly
10475-92-08-00620,Unknown,5353 W 12 ST S,Tulsa,OK,Unknown,LT 11 BLK 3,2411.09,R IMP,23,"151 10475-92-08-00620 5353 W 12 ST S 9,576 R IMP 2,411.09 363.75 | LT 11 BLK 3 CITY OF TULSA | CUNNINGHAM ADDN",High,parsed cleanly
10475-92-08-00680,Unknown,1125 S 56 AV W,Tulsa,OK,Unknown,LT 17 BLK 3,5289.47,R IMP,23,"152 10475-92-08-00680 1125 S 56 AV W 7,200 R IMP 5,289.47 379.50 | LT 17 BLK 3 CITY OF TULSA | CUNNINGHAM ADDN",High,parsed cleanly
10525-03-30-08800,Unknown,ADDRESS UNKNOWN,Tulsa,OK,Unknown,S 10 LT3,14.66,R,23,"153 10525-03-30-08800 ADDRESS UNKNOWN 1,400 R 14.66 302.25 | S 10 LT3 CITY OF TULSA | CUPPS RESUB PRT L9-10 B5 CONSERVATION ACRES",Medium,partial or unknown address
10675-93-15-06360,Unknown,5358 E 22 ST S,Tulsa,OK,Unknown,LT-3-BLK-4 LESS W 1,12020.56,R IMP,23,"154 10675-93-15-06360 5358 E 22 ST S 9,126 R IMP 12,020.56 348.00 | LT-3-BLK-4 LESS W 1 CITY OF TULSA | DARLINGTON HILLS ADDN",High,parsed cleanly
10775-03-27-00780,Unknown,2024 N KINGSTON PL E,Tulsa,OK,Unknown,LT 1 N/2 LT 2 BLK 7,197.98,R,23,"155 10775-03-27-00780 2024 N KINGSTON PL E 4,875 R 197.98 333.75 | LT 1 N/2 LT 2 BLK 7 CITY OF TULSA | DAWSON AMD (ORIGINAL TOWNSITE)",High,parsed cleanly
10800-93-01-04840,Unknown,49 S 85 AV E,Tulsa,OK,Unknown,S 99 LT 1 BLK 3,6504.01,B IMP,24,"156 10800-93-01-04840 49 S 85 AV E 15,345 B IMP 6,504.01 332.25 | S 99 LT 1 BLK 3 CITY OF TULSA | DAY SUBURBAN ACRES",High,parsed cleanly
10800-93-01-05020,Unknown,17 S 89 AV E,Tulsa,OK,Unknown,S60 OF N389.7 LT 1 BLK 5,476.61,R,24,"157 10800-93-01-05020 17 S 89 AV E 9,300 R 476.61 365.25 | S60 OF N389.7 LT 1 BLK 5 CITY OF TULSA | DAY SUBURBAN ACRES",High,parsed cleanly
11000-83-06-00270,Unknown,1394 E 66 PL S,Tulsa,OK,Unknown,E25 N130 LT 12 & N130 LT 13 BLK 2,3946.95,R HS IMP,24,"158 11000-83-06-00270 1394 E 66 PL S 15,690 R HS IMP 3,946.95 395.25 | E25 N130 LT 12 & N130 LT 13 BLK 2 CITY OF TULSA | DELL ROSE PLACE RESUB L1-3 B2 L1-4 B1 KEIM",High,parsed cleanly
11225-02-24-03140,Unknown,625 E APACHE ST N,Tulsa,OK,Unknown,LT 20 BLK 9,593.94,C IMP,24,"159 11225-02-24-03140 625 E APACHE ST N 6,698 C IMP 593.94 332.25 | LT 20 BLK 9 CITY OF TULSA | DEVONSHIRE PLACE RESUB B9-13",High,parsed cleanly
11225-02-24-03490,Unknown,643 E MOHAWK BV N,Tulsa,OK,Unknown,LT 14 BLK 11,4481.55,R IMP,24,"160 11225-02-24-03490 643 E MOHAWK BV N 10,125 R IMP 4,481.55 348.00 | LT 14 BLK 11 CITY OF TULSA | DEVONSHIRE PLACE RESUB B9-13",High,parsed cleanly
11275-02-24-04460,Unknown,623 E 27 PL N,Tulsa,OK,Unknown,LT 10 BLK 2,1952.47,R IMP,24,"161 11275-02-24-04460 623 E 27 PL N 6,900 R IMP 1,952.47 332.25 | LT 10 BLK 2 CITY OF TULSA | DEVONSHIRE PLACE NO THREE RESUB B1-3 PRT B4",High,parsed cleanly
11300-02-24-04840,Unknown,538 E 27 CT N,Tulsa,OK,Unknown,E 50 LT 12 W 10 LT 13 BLK 1,1697.83,R IMP,24,"162 11300-02-24-04840 538 E 27 CT N 7,200 R IMP 1,697.83 363.75 | E 50 LT 12 W 10 LT 13 BLK 1 CITY OF TULSA | DEVONSHIRE PLACE NO 3 RESUB B1",High,parsed cleanly
11325-02-24-04990,Unknown,418 E 28 ST N,Tulsa,OK,Unknown,LT 4 BLK 1,1655.16,R IMP,25,"163 11325-02-24-04990 418 E 28 ST N 6,480 R IMP 1,655.16 379.50 | LT 4 BLK 1 CITY OF TULSA | DEVONSHIRE PLACE FOURTH RESUB BOULEVARD",High,parsed cleanly
11325-02-24-05340,Unknown,343 E 27 CT N,Tulsa,OK,Unknown,LT 39 BLK 1,1697.31,R IMP,25,"164 11325-02-24-05340 343 E 27 CT N 5,795 R IMP 1,697.31 316.50 | LT 39 BLK 1 CITY OF TULSA | DEVONSHIRE PLACE FOURTH RESUB BOULEVARD",High,parsed cleanly
11325-02-24-05380,Unknown,336 E 27 CT N,Tulsa,OK,Unknown,LT 3 BLK 2,2766.95,R HS IMP,25,"165 11325-02-24-05380 336 E 27 CT N 8,460 R HS IMP 2,766.95 363.75 | LT 3 BLK 2 CITY OF TULSA | DEVONSHIRE PLACE FOURTH RESUB BOULEVARD",High,parsed cleanly
11325-02-24-05740,Unknown,341 E 27 PL N,Tulsa,OK,Unknown,LT 39 BLK 2,2833.24,R IMP,25,"166 11325-02-24-05740 341 E 27 PL N 8,700 R IMP 2,833.24 316.50 | LT 39 BLK 2 CITY OF TULSA | DEVONSHIRE PLACE FOURTH RESUB BOULEVARD",High,parsed cleanly
11500-92-33-00290,Unknown,4119 W 56 PL S,Tulsa,OK,Unknown,LT 12 BLK 1,219.97,R,25,"167 11500-92-33-00290 4119 W 56 PL S 6,800 R 219.97 333.75 | LT 12 BLK 1 CITY OF TULSA | DOCTOR CARVER",High,parsed cleanly
11500-92-33-00300,Unknown,4115 W 56 PL S,Tulsa,OK,Unknown,LT 13 BLK 1,219.97,R,25,"168 11500-92-33-00300 4115 W 56 PL S 6,800 R 219.97 318.00 | LT 13 BLK 1 CITY OF TULSA | DOCTOR CARVER",High,parsed cleanly
11575-03-35-03730,Unknown,7350 E NEWTON ST N,Tulsa,OK,Unknown,LT 8 BLK 3,5516.78,R IMP,25,"169 11575-03-35-03730 7350 E NEWTON ST N 7,200 R IMP 5,516.78 348.00 | LT 8 BLK 3 CITY OF TULSA | DOLLIE-MAC ADDN",High,parsed cleanly
11575-03-35-04690,Unknown,7320 E LATIMER PL N,Tulsa,OK,Unknown,LT 8 BLK 6,5182.52,R HS IMP,26,"170 11575-03-35-04690 7320 E LATIMER PL N 7,440 R HS IMP 5,182.52 316.50 | LT 8 BLK 6 CITY OF TULSA | DOLLIE-MAC ADDN",High,parsed cleanly
11600-93-30-07650,Unknown,1426 E 42 ST S,Tulsa,OK,Unknown,LT 3 BLK 2,5893.97,R IMP,26,"171 11600-93-30-07650 1426 E 42 ST S 7,040 R IMP 5,893.97 379.50 | LT 3 BLK 2 CITY OF TULSA | DON-LEE",High,parsed cleanly
11775-02-36-04090,Unknown,1174 N FRANKFORT AV E,Tulsa,OK,Unknown,LTS 1 & 2 & E10 LT 3 & N7.5 VAC ALLEY ADJ ON S BLK 3,2856.67,R HS IMP,26,"172 11775-02-36-04090 1174 N FRANKFORT AV E 8,343 R HS IMP 2,856.67 348.00 | LTS 1 & 2 & E10 LT 3 & N7.5 VAC ALLEY ADJ ON S BLK 3 CITY OF TULSA | DOUGLAS PLACE ADDN",High,parsed cleanly
11825-02-25-06380,Unknown,1619 N GREENWOOD AV,Unknown,OK,Unknown,N 50 LT 7 BLK 2 E,2353.1,R IMP,26,"173 11825-02-25-06380 1619 N GREENWOOD AV 7,000 R IMP 2,353.10 316.50 | N 50 LT 7 BLK 2 E | DUNBAR ADDN CITY OF TULSA",High,parsed cleanly
12025-93-06-03590,Unknown,620 S QUINCY AV E,Tulsa,OK,Unknown,E70 LT 1 BLK 2,1989.13,R IMP,26,"174 12025-93-06-03590 620 S QUINCY AV E 2,842 R IMP 1,989.13 332.25 | E70 LT 1 BLK 2 CITY OF TULSA | EAST LYNN ADDN",High,parsed cleanly
12025-93-06-03640,Unknown,640 S QUINCY AV E,Tulsa,OK,Unknown,LT 6 BLK 2,2339.22,R HS IMP,26,"175 12025-93-06-03640 640 S QUINCY AV E 6,500 R HS IMP 2,339.22 363.75 | LT 6 BLK 2 CITY OF TULSA | EAST LYNN ADDN",High,parsed cleanly
12060-94-08-20510,Unknown,12217 E 13 PL S,Tulsa,OK,Unknown,LT 15 BLK 1,5185.69,R HS IMP,26,"176 12060-94-08-20510 12217 E 13 PL S 7,188 R HS IMP 5,185.69 363.75 | LT 15 BLK 1 CITY OF TULSA | EAST PORT ADDN",High,parsed cleanly
12135-94-16-28330,Unknown,2479 S 141 AV E,Tulsa,OK,Unknown,LT 15 BLK 8,8623.12,R IMP,27,"177 12135-94-16-28330 2479 S 141 AV E 9,271 R IMP 8,623.12 363.75 | LT 15 BLK 8 CITY OF TULSA | EASTLAND ACRES",High,parsed cleanly
12135-94-16-28390,Unknown,14123 E 24 PL S,Tulsa,OK,Unknown,LT 21 BLK 8,8518.48,R IMP,27,"178 12135-94-16-28390 14123 E 24 PL S 7,788 R IMP 8,518.48 474.00 | LT 21 BLK 8 CITY OF TULSA | EASTLAND ACRES",High,parsed cleanly
12142-94-16-48520,Unknown,13847 E 29 PL S,Tulsa,OK,Unknown,LT 17 BLK 6,12059.12,R IMP,27,"179 12142-94-16-48520 13847 E 29 PL S 10,403 R IMP 12,059.12 175.75 | LT 17 BLK 6 CITY OF TULSA | EASTLAND ACRES II RESUB L12-14 B1 EASTLAND",High,parsed cleanly
12145-94-09-42810,Unknown,1532 S 140 AV E,Tulsa,OK,Unknown,LT 9 BLK 5,7605.9,R IMP,27,"180 12145-94-09-42810 1532 S 140 AV E 6,900 R IMP 7,605.90 348.00 | LT 9 BLK 5 CITY OF TULSA | EASTLAND PARK",High,parsed cleanly
12145-94-09-44920,Unknown,1733 S 141 AV E,Tulsa,OK,Unknown,LT 8 BLK 13,7033.29,R IMP,27,"181 12145-94-09-44920 1733 S 141 AV E 6,900 R IMP 7,033.29 332.25 | LT 8 BLK 13 CITY OF TULSA | EASTLAND PARK",High,parsed cleanly
12150-93-11-01280,Unknown,7519 E 13 ST S,Tulsa,OK,Unknown,LT 11 BLK 7,5222.14,R IMP,27,"182 12150-93-11-01280 7519 E 13 ST S 6,650 R IMP 5,222.14 316.50 | LT 11 BLK 7 CITY OF TULSA | EASTMOOR PARK",High,parsed cleanly
12150-93-11-01290,Unknown,ADDRESS UNKNOWN,Tulsa,OK,Unknown,LT 12 BLK 7,161.98,R,27,"183 12150-93-11-01290 ADDRESS UNKNOWN 6,650 R 161.98 270.75 | LT 12 BLK 7 CITY OF TULSA | EASTMOOR PARK",Medium,partial or unknown address
12150-93-11-02290,Unknown,ADDRESS UNKNOWN,Tulsa,OK,Unknown,LT 1 BLK 14,161.31,R,28,"184 12150-93-11-02290 ADDRESS UNKNOWN 6,783 R 161.31 270.75 | LT 1 BLK 14 CITY OF TULSA | EASTMOOR PARK",Medium,partial or unknown address
12175-92-03-02290,Unknown,3034 W CAMERON ST N,Tulsa,OK,Unknown,LT 1 BLK 11,3366.33,R IMP,28,"185 12175-92-03-02290 3034 W CAMERON ST N 9,125 R IMP 3,366.33 316.50 | LT 1 BLK 11 CITY OF TULSA | EASTON HGTS ADDN",High,parsed cleanly
12210-94-16-41680,Unknown,13322 E 28 ST S,Tulsa,OK,Unknown,LT 19 BLK 2,6862.64,R IMP,28,"186 12210-94-16-41680 13322 E 28 ST S 6,820 R IMP 6,862.64 316.50 | LT 19 BLK 2 CITY OF TULSA | EASTPARK",High,parsed cleanly
12375-92-04-01560,Unknown,530 N 42 AV W,Tulsa,OK,Unknown,LT 2 BLK 1,5786.08,R IMP,28,"187 12375-92-04-01560 530 N 42 AV W 11,232 R IMP 5,786.08 783.75 | LT 2 BLK 1 CITY OF TULSA | EDISON ROAD 2ND ADDN",High,parsed cleanly
12425-92-04-02590,Unknown,137 N 44 AV W,Tulsa,OK,Unknown,LT 13 BLK 7,6690.66,R IMP,28,"188 12425-92-04-02590 137 N 44 AV W 11,745 R IMP 6,690.66 348.00 | LT 13 BLK 7 CITY OF TULSA | EDISON ROAD IV ADDN",High,parsed cleanly
12600-03-28-01150,Unknown,2434 N PITTSBURG AV E,Tulsa,OK,Unknown,LT 9 BLK 4,740.59,R,28,"189 12600-03-28-01150 2434 N PITTSBURG AV E 7,380 R 740.59 333.75 | LT 9 BLK 4 CITY OF TULSA | EL BRAD",High,parsed cleanly
12625-93-14-07980,Unknown,7208 E 28 PL S,Tulsa,OK,Unknown,LT 12 BLK 2,12448.75,R HS IMP,28,"190 12625-93-14-07980 7208 E 28 PL S 8,400 R HS IMP 12,448.75 348.00 | LT 12 BLK 2 CITY OF TULSA | ELDORADO MANOR ADDN AMD",High,parsed cleanly
12800-03-33-01320,Unknown,4725 E LATIMER PL N,Tulsa,OK,Unknown,LT 16 BLK 1,2953.7,R IMP,29,"191 12800-03-33-01320 4725 E LATIMER PL N 7,700 R IMP 2,953.70 316.50 | LT 16 BLK 1 CITY OF TULSA | ELGIN HGTS",High,parsed cleanly
12875-94-08-06230,Unknown,11804 E 14 ST S,Tulsa,OK,Unknown,W1/2 LT 2 BLK 9 LESS S25 FOR ST,4378.6,R IMP,29,"192 12875-94-08-06230 11804 E 14 ST S 28,454 R IMP 4,378.60 316.50 | W1/2 LT 2 BLK 9 LESS S25 FOR ST CITY OF TULSA | ELM HURST",High,parsed cleanly
13100-02-26-00290,Unknown,1522 N CHEYENNE AV W,Tulsa,OK,Unknown,LT 3 BLK 1,1671.83,R IMP,29,"193 13100-02-26-00290 1522 N CHEYENNE AV W 7,901 R IMP 1,671.83 332.25 | LT 3 BLK 1 CITY OF TULSA | ELMWOOD ADDN",High,parsed cleanly
13125-02-25-08280,Unknown,2522 N OWASSO AV E,Tulsa,OK,Unknown,LT 11 BLK 1,1825.15,R IMP,29,"194 13125-02-25-08280 2522 N OWASSO AV E 6,750 R IMP 1,825.15 348.00 | LT 11 BLK 1 CITY OF TULSA | EMERSON ADDN",High,parsed cleanly
13125-02-25-08400,Unknown,2557 N NORFOLK AV E,Tulsa,OK,Unknown,LT 23 BLK 1,293.3,R,29,"195 13125-02-25-08400 2557 N NORFOLK AV E 6,750 R 293.30 333.75 | LT 23 BLK 1 CITY OF TULSA | EMERSON ADDN",High,parsed cleanly
13150-02-25-08750,Unknown,1027 E ZION CT N,Tulsa,OK,Unknown,LT 16 BLK 1,439.95,R,29,"196 13150-02-25-08750 1027 E ZION CT N 6,800 R 439.95 302.25 | LT 16 BLK 1 CITY OF TULSA | EMERSON 2ND ADDN",High,parsed cleanly
13200-02-26-00860,Unknown,1516 N MAIN ST W,Tulsa,OK,Unknown,LT 9 BLK 2,3541.13,R HS IMP,29,"197 13200-02-26-00860 1516 N MAIN ST W 6,950 R HS IMP 3,541.13 348.00 | LT 9 BLK 2 CITY OF TULSA | ENGLEWOOD ADDN",High,parsed cleanly
13775-02-12-00560,Unknown,784 E 48 ST N,Tulsa,OK,Unknown,LT 31 BLK 1,337.29,R,30,"198 13775-02-12-00560 784 E 48 ST N 18,862 R 337.29 333.75 | LT 31 BLK 1 CITY OF TULSA | FAIRHILL ADDN",High,parsed cleanly
13775-02-12-00780,Unknown,4946 N JOHNSTOWN AV E,Tulsa,OK,Unknown,LT 5 BLK 2,1697.16,R IMP,30,"199 13775-02-12-00780 4946 N JOHNSTOWN AV E 12,530 R IMP 1,697.16 316.50 | LT 5 BLK 2 CITY OF TULSA | FAIRHILL ADDN",High,parsed cleanly
13775-02-12-01430,Unknown,4615 N HARTFORD AV E,Tulsa,OK,Unknown,LT 23 BLK 4,4839.51,R IMP,30,"200 13775-02-12-01430 4615 N HARTFORD AV E 11,400 R IMP 4,839.51 348.00 | LT 23 BLK 4 CITY OF TULSA | FAIRHILL ADDN",High,parsed cleanly
13775-02-12-01490,Unknown,4641 N HARTFORD AV E,Tulsa,OK,Unknown,LT 29 LESS BEG NEC W20 SELY ON STR LINE TO,3989.6,R IMP,30,"201 13775-02-12-01490 4641 N HARTFORD AV E 10,800 R IMP 3,989.60 332.25 | LT 29 LESS BEG NEC W20 SELY ON STR LINE TO CITY OF TULSA | SECR N60 POB BLK 4",High,parsed cleanly
13800-02-12-02160,Unknown,4726 N FRANKFORT AV E,Tulsa,OK,Unknown,LT 9 BLK 7,3086.51,R HS IMP,30,"202 13800-02-12-02160 4726 N FRANKFORT AV E 11,475 R HS IMP 3,086.51 332.25 | LT 9 BLK 7 CITY OF TULSA | FAIRHILL 2ND ADDN",High,parsed cleanly
13850-93-05-10530,Unknown,2605 E ADMIRAL CT N,Tulsa,OK,Unknown,LT 14 BLK 1,5358.29,R HS IMP,30,"203 13850-93-05-10530 2605 E ADMIRAL CT N 5,625 R HS IMP 5,358.29 363.75 | LT 14 BLK 1 CITY OF TULSA | FAIRMONT ADDN",High,parsed cleanly
13850-93-05-10570,Unknown,2621 E ADMIRAL CT N,Tulsa,OK,Unknown,LT 18 BLK 1,1759.82,R IMP,30,"204 13850-93-05-10570 2621 E ADMIRAL CT N 6,250 R IMP 1,759.82 348.00 | LT 18 BLK 1 CITY OF TULSA | FAIRMONT ADDN",High,parsed cleanly
13850-93-05-10690,Unknown,2526 E ARCHER ST N,Tulsa,OK,Unknown,LT 6 BLK 2,2323.1,R IMP,31,"205 13850-93-05-10690 2526 E ARCHER ST N 6,250 R IMP 2,323.10 348.00 | LT 6 BLK 2 CITY OF TULSA | FAIRMONT ADDN",High,parsed cleanly
14175-03-33-02850,Unknown,ADDRESS UNKNOWN,Tulsa,OK,Unknown,LT 12 BLK 12,70.34,R,31,"206 14175-03-33-02850 ADDRESS UNKNOWN 7,000 R 70.34 270.75 | LT 12 BLK 12 CITY OF TULSA | FEDERAL HGTS SECOND ADDN",Medium,partial or unknown address
14175-03-33-03080,Unknown,704 N OSWEGO AV E,Tulsa,OK,Unknown,LT 12 BLK 14,2939.89,R HS IMP,31,"207 14175-03-33-03080 704 N OSWEGO AV E 7,000 R HS IMP 2,939.89 379.50 | LT 12 BLK 14 CITY OF TULSA | FEDERAL HGTS SECOND ADDN",High,parsed cleanly
14175-03-33-03800,Unknown,131 N MARION AV E,Tulsa,OK,Unknown,ALL OF LT 26 & S 25 OF LT 27 BLK 17,7064.62,R IMP,31,"208 14175-03-33-03800 131 N MARION AV E 10,500 R IMP 7,064.62 348.00 | ALL OF LT 26 & S 25 OF LT 27 BLK 17 CITY OF TULSA | FEDERAL HGTS SECOND ADDN",High,parsed cleanly
14625-93-12-00820,Unknown,1228 S 83 AV E,Tulsa,OK,Unknown,LT 14 BLK 3,5972.06,R IMP,31,"209 14625-93-12-00820 1228 S 83 AV E 47,005 R IMP 5,972.06 379.50 | LT 14 BLK 3 CITY OF TULSA | FOREST ACRES",High,parsed cleanly
14625-93-12-01220,Unknown,1240 S 89 AV E,Tulsa,OK,Unknown,S/2 LT 4 BLK 5,13422.53,R HS IMP,31,"210 14625-93-12-01220 1240 S 89 AV E 50,643 R HS IMP 13,422.53 332.25 | S/2 LT 4 BLK 5 CITY OF TULSA | FOREST ACRES",High,parsed cleanly
14725-93-18-01710,Unknown,2138 E 27 ST S,Tulsa,OK,Unknown,LT 6 BLK 6,48138.41,R IMP,31,"211 14725-93-18-01710 2138 E 27 ST S 12,702 R IMP 48,138.41 363.75 | LT 6 BLK 6 CITY OF TULSA | FOREST HILLS",High,parsed cleanly
14875-93-19-04520,Unknown,3913 S ST LOUIS AV E,Tulsa,OK,Unknown,LT 3 BLK 6,8799.12,R,32,"212 14875-93-19-04520 3913 S ST LOUIS AV E 8,960 R 8,799.12 412.50 | LT 3 BLK 6 CITY OF TULSA | FOREST RIDGE ADDN AMD SUB B5 & W/2 B6",High,parsed cleanly
14900-93-19-04650,Unknown,3912 S TRENTON AV E,Tulsa,OK,Unknown,LT 16 BLK 6,27863.88,R,32,"213 14900-93-19-04650 3912 S TRENTON AV E 10,434 R 27,863.88 444.00 | LT 16 BLK 6 CITY OF TULSA | FOREST RIDGE ADDN SUB E/2 B6",High,parsed cleanly
15125-03-33-05670,Unknown,1433 N TOLEDO AV E,Tulsa,OK,Unknown,LT 19 BLK 2,4159.58,R IMP,32,"214 15125-03-33-05670 1433 N TOLEDO AV E 7,261 R IMP 4,159.58 332.25 | LT 19 BLK 2 CITY OF TULSA | FRANCISCAN ADDN",High,parsed cleanly
15275-03-19-03690,Unknown,2164 E 29 ST N,Tulsa,OK,Unknown,LT-3-BLK-1,1981.13,R IMP,32,"215 15275-03-19-03690 2164 E 29 ST N 7,290 R IMP 1,981.13 300.75 | LT-3-BLK-1 CITY OF TULSA | FRED THOMPSON ADDN",High,parsed cleanly
15275-03-19-03700,Unknown,2160 E 29 ST N,Tulsa,OK,Unknown,LT 4 BLK 1,2502.36,R HS IMP,32,"216 15275-03-19-03700 2160 E 29 ST N 7,290 R HS IMP 2,502.36 316.50 | LT 4 BLK 1 CITY OF TULSA | FRED THOMPSON ADDN",High,parsed cleanly
15275-03-19-03980,Unknown,2819 N YORKTOWN AV E,Tulsa,OK,Unknown,LT 10 BLK 2,1131.88,R IMP,32,"217 15275-03-19-03980 2819 N YORKTOWN AV E 7,020 R IMP 1,131.88 332.25 | LT 10 BLK 2 CITY OF TULSA | FRED THOMPSON ADDN",High,parsed cleanly
15275-03-19-03990,Unknown,2720 N YORKTOWN PL E,Tulsa,OK,Unknown,LT 1 BLK 3,2400.42,R IMP,32,"218 15275-03-19-03990 2720 N YORKTOWN PL E 7,020 R IMP 2,400.42 332.25 | LT 1 BLK 3 CITY OF TULSA | FRED THOMPSON ADDN",High,parsed cleanly
15275-03-19-04060,Unknown,2711 N YORKTOWN AV E,Tulsa,OK,Unknown,LT 8 BLK 3,887.07,R IMP,33,"219 15275-03-19-04060 2711 N YORKTOWN AV E 7,020 R IMP 887.07 332.25 | LT 8 BLK 3 CITY OF TULSA | FRED THOMPSON ADDN",High,parsed cleanly
15275-03-19-04110,Unknown,2636 N YORKTOWN PL E,Tulsa,OK,Unknown,LT 3 BLK 4,1887.14,R HS IMP,33,"220 15275-03-19-04110 2636 N YORKTOWN PL E 7,020 R HS IMP 1,887.14 316.50 | LT 3 BLK 4 CITY OF TULSA | FRED THOMPSON ADDN",High,parsed cleanly
15500-03-32-04170,Unknown,1434 N BIRMINGHAM PL E,Tulsa,OK,Unknown,LT 3 BLK 3,2438.58,R IMP,33,"221 15500-03-32-04170 1434 N BIRMINGHAM PL E 7,200 R IMP 2,438.58 316.50 | LT 3 BLK 3 CITY OF TULSA | FRIENDLY HOMES ADDN",High,parsed cleanly
15500-03-32-04550,Unknown,2717 E OKLAHOMA ST N,Tulsa,OK,Unknown,LT 9 BLK 5,2970.36,R IMP,33,"222 15500-03-32-04550 2717 E OKLAHOMA ST N 7,416 R IMP 2,970.36 316.50 | LT 9 BLK 5 CITY OF TULSA | FRIENDLY HOMES ADDN",High,parsed cleanly
15500-03-32-04800,Unknown,1313 N DELAWARE AV E,Tulsa,OK,Unknown,LT 4 BLK 7,3267.45,R HS IMP,33,"223 15500-03-32-04800 1313 N DELAWARE AV E 7,200 R HS IMP 3,267.45 332.25 | LT 4 BLK 7 CITY OF TULSA | FRIENDLY HOMES ADDN",High,parsed cleanly
15525-02-36-07930,Unknown,ADDRESS UNKNOWN,Tulsa,OK,Unknown,LT 36 BLK 1,109.98,R,33,"224 15525-02-36-07930 ADDRESS UNKNOWN 3,250 R 109.98 270.75 | LT 36 BLK 1 CITY OF TULSA | FRISCO ADDN",Medium,partial or unknown address
15525-02-36-08330,Unknown,ADDRESS UNKNOWN,Tulsa,OK,Unknown,LTS 13 & 14 BLK 3,95.32,R,33,"225 15525-02-36-08330 ADDRESS UNKNOWN 6,500 R 95.32 286.50 | LTS 13 & 14 BLK 3 CITY OF TULSA | FRISCO ADDN",Medium,partial or unknown address
15525-02-36-08340,Unknown,ADDRESS UNKNOWN,Tulsa,OK,Unknown,LTS 15 & 16 BLK 3,95.32,R,34,"226 15525-02-36-08340 ADDRESS UNKNOWN 6,500 R 95.32 286.50 | LTS 15 & 16 BLK 3 CITY OF TULSA | FRISCO ADDN",Medium,partial or unknown address
15525-02-36-08630,Unknown,ADDRESS UNKNOWN,Tulsa,OK,Unknown,N 5 OF W 10 OF S 70 LT 24 & N 5 OF S 70 LTS 25 & 26,14.66,R,34,227 15525-02-36-08630 ADDRESS UNKNOWN 300 R 14.66 302.25 | N 5 OF W 10 OF S 70 LT 24 & N 5 OF S 70 LTS 25 & 26 CITY OF TULSA | BLK 4,Medium,partial or unknown address
15525-02-36-09090,Unknown,1018 E HASKELL ST N,Tulsa,OK,Unknown,LTS 13 14 BLK 6,425.29,R IMP,34,"228 15525-02-36-09090 1018 E HASKELL ST N 6,500 R IMP 425.29 395.25 | LTS 13 14 BLK 6 CITY OF TULSA | FRISCO ADDN",High,parsed cleanly
15809-03-30-31010,Unknown,1601 N PEORIA AV E,City Of Tulsa Structure Removed,OK,Unknown,LT 2 LESS BEG 83.41N & 214.52E & 150N SWC LT 2 TH,13974.18,C,34,"229 15809-03-30-31010 1601 N PEORIA AV E 229,861 C 13,974.18 332.25 | LT 2 LESS BEG 83.41N & 214.52E & 150N SWC LT 2 TH CITY OF TULSA STRUCTURE REMOVED | N137.55 W220.75 CRV RT137.64 E216 POB & LESS",High,parsed cleanly
15875-02-25-09420,Unknown,2431 N LANSING AV E,Tulsa,OK,Unknown,S 51.12 LT 4 BLK 1,5709.25,R IMP,34,"230 15875-02-25-09420 2431 N LANSING AV E 10,816 R IMP 5,709.25 348.00 | S 51.12 LT 4 BLK 1 CITY OF TULSA | GENTRY 2ND ADDN",High,parsed cleanly
15875-02-25-09630,Unknown,2506 N LANSING AV E,Tulsa,OK,Unknown,LT 6 BLK 2,513.28,R,34,"231 15875-02-25-09630 2506 N LANSING AV E 18,450 R 513.28 302.25 | LT 6 BLK 2 CITY OF TULSA | GENTRY 2ND ADDN",High,parsed cleanly
15875-02-25-09650,Unknown,2518 N LANSING AV E,Tulsa,OK,Unknown,LT 8 BLK 2,146.65,R,35,"232 15875-02-25-09650 2518 N LANSING AV E 17,280 R 146.65 349.50 | LT 8 BLK 2 CITY OF TULSA | GENTRY 2ND ADDN",High,parsed cleanly
16050-93-06-08040,Unknown,ADDRESS UNKNOWN,Tulsa,OK,Unknown,W.80' OF LT 19 BLK 12,312.63,R,35,"233 16050-93-06-08040 ADDRESS UNKNOWN 4,000 R 312.63 270.75 | W.80' OF LT 19 BLK 12 CITY OF TULSA | GILLETTE-HALL ADDN",Medium,partial or unknown address
16050-93-06-08050,Unknown,1810 E 2 ST S,Tulsa,OK,Unknown,E.60' OF LT 19 BLK 12,3179.68,R IMP,35,"234 16050-93-06-08050 1810 E 2 ST S 3,000 R IMP 3,179.68 332.25 | E.60' OF LT 19 BLK 12 CITY OF TULSA | GILLETTE-HALL ADDN",High,parsed cleanly
16250-92-05-00370,Unknown,409 S 54 AV W,Tulsa,OK,Unknown,S35 W1/2 LT 2 BLK 1,1782.48,R IMP,35,"235 16250-92-05-00370 409 S 54 AV W 5,250 R IMP 1,782.48 316.50 | S35 W1/2 LT 2 BLK 1 CITY OF TULSA | GLEN ACRES SUB-WEKIWA",High,parsed cleanly
16250-92-05-00560,Unknown,408 S 54 AV W,Tulsa,OK,Unknown,S 42 E 140 OF LT 1 BLK 2,2211.77,R IMP,35,"236 16250-92-05-00560 408 S 54 AV W 5,880 R IMP 2,211.77 363.75 | S 42 E 140 OF LT 1 BLK 2 CITY OF TULSA | GLEN ACRES SUB-WEKIWA",High,parsed cleanly
16250-92-05-00670,Unknown,417 S 55 AV W,Tulsa,OK,Unknown,S/2 W/2 OF LT 3 BLK 2,1417.19,R IMP,35,"237 16250-92-05-00670 417 S 55 AV W 9,450 R IMP 1,417.19 332.25 | S/2 W/2 OF LT 3 BLK 2 CITY OF TULSA | GLEN ACRES SUB-WEKIWA",High,parsed cleanly
16250-92-05-01100,Unknown,426 S 55 AV W,Tulsa,OK,Unknown,LT 6 BLK 5,3012.36,R IMP,35,"238 16250-92-05-01100 426 S 55 AV W 7,500 R IMP 3,012.36 363.75 | LT 6 BLK 5 CITY OF TULSA | GLEN ACRES SUB-WEKIWA",High,parsed cleanly
16275-92-05-01670,Unknown,501 S 57 AV W,Tulsa,OK,Unknown,LT 20,4022.9,R HS IMP,36,"239 16275-92-05-01670 501 S 57 AV W 6,500 R HS IMP 4,022.90 316.50 | LT 20 CITY OF TULSA | GLEN ACRES SUB REV B7-WEKIWA",High,parsed cleanly
16375-93-03-04910,Unknown,574 S MAPLEWOOD AV E,Tulsa,OK,Unknown,LT 3 BLK 2,5550.11,R IMP,36,"240 16375-93-03-04910 574 S MAPLEWOOD AV E 11,985 R IMP 5,550.11 332.25 | LT 3 BLK 2 CITY OF TULSA | GLENHAVEN & GLENHAVEN AMD RESUB",High,parsed cleanly
16375-93-03-05080,Unknown,5939 E 7 ST S,Tulsa,OK,Unknown,LT 10 BLK 3,7071.29,R IMP,36,"241 16375-93-03-05080 5939 E 7 ST S 11,775 R IMP 7,071.29 332.25 | LT 10 BLK 3 CITY OF TULSA | GLENHAVEN & GLENHAVEN AMD RESUB",High,parsed cleanly
16425-92-25-04510,Unknown,308 E 46 ST S,Tulsa,OK,Unknown,LT 2 BLK 10,11003.56,R IMP,36,"242 16425-92-25-04510 308 E 46 ST S 8,008 R IMP 11,003.56 316.50 | LT 2 BLK 10 CITY OF TULSA | GRACE ELLEN HGTS PRT TR B ANNIE MAY GRANT",High,parsed cleanly
16650-93-15-09350,Unknown,5309 E 29 ST S,Tulsa,OK,Unknown,LT 16 BLK 3,14302.1,R HS IMP,36,"243 16650-93-15-09350 5309 E 29 ST S 8,000 R HS IMP 14,302.10 348.00 | LT 16 BLK 3 CITY OF TULSA | GRANDVIEW MANOR ADDN",High,parsed cleanly
16975-93-03-05840,Unknown,5931 E ADMIRAL PL N,Tulsa,OK,Unknown,LTS 10 & 11 LESS S30 THEREOF FOR STREET BLK 1,29265.07,C IMP,36,"244 16975-93-03-05840 5931 E ADMIRAL PL N 54,000 C IMP 29,265.07 332.25 | LTS 10 & 11 LESS S30 THEREOF FOR STREET BLK 1 CITY OF TULSA | GREENLAWN",High,parsed cleanly
16975-93-03-05860,Unknown,5935 E ADMIRAL PL N,Tulsa,OK,Unknown,LT 12 LESS BEG NEC TH S300 W100 N30 E75 N270 E25,18463.48,C IMP,36,"245 16975-93-03-05860 5935 E ADMIRAL PL N 20,250 C IMP 18,463.48 332.25 | LT 12 LESS BEG NEC TH S300 W100 N30 E75 N270 E25 CITY OF TULSA | POB BLK 1",High,parsed cleanly
17025-02-36-11950,Unknown,515 E MARSHALL ST N,Tulsa,OK,Unknown,LT 16 & S7.5 VAC ALLEY ADJ TO NL LT 16 BLK 10,2377.09,R IMP,37,"246 17025-02-36-11950 515 E MARSHALL ST N 6,900 R IMP 2,377.09 348.00 | LT 16 & S7.5 VAC ALLEY ADJ TO NL LT 16 BLK 10 CITY OF TULSA | GREENWOOD ADDN",High,parsed cleanly
17025-02-36-12170,Unknown,1173 N FRANKFORT AV E,Tulsa,OK,Unknown,W 6 1/2 LT 11 ALL LT 12 BLK 11,4974.16,R IMP,37,"247 17025-02-36-12170 1173 N FRANKFORT AV E 7,410 R IMP 4,974.16 316.50 | W 6 1/2 LT 11 ALL LT 12 BLK 11 CITY OF TULSA | GREENWOOD ADDN",High,parsed cleanly
17600-93-17-04200,Unknown,2742 E 22 PL S,Tulsa,OK,Unknown,LT 30 BLK 2,15921.14,R IMP,37,"248 17600-93-17-04200 2742 E 22 PL S 7,000 R IMP 15,921.14 316.50 | LT 30 BLK 2 CITY OF TULSA | HARTER'S FOURTH RESUB L1-20 B1 HARTER'S THIRD",High,parsed cleanly
17675-02-24-06900,Unknown,818 E 32 PL N,Tulsa,OK,Unknown,LT 2 BLK 3,586.6,R,37,"249 17675-02-24-06900 818 E 32 PL N 8,880 R 586.60 381.00 | LT 2 BLK 3 CITY OF TULSA | HARTFORD HILLS ADDN",High,parsed cleanly
17675-02-24-07550,Unknown,3179 N IROQUOIS AV E,Tulsa,OK,Unknown,LT 34 BLK 4,4023.59,R IMP,37,"250 17675-02-24-07550 3179 N IROQUOIS AV E 7,200 R IMP 4,023.59 316.50 | LT 34 BLK 4 CITY OF TULSA | HARTFORD HILLS ADDN",High,parsed cleanly
17675-02-24-07570,Unknown,750 E 32 PL N,Tulsa,OK,Unknown,LT 36 BLK 4,3310.33,R IMP,37,"251 17675-02-24-07570 750 E 32 PL N 7,800 R IMP 3,310.33 332.25 | LT 36 BLK 4 CITY OF TULSA | HARTFORD HILLS ADDN",High,parsed cleanly
17675-02-24-08030,Unknown,3130 N HARTFORD PL E,Tulsa,OK,Unknown,LT 13 BLK 6,3311.0,R IMP,37,"252 17675-02-24-08030 3130 N HARTFORD PL E 7,140 R IMP 3,311.00 332.25 | LT 13 BLK 6 CITY OF TULSA | HARTFORD HILLS ADDN",High,parsed cleanly
17850-92-13-00343,Unknown,W WOODWARD BV S,Tulsa,OK,Unknown,PRT LT 1 BEG 20.8E SWC LT 1 TH NW169.40 E287.29,13794.63,C,38,"253 17850-92-13-00343 W WOODWARD BV S 34,710 C 13,794.63 286.50 | PRT LT 1 BEG 20.8E SWC LT 1 TH NW169.40 E287.29 CITY OF TULSA | S143.34 W197.01 POB BLK 1",Medium,partial or unknown address
17900-02-24-08320,Unknown,ADDRESS UNKNOWN,Tulsa,OK,Unknown,LOT 1 BLK 2,146.65,R,38,"254 17900-02-24-08320 ADDRESS UNKNOWN 8,064 R 146.65 286.50 | LOT 1 BLK 2 CITY OF TULSA | JACK HAWKINS ADDN",Medium,partial or unknown address
17925-92-04-03240,Unknown,319 S 43 AV W,Tulsa,OK,Unknown,LOT 17 BLK 2,5748.75,R IMP,38,"255 17925-92-04-03240 319 S 43 AV W 8,400 R IMP 5,748.75 363.75 | LOT 17 BLK 2 CITY OF TULSA | HAYDEN-LEWIS ADDN",High,parsed cleanly
17925-92-04-03330,Unknown,330 S 43 AV W,Tulsa,OK,Unknown,LOT 6 BLK 3,3745.62,R HS IMP,38,"256 17925-92-04-03330 330 S 43 AV W 8,400 R HS IMP 3,745.62 316.50 | LOT 6 BLK 3 CITY OF TULSA | HAYDEN-LEWIS ADDN",High,parsed cleanly
17925-92-04-03930,Unknown,328 S 46 AV W,Tulsa,OK,Unknown,LOT 6 BLK 6,6595.34,R IMP,38,"257 17925-92-04-03930 328 S 46 AV W 8,400 R IMP 6,595.34 316.50 | LOT 6 BLK 6 CITY OF TULSA | HAYDEN-LEWIS ADDN",High,parsed cleanly
17925-92-04-04250,Unknown,316 S 48 AV W,Tulsa,OK,Unknown,LT 2 BLK 8,4902.17,R IMP,38,"258 17925-92-04-04250 316 S 48 AV W 9,660 R IMP 4,902.17 332.25 | LT 2 BLK 8 CITY OF TULSA | HAYDEN-LEWIS ADDN",High,parsed cleanly
17950-92-04-04930,Unknown,134 S 42 AV W,Tulsa,OK,Unknown,LT 7 BLK 3,7308.6,R IMP,38,"259 17950-92-04-04930 134 S 42 AV W 8,680 R IMP 7,308.60 348.00 | LT 7 BLK 3 CITY OF TULSA | HAYDEN-LEWIS SECOND ADDN",High,parsed cleanly
17950-92-04-05170,Unknown,4413 W 3 ST S,Tulsa,OK,Unknown,LT 5 BLK 5,4853.82,R IMP,39,"260 17950-92-04-05170 4413 W 3 ST S 7,973 R IMP 4,853.82 316.50 | LT 5 BLK 5 CITY OF TULSA | HAYDEN-LEWIS SECOND ADDN",High,parsed cleanly
18375-02-23-01010,Unknown,2716 N BOSTON PL E,Tulsa,OK,Unknown,LOT 8 BLK 2,2382.44,R IMP,39,"261 18375-02-23-01010 2716 N BOSTON PL E 6,875 R IMP 2,382.44 316.50 | LOT 8 BLK 2 CITY OF TULSA | HIGHLAND HILLS AMD",High,parsed cleanly
18375-02-23-01340,Unknown,2729 N BOULDER AV W,Tulsa,OK,Unknown,LT 18 BLK 3,2720.39,R IMP,39,"262 18375-02-23-01340 2729 N BOULDER AV W 6,875 R IMP 2,720.39 332.25 | LT 18 BLK 3 CITY OF TULSA | HIGHLAND HILLS AMD",High,parsed cleanly
18375-02-23-01370,Unknown,2741 N BOULDER AV W,Tulsa,OK,Unknown,LT 21 BLK 3,2102.48,R HS IMP,39,"263 18375-02-23-01370 2741 N BOULDER AV W 6,875 R HS IMP 2,102.48 316.50 | LT 21 BLK 3 CITY OF TULSA | HIGHLAND HILLS AMD",High,parsed cleanly
18375-02-23-01420,Unknown,2734 N BOULDER AV W,Tulsa,OK,Unknown,LT 4 BLK 4,2720.39,R IMP,39,"264 18375-02-23-01420 2734 N BOULDER AV W 6,875 R IMP 2,720.39 300.75 | LT 4 BLK 4 CITY OF TULSA | HIGHLAND HILLS AMD",High,parsed cleanly
18550-93-05-13060,Unknown,2505 E 8 ST S,Tulsa,OK,Unknown,E 50' OF S 95' LT 12 BLK 7,4766.19,R IMP,39,"265 18550-93-05-13060 2505 E 8 ST S 4,750 R IMP 4,766.19 363.75 | E 50' OF S 95' LT 12 BLK 7 CITY OF TULSA | HIGHLANDS ADDN",High,parsed cleanly
18650-93-06-12970,Unknown,348 S ZUNIS AV E,Tulsa,OK,Unknown,LT 12 BLK 13,3418.25,R HS IMP,39,"266 18650-93-06-12970 348 S ZUNIS AV E 6,750 R HS IMP 3,418.25 379.50 | LT 12 BLK 13 CITY OF TULSA | HILLCREST ADDN",High,parsed cleanly
18650-93-06-13240,Unknown,628 S YORKTOWN AV E,Tulsa,OK,Unknown,LT 7 BLK 16,1261.2,R IMP,40,"267 18650-93-06-13240 628 S YORKTOWN AV E 6,150 R IMP 1,261.20 426.75 | LT 7 BLK 16 CITY OF TULSA | HILLCREST ADDN",High,parsed cleanly
18725-92-27-11880,Unknown,ADDRESS UNKNOWN,Tulsa,OK,Unknown,LOT 22 BLK 3,101.98,R,40,"268 18725-92-27-11880 ADDRESS UNKNOWN 7,200 R 101.98 270.75 | LOT 22 BLK 3 CITY OF TULSA | HILLDALE ADDN",Medium,partial or unknown address
18725-92-27-12650,Unknown,4532 S VANCOUVER AV W,Tulsa,OK,Unknown,LOT-8-BLK-7,1071.89,R,40,"269 18725-92-27-12650 4532 S VANCOUVER AV W 7,200 R 1,071.89 318.00 | LOT-8-BLK-7 CITY OF TULSA | HILLDALE ADDN",High,parsed cleanly
18725-92-27-12870,Unknown,4527 S VANCOUVER AV W,Tulsa,OK,Unknown,LOT-12-BLK-8,1902.47,R IMP,40,"270 18725-92-27-12870 4527 S VANCOUVER AV W 7,200 R IMP 1,902.47 332.25 | LOT-12-BLK-8 CITY OF TULSA | HILLDALE ADDN",High,parsed cleanly
18950-93-33-02280,Unknown,4370 E 57 PL S,Tulsa,OK,Unknown,LT 3 BLK 13,7604.75,R HS IMP,40,"271 18950-93-33-02280 4370 E 57 PL S 9,660 R HS IMP 7,604.75 316.50 | LT 3 BLK 13 CITY OF TULSA | HOLLIDAY HILLS ADDN",High,parsed cleanly
19175-92-09-00480,Unknown,4100 W 8 ST S,Tulsa,OK,Unknown,LT 1 & W 25' VAC 41ST W AVE ADJ BLK 2,439.95,R,40,"272 19175-92-09-00480 4100 W 8 ST S 33,060 R 439.95 318.00 | LT 1 & W 25' VAC 41ST W AVE ADJ BLK 2 CITY OF TULSA | HOME GARDENS ADDN",High,parsed cleanly
19275-03-34-02480,Unknown,1407 N BRADEN AV E,Tulsa,OK,Unknown,LOT 13 BLK 1,4850.84,R IMP,40,"273 19275-03-34-02480 1407 N BRADEN AV E 7,290 R IMP 4,850.84 363.75 | LOT 13 BLK 1 CITY OF TULSA | HOMESTEAD ADDN",High,parsed cleanly
19275-03-34-02810,Unknown,4925 E OKLAHOMA ST N,Tulsa,OK,Unknown,LOT 11 BLK 3,5644.76,R IMP,41,"274 19275-03-34-02810 4925 E OKLAHOMA ST N 7,020 R IMP 5,644.76 426.75 | LOT 11 BLK 3 CITY OF TULSA | HOMESTEAD ADDN",High,parsed cleanly
19300-02-26-01250,Unknown,1824 N MARTIN LUTHER,Unknown,OK,Unknown,LOT 6 BLK 1 KING JR B,268.99,R,41,"275 19300-02-26-01250 1824 N MARTIN LUTHER 6,750 R 268.99 302.25 | LOT 6 BLK 1 KING JR B | HOMESTEAD VALLEY CITY OF TULSA",High,parsed cleanly
19500-03-27-06090,Unknown,1925 N NORWOOD AV E,Tulsa,OK,Unknown,LOT 20 BLK 3,461.95,R,41,"276 19500-03-27-06090 1925 N NORWOOD AV E 7,244 R 461.95 318.00 | LOT 20 BLK 3 CITY OF TULSA | HOUSTON ADDN",High,parsed cleanly
19650-03-35-06970,Unknown,6943 E NEWTON PL N,Tulsa,OK,Unknown,LT 12 BLK 3,4312.23,R IMP,41,"277 19650-03-35-06970 6943 E NEWTON PL N 9,600 R IMP 4,312.23 332.25 | LT 12 BLK 3 CITY OF TULSA | HUFFMAN HGTS",High,parsed cleanly
19725-03-30-11560,Unknown,1743 E YOUNG PL N,Tulsa,OK,Unknown,LT 9 BLK 1,3098.35,R IMP,41,"278 19725-03-30-11560 1743 E YOUNG PL N 8,911 R IMP 3,098.35 316.50 | LT 9 BLK 1 CITY OF TULSA | HUNT'S SUB RESUB L18-33 B5 & L1-12 B6 ROBERTS",High,parsed cleanly
19725-03-30-11590,Unknown,1729 E YOUNG PL N,Tulsa,OK,Unknown,LT-12-BLK-1,3471.65,R IMP,41,"279 19725-03-30-11590 1729 E YOUNG PL N 8,540 R IMP 3,471.65 348.00 | LT-12-BLK-1 CITY OF TULSA | HUNT'S SUB RESUB L18-33 B5 & L1-12 B6 ROBERTS",High,parsed cleanly
19950-03-27-07410,Unknown,5409 E XYLER ST N,Tulsa,OK,Unknown,W 1/2 W1/2 LT 4 BLK 10,2809.71,R IMP,41,"280 19950-03-27-07410 5409 E XYLER ST N 10,868 R IMP 2,809.71 316.50 | W 1/2 W1/2 LT 4 BLK 10 CITY OF TULSA | INDUSTRIAL ADDN-DAWSON",High,parsed cleanly
20075-03-31-12100,Unknown,1545 E INDEPENDENCE,Unknown,OK,Unknown,W40 LT 2 & ALL LT 3 BLK 7 ST N,1665.9,B IMP,42,"281 20075-03-31-12100 1545 E INDEPENDENCE 9,000 B IMP 1,665.90 332.25 | W40 LT 2 & ALL LT 3 BLK 7 ST N | INGRAM-LEWIS ADDN CITY OF TULSA",High,parsed cleanly
20075-03-31-12460,Unknown,723 N ST LOUIS AV E,Tulsa,OK,Unknown,LT-13-BLK-10,1545.17,R IMP,42,"282 20075-03-31-12460 723 N ST LOUIS AV E 7,000 R IMP 1,545.17 316.50 | LT-13-BLK-10 CITY OF TULSA | INGRAM-LEWIS ADDN",High,parsed cleanly
20200-92-23-04123,Unknown,1519 W 36 PL S,Tulsa,OK,Unknown,LT 7 & N/2 VAC 36 PL ADJ ON S LESS BEG 70W NEC LT,27870.38,C IMP,42,"283 20200-92-23-04123 1519 W 36 PL S 29,294 C IMP 27,870.38 411.00 | LT 7 & N/2 VAC 36 PL ADJ ON S LESS BEG 70W NEC LT CITY OF TULSA | 6 TH S85.8 NW TO NL LT 7 TH E137 POB BLK 1",High,parsed cleanly
20300-92-03-04570,Unknown,1707 W EASTON PL N,Tulsa,OK,Unknown,LT 11 BLK 8,7303.81,R HS IMP,42,"284 20300-92-03-04570 1707 W EASTON PL N 7,000 R HS IMP 7,303.81 395.25 | LT 11 BLK 8 CITY OF TULSA | IRVING PLACE",High,parsed cleanly
20300-92-03-05240,Unknown,1919 W CAMERON ST N,Tulsa,OK,Unknown,LT 8 BLK 14,4192.5,R HS IMP,42,"285 20300-92-03-05240 1919 W CAMERON ST N 7,000 R HS IMP 4,192.50 332.25 | LT 8 BLK 14 CITY OF TULSA | IRVING PLACE",High,parsed cleanly
20300-92-03-05280,Unknown,1903 W CAMERON ST N,Tulsa,OK,Unknown,LT 12 BLK 14,3958.93,R IMP,42,"286 20300-92-03-05280 1903 W CAMERON ST N 7,000 R IMP 3,958.93 316.50 | LT 12 BLK 14 CITY OF TULSA | IRVING PLACE",High,parsed cleanly
20300-92-03-06160,Unknown,1704 W RECONCILIATION,Unknown,OK,Unknown,E 50' LTS 1 2 BLK 24 WY N,6557.34,R IMP,42,"287 20300-92-03-06160 1704 W RECONCILIATION 5,000 R IMP 6,557.34 316.50 | E 50' LTS 1 2 BLK 24 WY N | IRVING PLACE CITY OF TULSA",High,parsed cleanly
20475-93-16-04710,Unknown,2209 S LOUISVILLE AV E,Tulsa,OK,Unknown,LT 2 BLK 10,11610.21,R HS IMP,43,"288 20475-93-16-04710 2209 S LOUISVILLE AV E 8,190 R HS IMP 11,610.21 316.50 | LT 2 BLK 10 CITY OF TULSA | JEFFERSON HILLS ADDN",High,parsed cleanly
20550-03-35-07300,Unknown,1417 N 71 AV E,Tulsa,OK,Unknown,LT 16,579.27,R,43,"289 20550-03-35-07300 1417 N 71 AV E 8,680 R 579.27 302.25 | LT 16 CITY OF TULSA | JENNINGS ADDN",High,parsed cleanly
20575-93-30-08990,Unknown,4103 S PEORIA AV E,Tulsa,OK,Unknown,LT 4 BLK 1,6826.65,C IMP,43,"290 20575-93-30-08990 4103 S PEORIA AV E 6,500 C IMP 6,826.65 332.25 | LT 4 BLK 1 CITY OF TULSA | JENNINGS-ROBARDS ADDN",High,parsed cleanly
20625-92-04-05368,Unknown,ADDRESS UNKNOWN,Tulsa,OK,Unknown,N60 W70 S160 LT 2 BLK A,14.66,R,43,"291 20625-92-04-05368 ADDRESS UNKNOWN 4,200 R 14.66 791.50 | N60 W70 S160 LT 2 BLK A CITY OF TULSA | JOE SUB",Medium,partial or unknown address
20625-92-04-05790,Unknown,402 S 33 AV W,Tulsa,OK,Unknown,LT 1 BLK B,1483.85,R IMP,43,"292 20625-92-04-05790 402 S 33 AV W 7,000 R IMP 1,483.85 348.00 | LT 1 BLK B CITY OF TULSA | JOE SUB",High,parsed cleanly
20625-92-04-06745,Unknown,ADDRESS UNKNOWN,Tulsa,OK,Unknown,N.5 OF S25 OF E.50 OF LT.18 BLK E,7.33,R,43,293 20625-92-04-06745 ADDRESS UNKNOWN 250 R 7.33 270.75 | N.5 OF S25 OF E.50 OF LT.18 BLK E CITY OF TULSA | JOE SUB,Medium,partial or unknown address
20725-93-03-06410,Unknown,6330 E 4 PL S,Tulsa,OK,Unknown,LT 5 BLK 1,5429.45,R IMP,43,"294 20725-93-03-06410 6330 E 4 PL S 11,900 R IMP 5,429.45 395.25 | LT 5 BLK 1 CITY OF TULSA | JOHANSEN SUB TR1-2 GLENHAVEN & B3-4 GLEN",High,parsed cleanly
21350-03-30-12520,Unknown,2005 E PINE ST N,Tulsa,OK,Unknown,N 80 S 85 W. 1/2 LT 14 BLK 2,1129.22,C IMP,44,"295 21350-03-30-12520 2005 E PINE ST N 7,879 C IMP 1,129.22 442.50 | N 80 S 85 W. 1/2 LT 14 BLK 2 CITY OF TULSA | KINLOCH PARK",High,parsed cleanly
21350-03-30-12540,Unknown,2013 E PINE ST N,Tulsa,OK,Unknown,E 1/2 LTS 14 15 B LK 2,1965.13,C IMP,44,"296 21350-03-30-12540 2013 E PINE ST N 19,021 C IMP 1,965.13 442.50 | E 1/2 LTS 14 15 B LK 2 CITY OF TULSA | KINLOCH PARK",High,parsed cleanly
21350-03-30-12590,Unknown,1527 N XANTHUS AV E,Tulsa,OK,Unknown,S 1/2 LT 17 BLK 2,1561.84,R IMP,44,"297 21350-03-30-12590 1527 N XANTHUS AV E 10,000 R IMP 1,561.84 646.25 | S 1/2 LT 17 BLK 2 CITY OF TULSA | KINLOCH PARK",High,parsed cleanly
21375-83-11-00430,Unknown,6937 E 73 ST S,Tulsa,OK,Unknown,LT 22 BLK 2,10594.27,R IMP,44,"298 21375-83-11-00430 6937 E 73 ST S 8,763 R IMP 10,594.27 316.50 | LT 22 BLK 2 CITY OF TULSA | KIRKDALE",High,parsed cleanly
21600-02-35-08590,Unknown,1348 N MAIN ST W,Tulsa,OK,Unknown,LT 28 BLK 1,3695.33,R HS IMP,44,"299 21600-02-35-08590 1348 N MAIN ST W 6,165 R HS IMP 3,695.33 379.50 | LT 28 BLK 1 CITY OF TULSA | KRAATZ-GERLACH ADDN",High,parsed cleanly
21825-03-17-02890,Unknown,2868 E 43 ST N,Tulsa,OK,Unknown,LT 5 BLK 7,293.3,R,44,"300 21825-03-17-02890 2868 E 43 ST N 7,316 R 293.30 302.25 | LT 5 BLK 7 CITY OF TULSA | LAKE-VIEW HGTS AMD RESUB PRT B1-2 & B3-6",High,parsed cleanly
21825-03-17-03110,Unknown,2843 E 42 PL N,Tulsa,OK,Unknown,LT 27 BLK 7,2949.87,R IMP,44,"301 21825-03-17-03110 2843 E 42 PL N 7,316 R IMP 2,949.87 332.25 | LT 27 BLK 7 CITY OF TULSA | LAKE-VIEW HGTS AMD RESUB PRT B1-2 & B3-6",High,parsed cleanly
21825-03-17-03140,Unknown,2857 E 42 PL N,Tulsa,OK,Unknown,LT 30 BLK 7,1727.25,R IMP,45,"302 21825-03-17-03140 2857 E 42 PL N 7,316 R IMP 1,727.25 332.25 | LT 30 BLK 7 CITY OF TULSA | LAKE-VIEW HGTS AMD RESUB PRT B1-2 & B3-6",High,parsed cleanly
21825-03-17-03540,Unknown,2820 E 42 ST N,Tulsa,OK,Unknown,LT 7 BLK 9,2599.74,R IMP,45,"303 21825-03-17-03540 2820 E 42 ST N 7,440 R IMP 2,599.74 363.75 | LT 7 BLK 9 CITY OF TULSA | LAKE-VIEW HGTS AMD RESUB PRT B1-2 & B3-6",High,parsed cleanly
21825-03-17-03920,Unknown,4241 N EVANSTON PL E,Tulsa,OK,Unknown,LT 26 BLK 10,2173.09,R IMP,45,"304 21825-03-17-03920 4241 N EVANSTON PL E 10,453 R IMP 2,173.09 348.00 | LT 26 BLK 10 CITY OF TULSA | LAKE-VIEW HGTS AMD RESUB PRT B1-2 & B3-6",High,parsed cleanly
21825-03-17-04060,Unknown,4427 N EVANSTON PL E,Tulsa,OK,Unknown,LT 40 BLK 10,1273.2,R IMP,45,"305 21825-03-17-04060 4427 N EVANSTON PL E 7,788 R IMP 1,273.20 379.50 | LT 40 BLK 10 CITY OF TULSA | LAKE-VIEW HGTS AMD RESUB PRT B1-2 & B3-6",High,parsed cleanly
21850-03-17-04300,Unknown,2840 E 45 PL N,Tulsa,OK,Unknown,LT 3 BLK 3,1757.15,R IMP,45,"306 21850-03-17-04300 2840 E 45 PL N 7,728 R IMP 1,757.15 332.25 | LT 3 BLK 3 CITY OF TULSA | LAKE-VIEW HGTS AMD RESUB B2-3 & L46-47 B10",High,parsed cleanly
21850-03-17-04430,Unknown,2821 E 45 ST N,Tulsa,OK,Unknown,LT 16 BLK 3,146.65,R,45,"307 21850-03-17-04430 2821 E 45 ST N 6,552 R 146.65 302.25 | LT 16 BLK 3 CITY OF TULSA | LAKE-VIEW HGTS AMD RESUB B2-3 & L46-47 B10",High,parsed cleanly
21850-03-17-04520,Unknown,2863 E 45 ST N,Tulsa,OK,Unknown,LT 25 LESS W2 BLK 3,1580.87,R HS IMP,45,"308 21850-03-17-04520 2863 E 45 ST N 6,300 R HS IMP 1,580.87 332.25 | LT 25 LESS W2 BLK 3 CITY OF TULSA | LAKE-VIEW HGTS AMD RESUB B2-3 & L46-47 B10",High,parsed cleanly
21875-03-17-04770,Unknown,4004 N DELAWARE AV E,Tulsa,OK,Unknown,LT 4 BLK 2,1482.9,R HS IMP,46,"309 21875-03-17-04770 4004 N DELAWARE AV E 7,410 R HS IMP 1,482.90 395.25 | LT 4 BLK 2 CITY OF TULSA | LAKEVIEW HGTS SECOND ADDN",High,parsed cleanly
21875-03-17-04910,Unknown,3838 N DELAWARE AV E,Tulsa,OK,Unknown,LT 18 BLK 2,183.31,R,46,"310 21875-03-17-04910 3838 N DELAWARE AV E 7,410 R 183.31 318.00 | LT 18 BLK 2 CITY OF TULSA | LAKEVIEW HGTS SECOND ADDN",High,parsed cleanly
21875-03-17-04950,Unknown,2830 E 40 PL N,Tulsa,OK,Unknown,LT 2 BLK 3,146.65,R,46,"311 21875-03-17-04950 2830 E 40 PL N 7,800 R 146.65 302.25 | LT 2 BLK 3 CITY OF TULSA | LAKEVIEW HGTS SECOND ADDN",High,parsed cleanly
21875-03-17-04960,Unknown,2826 E 40 PL N,Tulsa,OK,Unknown,LT 3 BLK 3,2289.58,R HS IMP,46,"312 21875-03-17-04960 2826 E 40 PL N 7,800 R HS IMP 2,289.58 332.25 | LT 3 BLK 3 CITY OF TULSA | LAKEVIEW HGTS SECOND ADDN",High,parsed cleanly
21875-03-17-05000,Unknown,4009 N DELAWARE AV E,Tulsa,OK,Unknown,LT 7 BLK 3,2561.07,R IMP,46,"313 21875-03-17-05000 4009 N DELAWARE AV E 8,450 R IMP 2,561.07 316.50 | LT 7 BLK 3 CITY OF TULSA | LAKEVIEW HGTS SECOND ADDN",High,parsed cleanly
22025-03-35-07520,Unknown,1226 N 67 AV E,Tulsa,OK,Unknown,LT 9 BLK 2,3629.63,R IMP,46,"314 22025-03-35-07520 1226 N 67 AV E 7,356 R IMP 3,629.63 411.00 | LT 9 BLK 2 CITY OF TULSA | LANE ADDN OF L12 AVIATION VIEW SUB",High,parsed cleanly
22084-02-36-39300,Unknown,1414 N NORFOLK AV E,Tulsa,OK,Unknown,LT 4 BLK 1,51328.2,C IMP,46,"315 22084-02-36-39300 1414 N NORFOLK AV E 85,606 C IMP 51,328.20 363.75 | LT 4 BLK 1 CITY OF TULSA | LANSING INDUSTRIAL PARK III",High,parsed cleanly
22100-92-28-02330,Unknown,4109 S 41 AV W,Tulsa,OK,Unknown,LT-9-BLK-1,4589.54,R IMP,47,"316 22100-92-28-02330 4109 S 41 AV W 8,525 R IMP 4,589.54 316.50 | LT-9-BLK-1 CITY OF TULSA | LAUREL HGTS ADDN",High,parsed cleanly
22100-92-28-03130,Unknown,3904 W 41 PL S,Tulsa,OK,Unknown,LT-10-BLK-7,5361.41,R HS IMP,47,"317 22100-92-28-03130 3904 W 41 PL S 10,120 R HS IMP 5,361.41 332.25 | LT-10-BLK-7 CITY OF TULSA | LAUREL HGTS ADDN",High,parsed cleanly
22175-92-08-02140,Unknown,6037 W 9 ST S,Tulsa,OK,Unknown,LT 11 BLK 4,1229.87,R IMP,47,"318 22175-92-08-02140 6037 W 9 ST S 7,500 R IMP 1,229.87 348.00 | LT 11 BLK 4 CITY OF TULSA | LAWNWOOD ADDN",High,parsed cleanly
22200-03-36-00370,Unknown,8934 E MARSHALL PL N,Tulsa,OK,Unknown,LT 7 BLK 3,5094.88,R HS IMP,47,"319 22200-03-36-00370 8934 E MARSHALL PL N 7,320 R HS IMP 5,094.88 316.50 | LT 7 BLK 3 CITY OF TULSA | LAYMAN ACRES",High,parsed cleanly
22300-02-25-13780,Unknown,2204 N MADISON AV E,Tulsa,OK,Unknown,LT 1 BLK 3,2419.09,R IMP,47,"320 22300-02-25-13780 2204 N MADISON AV E 7,314 R IMP 2,419.09 316.50 | LT 1 BLK 3 CITY OF TULSA | LECLAIRE ADDN",High,parsed cleanly
22300-02-25-14130,Unknown,2250 N LANSING AV E,Tulsa,OK,Unknown,LT 12 BLK 4,439.95,R,47,"321 22300-02-25-14130 2250 N LANSING AV E 7,208 R 439.95 286.50 | LT 12 BLK 4 CITY OF TULSA | LECLAIRE ADDN",High,parsed cleanly
22300-02-25-14280,Unknown,2143 N MIDLAND PL E,Tulsa,OK,Unknown,LTS 10 & 11 BLK 5,615.99,R IMP,47,"322 22300-02-25-14280 2143 N MIDLAND PL E 21,128 R IMP 615.99 332.25 | LTS 10 & 11 BLK 5 CITY OF TULSA | LECLAIRE ADDN",High,parsed cleanly
22350-93-31-06310,Unknown,1608 E 54 ST S,Tulsa,OK,Unknown,LT 2 BLK 11,7464.7,R IMP,48,"323 22350-93-31-06310 1608 E 54 ST S 7,620 R IMP 7,464.70 332.25 | LT 2 BLK 11 CITY OF TULSA | LECRONE'S LAZY L ADDN B9-12",High,parsed cleanly
22500-93-11-03590,Unknown,6943 E 17 ST S,Tulsa,OK,Unknown,LT 28 BLK 3,8641.73,R HS IMP,48,"324 22500-93-11-03590 6943 E 17 ST S 7,686 R HS IMP 8,641.73 411.00 | LT 28 BLK 3 CITY OF TULSA | LEISURE LANES",High,parsed cleanly
22600-93-11-06975,Unknown,ADDRESS UNKNOWN,Tulsa,OK,Unknown,W15 LT 6 BLK 1,14.66,R,48,325 22600-93-11-06975 ADDRESS UNKNOWN 810 R 14.66 286.50 | W15 LT 6 BLK 1 CITY OF TULSA | LEISURE LANES SECOND ADDN,Medium,partial or unknown address
22600-93-11-06985,Unknown,ADDRESS UNKNOWN,Tulsa,OK,Unknown,W15 LT 7 BLK 1,14.66,R,48,326 22600-93-11-06985 ADDRESS UNKNOWN 810 R 14.66 286.50 | W15 LT 7 BLK 1 CITY OF TULSA | LEISURE LANES SECOND ADDN,Medium,partial or unknown address
22600-93-11-06995,Unknown,ADDRESS UNKNOWN,Tulsa,OK,Unknown,W15 LT 8 BLK 1,14.66,R,48,327 22600-93-11-06995 ADDRESS UNKNOWN 810 R 14.66 318.00 | W15 LT 8 BLK 1 CITY OF TULSA | LEISURE LANES SECOND ADDN,Medium,partial or unknown address
22600-93-11-07115,Unknown,ADDRESS UNKNOWN,Tulsa,OK,Unknown,W15 LT 3 BLK 2,14.66,R,48,328 22600-93-11-07115 ADDRESS UNKNOWN 825 R 14.66 333.75 | W15 LT 3 BLK 2 CITY OF TULSA | LEISURE LANES SECOND ADDN,Medium,partial or unknown address
22700-93-19-07460,Unknown,1424 E 36 PL S,Tulsa,OK,Unknown,E 1/2 LT 3 BLK 2,15265.59,R IMP,48,"329 22700-93-19-07460 1424 E 36 PL S 7,420 R IMP 15,265.59 348.00 | E 1/2 LT 3 BLK 2 CITY OF TULSA | LEOKI PLACE",High,parsed cleanly
22775-94-17-02590,Unknown,2325 S 119 AV E,Tulsa,OK,Unknown,LOT-5-BLK-9,7281.27,R IMP,49,"330 22775-94-17-02590 2325 S 119 AV E 8,494 R IMP 7,281.27 363.75 | LOT-5-BLK-9 CITY OF TULSA | LESLIE LEIGH SECOND ADDN",High,parsed cleanly
23000-03-27-08140,Unknown,APACHE & N YALE AV E,Tulsa,OK,Unknown,LTS 2 & 3 & N/2 LT 4 & E635.5 S/2 LT 4 & E635.5 LT 5,3509.05,C,49,"331 23000-03-27-08140 APACHE & N YALE AV E 297,810 C 3,509.05 302.25 | LTS 2 & 3 & N/2 LT 4 & E635.5 S/2 LT 4 & E635.5 LT 5 CITY OF TULSA | BLK 3",Medium,partial or unknown address
23125-02-25-14610,Unknown,2001 N OWASSO AV E,Tulsa,OK,Unknown,LT 7 BLK 1,2740.17,R HS IMP,49,"332 23125-02-25-14610 2001 N OWASSO AV E 6,900 R HS IMP 2,740.17 395.25 | LT 7 BLK 1 CITY OF TULSA | LIBERTY 2ND ADDN",High,parsed cleanly
23125-02-25-14790,Unknown,2016 N NORFOLK AV E,Tulsa,OK,Unknown,LT 3 BLK 3,4116.25,R IMP,49,"333 23125-02-25-14790 2016 N NORFOLK AV E 6,900 R IMP 4,116.25 332.25 | LT 3 BLK 3 CITY OF TULSA | LIBERTY 2ND ADDN",High,parsed cleanly
23125-02-25-15020,Unknown,1880 N MADISON PL E,Tulsa,OK,Unknown,LT 1 BLK 5,733.26,R,49,"334 23125-02-25-15020 1880 N MADISON PL E 6,900 R 733.26 333.75 | LT 1 BLK 5 CITY OF TULSA | LIBERTY 2ND ADDN",High,parsed cleanly
23125-02-25-15060,Unknown,1864 N MADISON PL E,Tulsa,OK,Unknown,LT 5 BLK 5,1974.36,R HS IMP,49,"335 23125-02-25-15060 1864 N MADISON PL E 6,900 R HS IMP 1,974.36 332.25 | LT 5 BLK 5 CITY OF TULSA | LIBERTY 2ND ADDN",High,parsed cleanly
23125-02-25-15260,Unknown,1863 N MADISON PL E,Tulsa,OK,Unknown,LT 10 BLK 6,8525.46,R IMP,49,"336 23125-02-25-15260 1863 N MADISON PL E 6,900 R IMP 8,525.46 363.75 | LT 10 BLK 6 CITY OF TULSA | LIBERTY 2ND ADDN",High,parsed cleanly
23125-02-25-15350,Unknown,1864 N OWASSO AV E,Tulsa,OK,Unknown,LT 5 BLK 7,3140.35,R IMP,50,"337 23125-02-25-15350 1864 N OWASSO AV E 6,900 R IMP 3,140.35 332.25 | LT 5 BLK 7 CITY OF TULSA | LIBERTY 2ND ADDN",High,parsed cleanly
23175-03-30-13010,Unknown,2545 N ROCKFORD AV E,Tulsa,OK,Unknown,LT 1 BLK 1,986.56,C IMP,50,"338 23175-03-30-13010 2545 N ROCKFORD AV E 9,500 C IMP 986.56 363.75 | LT 1 BLK 1 CITY OF TULSA | LINCOLN HGTS",High,parsed cleanly
23175-03-30-13240,Unknown,2507 N QUINCY AV E,Tulsa,OK,Unknown,LT 13 BLK 2,1612.5,R IMP,50,"339 23175-03-30-13240 2507 N QUINCY AV E 7,700 R IMP 1,612.50 316.50 | LT 13 BLK 2 CITY OF TULSA | LINCOLN HGTS",High,parsed cleanly
23175-03-30-13500,Unknown,2525 N QUAKER AV E,Tulsa,OK,Unknown,LT 17 BLK 3,1856.04,R HS IMP,50,"340 23175-03-30-13500 2525 N QUAKER AV E 6,720 R HS IMP 1,856.04 348.00 | LT 17 BLK 3 CITY OF TULSA | LINCOLN HGTS",High,parsed cleanly
23175-03-30-13510,Unknown,2529 N QUAKER AV E,Tulsa,OK,Unknown,LT 18 BLK 3,1358.53,R IMP,50,"341 23175-03-30-13510 2529 N QUAKER AV E 7,280 R IMP 1,358.53 442.50 | LT 18 BLK 3 CITY OF TULSA | LINCOLN HGTS",High,parsed cleanly
23175-03-30-13610,Unknown,2526 N QUAKER AV E,Tulsa,OK,Unknown,LT 6 BLK 4,3115.02,R IMP,50,"342 23175-03-30-13610 2526 N QUAKER AV E 7,000 R IMP 3,115.02 316.50 | LT 6 BLK 4 CITY OF TULSA | LINCOLN HGTS",High,parsed cleanly
23175-03-30-13620,Unknown,ADDRESS UNKNOWN,Tulsa,OK,Unknown,N/2 LT 7 BLK 4,29.33,R,50,"343 23175-03-30-13620 ADDRESS UNKNOWN 3,500 R 29.33 270.75 | N/2 LT 7 BLK 4 CITY OF TULSA | LINCOLN HGTS",Medium,partial or unknown address
23175-03-30-13650,Unknown,2508 N QUAKER AV E,Tulsa,OK,Unknown,LT 10 BLK 4,2088.45,R IMP,51,"344 23175-03-30-13650 2508 N QUAKER AV E 7,700 R IMP 2,088.45 348.00 | LT 10 BLK 4 CITY OF TULSA | LINCOLN HGTS",High,parsed cleanly
23175-03-30-13720,Unknown,2525 N PEORIA AV E,Tulsa,OK,Unknown,LT 17 BLK 4,2419.09,R IMP,51,"345 23175-03-30-13720 2525 N PEORIA AV E 7,000 R IMP 2,419.09 316.50 | LT 17 BLK 4 CITY OF TULSA | LINCOLN HGTS",High,parsed cleanly
23410-83-04-37790,Unknown,6444 S SANDUSKY AV E,Tulsa,OK,Unknown,LT 15 BLK 4,14856.04,R HS IMP,51,"349 23410-83-04-37790 6444 S SANDUSKY AV E 13,912 R HS IMP 14,856.04 363.75 | LT 15 BLK 4 CITY OF TULSA | LIVINGSTON PARK SOUTH RESUB PRT LIVINGSTON",High,parsed cleanly
23410-83-04-38510,Unknown,4128 E 63 ST S,Tulsa,OK,Unknown,LT 33 BLK 7,27481.17,R IMP,52,"350 23410-83-04-38510 4128 E 63 ST S 15,127 R IMP 27,481.17 332.25 | LT 33 BLK 7 CITY OF TULSA | LIVINGSTON PARK SOUTH RESUB PRT LIVINGSTON",High,parsed cleanly
23425-02-35-09670,Unknown,1440 N MAIN ST W,Tulsa,OK,Unknown,LT 3 BLK 4,8225.2,R HS IMP,52,"351 23425-02-35-09670 1440 N MAIN ST W 6,850 R HS IMP 8,225.20 379.50 | LT 3 BLK 4 CITY OF TULSA | LLOYD ADDN",High,parsed cleanly
23600-93-24-15470,Unknown,8149 E 31 CT S,Tulsa,OK,Unknown,LOT-23-BLK-2,6496.28,R HS IMP,52,"352 23600-93-24-15470 8149 E 31 CT S 8,470 R HS IMP 6,496.28 348.00 | LOT-23-BLK-2 CITY OF TULSA | LONGVIEW ACRES 3RD ADDN",High,parsed cleanly
23625-93-13-04820,Unknown,2911 S 94 AV E,Tulsa,OK,Unknown,LT 9 BLK 1,10330.96,R IMP,52,"353 23625-93-13-04820 2911 S 94 AV E 9,450 R IMP 10,330.96 316.50 | LT 9 BLK 1 CITY OF TULSA | LONGVIEW ACRES FOURTH",High,parsed cleanly
23707-94-18-27720,Unknown,2711 S 104 AV E,Tulsa,OK,Unknown,LT 19 LESS PRT BEG SECR TH NW9.40 NLY88.20 E3.46,8317.54,R HS IMP,52,"354 23707-94-18-27720 2711 S 104 AV E 8,975 R HS IMP 8,317.54 348.00 | LT 19 LESS PRT BEG SECR TH NW9.40 NLY88.20 E3.46 CITY OF TULSA | S90 POB BLK 22",High,parsed cleanly
23708-94-18-20720,Unknown,10150 E 25 ST S,Tulsa,OK,Unknown,LT 3 BLK 24,12164.78,R IMP,52,"355 23708-94-18-20720 10150 E 25 ST S 8,376 R IMP 12,164.78 332.25 | LT 3 BLK 24 CITY OF TULSA | LONGVIEW LAKE ESTATES B23-29",High,parsed cleanly
23708-94-18-21560,Unknown,10210 E 23 PL S,Tulsa,OK,Unknown,LT 16 BLK 27,12389.42,R IMP,52,"356 23708-94-18-21560 10210 E 23 PL S 7,700 R IMP 12,389.42 316.50 | LT 16 BLK 27 CITY OF TULSA | LONGVIEW LAKE ESTATES B23-29",High,parsed cleanly
23850-93-15-11970,Unknown,4999 E 26 ST S,Tulsa,OK,Unknown,LT 1 BLK 1,5479.42,R HS IMP,53,"357 23850-93-15-11970 4999 E 26 ST S 9,594 R HS IMP 5,479.42 316.50 | LT 1 BLK 1 CITY OF TULSA | LORTONDALE ADDN",High,parsed cleanly
23850-93-15-12810,Unknown,4920 E 26 PL S,Tulsa,OK,Unknown,LT 17 BLK 4,7334.48,R IMP,53,"358 23850-93-15-12810 4920 E 26 PL S 9,246 R IMP 7,334.48 316.50 | LT 17 BLK 4 CITY OF TULSA | LORTONDALE ADDN",High,parsed cleanly
23900-03-27-09090,Unknown,1514 N KINGSTON AV E,Tulsa,OK,Unknown,LOT-13-BLK-5,2886.37,R IMP,53,"359 23900-03-27-09090 1514 N KINGSTON AV E 8,400 R IMP 2,886.37 316.50 | LOT-13-BLK-5 CITY OF TULSA | LOSEY'S ADDN",High,parsed cleanly
23900-03-27-09230,Unknown,1555 N JOPLIN AV E,Tulsa,OK,Unknown,LT-27-BLK-5,4269.57,R IMP,53,"360 23900-03-27-09230 1555 N JOPLIN AV E 8,400 R IMP 4,269.57 316.50 | LT-27-BLK-5 CITY OF TULSA | LOSEY'S ADDN",High,parsed cleanly
23900-03-27-09360,Unknown,1532 N KINGSTON PL E,Tulsa,OK,Unknown,LOT-9-BLK-6,3982.26,R IMP,53,"361 23900-03-27-09360 1532 N KINGSTON PL E 8,400 R IMP 3,982.26 332.25 | LOT-9-BLK-6 CITY OF TULSA | LOSEY'S ADDN",High,parsed cleanly
24175-03-28-02800,Unknown,1727 N HARVARD AV E,Tulsa,OK,Unknown,LOT-16-BLK-5,2996.36,R IMP,53,"362 24175-03-28-02800 1727 N HARVARD AV E 7,200 R IMP 2,996.36 395.25 | LOT-16-BLK-5 CITY OF TULSA | LOUISVILLE HGTS ADDN B1-8",High,parsed cleanly
24200-03-28-04080,Unknown,1803 N INDIANAPOLIS AV,Unknown,OK,Unknown,LT 13 BLK 12 E,3365.01,R HS IMP,53,"363 24200-03-28-04080 1803 N INDIANAPOLIS AV 7,850 R HS IMP 3,365.01 348.00 | LT 13 BLK 12 E | LOUISVILLE HGTS ADDN B9-30 CITY OF TULSA",High,parsed cleanly
24200-03-28-06670,Unknown,1588 N OSWEGO AV E,Tulsa,OK,Unknown,LOT 3 BLK 27,3607.63,R IMP,54,"364 24200-03-28-06670 1588 N OSWEGO AV E 7,200 R IMP 3,607.63 332.25 | LOT 3 BLK 27 CITY OF TULSA | LOUISVILLE HGTS ADDN B9-30",High,parsed cleanly
24225-02-25-16180,Unknown,324 E YOUNG PL N,Tulsa,OK,Unknown,LT 7 BLK 1,2886.37,R IMP,54,"365 24225-02-25-16180 324 E YOUNG PL N 7,000 R IMP 2,886.37 363.75 | LT 7 BLK 1 CITY OF TULSA | LOVE ADDN SUB L1-3 & 8-10 B5 ACRE GARDENS ADDN",High,parsed cleanly
24225-02-25-16210,Unknown,331 E YOUNG ST N,Tulsa,OK,Unknown,LT 10 BLK 1,2512.41,R IMP,54,"366 24225-02-25-16210 331 E YOUNG ST N 7,000 R IMP 2,512.41 316.50 | LT 10 BLK 1 CITY OF TULSA | LOVE ADDN SUB L1-3 & 8-10 B5 ACRE GARDENS ADDN",High,parsed cleanly
24275-93-06-14960,Unknown,ADDRESS UNKNOWN,Tulsa,OK,Unknown,LT 8 BLK 6,429.29,R,54,"367 24275-93-06-14960 ADDRESS UNKNOWN 6,500 R 429.29 286.50 | LT 8 BLK 6 CITY OF TULSA | LYNCH & FORSYTHE'S ADDN",Medium,partial or unknown address
24275-93-06-15050,Unknown,1411 E ADMIRAL BV N,Tulsa,OK,Unknown,LT 14 BLK 6,953.23,C,54,"368 24275-93-06-15050 1411 E ADMIRAL BV N 6,500 C 953.23 286.50 | LT 14 BLK 6 CITY OF TULSA | LYNCH & FORSYTHE'S ADDN",High,parsed cleanly
24275-93-06-15060,Unknown,1415 E ADMIRAL BV N,Tulsa,OK,Unknown,LT 15 BLK 6,1319.86,C IMP,54,"369 24275-93-06-15060 1415 E ADMIRAL BV N 6,500 C IMP 1,319.86 332.25 | LT 15 BLK 6 CITY OF TULSA | LYNCH & FORSYTHE'S ADDN",High,parsed cleanly
24275-93-06-15090,Unknown,1427 E ADMIRAL BV N,Tulsa,OK,Unknown,LT 18 BLK 6,953.23,C,54,"370 24275-93-06-15090 1427 E ADMIRAL BV N 6,500 C 953.23 286.50 | LT 18 BLK 6 CITY OF TULSA | LYNCH & FORSYTHE'S ADDN",High,parsed cleanly
24275-93-06-15100,Unknown,1431 E ADMIRAL BV N,Tulsa,OK,Unknown,LT 19 BLK 6,76.65,C,55,"371 24275-93-06-15100 1431 E ADMIRAL BV N 6,500 C 76.65 302.25 | LT 19 BLK 6 CITY OF TULSA | LYNCH & FORSYTHE'S ADDN",High,parsed cleanly
24275-93-06-15110,Unknown,1435 E ADMIRAL BV N,Tulsa,OK,Unknown,LT 20 BLK 6,3321.66,C IMP,55,"372 24275-93-06-15110 1435 E ADMIRAL BV N 6,500 C IMP 3,321.66 332.25 | LT 20 BLK 6 CITY OF TULSA | LYNCH & FORSYTHE'S ADDN",High,parsed cleanly
24275-93-06-15130,Unknown,1441 E ADMIRAL BV N,Tulsa,OK,Unknown,LT 22 BLK 6,2587.07,C IMP,55,"373 24275-93-06-15130 1441 E ADMIRAL BV N 6,500 C IMP 2,587.07 332.25 | LT 22 BLK 6 CITY OF TULSA | LYNCH & FORSYTHE'S ADDN",High,parsed cleanly
24275-93-06-15250,Unknown,ADDRESS UNKNOWN,Tulsa,OK,Unknown,LT 12 BLK 7,429.29,R,55,"374 24275-93-06-15250 ADDRESS UNKNOWN 6,500 R 429.29 333.75 | LT 12 BLK 7 CITY OF TULSA | LYNCH & FORSYTHE'S ADDN",Medium,partial or unknown address
24275-93-06-17060,Unknown,1414 E 4 ST S,Tulsa,OK,Unknown,LT 8 & PRT LT 9 BEG NEC TH WLY.32 SLY TO PT ON SL,9539.71,C IMP,55,"375 24275-93-06-17060 1414 E 4 ST S 7,786 C IMP 9,539.71 316.50 | LT 8 & PRT LT 9 BEG NEC TH WLY.32 SLY TO PT ON SL CITY OF TULSA | ELY.14 NLY POB BLK 19",High,parsed cleanly
24400-03-28-07930,Unknown,2402 N OSWEGO AV E,Tulsa,OK,Unknown,LT 15 BLK 3,2206.44,R IMP,55,"376 24400-03-28-07930 2402 N OSWEGO AV E 8,645 R IMP 2,206.44 348.00 | LT 15 BLK 3 CITY OF TULSA | LYNNWOOD ADDN",High,parsed cleanly
24400-03-28-08320,Unknown,3910 E YOUNG ST N,Tulsa,OK,Unknown,LT 3 BLK 5,2071.12,R IMP,55,"377 24400-03-28-08320 3910 E YOUNG ST N 8,060 R IMP 2,071.12 316.50 | LT 3 BLK 5 CITY OF TULSA | LYNNWOOD ADDN",High,parsed cleanly
24475-92-04-07370,Unknown,3820 W ADMIRAL BV S,Tulsa,OK,Unknown,LT 12,1042.31,R IMP,56,"378 24475-92-04-07370 3820 W ADMIRAL BV S 14,600 R IMP 1,042.31 348.00 | LT 12 CITY OF TULSA | MADISIN ACRES ADDN",High,parsed cleanly
24525-94-07-04110,Unknown,1622 S 108 AV E,Tulsa,OK,Unknown,LT 25 BLK 13,6830.15,R HS IMP,56,"379 24525-94-07-04110 1622 S 108 AV E 8,592 R HS IMP 6,830.15 316.50 | LT 25 BLK 13 CITY OF TULSA | MAGIC CIRCLE ADDN",High,parsed cleanly
24675-03-31-13180,Unknown,1427 N ST LOUIS AV E,Tulsa,OK,Unknown,LT-15-BLK-1,1003.06,R HS IMP,56,"380 24675-03-31-13180 1427 N ST LOUIS AV E 7,250 R HS IMP 1,003.06 332.25 | LT-15-BLK-1 CITY OF TULSA | MAGIC CITY ADDN",High,parsed cleanly
24675-03-31-13270,Unknown,1404 N ST LOUIS AV E,Tulsa,OK,Unknown,LOT-8-BLK-2,1697.83,R IMP,56,"381 24675-03-31-13270 1404 N ST LOUIS AV E 7,000 R IMP 1,697.83 316.50 | LOT-8-BLK-2 CITY OF TULSA | MAGIC CITY ADDN",High,parsed cleanly
24925-02-36-17420,Unknown,1084 N NORFOLK AV E,Tulsa,OK,Unknown,LT 1 BLK 3,1199.79,R HS IMP,56,"383 24925-02-36-17420 1084 N NORFOLK AV E 5,000 R HS IMP 1,199.79 395.25 | LT 1 BLK 3 CITY OF TULSA | MANN'S ADDN",High,parsed cleanly
24925-02-36-17440,Unknown,1076 N NORFOLK AV E,Tulsa,OK,Unknown,LT 3 BLK 3,197.98,R,57,"384 24925-02-36-17440 1076 N NORFOLK AV E 5,000 R 197.98 333.75 | LT 3 BLK 3 CITY OF TULSA | MANN'S ADDN",High,parsed cleanly
24925-02-36-17470,Unknown,1062 N NORFOLK AV E,Tulsa,OK,Unknown,LT 6 BLK 3,1497.18,R IMP,57,"385 24925-02-36-17470 1062 N NORFOLK AV E 5,000 R IMP 1,497.18 348.00 | LT 6 BLK 3 CITY OF TULSA | MANN'S ADDN",High,parsed cleanly
24925-02-36-18110,Unknown,1018 N MADISON AV E,Tulsa,OK,Unknown,LT 4 LESS BEG SWC LT 4 TH N49 E54.81 S49 W54.25,1862.48,R IMP,57,"386 24925-02-36-18110 1018 N MADISON AV E 3,430 R IMP 1,862.48 316.50 | LT 4 LESS BEG SWC LT 4 TH N49 E54.81 S49 W54.25 CITY OF TULSA | POB BLK 6",High,parsed cleanly
25025-92-12-08940,Unknown,1002 E 20 ST S,Tulsa,OK,Unknown,E.50 OF LT 8 & ALL LT 7 BLK 7,40051.99,R HS IMP,57,"388 25025-92-12-08940 1002 E 20 ST S 12,300 R HS IMP 40,051.99 348.00 | E.50 OF LT 8 & ALL LT 7 BLK 7 CITY OF TULSA | MAPLE RIDGE ADDN",High,parsed cleanly
25050-03-34-03580,Unknown,1455 N KINGSTON PL E,Tulsa,OK,Unknown,LT 1 BLK 1,4724.19,R IMP,57,"389 25050-03-34-03580 1455 N KINGSTON PL E 10,800 R IMP 4,724.19 316.50 | LT 1 BLK 1 CITY OF TULSA | MAPLEWOOD ADDN",High,parsed cleanly
25050-03-34-06390,Unknown,5929 E KING ST N,Tulsa,OK,Unknown,LT 53 BLK 14,5882.74,R IMP,57,"390 25050-03-34-06390 5929 E KING ST N 7,182 R IMP 5,882.74 395.25 | LT 53 BLK 14 CITY OF TULSA | MAPLEWOOD ADDN",High,parsed cleanly
25150-03-34-10030,Unknown,1059 N IRVINGTON AV E,Tulsa,OK,Unknown,LT 8 BLK 22,4655.65,R HS IMP,58,"391 25150-03-34-10030 1059 N IRVINGTON AV E 7,080 R HS IMP 4,655.65 316.50 | LT 8 BLK 22 CITY OF TULSA | MAPLEWOOD EXTENDED ADDN",High,parsed cleanly
25200-03-35-07780,Unknown,6780 E INDEPENDENCE,Unknown,OK,Unknown,LT 1 BLK 2 MAPLEWOOD 2ND ALSO LT 1 BLK 22 W ST N,4404.05,R HS IMP,58,"392 25200-03-35-07780 6780 E INDEPENDENCE 8,260 R HS IMP 4,404.05 332.25 | LT 1 BLK 2 MAPLEWOOD 2ND ALSO LT 1 BLK 22 W ST N | PART VAL CHARLES ALL ASSESSED IN MAPLEWOOD CITY OF TULSA",High,parsed cleanly
25225-03-35-09460,Unknown,7849 E KING PL N,Tulsa,OK,Unknown,LT 9 BLK 1,4414.22,R IMP,58,"393 25225-03-35-09460 7849 E KING PL N 7,366 R IMP 4,414.22 348.00 | LT 9 BLK 1 CITY OF TULSA | MAPLEWOOD THIRD ADDN",High,parsed cleanly
25225-03-35-09930,Unknown,7845 E KING ST N,Tulsa,OK,Unknown,LT 29 BLK 3,1713.76,R HS IMP,58,"394 25225-03-35-09930 7845 E KING ST N 7,714 R HS IMP 1,713.76 316.50 | LT 29 BLK 3 CITY OF TULSA | MAPLEWOOD THIRD ADDN",High,parsed cleanly
25375-03-29-05230,Unknown,3209 E XYLER ST N,Tulsa,OK,Unknown,LT 9 BLK 1,8084.52,R IMP,58,"395 25375-03-29-05230 3209 E XYLER ST N 8,340 R IMP 8,084.52 332.25 | LT 9 BLK 1 CITY OF TULSA | MARION TERRACE ADDN",High,parsed cleanly
25375-03-29-05240,Unknown,3215 E XYLER ST N,Tulsa,OK,Unknown,LT 10 BLK 1,3313.8,R HS IMP,58,"396 25375-03-29-05240 3215 E XYLER ST N 8,340 R HS IMP 3,313.80 348.00 | LT 10 BLK 1 CITY OF TULSA | MARION TERRACE ADDN",High,parsed cleanly
25500-03-29-05850,Unknown,2604 E TECUMSEH ST N,Tulsa,OK,Unknown,W.45 OF LT 3 BLK 1,1095.22,R IMP,59,"397 25500-03-29-05850 2604 E TECUMSEH ST N 6,030 R IMP 1,095.22 348.00 | W.45 OF LT 3 BLK 1 CITY OF TULSA | MARTIN ADDN",High,parsed cleanly
25500-03-29-06000,Unknown,1831 N BIRMINGHAM PL E,Tulsa,OK,Unknown,N.1/2 OF LT 3 BLK 4,3123.68,R IMP,59,"398 25500-03-29-06000 1831 N BIRMINGHAM PL E 9,648 R IMP 3,123.68 348.00 | N.1/2 OF LT 3 BLK 4 CITY OF TULSA | MARTIN ADDN",High,parsed cleanly
25500-03-29-06060,Unknown,2625 E TECUMSEH ST N,Tulsa,OK,Unknown,W.84 OF LT 1 BLK 5,3310.33,R IMP,59,"399 25500-03-29-06060 2625 E TECUMSEH ST N 11,172 R IMP 3,310.33 332.25 | W.84 OF LT 1 BLK 5 CITY OF TULSA | MARTIN ADDN",High,parsed cleanly
25525-03-29-06940,Unknown,2012 N COLUMBIA AV E,Tulsa,OK,Unknown,LT 6 BLK 6,3645.63,R HS IMP,59,"400 25525-03-29-06940 2012 N COLUMBIA AV E 7,632 R HS IMP 3,645.63 363.75 | LT 6 BLK 6 CITY OF TULSA | MARTIN ADDN RESUB PRT L1 & ALL L2-5 B6",High,parsed cleanly
25550-03-29-07010,Unknown,1829 N DELAWARE AV E,Tulsa,OK,Unknown,N/2 LT 3 BLK 13,2783.21,R IMP,59,"401 25550-03-29-07010 1829 N DELAWARE AV E 10,080 R IMP 2,783.21 332.25 | N/2 LT 3 BLK 13 CITY OF TULSA | MARTIN SECOND ADDN",High,parsed cleanly
25575-03-19-05190,Unknown,2735 N QUINCY AV E,Tulsa,OK,Unknown,LT 4 BLK 2,1147.21,R IMP,59,"402 25575-03-19-05190 2735 N QUINCY AV E 7,000 R IMP 1,147.21 316.50 | LT 4 BLK 2 CITY OF TULSA | MARTIN ROLL ADDN",High,parsed cleanly
25575-03-19-05410,Unknown,ADDRESS UNKNOWN,Tulsa,OK,Unknown,LT 24 BLK 2,124.65,R,59,"403 25575-03-19-05410 ADDRESS UNKNOWN 7,000 R 124.65 270.75 | LT 24 BLK 2 CITY OF TULSA | MARTIN ROLL ADDN",Medium,partial or unknown address
25650-03-34-12590,Unknown,816 N HUDSON AV E,Tulsa,OK,Unknown,LT 8 BLK 4,4278.23,R IMP,60,"404 25650-03-34-12590 816 N HUDSON AV E 8,424 R IMP 4,278.23 316.50 | LT 8 BLK 4 CITY OF TULSA | MARY ELLEN SECOND",High,parsed cleanly
25675-93-15-17960,Unknown,2310 S HUDSON PL E,Tulsa,OK,Unknown,LT 2 BLK 10,9532.38,R IMP,60,"405 25675-93-15-17960 2310 S HUDSON PL E 7,320 R IMP 9,532.38 316.50 | LT 2 BLK 10 CITY OF TULSA | MARY FRANCES ADDN",High,parsed cleanly
25775-03-33-09190,Unknown,813 N SANDUSKY AV E,Tulsa,OK,Unknown,S. 72' OF W. 150' LOT 9 BLK 1,2725.06,R IMP,60,"406 25775-03-33-09190 813 N SANDUSKY AV E 10,800 R IMP 2,725.06 332.25 | S. 72' OF W. 150' LOT 9 BLK 1 CITY OF TULSA | MARYLAND GARDENS ADDN",High,parsed cleanly
25775-03-33-10030,Unknown,4109 E INDEPENDENCE,Unknown,OK,Unknown,E 65 W 130 N 110 LT 10 BLK 4 ST N,2715.72,R IMP,60,"407 25775-03-33-10030 4109 E INDEPENDENCE 7,150 R IMP 2,715.72 316.50 | E 65 W 130 N 110 LT 10 BLK 4 ST N | MARYLAND GARDENS ADDN CITY OF TULSA",High,parsed cleanly
25775-03-33-10290,Unknown,4328 E INDEPENDENCE,Unknown,OK,Unknown,W.50 E.150 LT 1 BLK 6 ST N,1833.15,R IMP,60,"408 25775-03-33-10290 4328 E INDEPENDENCE 5,000 R IMP 1,833.15 332.25 | W.50 E.150 LT 1 BLK 6 ST N | MARYLAND GARDENS ADDN CITY OF TULSA",High,parsed cleanly
25800-03-32-08990,Unknown,1423 N COLLEGE AV E,Tulsa,OK,Unknown,LT 9 BLK 1,2979.03,R IMP,60,"409 25800-03-32-08990 1423 N COLLEGE AV E 7,830 R IMP 2,979.03 348.00 | LT 9 BLK 1 CITY OF TULSA | MARYLAND HGTS ADDN",High,parsed cleanly
25800-03-32-09420,Unknown,1458 N EVANSTON AV E,Tulsa,OK,Unknown,LT 2 BLK 4,2469.01,R IMP,60,"410 25800-03-32-09420 1458 N EVANSTON AV E 7,830 R IMP 2,469.01 316.50 | LT 2 BLK 4 CITY OF TULSA | MARYLAND HGTS ADDN",High,parsed cleanly
25800-03-32-09470,Unknown,1434 N EVANSTON AV E,Tulsa,OK,Unknown,LT 7 BLK 4,1026.56,R IMP,61,"411 25800-03-32-09470 1434 N EVANSTON AV E 7,830 R IMP 1,026.56 332.25 | LT 7 BLK 4 CITY OF TULSA | MARYLAND HGTS ADDN",High,parsed cleanly
25975-93-30-09740,Unknown,1513 E 43 PL S,Tulsa,OK,Unknown,LT 28 BLK 1,10338.96,R IMP,61,"412 25975-93-30-09740 1513 E 43 PL S 7,500 R IMP 10,338.96 332.25 | LT 28 BLK 1 CITY OF TULSA | MAX CAMPBELL 3RD ADDN",High,parsed cleanly
26250-92-05-02570,Unknown,4914 W 1 ST S,Tulsa,OK,Unknown,LT-3-BLK-2,3382.32,R IMP,61,"413 26250-92-05-02570 4914 W 1 ST S 8,400 R IMP 3,382.32 348.00 | LT-3-BLK-2 CITY OF TULSA | MAYFAIR ADDN",High,parsed cleanly
26275-93-09-07670,Unknown,4004 E 11 ST S,Tulsa,OK,Unknown,LT-5-BLK-1,7361.93,C IMP,61,"414 26275-93-09-07670 4004 E 11 ST S 5,000 C IMP 7,361.93 316.50 | LT-5-BLK-1 CITY OF TULSA | MAYO ADDN",High,parsed cleanly
26300-93-16-10560,Unknown,4404 E 23 ST S,Tulsa,OK,Unknown,LT 6 BLK 8,10828.56,R HS IMP,61,"415 26300-93-16-10560 4404 E 23 ST S 7,800 R HS IMP 10,828.56 348.00 | LT 6 BLK 8 CITY OF TULSA | MAYO MEADOW",High,parsed cleanly
26390-94-16-15330,Unknown,2716 S 130 AV E,Tulsa,OK,Unknown,LT 2 BLK 4,6353.46,R IMP,61,"416 26390-94-16-15330 2716 S 130 AV E 8,223 R IMP 6,353.46 363.75 | LT 2 BLK 4 CITY OF TULSA | MAYO PLAZA EXTENDED ADDN",High,parsed cleanly
26725-02-25-16640,Unknown,515 E UTE ST N,Tulsa,OK,Unknown,S.112' LOT 18-BLK-1,1216.55,R HS IMP,61,"417 26725-02-25-16640 515 E UTE ST N 6,720 R HS IMP 1,216.55 348.00 | S.112' LOT 18-BLK-1 CITY OF TULSA | MEADOWBROOK ADDN",High,parsed cleanly
26725-02-25-17590,Unknown,252 E UTE ST,Tulsa,OK,Unknown,N120 & W10 S120 LT 29 BLK 5,199.98,R,62,"418 26725-02-25-17590 252 E UTE ST 7,200 R 199.98 318.00 | N120 & W10 S120 LT 29 BLK 5 CITY OF TULSA | MEADOWBROOK ADDN",High,parsed cleanly
26725-02-25-17680,Unknown,412 E UTE ST N,Tulsa,OK,Unknown,LOT-3-BLK-6,3047.69,R IMP,62,"419 26725-02-25-17680 412 E UTE ST N 9,000 R IMP 3,047.69 584.25 | LOT-3-BLK-6 CITY OF TULSA | MEADOWBROOK ADDN",High,parsed cleanly
26725-02-25-17850,Unknown,ADDRESS UNKNOWN,Tulsa,OK,Unknown,LOT-9-BLK-7,843.24,R,62,"420 26725-02-25-17850 ADDRESS UNKNOWN 9,000 R 843.24 302.25 | LOT-9-BLK-7 CITY OF TULSA | MEADOWBROOK ADDN",Medium,partial or unknown address
26725-02-25-17880,Unknown,548 E UTE ST N,Tulsa,OK,Unknown,LOT-12-BLK-7,2444.42,R IMP,62,"421 26725-02-25-17880 548 E UTE ST N 9,000 R IMP 2,444.42 395.25 | LOT-12-BLK-7 CITY OF TULSA | MEADOWBROOK ADDN",High,parsed cleanly
26725-02-25-17890,Unknown,542 E UTE ST N,Tulsa,OK,Unknown,LT-13-BLK-7,450.62,R,62,"422 26725-02-25-17890 542 E UTE ST N 9,000 R 450.62 318.00 | LT-13-BLK-7 CITY OF TULSA | MEADOWBROOK ADDN",High,parsed cleanly
26725-02-25-19110,Unknown,252 E SEMINOLE PL N,Tulsa,OK,Unknown,E.40'LOT-3-BLK-11,263.97,R,62,"423 26725-02-25-19110 252 E SEMINOLE PL N 6,900 R 263.97 302.25 | E.40'LOT-3-BLK-11 CITY OF TULSA | MEADOWBROOK ADDN",High,parsed cleanly
26725-02-25-19570,Unknown,412 E SEMINOLE PL N,Tulsa,OK,Unknown,LOT-28-BLK-12,1869.42,R HS IMP,62,"424 26725-02-25-19570 412 E SEMINOLE PL N 9,000 R HS IMP 1,869.42 316.50 | LOT-28-BLK-12 CITY OF TULSA | MEADOWBROOK ADDN",High,parsed cleanly
26725-02-25-30400,Unknown,254 E UTE ST,Tulsa,OK,Unknown,N120 LT 30 BLK 5,166.65,R,63,"425 26725-02-25-30400 254 E UTE ST 6,000 R 166.65 318.00 | N120 LT 30 BLK 5 CITY OF TULSA | MEADOWBROOK ADDN",High,parsed cleanly
26735-02-25-19950,Unknown,323 E XYLER ST N,Tulsa,OK,Unknown,LOT-35-BLK-6,2274.43,R IMP,63,"426 26735-02-25-19950 323 E XYLER ST N 8,960 R IMP 2,274.43 363.75 | LOT-35-BLK-6 CITY OF TULSA | MEADOWBROOK SECOND ADDN RESUB B6-7 ACRE",High,parsed cleanly
26735-02-25-20380,Unknown,323 E WOODROW PL N,Tulsa,OK,Unknown,LOT-35-BLK-7,2062.46,R IMP,63,"427 26735-02-25-20380 323 E WOODROW PL N 8,960 R IMP 2,062.46 332.25 | LOT-35-BLK-7 CITY OF TULSA | MEADOWBROOK SECOND ADDN RESUB B6-7 ACRE",High,parsed cleanly
26750-94-04-01940,Unknown,ADDRESS UNKNOWN,Tulsa,OK,Unknown,LT 1 BLK 11,87.99,R,63,"428 26750-94-04-01940 ADDRESS UNKNOWN 10,313 R 87.99 333.75 | LT 1 BLK 11 CITY OF TULSA | MEADOWBROOK HGTS ADDN",Medium,partial or unknown address
26750-94-04-02040,Unknown,ADDRESS UNKNOWN,Tulsa,OK,Unknown,LT 11 BLK 11,92.65,R,63,"429 26750-94-04-02040 ADDRESS UNKNOWN 10,313 R 92.65 333.75 | LT 11 BLK 11 CITY OF TULSA | MEADOWBROOK HGTS ADDN",Medium,partial or unknown address
26750-94-04-02190,Unknown,ADDRESS UNKNOWN,Tulsa,OK,Unknown,LT 15 BLK 12,92.65,R,63,"430 26750-94-04-02190 ADDRESS UNKNOWN 10,313 R 92.65 333.75 | LT 15 BLK 12 CITY OF TULSA | MEADOWBROOK HGTS ADDN",Medium,partial or unknown address
26750-94-04-02310,Unknown,ADDRESS UNKNOWN,Tulsa,OK,Unknown,LT 11 BLK 13,92.65,R,63,"431 26750-94-04-02310 ADDRESS UNKNOWN 10,313 R 92.65 318.00 | LT 11 BLK 13 CITY OF TULSA | MEADOWBROOK HGTS ADDN",Medium,partial or unknown address
26800-02-25-20440,Unknown,250 E WOODROW ST N,Tulsa,OK,Unknown,LT 1 BLK 1,117.32,R,64,"432 26800-02-25-20440 250 E WOODROW ST N 6,300 R 117.32 302.25 | LT 1 BLK 1 CITY OF TULSA | MEADOWVALE ADDN RESUB L6&15 B8 & L6-15 B9",High,parsed cleanly
26800-02-25-20510,Unknown,224 E WOODROW ST N,Tulsa,OK,Unknown,LT 8 BLK 1,1659.83,R IMP,64,"433 26800-02-25-20510 224 E WOODROW ST N 7,000 R IMP 1,659.83 348.00 | LT 8 BLK 1 CITY OF TULSA | MEADOWVALE ADDN RESUB L6&15 B8 & L6-15 B9",High,parsed cleanly
26825-93-01-07370,Unknown,172 S 91 AV E,Tulsa,OK,Unknown,LT 20 BLK 7,4166.25,R HS IMP,64,"434 26825-93-01-07370 172 S 91 AV E 7,564 R HS IMP 4,166.25 316.50 | LT 20 BLK 7 CITY OF TULSA | MEADOWOOD ADDN",High,parsed cleanly
26825-93-01-08300,Unknown,9126 E 4 ST S,Tulsa,OK,Unknown,LT 14 BLK 10,4163.58,R HS IMP,64,"435 26825-93-01-08300 9126 E 4 ST S 7,320 R HS IMP 4,163.58 379.50 | LT 14 BLK 10 CITY OF TULSA | MEADOWOOD ADDN",High,parsed cleanly
26925-02-26-02150,Unknown,1624 N MARTIN LUTHER,Unknown,OK,Unknown,LT 7 BLK 1 KING JR B,1635.06,R HS IMP,64,"436 26925-02-26-02150 1624 N MARTIN LUTHER 6,750 R HS IMP 1,635.06 316.50 | LT 7 BLK 1 KING JR B | MELROSE 2ND ADDN CITY OF TULSA",High,parsed cleanly
27075-93-24-16280,Unknown,3815 S 82 AV E,Tulsa,OK,Unknown,LOT 20 BLK 3,9295.24,R HS IMP,64,"437 27075-93-24-16280 3815 S 82 AV E 8,178 R HS IMP 9,295.24 426.75 | LOT 20 BLK 3 CITY OF TULSA | MEMORIAL ESTATES ADDN",High,parsed cleanly
27075-93-24-17260,Unknown,3843 S 88 PL E,Tulsa,OK,Unknown,LOT 8 BLK 7,12024.13,R IMP,64,"438 27075-93-24-17260 3843 S 88 PL E 9,380 R IMP 12,024.13 348.00 | LOT 8 BLK 7 CITY OF TULSA | MEMORIAL ESTATES ADDN",High,parsed cleanly
27300-93-14-10790,Unknown,7610 E 21 ST S,Tulsa,OK,Unknown,LT 6 BLK 1,5444.74,R HS IMP,65,"439 27300-93-14-10790 7610 E 21 ST S 7,200 R HS IMP 5,444.74 316.50 | LT 6 BLK 1 CITY OF TULSA | MICHAEL HGTS ADDN",High,parsed cleanly
27325-93-14-12410,Unknown,7924 E 21 ST S,Tulsa,OK,Unknown,BEG 90' E OF NWC LOT 1 BLK 11 TH E ON N L 60' TO,5829.41,C IMP,65,"440 27325-93-14-12410 7924 E 21 ST S 9,006 C IMP 5,829.41 332.25 | BEG 90' E OF NWC LOT 1 BLK 11 TH E ON N L 60' TO CITY OF TULSA | PT S 150.10' W 60' N 150.10' TO BEG",High,parsed cleanly
27375-93-14-13530,Unknown,7944 E 21 ST S,Tulsa,OK,Unknown,LT 1 LESS N10 E80 THEREOF BLK 18,21627.17,C IMP,65,"441 27375-93-14-13530 7944 E 21 ST S 25,931 C IMP 21,627.17 332.25 | LT 1 LESS N10 E80 THEREOF BLK 18 CITY OF TULSA | MICHAEL HGTS EXT ADDN RESUB PRT L1 B11",High,parsed cleanly
27425-02-25-20750,Unknown,ADDRESS UNKNOWN,Tulsa,OK,Unknown,N48.33 OF W/2 LT 1 LESS N5 THEREOF BLK 1,124.65,R,65,"442 27425-02-25-20750 ADDRESS UNKNOWN 6,599 R 124.65 381.00 | N48.33 OF W/2 LT 1 LESS N5 THEREOF BLK 1 CITY OF TULSA | MIDDLETON ADDN",Medium,partial or unknown address
27425-02-25-20840,Unknown,1834 N MADISON PL E,Tulsa,OK,Unknown,S 48 & TWO THIRDS E 1/2 LT 4 BLK 1,124.65,R,65,"443 27425-02-25-20840 1834 N MADISON PL E 7,350 R 124.65 318.00 | S 48 & TWO THIRDS E 1/2 LT 4 BLK 1 CITY OF TULSA | MIDDLETON ADDN",High,parsed cleanly
27425-02-25-21050,Unknown,1833 N MADISON PL E,Tulsa,OK,Unknown,S 1/2 W 1/2 LT 15 BLK 1,299.46,R,65,"444 27425-02-25-21050 1833 N MADISON PL E 5,550 R 299.46 302.25 | S 1/2 W 1/2 LT 15 BLK 1 CITY OF TULSA | MIDDLETON ADDN",High,parsed cleanly
27425-02-25-21060,Unknown,1835 N MADISON PL E,Tulsa,OK,Unknown,N 1/2 W 1/2 LT 15 BLK 1,117.32,R,65,"445 27425-02-25-21060 1835 N MADISON PL E 5,550 R 117.32 302.25 | N 1/2 W 1/2 LT 15 BLK 1 CITY OF TULSA | MIDDLETON ADDN",High,parsed cleanly
27425-02-25-21080,Unknown,ADDRESS UNKNOWN,Tulsa,OK,Unknown,N 23.33' W 140' LT 16 & S. 25 W. 140' LT 17 BLK 1,109.98,R,66,"446 27425-02-25-21080 ADDRESS UNKNOWN 6,766 R 109.98 333.75 | N 23.33' W 140' LT 16 & S. 25 W. 140' LT 17 BLK 1 CITY OF TULSA | MIDDLETON ADDN",Medium,partial or unknown address
27550-93-08-18710,Unknown,1239 S ATLANTA PL E,Tulsa,OK,Unknown,LT 9 BLK 1,3527.85,R HS IMP,66,"447 27550-93-08-18710 1239 S ATLANTA PL E 7,000 R HS IMP 3,527.85 348.00 | LT 9 BLK 1 CITY OF TULSA | MILES ADDN RESUB L2 B1& L2 B2 & ALL B4 FAIR",High,parsed cleanly
27775-03-36-02105,Unknown,823 N 89 AV E,Tulsa,OK,Unknown,S80 LT 2 BLK 6,4243.04,R HS IMP,66,"448 27775-03-36-02105 823 N 89 AV E 23,200 R HS IMP 4,243.04 332.25 | S80 LT 2 BLK 6 CITY OF TULSA | MINGO VALLEY SUB NO 1",High,parsed cleanly
27775-03-36-02215,Unknown,501 N 89 AV E,Tulsa,OK,Unknown,LT 4 BLK 7,4728.19,R IMP,66,"449 27775-03-36-02215 501 N 89 AV E 39,150 R IMP 4,728.19 363.75 | LT 4 BLK 7 CITY OF TULSA | MINGO VALLEY SUB NO 1",High,parsed cleanly
27795-83-10-15210,Unknown,7419 S LAKEWOOD AV E,Tulsa,OK,Unknown,LT 9 BLK 2,12843.29,R HS IMP,66,"450 27795-83-10-15210 7419 S LAKEWOOD AV E 9,360 R HS IMP 12,843.29 316.50 | LT 9 BLK 2 CITY OF TULSA | MINSHALL PARK I",High,parsed cleanly
27795-83-10-16650,Unknown,6207 E 77 PL S,Tulsa,OK,Unknown,LT 25 BLK 8,9711.23,R HS IMP,66,"451 27795-83-10-16650 6207 E 77 PL S 8,357 R HS IMP 9,711.23 316.50 | LT 25 BLK 8 CITY OF TULSA | MINSHALL PARK I",High,parsed cleanly
27875-92-11-03560,Unknown,705 S PHOENIX AV W,Tulsa,OK,Unknown,LT 25 BLK 2,13345.33,R IMP,66,"452 27875-92-11-03560 705 S PHOENIX AV W 7,000 R IMP 13,345.33 332.25 | LT 25 BLK 2 CITY OF TULSA | MITCHELL-CROSBIE ADDN",High,parsed cleanly
27875-92-11-03570,Unknown,701 S PHOENIX AV W,Tulsa,OK,Unknown,W 1/2 LT 26 BLK 2,5389.46,R IMP,67,"453 27875-92-11-03570 701 S PHOENIX AV W 3,510 R IMP 5,389.46 332.25 | W 1/2 LT 26 BLK 2 CITY OF TULSA | MITCHELL-CROSBIE ADDN",High,parsed cleanly
28000-03-33-12508,Unknown,ADDRESS UNKNOWN,Tulsa,OK,Unknown,W1.45 LT 11 BLK 10,7.33,R,67,454 28000-03-33-12508 ADDRESS UNKNOWN 60 R 7.33 270.75 | W1.45 LT 11 BLK 10 CITY OF TULSA | MODERN HGTS,Medium,partial or unknown address
28025-93-11-08980,Unknown,1942 S 74 AV E,Tulsa,OK,Unknown,LT 7 BLK 8,3392.99,R HS IMP,67,"455 28025-93-11-08980 1942 S 74 AV E 8,385 R HS IMP 3,392.99 332.25 | LT 7 BLK 8 CITY OF TULSA | MOELLER HGTS",High,parsed cleanly
28150-03-21-02040,Unknown,ADDRESS UNKNOWN,Tulsa,OK,Unknown,LT 21 BLK 3,73.32,R,67,"456 28150-03-21-02040 ADDRESS UNKNOWN 6,750 R 73.32 270.75 | LT 21 BLK 3 CITY OF TULSA | MOHAWK HARVARD",Medium,partial or unknown address
28150-03-21-02050,Unknown,ADDRESS UNKNOWN,Tulsa,OK,Unknown,LT 22 BLK 3,73.32,R,67,"457 28150-03-21-02050 ADDRESS UNKNOWN 6,750 R 73.32 286.50 | LT 22 BLK 3 CITY OF TULSA | MOHAWK HARVARD",Medium,partial or unknown address
28150-03-21-03280,Unknown,ADDRESS UNKNOWN,Tulsa,OK,Unknown,PRT LT 13 BEG NWC TH S20.43 SE55.9 N45.34 W50,14.66,R,67,"458 28150-03-21-03280 ADDRESS UNKNOWN 1,644 R 14.66 302.25 | PRT LT 13 BEG NWC TH S20.43 SE55.9 N45.34 W50 CITY OF TULSA | POB BLK 10",Medium,partial or unknown address
28175-03-21-04190,Unknown,ADDRESS UNKNOWN,Tulsa,OK,Unknown,LTS 1 THRU 3 & 10 THRU 12 BLK 5,146.65,R,67,"459 28175-03-21-04190 ADDRESS UNKNOWN 75,980 R 146.65 333.75 | LTS 1 THRU 3 & 10 THRU 12 BLK 5 CITY OF TULSA | MOHAWK HGTS",Medium,partial or unknown address
28200-03-21-05140,Unknown,ADDRESS UNKNOWN,Tulsa,OK,Unknown,LT 24 BLK 9,73.32,R,68,"460 28200-03-21-05140 ADDRESS UNKNOWN 6,800 R 73.32 270.75 | LT 24 BLK 9 CITY OF TULSA | MOHAWK HGTS SECOND",Medium,partial or unknown address
28200-03-21-05660,Unknown,ADDRESS UNKNOWN,Tulsa,OK,Unknown,LTS 4 THRU 6 BLK 12,139.31,R,68,"461 28200-03-21-05660 ADDRESS UNKNOWN 20,250 R 139.31 333.75 | LTS 4 THRU 6 BLK 12 CITY OF TULSA | MOHAWK HGTS SECOND",Medium,partial or unknown address
28475-03-33-14240,Unknown,1239 N URBANA AV E,Tulsa,OK,Unknown,LT 22 BLK 6,2882.97,R IMP,68,"462 28475-03-33-14240 1239 N URBANA AV E 6,850 R IMP 2,882.97 348.00 | LT 22 BLK 6 CITY OF TULSA | MORGAN HOMES",High,parsed cleanly
28475-03-33-14410,Unknown,1211 N VANDALIA AV E,Tulsa,OK,Unknown,LT 15 BLK 7,3437.28,R IMP,68,"463 28475-03-33-14410 1211 N VANDALIA AV E 6,850 R IMP 3,437.28 348.00 | LT 15 BLK 7 CITY OF TULSA | MORGAN HOMES",High,parsed cleanly
28475-03-33-14660,Unknown,1215 N WINSTON AV E,Tulsa,OK,Unknown,LT 16 BLK 8,2741.72,R IMP,68,"464 28475-03-33-14660 1215 N WINSTON AV E 6,750 R IMP 2,741.72 363.75 | LT 16 BLK 8 CITY OF TULSA | MORGAN HOMES",High,parsed cleanly
28575-02-26-03160,Unknown,216 W QUEENS ST N,Tulsa,OK,Unknown,LT 9 BLK 2,278.63,R,68,"465 28575-02-26-03160 216 W QUEENS ST N 6,520 R 278.63 318.00 | LT 9 BLK 2 CITY OF TULSA | THE MORLEY ADDN",High,parsed cleanly
28575-02-26-03170,Unknown,212 W QUEENS ST N,Tulsa,OK,Unknown,LT 10 BLK 2,278.63,R,68,"466 28575-02-26-03170 212 W QUEENS ST N 6,520 R 278.63 318.00 | LT 10 BLK 2 CITY OF TULSA | THE MORLEY ADDN",High,parsed cleanly
28725-92-34-02190,Unknown,5609 S 30 AV W,Tulsa,OK,Unknown,LT 2 BLK 12,7966.53,R HS IMP,69,"467 28725-92-34-02190 5609 S 30 AV W 7,800 R HS IMP 7,966.53 348.00 | LT 2 BLK 12 CITY OF TULSA | MOUNTAIN MANOR ADDN",High,parsed cleanly
28850-03-19-06620,Unknown,ADDRESS UNKNOWN,Tulsa,OK,Unknown,LT-2-BLK-1,47.32,R,69,"468 28850-03-19-06620 ADDRESS UNKNOWN 7,000 R 47.32 286.50 | LT-2-BLK-1 CITY OF TULSA | MURRAY SECOND ADDN",Medium,partial or unknown address
28975-03-28-08548,Unknown,ADDRESS UNKNOWN,Tulsa,OK,Unknown,W11 LT 8 BLK 3,7.33,R,69,469 28975-03-28-08548 ADDRESS UNKNOWN 660 R 7.33 302.25 | W11 LT 8 BLK 3 CITY OF TULSA | NEW HAVEN ADDN,Medium,partial or unknown address
28975-03-28-08549,Unknown,ADDRESS UNKNOWN,Tulsa,OK,Unknown,W11 LT 9 BLK 3,14.66,R,69,470 28975-03-28-08549 ADDRESS UNKNOWN 660 R 14.66 302.25 | W11 LT 9 BLK 3 CITY OF TULSA | NEW HAVEN ADDN,Medium,partial or unknown address
28975-03-28-08551,Unknown,ADDRESS UNKNOWN,Tulsa,OK,Unknown,W11 S36.52 LT 6 BLK 3,14.66,R,69,471 28975-03-28-08551 ADDRESS UNKNOWN 402 R 14.66 302.25 | W11 S36.52 LT 6 BLK 3 CITY OF TULSA | NEW HAVEN ADDN,Medium,partial or unknown address
28975-03-28-08552,Unknown,ADDRESS UNKNOWN,Tulsa,OK,Unknown,W11 LT 7 BLK 3,14.66,R,69,472 28975-03-28-08552 ADDRESS UNKNOWN 660 R 14.66 302.25 | W11 LT 7 BLK 3 CITY OF TULSA | NEW HAVEN ADDN,Medium,partial or unknown address
28975-03-28-08553,Unknown,ADDRESS UNKNOWN,Tulsa,OK,Unknown,W11 LT 10 BLK 3,14.66,R,69,473 28975-03-28-08553 ADDRESS UNKNOWN 660 R 14.66 302.25 | W11 LT 10 BLK 3 CITY OF TULSA | NEW HAVEN ADDN,Medium,partial or unknown address
28975-03-28-08554,Unknown,ADDRESS UNKNOWN,Tulsa,OK,Unknown,W11 LT 11 BLK 3,14.66,R,70,474 28975-03-28-08554 ADDRESS UNKNOWN 660 R 14.66 270.75 | W11 LT 11 BLK 3 CITY OF TULSA | NEW HAVEN ADDN,Medium,partial or unknown address
28975-03-28-08555,Unknown,ADDRESS UNKNOWN,Tulsa,OK,Unknown,W11 LT 12 BLK 3,7.33,R,70,475 28975-03-28-08555 ADDRESS UNKNOWN 660 R 7.33 270.75 | W11 LT 12 BLK 3 CITY OF TULSA | NEW HAVEN ADDN,Medium,partial or unknown address
28975-03-28-09640,Unknown,3756 E VIRGIN PL N,Tulsa,OK,Unknown,LOT 3 BLK 9,3624.3,R IMP,70,"476 28975-03-28-09640 3756 E VIRGIN PL N 7,200 R IMP 3,624.30 332.25 | LOT 3 BLK 9 CITY OF TULSA | NEW HAVEN ADDN",High,parsed cleanly
29225-92-03-07750,Unknown,ADDRESS UNKNOWN,Tulsa,OK,Unknown,LT 12 A LESS BEG SWC TH N 67.35 SE 69.93S 41.67 W,13.99,R,70,"477 29225-92-03-07750 ADDRESS UNKNOWN 3,357 R 13.99 270.75 | LT 12 A LESS BEG SWC TH N 67.35 SE 69.93S 41.67 W CITY OF TULSA | 65 TO BEG HGWY BLK 1 NIX AMD'D PLAT LTS 12 13",Medium,partial or unknown address
29260-83-10-10894,Unknown,7157 S BRADEN AV E,Tulsa,OK,Unknown,PRT LT 5 BEG SECR TH W188.33 TH ON CRV RT 36.48,11956.8,C IMP,70,"478 29260-83-10-10894 7157 S BRADEN AV E 6,657 C IMP 11,956.80 348.00 | PRT LT 5 BEG SECR TH W188.33 TH ON CRV RT 36.48 CITY OF TULSA | E189.85 S36.44 POB BLK 2",High,parsed cleanly
29350-03-07-02400,Unknown,2131 E 46 ST N,Tulsa,OK,Unknown,LT-9-BLK-1,4235.57,R IMP,70,"479 29350-03-07-02400 2131 E 46 ST N 101,265 R IMP 4,235.57 348.00 | LT-9-BLK-1 CITY OF TULSA | NORTH HIGHLAND ACRES ADDN",High,parsed cleanly
29350-03-07-02770,Unknown,1861 E 46 ST N,Tulsa,OK,Unknown,S.345'LOT-5-BLK-2,2512.41,R IMP,71,"480 29350-03-07-02770 1861 E 46 ST N 54,165 R IMP 2,512.41 332.25 | S.345'LOT-5-BLK-2 CITY OF TULSA | NORTH HIGHLAND ACRES ADDN",High,parsed cleanly
29475-03-20-04920,Unknown,ADDRESS UNKNOWN,Tulsa,OK,Unknown,PT EACH LTS 1 THRU 15 BG SE COR LT 1 TH N 93.75',14.66,R,71,"481 29475-03-20-04920 ADDRESS UNKNOWN 17,541 R 14.66 318.00 | PT EACH LTS 1 THRU 15 BG SE COR LT 1 TH N 93.75' CITY OF TULSA | SW 391.55' TO SW COR LT 15 E 375' TO BEG BLK 1",Medium,partial or unknown address
29475-03-20-04960,Unknown,ADDRESS UNKNOWN,Tulsa,OK,Unknown,LTS 26 THRU 50 LESS PRT LTS 26 THRU 33 BEG NWC,29.33,R,71,"482 29475-03-20-04960 ADDRESS UNKNOWN 81,375 R 29.33 318.00 | LTS 26 THRU 50 LESS PRT LTS 26 THRU 33 BEG NWC CITY OF TULSA | LT 26 TH S30 NE202.2 W200 POB FOR HWY BLK 1",Medium,partial or unknown address
29475-03-20-05180,Unknown,ADDRESS UNKNOWN,Tulsa,OK,Unknown,PT EACH LTS 40 THRU 50 BG SW COR LT 40 TH E 275',14.66,R,71,"483 29475-03-20-05180 ADDRESS UNKNOWN 12,375 R 14.66 318.00 | PT EACH LTS 40 THRU 50 BG SW COR LT 40 TH E 275' CITY OF TULSA | N 90' SW 290.48' TO BEG BLK 2",Medium,partial or unknown address
29475-03-20-05190,Unknown,ADDRESS UNKNOWN,Tulsa,OK,Unknown,LTS 1 THRU 11 BLK 3,14.66,R,71,"484 29475-03-20-05190 ADDRESS UNKNOWN 37,125 R 14.66 318.00 | LTS 1 THRU 11 BLK 3 CITY OF TULSA | NORTH TULSA VIEW SUB",Medium,partial or unknown address
29475-03-20-05320,Unknown,ADDRESS UNKNOWN,Tulsa,OK,Unknown,ALL LTS 14 THRU 16 & PRT LTS 17 THRU 22 BEG NEC,14.66,R,71,"485 29475-03-20-05320 ADDRESS UNKNOWN 20,250 R 14.66 318.00 | ALL LTS 14 THRU 16 & PRT LTS 17 THRU 22 BEG NEC CITY OF TULSA | LT 17 TH S135 W150 NE ON HWY APPX 207 TO POB",Medium,partial or unknown address
29475-03-20-05370,Unknown,ADDRESS UNKNOWN,Tulsa,OK,Unknown,PRT LTS 26 THRU 28 BEG SWC LT 26 TH N84.35 NE ON,21.99,R,72,"486 29475-03-20-05370 ADDRESS UNKNOWN 59,231 R 21.99 318.00 | PRT LTS 26 THRU 28 BEG SWC LT 26 TH N84.35 NE ON CITY OF TULSA | HWY TO NL LT 28 E APPX 15 S135 W75 POB & ALL LTS",Medium,partial or unknown address
29475-03-20-05550,Unknown,ADDRESS UNKNOWN,Tulsa,OK,Unknown,LT 45 BLK 3,7.33,R,72,"487 29475-03-20-05550 ADDRESS UNKNOWN 3,375 R 7.33 318.00 | LT 45 BLK 3 CITY OF TULSA | NORTH TULSA VIEW SUB",Medium,partial or unknown address
29475-03-20-05570,Unknown,ADDRESS UNKNOWN,Tulsa,OK,Unknown,LTS 47 THRU 50 BLK 3,14.66,R,72,"488 29475-03-20-05570 ADDRESS UNKNOWN 13,500 R 14.66 318.00 | LTS 47 THRU 50 BLK 3 CITY OF TULSA | NORTH TULSA VIEW SUB",Medium,partial or unknown address
29475-03-20-05610,Unknown,ADDRESS UNKNOWN,Tulsa,OK,Unknown,LTS 1 THRU 20 BLK 4,21.99,R,72,"489 29475-03-20-05610 ADDRESS UNKNOWN 67,775 R 21.99 318.00 | LTS 1 THRU 20 BLK 4 CITY OF TULSA | NORTH TULSA VIEW SUB",Medium,partial or unknown address
29475-03-20-05820,Unknown,ADDRESS UNKNOWN,Tulsa,OK,Unknown,LT 22 BLK 4,7.33,R,72,"490 29475-03-20-05820 ADDRESS UNKNOWN 3,375 R 7.33 318.00 | LT 22 BLK 4 CITY OF TULSA | NORTH TULSA VIEW SUB",Medium,partial or unknown address
29475-03-20-05830,Unknown,ADDRESS UNKNOWN,Tulsa,OK,Unknown,LT 23 BLK 4,7.33,R,72,"491 29475-03-20-05830 ADDRESS UNKNOWN 3,375 R 7.33 318.00 | LT 23 BLK 4 CITY OF TULSA | NORTH TULSA VIEW SUB",Medium,partial or unknown address
29475-03-20-05850,Unknown,ADDRESS UNKNOWN,Tulsa,OK,Unknown,LTS 25 THRU 35 BLK 4,21.99,R,73,"492 29475-03-20-05850 ADDRESS UNKNOWN 44,550 R 21.99 318.00 | LTS 25 THRU 35 BLK 4 CITY OF TULSA | NORTH TULSA VIEW SUB",Medium,partial or unknown address
29475-03-20-06000,Unknown,ADDRESS UNKNOWN,Tulsa,OK,Unknown,LTS 9 THRU 13 BLK 5,14.66,R,73,"493 29475-03-20-06000 ADDRESS UNKNOWN 19,238 R 14.66 318.00 | LTS 9 THRU 13 BLK 5 CITY OF TULSA | NORTH TULSA VIEW SUB",Medium,partial or unknown address
29475-03-20-06080,Unknown,ADDRESS UNKNOWN,Tulsa,OK,Unknown,LT 17 BLK 5,7.33,R,73,"494 29475-03-20-06080 ADDRESS UNKNOWN 3,375 R 7.33 286.50 | LT 17 BLK 5 CITY OF TULSA | NORTH TULSA VIEW SUB",Medium,partial or unknown address
29475-03-20-06090,Unknown,ADDRESS UNKNOWN,Tulsa,OK,Unknown,LTS 18 THRU 20 BLK 5,14.66,R,73,"495 29475-03-20-06090 ADDRESS UNKNOWN 16,875 R 14.66 318.00 | LTS 18 THRU 20 BLK 5 CITY OF TULSA | NORTH TULSA VIEW SUB",Medium,partial or unknown address
29475-03-20-06130,Unknown,ADDRESS UNKNOWN,Tulsa,OK,Unknown,LTS 1 THRU 25 BLK 6,29.33,R,73,"496 29475-03-20-06130 ADDRESS UNKNOWN 84,375 R 29.33 318.00 | LTS 1 THRU 25 BLK 6 CITY OF TULSA | NORTH TULSA VIEW SUB",Medium,partial or unknown address
29475-03-20-06380,Unknown,ADDRESS UNKNOWN,Tulsa,OK,Unknown,LTS 26 THRU 50 BLK 6,29.33,R,73,"497 29475-03-20-06380 ADDRESS UNKNOWN 84,375 R 29.33 318.00 | LTS 26 THRU 50 BLK 6 CITY OF TULSA | NORTH TULSA VIEW SUB",Medium,partial or unknown address
29475-03-20-06700,Unknown,ADDRESS UNKNOWN,Tulsa,OK,Unknown,LT 8 BLK 7,7.33,R,73,"498 29475-03-20-06700 ADDRESS UNKNOWN 3,375 R 7.33 318.00 | LT 8 BLK 7 CITY OF TULSA | NORTH TULSA VIEW SUB",Medium,partial or unknown address
29475-03-20-06710,Unknown,ADDRESS UNKNOWN,Tulsa,OK,Unknown,LT 9 BLK 7,7.33,R,74,"499 29475-03-20-06710 ADDRESS UNKNOWN 3,375 R 7.33 318.00 | LT 9 BLK 7 CITY OF TULSA | NORTH TULSA VIEW SUB",Medium,partial or unknown address
29475-03-20-06720,Unknown,ADDRESS UNKNOWN,Tulsa,OK,Unknown,LT 10 BLK 7,7.33,R,74,"500 29475-03-20-06720 ADDRESS UNKNOWN 3,375 R 7.33 318.00 | LT 10 BLK 7 CITY OF TULSA | NORTH TULSA VIEW SUB",Medium,partial or unknown address
29475-03-20-06730,Unknown,ADDRESS UNKNOWN,Tulsa,OK,Unknown,LT 11 BLK 7,7.33,R,74,"501 29475-03-20-06730 ADDRESS UNKNOWN 3,375 R 7.33 318.00 | LT 11 BLK 7 CITY OF TULSA | NORTH TULSA VIEW SUB",Medium,partial or unknown address
29475-03-20-06740,Unknown,ADDRESS UNKNOWN,Tulsa,OK,Unknown,LT 12 BLK 7,7.33,R,74,"502 29475-03-20-06740 ADDRESS UNKNOWN 3,375 R 7.33 318.00 | LT 12 BLK 7 CITY OF TULSA | NORTH TULSA VIEW SUB",Medium,partial or unknown address
29475-03-20-07020,Unknown,ADDRESS UNKNOWN,Tulsa,OK,Unknown,LT 40 BLK 7,7.33,R,74,"503 29475-03-20-07020 ADDRESS UNKNOWN 3,375 R 7.33 318.00 | LT 40 BLK 7 CITY OF TULSA | NORTH TULSA VIEW SUB",Medium,partial or unknown address
29600-02-13-03770,Unknown,ADDRESS UNKNOWN,Tulsa,OK,Unknown,LT 3 BLK 2,153.98,R,74,"504 29600-02-13-03770 ADDRESS UNKNOWN 14,250 R 153.98 270.75 | LT 3 BLK 2 CITY OF TULSA | NORTHLAND SECOND ADDN",Medium,partial or unknown address
29600-02-13-03780,Unknown,ADDRESS UNKNOWN,Tulsa,OK,Unknown,LT 4 BLK 2,153.98,R,74,"505 29600-02-13-03780 ADDRESS UNKNOWN 14,925 R 153.98 270.75 | LT 4 BLK 2 CITY OF TULSA | NORTHLAND SECOND ADDN",Medium,partial or unknown address
29600-02-13-03790,Unknown,ADDRESS UNKNOWN,Tulsa,OK,Unknown,LT 5 BLK 2,153.98,R,75,"506 29600-02-13-03790 ADDRESS UNKNOWN 14,420 R 153.98 270.75 | LT 5 BLK 2 CITY OF TULSA | NORTHLAND SECOND ADDN",Medium,partial or unknown address
29600-02-13-03800,Unknown,E,Tulsa,OK,Unknown,LT 6 BLK 2,153.98,R,75,"507 29600-02-13-03800 E 14,630 R 153.98 270.75 | LT 6 BLK 2 CITY OF TULSA | NORTHLAND SECOND ADDN",Medium,partial or unknown address
29600-02-13-03810,Unknown,ADDRESS UNKNOWN,Tulsa,OK,Unknown,LT 7 BLK 2,153.98,R,75,"508 29600-02-13-03810 ADDRESS UNKNOWN 14,910 R 153.98 270.75 | LT 7 BLK 2 CITY OF TULSA | NORTHLAND SECOND ADDN",Medium,partial or unknown address
29600-02-13-03820,Unknown,ADDRESS UNKNOWN,Tulsa,OK,Unknown,LT 8 BLK 2,153.98,R,75,"509 29600-02-13-03820 ADDRESS UNKNOWN 14,688 R 153.98 270.75 | LT 8 BLK 2 CITY OF TULSA | NORTHLAND SECOND ADDN",Medium,partial or unknown address
29600-02-13-03830,Unknown,ADDRESS UNKNOWN,Tulsa,OK,Unknown,LT 9 BLK 2,153.98,R,75,"510 29600-02-13-03830 ADDRESS UNKNOWN 15,265 R 153.98 270.75 | LT 9 BLK 2 CITY OF TULSA | NORTHLAND SECOND ADDN",Medium,partial or unknown address
29600-02-13-03840,Unknown,ADDRESS UNKNOWN,Tulsa,OK,Unknown,LT 10 BLK 2,183.31,R,75,"511 29600-02-13-03840 ADDRESS UNKNOWN 28,251 R 183.31 270.75 | LT 10 BLK 2 CITY OF TULSA | NORTHLAND SECOND ADDN",Medium,partial or unknown address
29625-02-36-21010,Unknown,419 E NEWTON PL N,Tulsa,OK,Unknown,E25 LT 16 & ALL LT 17 & S5 VAC ALLEY ADJ TO NL,3388.99,R IMP,75,"512 29625-02-36-21010 419 E NEWTON PL N 11,625 R IMP 3,388.99 379.50 | E25 LT 16 & ALL LT 17 & S5 VAC ALLEY ADJ TO NL CITY OF TULSA | THEREOF BLK 5",High,parsed cleanly
29650-03-07-03310,Unknown,1577 E 53 ST N,Tulsa,OK,Unknown,LT 34 BLK 1,5347.46,R IMP,76,"513 29650-03-07-03310 1577 E 53 ST N 7,200 R IMP 5,347.46 332.25 | LT 34 BLK 1 CITY OF TULSA | NORTHRIDGE ADDN",High,parsed cleanly
29650-03-07-03370,Unknown,1380 E 54 ST N,Tulsa,OK,Unknown,LT 4 BLK 2,5339.46,R IMP,76,"514 29650-03-07-03370 1380 E 54 ST N 7,200 R IMP 5,339.46 300.75 | LT 4 BLK 2 CITY OF TULSA | NORTHRIDGE ADDN",High,parsed cleanly
29650-03-07-03460,Unknown,1338 E 54 ST N,Tulsa,OK,Unknown,LT 13 BLK 2,3327.66,R IMP,76,"515 29650-03-07-03460 1338 E 54 ST N 7,200 R IMP 3,327.66 332.25 | LT 13 BLK 2 CITY OF TULSA | NORTHRIDGE ADDN",High,parsed cleanly
29650-03-07-03530,Unknown,1304 E 54 ST N,Tulsa,OK,Unknown,LT 20 BLK 2,2971.03,R IMP,76,"516 29650-03-07-03530 1304 E 54 ST N 7,320 R IMP 2,971.03 348.00 | LT 20 BLK 2 CITY OF TULSA | NORTHRIDGE ADDN",High,parsed cleanly
29650-03-07-03650,Unknown,1355 E 53 ST N,Tulsa,OK,Unknown,LT 32 BLK 2,1001.89,R IMP,76,"517 29650-03-07-03650 1355 E 53 ST N 7,200 R IMP 1,001.89 458.25 | LT 32 BLK 2 CITY OF TULSA | NORTHRIDGE ADDN",High,parsed cleanly
29650-03-07-03910,Unknown,1314 E 53 ST N,Tulsa,OK,Unknown,LT 18 BLK 3,2250.84,R IMP,76,"518 29650-03-07-03910 1314 E 53 ST N 7,200 R IMP 2,250.84 332.25 | LT 18 BLK 3 CITY OF TULSA | NORTHRIDGE ADDN",High,parsed cleanly
29650-03-07-03960,Unknown,1313 E 52 ST N,Tulsa,OK,Unknown,LT 23 BLK 3,395.96,R,76,"519 29650-03-07-03960 1313 E 52 ST N 7,200 R 395.96 302.25 | LT 23 BLK 3 CITY OF TULSA | NORTHRIDGE ADDN",High,parsed cleanly
29650-03-07-04690,Unknown,1509 E 51 PL N,Tulsa,OK,Unknown,LT 20 BLK 5,791.92,R,77,"520 29650-03-07-04690 1509 E 51 PL N 7,200 R 791.92 318.00 | LT 20 BLK 5 CITY OF TULSA | NORTHRIDGE ADDN",High,parsed cleanly
29650-03-07-05170,Unknown,1357 E 51 PL N,Tulsa,OK,Unknown,LT 32 BLK 6,2516.52,R HS IMP,77,"521 29650-03-07-05170 1357 E 51 PL N 7,200 R HS IMP 2,516.52 348.00 | LT 32 BLK 6 CITY OF TULSA | NORTHRIDGE ADDN",High,parsed cleanly
29650-03-07-05300,Unknown,1376 E 51 PL N,Tulsa,OK,Unknown,LT 5 BLK 7,1807.15,R IMP,77,"522 29650-03-07-05300 1376 E 51 PL N 7,200 R IMP 1,807.15 348.00 | LT 5 BLK 7 CITY OF TULSA | NORTHRIDGE ADDN",High,parsed cleanly
29650-03-07-05860,Unknown,1513 E 51 ST N,Tulsa,OK,Unknown,LT 21 BLK 8,3904.27,R IMP,77,"523 29650-03-07-05860 1513 E 51 ST N 7,200 R IMP 3,904.27 363.75 | LT 21 BLK 8 CITY OF TULSA | NORTHRIDGE ADDN",High,parsed cleanly
29650-03-07-05920,Unknown,1543 E 51 ST N,Tulsa,OK,Unknown,LT 27 BLK 8,2582.4,R IMP,77,"524 29650-03-07-05920 1543 E 51 ST N 7,200 R IMP 2,582.40 316.50 | LT 27 BLK 8 CITY OF TULSA | NORTHRIDGE ADDN",High,parsed cleanly
29650-03-07-06110,Unknown,1354 E 51 ST N,Tulsa,OK,Unknown,LT 10 BLK 9,3567.99,R HS IMP,77,"525 29650-03-07-06110 1354 E 51 ST N 7,620 R HS IMP 3,567.99 316.50 | LT 10 BLK 9 CITY OF TULSA | NORTHRIDGE ADDN",High,parsed cleanly
29650-03-07-06380,Unknown,4936 N ST LOUIS AV E,Tulsa,OK,Unknown,LT 17 BLK 10,1257.12,R HS IMP,77,"526 29650-03-07-06380 4936 N ST LOUIS AV E 8,662 R HS IMP 1,257.12 316.50 | LT 17 BLK 10 CITY OF TULSA | NORTHRIDGE ADDN",High,parsed cleanly
29650-03-07-06480,Unknown,1558 E 51 ST N,Tulsa,OK,Unknown,LT 4 BLK 11,2037.59,R IMP,78,"527 29650-03-07-06480 1558 E 51 ST N 7,500 R IMP 2,037.59 316.50 | LT 4 BLK 11 CITY OF TULSA | NORTHRIDGE ADDN",High,parsed cleanly
29650-03-07-06490,Unknown,4967 N ST LOUIS AV E,Tulsa,OK,Unknown,LT 5 BLK 11,737.37,R,78,"528 29650-03-07-06490 4967 N ST LOUIS AV E 7,200 R 737.37 286.50 | LT 5 BLK 11 CITY OF TULSA | NORTHRIDGE ADDN",High,parsed cleanly
29650-03-07-06910,Unknown,4939 N TRENTON AV E,Tulsa,OK,Unknown,LT 12 BLK 12,2207.11,R IMP,78,"529 29650-03-07-06910 4939 N TRENTON AV E 9,052 R IMP 2,207.11 332.25 | LT 12 BLK 12 CITY OF TULSA | NORTHRIDGE ADDN",High,parsed cleanly
29650-03-07-07270,Unknown,1537 E 48 ST N,Tulsa,OK,Unknown,LT 4 BLK 15,2817.71,R IMP,78,"530 29650-03-07-07270 1537 E 48 ST N 7,626 R IMP 2,817.71 332.25 | LT 4 BLK 15 CITY OF TULSA | NORTHRIDGE ADDN",High,parsed cleanly
29650-03-07-08930,Unknown,1638 E 48 PL N,Tulsa,OK,Unknown,LT 32 BLK 20,822.93,R IMP,78,"531 29650-03-07-08930 1638 E 48 PL N 8,241 R IMP 822.93 348.00 | LT 32 BLK 20 CITY OF TULSA | NORTHRIDGE ADDN",High,parsed cleanly
29675-03-07-09230,Unknown,1901 E 50 PL N,Tulsa,OK,Unknown,LT 25 BLK 22,3437.65,R IMP,78,"532 29675-03-07-09230 1901 E 50 PL N 7,560 R IMP 3,437.65 332.25 | LT 25 BLK 22 CITY OF TULSA | NORTHRIDGE SECOND ADDN AMD",High,parsed cleanly
29675-03-07-09890,Unknown,2017 E 49 ST N,Tulsa,OK,Unknown,LT 11 BLK 25,3010.1,R IMP,78,"533 29675-03-07-09890 2017 E 49 ST N 7,020 R IMP 3,010.10 411.00 | LT 11 BLK 25 CITY OF TULSA | NORTHRIDGE SECOND ADDN AMD",High,parsed cleanly
29675-03-07-10040,Unknown,4823 N XANTHUS AV E,Tulsa,OK,Unknown,LT 11 BLK 26,4393.48,R IMP,79,"534 29675-03-07-10040 4823 N XANTHUS AV E 7,252 R IMP 4,393.48 332.25 | LT 11 BLK 26 CITY OF TULSA | NORTHRIDGE SECOND ADDN AMD",High,parsed cleanly
29775-02-26-04820,Unknown,ADDRESS UNKNOWN,Tulsa,OK,Unknown,LT 12 BLK 8,73.32,R,79,"535 29775-02-26-04820 ADDRESS UNKNOWN 9,462 R 73.32 318.00 | LT 12 BLK 8 CITY OF TULSA | OAK CLIFF ADDN",Medium,partial or unknown address
29775-02-26-04900,Unknown,ADDRESS UNKNOWN,Tulsa,OK,Unknown,LT 20 BLK 8,359.29,R,79,"536 29775-02-26-04900 ADDRESS UNKNOWN 8,910 R 359.29 302.25 | LT 20 BLK 8 CITY OF TULSA | OAK CLIFF ADDN",Medium,partial or unknown address
29775-02-26-04910,Unknown,2220 N DENVER BV W,Tulsa,OK,Unknown,LT 21 BLK 8,3047.69,R IMP,79,"537 29775-02-26-04910 2220 N DENVER BV W 9,180 R IMP 3,047.69 348.00 | LT 21 BLK 8 CITY OF TULSA | OAK CLIFF ADDN",High,parsed cleanly
29775-02-26-05090,Unknown,ADDRESS UNKNOWN,Tulsa,OK,Unknown,LT 2 BLK 10,271.3,R,79,"538 29775-02-26-05090 ADDRESS UNKNOWN 6,500 R 271.30 286.50 | LT 2 BLK 10 CITY OF TULSA | OAK CLIFF ADDN",Medium,partial or unknown address
29775-02-26-05310,Unknown,2215 N DENVER BV W,Tulsa,OK,Unknown,LT 11 BLK 11,2588.38,R IMP,79,"539 29775-02-26-05310 2215 N DENVER BV W 7,585 R IMP 2,588.38 332.25 | LT 11 BLK 11 CITY OF TULSA | OAK CLIFF ADDN",High,parsed cleanly
29775-02-26-05550,Unknown,2120 N MARTIN LUTHER,Unknown,OK,Unknown,LT 1 BLK 13 KING JR B,3174.97,R IMP,79,"540 29775-02-26-05550 2120 N MARTIN LUTHER 7,150 R IMP 3,174.97 348.00 | LT 1 BLK 13 KING JR B | OAK CLIFF ADDN CITY OF TULSA",High,parsed cleanly
29775-02-26-05660,Unknown,1962 N MARTIN LUTHER,Unknown,OK,Unknown,LT 2 BLK 14 KING JR B,666.44,R HS IMP,80,"541 29775-02-26-05660 1962 N MARTIN LUTHER 6,500 R HS IMP 666.44 332.25 | LT 2 BLK 14 KING JR B | OAK CLIFF ADDN CITY OF TULSA",High,parsed cleanly
29775-02-26-05800,Unknown,1923 N MAIN ST E,Tulsa,OK,Unknown,ALL LT 8 N.12.5 LT 9 BLK 16,4778.85,R IMP,80,"542 29775-02-26-05800 1923 N MAIN ST E 8,820 R IMP 4,778.85 332.25 | ALL LT 8 N.12.5 LT 9 BLK 16 CITY OF TULSA | OAK CLIFF ADDN",High,parsed cleanly
30125-03-28-10320,Unknown,4137 E XYLER ST N,Tulsa,OK,Unknown,LT 8 BLK 1,740.59,R,80,"543 30125-03-28-10320 4137 E XYLER ST N 7,500 R 740.59 302.25 | LT 8 BLK 1 CITY OF TULSA | OAK RIDGE ADDN - TULSA",High,parsed cleanly
30125-03-28-10360,Unknown,4117 E XYLER ST N,Tulsa,OK,Unknown,LT 12 BLK 1,3536.03,R IMP,80,"544 30125-03-28-10360 4117 E XYLER ST N 7,000 R IMP 3,536.03 316.50 | LT 12 BLK 1 CITY OF TULSA | OAK RIDGE ADDN - TULSA",High,parsed cleanly
30150-03-28-10630,Unknown,4411 E WOODROW PL N,Tulsa,OK,Unknown,LT 5 BLK 5,2751.17,R HS IMP,80,"545 30150-03-28-10630 4411 E WOODROW PL N 7,500 R HS IMP 2,751.17 348.00 | LT 5 BLK 5 CITY OF TULSA | OAK RIDGE ADDN B5-9",High,parsed cleanly
30200-02-26-07080,Unknown,1916 N ELWOOD AV W,Tulsa,OK,Unknown,S 2' LT 9 & ALL LT 10 & N 12' LT 11 BLK 2,4269.57,R IMP,80,"546 30200-02-26-07080 1916 N ELWOOD AV W 9,792 R IMP 4,269.57 363.75 | S 2' LT 9 & ALL LT 10 & N 12' LT 11 BLK 2 CITY OF TULSA | OAK TERRACE ADDN",High,parsed cleanly
30200-02-26-07150,Unknown,1902 N DENVER AV W,Tulsa,OK,Unknown,LT 7 BLK 3,3688.29,R HS IMP,80,"547 30200-02-26-07150 1902 N DENVER AV W 9,100 R HS IMP 3,688.29 395.25 | LT 7 BLK 3 CITY OF TULSA | OAK TERRACE ADDN",High,parsed cleanly
30550-03-32-12550,Unknown,2516 E INDEPENDENCE,Unknown,OK,Unknown,W 93.5 OF LT 25 & W 93.5 S 10' LT 26 BLK 1 ST N,623.27,R,81,"549 30550-03-32-12550 2516 E INDEPENDENCE 5,640 R 623.27 318.00 | W 93.5 OF LT 25 & W 93.5 S 10' LT 26 BLK 1 ST N | OHIO PLACE ADDN CITY OF TULSA",High,parsed cleanly
30750-92-33-01860,Unknown,ADDRESS UNKNOWN,Tulsa,OK,Unknown,LT 7 BK 14,109.98,R,81,"550 30750-92-33-01860 ADDRESS UNKNOWN 3,500 R 109.98 270.75 | LT 7 BK 14 CITY OF TULSA | OPPORTUNITY HGTS",Medium,partial or unknown address
30750-92-33-01940,Unknown,ADDRESS UNKNOWN,Tulsa,OK,Unknown,LT 19 BLK 14,14.66,R,81,"551 30750-92-33-01940 ADDRESS UNKNOWN 3,294 R 14.66 318.00 | LT 19 BLK 14 CITY OF TULSA | OPPORTUNITY HGTS",Medium,partial or unknown address
30750-92-33-01950,Unknown,ADDRESS UNKNOWN,Tulsa,OK,Unknown,LT 20 BLK 14,7.33,R,81,"552 30750-92-33-01950 ADDRESS UNKNOWN 2,835 R 7.33 318.00 | LT 20 BLK 14 CITY OF TULSA | OPPORTUNITY HGTS",Medium,partial or unknown address
30750-92-33-01960,Unknown,ADDRESS UNKNOWN,Tulsa,OK,Unknown,LT 21 BLK 14,190.64,R,81,"553 30750-92-33-01960 ADDRESS UNKNOWN 5,581 R 190.64 318.00 | LT 21 BLK 14 CITY OF TULSA | OPPORTUNITY HGTS",Medium,partial or unknown address
30800-93-07-13090,Unknown,1701 S ST LOUIS AV,Tulsa,OK,Unknown,LT 12 BLK 20,13965.98,C IMP,81,"554 30800-93-07-13090 1701 S ST LOUIS AV 7,000 C IMP 13,965.98 379.50 | LT 12 BLK 20 CITY OF TULSA | ORCUTT ADDN",High,parsed cleanly
30800-93-07-13120,Unknown,1712 S ST LOUIS AV,Tulsa,OK,Unknown,LT 3 BLK 21,14255.24,C IMP,82,"555 30800-93-07-13120 1712 S ST LOUIS AV 7,000 C IMP 14,255.24 379.50 | LT 3 BLK 21 CITY OF TULSA | ORCUTT ADDN",High,parsed cleanly
30800-93-07-13130,Unknown,1716 S ST LOUIS AV E,Tulsa,OK,Unknown,LT 4 BLK 21,7119.92,R IMP,82,"556 30800-93-07-13130 1716 S ST LOUIS AV E 7,000 R IMP 7,119.92 379.50 | LT 4 BLK 21 CITY OF TULSA | ORCUTT ADDN",High,parsed cleanly
30850-92-02-02940,Unknown,25 N ROSEDALE AV W,Tulsa,OK,Unknown,LTS 3 4 BLK 7,219.97,R,82,"557 30850-92-02-02940 25 N ROSEDALE AV W 7,250 R 219.97 302.25 | LTS 3 4 BLK 7 CITY OF TULSA | OVERLOOK PARK ADDN AMD",High,parsed cleanly
30850-92-02-04230,Unknown,ADDRESS UNKNOWN,Tulsa,OK,Unknown,TRACT 16X20 IN NWCR LT 16 TRACT 4X20 IN SWCR LT,14.66,R,82,558 30850-92-02-04230 ADDRESS UNKNOWN 400 R 14.66 270.75 | TRACT 16X20 IN NWCR LT 16 TRACT 4X20 IN SWCR LT CITY OF TULSA | 17 BLK 17,Medium,partial or unknown address
30875-92-02-04900,Unknown,131 N OLYMPIA AV W,Tulsa,OK,Unknown,N.9 LT 7 ALL LT 8 BLK 12,241.97,R,82,"559 30875-92-02-04900 131 N OLYMPIA AV W 5,535 R 241.97 349.50 | N.9 LT 7 ALL LT 8 BLK 12 CITY OF TULSA | OWEN ADDN AMD",High,parsed cleanly
30925-92-05-03680,Unknown,330 S 49 AV W,Tulsa,OK,Unknown,LT 6 BLK 3,1863.14,R IMP,82,"560 30925-92-05-03680 330 S 49 AV W 8,100 R IMP 1,863.14 332.25 | LT 6 BLK 3 CITY OF TULSA | OWNWELL ADDN",High,parsed cleanly
30950-03-33-14960,Unknown,3337 E KING PL N,Tulsa,OK,Unknown,E 55 W 165 S 144.85 LT 7,5203.47,R IMP,82,"561 30950-03-33-14960 3337 E KING PL N 7,975 R IMP 5,203.47 332.25 | E 55 W 165 S 144.85 LT 7 CITY OF TULSA | OZARK GARDEN FARMS",High,parsed cleanly
31100-93-02-05790,Unknown,538 S 79 AV E,Tulsa,OK,Unknown,LOT-18-BLK-3,6328.03,R IMP,83,"562 31100-93-02-05790 538 S 79 AV E 7,380 R IMP 6,328.03 379.50 | LOT-18-BLK-3 CITY OF TULSA | PAMELA ACRES",High,parsed cleanly
31125-92-27-16750,Unknown,4235 S 26 AV W,Tulsa,OK,Unknown,LT 16 BLK 1 & W5 VAC ALLEY ADJ ON E,5302.8,R IMP,83,"563 31125-92-27-16750 4235 S 26 AV W 7,000 R IMP 5,302.80 332.25 | LT 16 BLK 1 & W5 VAC ALLEY ADJ ON E CITY OF TULSA | PARK ADDN - RED FORK",High,parsed cleanly
31125-92-27-16860,Unknown,4212 S 26 AV W,Tulsa,OK,Unknown,LT 3 BLK 2 & E5 VAC ALLEY ADJ ON W,1097.08,R IMP,83,"564 31125-92-27-16860 4212 S 26 AV W 7,000 R IMP 1,097.08 363.75 | LT 3 BLK 2 & E5 VAC ALLEY ADJ ON W CITY OF TULSA | PARK ADDN - RED FORK",High,parsed cleanly
31125-92-27-17320,Unknown,4107 S SOUTHWEST BV W,Tulsa,OK,Unknown,PRT LT 4 & ALL LT 5 & PRT LT 6 BEG SWC LT 4 TH ON,5774.08,C IMP,83,"565 31125-92-27-17320 4107 S SOUTHWEST BV W 10,302 C IMP 5,774.08 348.00 | PRT LT 4 & ALL LT 5 & PRT LT 6 BEG SWC LT 4 TH ON CITY OF TULSA | CRV LF 53.48 NW115.07 TH ON CRV RT 112.19",High,parsed cleanly
31175-93-06-19415,Unknown,710 S ST LOUIS AV E,Tulsa,OK,Unknown,E/2 LTS 5 & 6 BLK 4,1750.49,R IMP,83,"566 31175-93-06-19415 710 S ST LOUIS AV E 3,500 R IMP 1,750.49 316.50 | E/2 LTS 5 & 6 BLK 4 CITY OF TULSA | PARK DALE AMD",High,parsed cleanly
31175-93-06-19520,Unknown,1520 E 8 ST S,Tulsa,OK,Unknown,W. 56 LTS 1 & 2 & W. 56 OF N 9 LT 3 BLK 5,1627.17,R IMP,83,"567 31175-93-06-19520 1520 E 8 ST S 3,304 R IMP 1,627.17 316.50 | W. 56 LTS 1 & 2 & W. 56 OF N 9 LT 3 BLK 5 CITY OF TULSA | PARK DALE AMD",High,parsed cleanly
31175-93-06-19780,Unknown,807 S ST LOUIS AV E,Tulsa,OK,Unknown,LTS 29 & 30 BLK 6,2640.4,R IMP,84,"568 31175-93-06-19780 807 S ST LOUIS AV E 7,000 R IMP 2,640.40 316.50 | LTS 29 & 30 BLK 6 CITY OF TULSA | PARK DALE AMD",High,parsed cleanly
31275-92-02-10050,Unknown,201 N SANTA FE AV W,Tulsa,OK,Unknown,W 100 LT 17 & W 100 S 20 LT 18 BLK 15,2398.65,R,84,"569 31275-92-02-10050 201 N SANTA FE AV W 4,500 R 2,398.65 349.50 | W 100 LT 17 & W 100 S 20 LT 18 BLK 15 CITY OF TULSA | PARK HILL ADDN AMD",High,parsed cleanly
31350-93-34-03640,Unknown,6021 S HUDSON PL E,Tulsa,OK,Unknown,LOT 20 BLK 14,11896.44,R HS IMP,84,"570 31350-93-34-03640 6021 S HUDSON PL E 12,928 R HS IMP 11,896.44 332.25 | LOT 20 BLK 14 CITY OF TULSA | PARK PLAZA",High,parsed cleanly
31475-93-27-07280,Unknown,4677 S OXFORD AV E,Tulsa,OK,Unknown,LT 12 BLK 2,16890.23,R HS IMP,84,"571 31475-93-27-07280 4677 S OXFORD AV E 11,700 R HS IMP 16,890.23 348.00 | LT 12 BLK 2 CITY OF TULSA | PARK PLAZA FIFTH ADDN",High,parsed cleanly
31530-93-26-08430,Unknown,7031 E 47 ST S,Tulsa,OK,Unknown,LT 24 BLK 3,12443.49,R IMP,84,"572 31530-93-26-08430 7031 E 47 ST S 14,770 R IMP 12,443.49 332.25 | LT 24 BLK 3 CITY OF TULSA | PARK PLAZA SEVENTH AMD",High,parsed cleanly
31700-83-02-02650,Unknown,7017 E 66 PL S,Tulsa,OK,Unknown,LT 5 LESS BEG NEC TH W40 SW110.04 EL LT 5,14442.9,R HS IMP,84,"573 31700-83-02-02650 7017 E 66 PL S 10,283 R HS IMP 14,442.90 363.75 | LT 5 LESS BEG NEC TH W40 SW110.04 EL LT 5 CITY OF TULSA | NLY130.52 POB & PRT LT 6 BEG MOST WLY COR",High,parsed cleanly
31705-83-02-37570,Unknown,7444 E 68 ST S,Tulsa,OK,Unknown,LOT 1 BLK 8,22279.56,R IMP,85,"574 31705-83-02-37570 7444 E 68 ST S 13,310 R IMP 22,279.56 316.50 | LOT 1 BLK 8 CITY OF TULSA | PARK PLAZA SOUTH III",High,parsed cleanly
31750-92-04-08650,Unknown,415 S 37 AV W,Tulsa,OK,Unknown,LT-3-BLK-12,366.63,R,85,"575 31750-92-04-08650 415 S 37 AV W 6,700 R 366.63 318.00 | LT-3-BLK-12 CITY OF TULSA | PARK VIEW PLACE",High,parsed cleanly
32200-83-06-00540,Unknown,6132 S ZUNIS AV E,Tulsa,OK,Unknown,PRT LT 2 BEG SECR TH W140 NLY202 E120 S200 POB,10608.61,R IMP,85,"576 32200-83-06-00540 6132 S ZUNIS AV E 26,733 R IMP 10,608.61 363.75 | PRT LT 2 BEG SECR TH W140 NLY202 E120 S200 POB CITY OF TULSA | PECAN ACRES",High,parsed cleanly
32275-92-04-08950,Unknown,3314 W ARCHER ST N,Tulsa,OK,Unknown,E/2 LT 3 BLK 1,410.62,R,85,"577 32275-92-04-08950 3314 W ARCHER ST N 13,706 R 410.62 365.25 | E/2 LT 3 BLK 1 CITY OF TULSA | PECAN GROVE ADDN",High,parsed cleanly
32325-92-24-04910,Unknown,1114 E 33 PL S,Tulsa,OK,Unknown,E1/2 OF LT 6 BK 2,3277.02,R HS IMP,85,"578 32325-92-24-04910 1114 E 33 PL S 9,240 R HS IMP 3,277.02 316.50 | E1/2 OF LT 6 BK 2 CITY OF TULSA | PEEBLES ADDN",High,parsed cleanly
32800-93-31-07950,Unknown,5131 S WHEELING AV E,Tulsa,OK,Unknown,LT 5 BLK 2,79411.07,C IMP,85,"579 32800-93-31-07950 5131 S WHEELING AV E 43,500 C IMP 79,411.07 363.75 | LT 5 BLK 2 CITY OF TULSA | PERRY'S SUB W435 B2 PERRY'S SUB",High,parsed cleanly
32800-93-31-07990,Unknown,5215 S WHEELING AV E,Tulsa,OK,Unknown,W230 LT 11 BLK 2,13851.01,R HS IMP,85,"580 32800-93-31-07990 5215 S WHEELING AV E 23,000 R HS IMP 13,851.01 348.00 | W230 LT 11 BLK 2 CITY OF TULSA | PERRY'S SUB W435 B2 PERRY'S SUB",High,parsed cleanly
32850-02-25-21330,Unknown,1937 N IROQUOIS AV E,Tulsa,OK,Unknown,S 1/2 LT 2 BLK 1,1844.42,R,86,"581 32850-02-25-21330 1937 N IROQUOIS AV E 21,684 R 1,844.42 318.00 | S 1/2 LT 2 BLK 1 CITY OF TULSA | PERSHING ADDN",High,parsed cleanly
33425-93-05-19540,Unknown,3111 E ADMIRAL PL N,Tulsa,OK,Unknown,PRT LT 18 BEG 63.975W SECR LT 18 TH N152.25,585.94,R,87,"588 33425-93-05-19540 3111 E ADMIRAL PL N 6,382 R 585.94 302.25 | PRT LT 18 BEG 63.975W SECR LT 18 TH N152.25 CITY OF TULSA | W41.92 S152.25 E41.92 POB BLK 1",High,parsed cleanly
33600-02-35-11090,Unknown,1160 N BOSTON AV E,Tulsa,OK,Unknown,LT 5 BLK 3,1645.95,R IMP,87,"589 33600-02-35-11090 1160 N BOSTON AV E 5,720 R IMP 1,645.95 348.00 | LT 5 BLK 3 CITY OF TULSA | THE POUDER AND POMEROY SECOND ADDN AMD",High,parsed cleanly
34014-82-01-14425,Unknown,6632 S PEORIA AV E,Tulsa,OK,Unknown,LT 2 BLK 1,448.18,C,87,"590 34014-82-01-14425 6632 S PEORIA AV E 40,304 C 448.18 302.25 | LT 2 BLK 1 CITY OF TULSA | RAINTREE II AMD RESUB PRT L1B1 RAINTREE II",High,parsed cleanly
34014-82-01-14479,Unknown,6632 S PEORIA AV E,Tulsa,OK,Unknown,LT 3 BLK 1,291.53,C,87,"591 34014-82-01-14479 6632 S PEORIA AV E 23,168 C 291.53 302.25 | LT 3 BLK 1 CITY OF TULSA | RAINTREE II AMD RESUB PRT L1B1 RAINTREE II",High,parsed cleanly
34300-03-32-14720,Unknown,152 N DELAWARE AV E,Tulsa,OK,Unknown,LT 3 BLK 3,4028.93,R IMP,88,"592 34300-03-32-14720 152 N DELAWARE AV E 7,000 R IMP 4,028.93 348.00 | LT 3 BLK 3 CITY OF TULSA | REDDIN ADDN",High,parsed cleanly
34300-03-32-14790,Unknown,124 N DELAWARE AV E,Tulsa,OK,Unknown,LT 10 BLK 3,3029.62,R HS IMP,88,"593 34300-03-32-14790 124 N DELAWARE AV E 7,000 R HS IMP 3,029.62 426.75 | LT 10 BLK 3 CITY OF TULSA | REDDIN ADDN",High,parsed cleanly
34300-03-32-15180,Unknown,115 N COLUMBIA AV E,Tulsa,OK,Unknown,LT 19 BLK 4,2126.3,R IMP,88,"594 34300-03-32-15180 115 N COLUMBIA AV E 7,000 R IMP 2,126.30 316.50 | LT 19 BLK 4 CITY OF TULSA | REDDIN ADDN",High,parsed cleanly
34300-03-32-15230,Unknown,135 N COLUMBIA AV E,Tulsa,OK,Unknown,LT 24 BLK 4,3005.69,R IMP,88,"595 34300-03-32-15230 135 N COLUMBIA AV E 7,000 R IMP 3,005.69 363.75 | LT 24 BLK 4 CITY OF TULSA | REDDIN ADDN",High,parsed cleanly
34300-03-32-15710,Unknown,121 N BIRMINGHAM AV E,Tulsa,OK,Unknown,LT 18 BLK 6,4307.27,R IMP,88,"596 34300-03-32-15710 121 N BIRMINGHAM AV E 7,000 R IMP 4,307.27 316.50 | LT 18 BLK 6 CITY OF TULSA | REDDIN ADDN",High,parsed cleanly
34325-03-32-16040,Unknown,721 N COLUMBIA AV E,Tulsa,OK,Unknown,LT 15 BLK 2,1697.16,R IMP,88,"597 34325-03-32-16040 721 N COLUMBIA AV E 7,000 R IMP 1,697.16 316.50 | LT 15 BLK 2 CITY OF TULSA | REDDINS SECOND ADDN RESUB PRT B1-2 REDDINS",High,parsed cleanly
34375-92-22-05090,Unknown,3822 S 31 AV W,Tulsa,OK,Unknown,LT 4 & E10 VAC ALLEY ADJ ON W BLK 34,5891.41,R IMP,88,"598 34375-92-22-05090 3822 S 31 AV W 15,000 R IMP 5,891.41 348.00 | LT 4 & E10 VAC ALLEY ADJ ON W BLK 34 CITY OF TULSA | RED FORK",High,parsed cleanly
34375-92-22-05940,Unknown,2904 W 40 ST S,Tulsa,OK,Unknown,E 60' LT 1 BLK 47,2163.11,R HS IMP,89,"599 34375-92-22-05940 2904 W 40 ST S 8,700 R HS IMP 2,163.11 348.00 | E 60' LT 1 BLK 47 CITY OF TULSA | RED FORK",High,parsed cleanly
34425-02-25-22000,Unknown,2120 N FRANKFORT PL E,Tulsa,OK,Unknown,LOT-11-BLK-3,1429.85,R IMP,89,"600 34425-02-25-22000 2120 N FRANKFORT PL E 6,325 R IMP 1,429.85 395.25 | LOT-11-BLK-3 CITY OF TULSA | REEDLAWN ADDN",High,parsed cleanly
34600-93-25-02050,Unknown,4732 S 85 AV E,Tulsa,OK,Unknown,LT 56 BK 2,4491.48,R HS IMP,89,"601 34600-93-25-02050 4732 S 85 AV E 7,740 R HS IMP 4,491.48 474.00 | LT 56 BK 2 CITY OF TULSA | REGENCY PARK WEST",High,parsed cleanly
34600-93-25-02750,Unknown,4926 S 86 AV E,Tulsa,OK,Unknown,LT 20 BK 3,6246.97,R HS IMP,89,"602 34600-93-25-02750 4926 S 86 AV E 8,122 R HS IMP 6,246.97 363.75 | LT 20 BK 3 CITY OF TULSA | REGENCY PARK WEST",High,parsed cleanly
34750-02-26-07380,Unknown,2516 N MARTIN LUTHER,Unknown,OK,Unknown,LT-3-BLK-1 KING JR B,5271.47,R IMP,89,"603 34750-02-26-07380 2516 N MARTIN LUTHER 6,500 R IMP 5,271.47 332.25 | LT-3-BLK-1 KING JR B | RESERVOIR HILL ADDN CITY OF TULSA",High,parsed cleanly
34750-02-26-08160,Unknown,2507 N MAIN ST E,Tulsa,OK,Unknown,PRT LTS 9 & 10 BEG SWC LT 9 TH NLY65 ELY TO SECR,3097.02,R IMP,89,"604 34750-02-26-08160 2507 N MAIN ST E 7,535 R IMP 3,097.02 332.25 | PRT LTS 9 & 10 BEG SWC LT 9 TH NLY65 ELY TO SECR CITY OF TULSA | LT 10 S41 WLY TO POB BLK 5",High,parsed cleanly
34750-02-26-08560,Unknown,15 W ZION ST N,Tulsa,OK,Unknown,LOT-13-BLK-8,3651.63,R HS IMP,89,"605 34750-02-26-08560 15 W ZION ST N 8,540 R HS IMP 3,651.63 997.25 | LOT-13-BLK-8 CITY OF TULSA | RESERVOIR HILL ADDN",High,parsed cleanly
34775-02-26-09290,Unknown,2527 N CHEYENNE AV W,Tulsa,OK,Unknown,N.72.4'LESS E. 10' LOT-4-A-BLK-8,505.94,R,90,"606 34775-02-26-09290 2527 N CHEYENNE AV W 8,946 R 505.94 349.50 | N.72.4'LESS E. 10' LOT-4-A-BLK-8 CITY OF TULSA | RESERVOIR HILL ADDN RESUB L1-5 & 14-17 B8",High,parsed cleanly
34800-02-25-22280,Unknown,237 E YOUNG PL N,Tulsa,OK,Unknown,LOT-22-BLK-1,373.96,R,90,"607 34800-02-25-22280 237 E YOUNG PL N 7,000 R 373.96 318.00 | LOT-22-BLK-1 CITY OF TULSA | RESERVOIR VIEW ADDN SUB B3 ACRE GARDENS",High,parsed cleanly
34800-02-25-22520,Unknown,245 E YOUNG ST N,Tulsa,OK,Unknown,LOT-24-BLK-2,1550.2,R HS IMP,90,"608 34800-02-25-22520 245 E YOUNG ST N 7,000 R HS IMP 1,550.20 348.00 | LOT-24-BLK-2 CITY OF TULSA | RESERVOIR VIEW ADDN SUB B3 ACRE GARDENS",High,parsed cleanly
35225-93-16-13890,Unknown,4649 E 24 ST S,Tulsa,OK,Unknown,LT 3 BLK 17,12206.77,R IMP,90,"609 35225-93-16-13890 4649 E 24 ST S 8,710 R IMP 12,206.77 316.50 | LT 3 BLK 17 CITY OF TULSA | RIDGE VIEW ADDN EXT B13-17",High,parsed cleanly
35525-92-13-02040,Unknown,32 E 26 PL S,Tulsa,OK,Unknown,E/2 LT 3 & ALL LT 4 BLK 16,60244.35,R IMP,90,"610 35525-92-13-02040 32 E 26 PL S 27,750 R IMP 60,244.35 332.25 | E/2 LT 3 & ALL LT 4 BLK 16 CITY OF TULSA | RIVERSIDE DRIVE ADDN THIRD AMD",High,parsed cleanly
35725-93-31-08440,Unknown,5737 S QUINCY AV E,Tulsa,OK,Unknown,LOT-11-BLK-2,5526.11,R IMP,90,"611 35725-93-31-08440 5737 S QUINCY AV E 14,310 R IMP 5,526.11 316.50 | LOT-11-BLK-2 CITY OF TULSA | RIVERVIEW ACRES ADDN",High,parsed cleanly
35875-03-30-14960,Unknown,2225 N XANTHUS AV E,Tulsa,OK,Unknown,LT 6 BLK 10,2486.41,R IMP,90,"612 35875-03-30-14960 2225 N XANTHUS AV E 8,142 R IMP 2,486.41 316.50 | LT 6 BLK 10 CITY OF TULSA | ROBERTS ADDN",High,parsed cleanly
35875-03-30-15030,Unknown,2023 E WOODROW ST N,Tulsa,OK,Unknown,LT 13 BLK 10,515.94,R,91,"613 35875-03-30-15030 2023 E WOODROW ST N 8,944 R 515.94 302.25 | LT 13 BLK 10 CITY OF TULSA | ROBERTS ADDN",High,parsed cleanly
35900-03-30-15590,Unknown,2012 E ZION ST N,Tulsa,OK,Unknown,LT 7 BLK 3,4244.24,R IMP,91,"614 35900-03-30-15590 2012 E ZION ST N 7,169 R IMP 4,244.24 332.25 | LT 7 BLK 3 CITY OF TULSA | ROBERTS ADDN B1-3 PRT B4 & B5-6",High,parsed cleanly
35900-03-30-15660,Unknown,2019 E YOUNG PL N,Tulsa,OK,Unknown,LT 14 BLK 3,2971.03,R IMP,91,"615 35900-03-30-15660 2019 E YOUNG PL N 5,830 R IMP 2,971.03 348.00 | LT 14 BLK 3 CITY OF TULSA | ROBERTS ADDN B1-3 PRT B4 & B5-6",High,parsed cleanly
35900-03-30-15790,Unknown,2504 N XANTHUS AV E,Tulsa,OK,Unknown,LT 5BLK 5,4236.24,R IMP,91,"616 35900-03-30-15790 2504 N XANTHUS AV E 7,425 R IMP 4,236.24 332.25 | LT 5BLK 5 CITY OF TULSA | ROBERTS ADDN B1-3 PRT B4 & B5-6",High,parsed cleanly
35900-03-30-16000,Unknown,1817 E YOUNG ST N,Tulsa,OK,Unknown,LT 19 BLK 6,2477.8,R HS IMP,91,"617 35900-03-30-16000 1817 E YOUNG ST N 8,220 R HS IMP 2,477.80 442.50 | LT 19 BLK 6 CITY OF TULSA | ROBERTS ADDN B1-3 PRT B4 & B5-6",High,parsed cleanly
35925-03-30-16220,Unknown,2309 N VICTOR AV E,Tulsa,OK,Unknown,LT 10 BLK 13,2284.19,R HS IMP,91,"618 35925-03-30-16220 2309 N VICTOR AV E 7,502 R HS IMP 2,284.19 332.25 | LT 10 BLK 13 CITY OF TULSA | ROBERTS ADDN B7 & B13-17",High,parsed cleanly
35925-03-30-16670,Unknown,1745 E WOODROW ST N,Tulsa,OK,Unknown,LT 18 BLK 15,3700.96,R IMP,91,"619 35925-03-30-16670 1745 E WOODROW ST N 8,320 R IMP 3,700.96 1,099.75 | LT 18 BLK 15 CITY OF TULSA | ROBERTS ADDN B7 & B13-17",High,parsed cleanly
36000-03-22-02500,Unknown,2629 N MAPLEWOOD AV E,Tulsa,OK,Unknown,LT 13 BLK 2,1944.31,R HS IMP,92,"620 36000-03-22-02500 2629 N MAPLEWOOD AV E 6,968 R HS IMP 1,944.31 316.50 | LT 13 BLK 2 CITY OF TULSA | ROBIN DELL",High,parsed cleanly
36075-03-08-00420,Unknown,2548 E 48 ST N,Tulsa,OK,Unknown,LT 7 BK 4,3840.44,R HS IMP,92,"621 36075-03-08-00420 2548 E 48 ST N 8,520 R HS IMP 3,840.44 316.50 | LT 7 BK 4 CITY OF TULSA | ROBINWOOD",High,parsed cleanly
36090-03-08-00970,Unknown,4721 N BIRMINGHAM PL E,Tulsa,OK,Unknown,LT 4 BK 5,3087.69,R IMP,92,"622 36090-03-08-00970 4721 N BIRMINGHAM PL E 10,664 R IMP 3,087.69 316.50 | LT 4 BK 5 CITY OF TULSA | ROBINWOOD ADDN RESUB B1&5",High,parsed cleanly
36150-93-04-11410,Unknown,ADDRESS UNKNOWN,Tulsa,OK,Unknown,LT 93 LESS HWY BEG NWC TH E39.3 S175.77 TO SL,14.66,R,92,"623 36150-93-04-11410 ADDRESS UNKNOWN 3,500 R 14.66 333.75 | LT 93 LESS HWY BEG NWC TH E39.3 S175.77 TO SL CITY OF TULSA | W23 N175 POB BLK 1",Medium,partial or unknown address
36150-93-04-13930,Unknown,220 S URBANA AV E,Tulsa,OK,Unknown,LT 153 BK 2,4698.86,R IMP,92,"624 36150-93-04-13930 220 S URBANA AV E 7,150 R IMP 4,698.86 316.50 | LT 153 BK 2 CITY OF TULSA | RODGERS HGTS SUB",High,parsed cleanly
36450-02-25-22765,Unknown,747 E READING ST N,Tulsa,OK,Unknown,E41.8 S/2 LT 10 BLK 2,168.64,R,92,"625 36450-02-25-22765 747 E READING ST N 2,698 R 168.64 333.75 | E41.8 S/2 LT 10 BLK 2 CITY OF TULSA | ROOSEVELT ADDN",High,parsed cleanly
36450-02-25-22960,Unknown,749 E QUEEN ST N,Tulsa,OK,Unknown,E 1/2 OF LT 12 BLK 3,9426.15,R IMP,92,"626 36450-02-25-22960 749 E QUEEN ST N 4,550 R IMP 9,426.15 363.75 | E 1/2 OF LT 12 BLK 3 CITY OF TULSA | ROOSEVELT ADDN",High,parsed cleanly
36450-02-25-22970,Unknown,ADDRESS UNKNOWN,Tulsa,OK,Unknown,W 1/2 OF LT 12 BLK 3,219.97,R,93,"627 36450-02-25-22970 ADDRESS UNKNOWN 4,550 R 219.97 302.25 | W 1/2 OF LT 12 BLK 3 CITY OF TULSA | ROOSEVELT ADDN",Medium,partial or unknown address
36450-02-25-23570,Unknown,748 E QUEEN PL N,Tulsa,OK,Unknown,E 1/2 OF LT 10 BLK 6,219.97,R,93,"628 36450-02-25-23570 748 E QUEEN PL N 4,550 R 219.97 318.00 | E 1/2 OF LT 10 BLK 6 CITY OF TULSA | ROOSEVELT ADDN",High,parsed cleanly
36450-02-25-23600,Unknown,743 E QUEEN ST N,Tulsa,OK,Unknown,LT 12 BLK 6,447.28,R,93,"629 36450-02-25-23600 743 E QUEEN ST N 8,990 R 447.28 459.75 | LT 12 BLK 6 CITY OF TULSA | ROOSEVELT ADDN",High,parsed cleanly
36525-94-02-00450,Unknown,142 S 169 AV E,Tulsa,OK,Unknown,LT 15 BLK 2,6294.01,R HS IMP,93,"630 36525-94-02-00450 142 S 169 AV E 7,445 R HS IMP 6,294.01 411.00 | LT 15 BLK 2 CITY OF TULSA | ROSE DEW ADDN",High,parsed cleanly
36525-94-02-01380,Unknown,135 S 166 AV E,Tulsa,OK,Unknown,LT 5 BLK 7,4189.58,R HS IMP,93,"631 36525-94-02-01380 135 S 166 AV E 7,872 R HS IMP 4,189.58 316.50 | LT 5 BLK 7 CITY OF TULSA | ROSE DEW ADDN",High,parsed cleanly
36540-94-02-15330,Unknown,218 S 164 PL E,Tulsa,OK,Unknown,LT 30 BLK 20,10549.61,R HS IMP,93,"632 36540-94-02-15330 218 S 164 PL E 7,326 R HS IMP 10,549.61 395.25 | LT 30 BLK 20 CITY OF TULSA | ROSE DEW THIRD ADDN",High,parsed cleanly
36540-94-02-16310,Unknown,16312 E 4 PL S,Tulsa,OK,Unknown,LT 28 BLK 24,6968.63,R IMP,93,"633 36540-94-02-16310 16312 E 4 PL S 7,440 R IMP 6,968.63 426.75 | LT 28 BLK 24 CITY OF TULSA | ROSE DEW THIRD ADDN",High,parsed cleanly
37050-03-35-12510,Unknown,6615 E NEWTON PL N,Tulsa,OK,Unknown,LT 15 BLK 6,4306.72,R IMP,94,"634 37050-03-35-12510 6615 E NEWTON PL N 12,000 R IMP 4,306.72 316.50 | LT 15 BLK 6 CITY OF TULSA | SAINT PETER AND PAUL SUB",High,parsed cleanly
37175-92-04-09160,Unknown,ADDRESS UNKNOWN,Tulsa,OK,Unknown,LT 2 BLK 4,806.58,R,94,"636 37175-92-04-09160 ADDRESS UNKNOWN 8,820 R 806.58 286.50 | LT 2 BLK 4 CITY OF TULSA | SANTA CRUZ ADDN RESURVEY B4",Medium,partial or unknown address
37225-93-16-14530,Unknown,4021 E 28 ST S,Tulsa,OK,Unknown,LOT 1 BLK 2,1437.18,R,94,"637 37225-93-16-14530 4021 E 28 ST S 9,289 R 1,437.18 318.00 | LOT 1 BLK 2 CITY OF TULSA | SANTA MONICA ADDN RESUB PRT B2-3 EXPOSITION",High,parsed cleanly
37375-03-32-16320,Unknown,2601 E MARSHALL ST N,Tulsa,OK,Unknown,LT 20 BLK 1,3183.01,R IMP,94,"638 37375-03-32-16320 2601 E MARSHALL ST N 9,577 R IMP 3,183.01 332.25 | LT 20 BLK 1 CITY OF TULSA | SEQUOYAH PLACE SUB OF CHEROKEE ACRES",High,parsed cleanly
37425-04-21-00950,Unknown,E APACHE ST N,Tulsa,OK,Unknown,BLK 1,7347.26,C,94,"639 37425-04-21-00950 E APACHE ST N 422,083 C 7,347.26 270.75 | BLK 1 CITY OF TULSA | SEWELL INDUSTRIAL DISTRICT",Medium,partial or unknown address
37450-93-21-12640,Unknown,3247 S HARVARD AV E,Tulsa,OK,Unknown,S 50 OF LT 1 & S 50 OF W 60' OF LT 2,8985.1,C IMP,95,"643 37450-93-21-12640 3247 S HARVARD AV E 6,500 C IMP 8,985.10 316.50 | S 50 OF LT 1 & S 50 OF W 60' OF LT 2 CITY OF TULSA | SHAFER HGTS ADDN SUB TR 13-14 ALBERT PIKE",High,parsed cleanly
37650-02-12-03790,Unknown,5204 N KENOSHA AV E,Tulsa,OK,Unknown,LOT-22-BLK-2,2137.19,R IMP,95,"644 37650-02-12-03790 5204 N KENOSHA AV E 8,990 R IMP 2,137.19 316.50 | LOT-22-BLK-2 CITY OF TULSA | SHARON HGTS ADDN",High,parsed cleanly
37650-02-12-04010,Unknown,811 E 53 ST N,Tulsa,OK,Unknown,LOT-17-BLK-3,2256.82,R IMP,96,"645 37650-02-12-04010 811 E 53 ST N 7,812 R IMP 2,256.82 316.50 | LOT-17-BLK-3 CITY OF TULSA | SHARON HGTS ADDN",High,parsed cleanly
37650-02-12-04020,Unknown,817 E 53 ST N,Tulsa,OK,Unknown,LOT-18-BLK -3,2987.7,R IMP,96,"646 37650-02-12-04020 817 E 53 ST N 7,812 R IMP 2,987.70 348.00 | LOT-18-BLK -3 CITY OF TULSA | SHARON HGTS ADDN",High,parsed cleanly
37650-02-12-04250,Unknown,834 E 53 ST N,Tulsa,OK,Unknown,LOT-10-BLK-4,3394.99,R IMP,96,"647 37650-02-12-04250 834 E 53 ST N 7,560 R IMP 3,394.99 348.00 | LOT-10-BLK-4 CITY OF TULSA | SHARON HGTS ADDN",High,parsed cleanly
37650-02-12-04530,Unknown,868 E 52 PL N,Tulsa,OK,Unknown,LOT-5-BLK-5,3271.21,R IMP,96,"648 37650-02-12-04530 868 E 52 PL N 7,200 R IMP 3,271.21 332.25 | LOT-5-BLK-5 CITY OF TULSA | SHARON HGTS ADDN",High,parsed cleanly
37650-02-12-04930,Unknown,824 E 52 ST N,Tulsa,OK,Unknown,LOT-8-BLK-6,2546.41,R IMP,96,"649 37650-02-12-04930 824 E 52 ST N 7,200 R IMP 2,546.41 332.25 | LOT-8-BLK-6 CITY OF TULSA | SHARON HGTS ADDN",High,parsed cleanly
37650-02-12-05550,Unknown,806 E 51 PL N,Tulsa,OK,Unknown,LOT-25-BLK-8,2037.12,R IMP,96,"650 37650-02-12-05550 806 E 51 PL N 7,259 R IMP 2,037.12 332.25 | LOT-25-BLK-8 CITY OF TULSA | SHARON HGTS ADDN",High,parsed cleanly
37690-02-12-05880,Unknown,5235 N NORFOLK AV E,Tulsa,OK,Unknown,LOT 7 BLK 10,322.63,R,96,"651 37690-02-12-05880 5235 N NORFOLK AV E 8,316 R 322.63 349.50 | LOT 7 BLK 10 CITY OF TULSA | SHARON HGTS ADDN B10 SUB PRT RES A SHARON",High,parsed cleanly
37740-92-04-09290,Unknown,504 S 37 AV W,Tulsa,OK,Unknown,LOT 11 & N 13' LOT 10 BLK 2,2137.78,R HS IMP,97,"652 37740-92-04-09290 504 S 37 AV W 11,455 R HS IMP 2,137.78 332.25 | LOT 11 & N 13' LOT 10 BLK 2 CITY OF TULSA | SHELL PLACE",High,parsed cleanly
37775-93-03-07050,Unknown,6126 E 3 ST S,Tulsa,OK,Unknown,LOT 5 BLK 2,4503.56,R IMP,97,"653 37775-93-03-07050 6126 E 3 ST S 9,112 R IMP 4,503.56 130.00 | LOT 5 BLK 2 CITY OF TULSA | SHERIDAN HGTS ADDN",High,parsed cleanly
37800-93-02-09000,Unknown,6535 E 5 ST S,Tulsa,OK,Unknown,LT 20 BLK 4,5443.44,R HS IMP,97,"654 37800-93-02-09000 6535 E 5 ST S 6,700 R HS IMP 5,443.44 348.00 | LT 20 BLK 4 CITY OF TULSA | SHERIDAN HILLS",High,parsed cleanly
37800-93-02-09080,Unknown,6526 E 5 ST S,Tulsa,OK,Unknown,LT 6 BLK 5,4146.25,R IMP,97,"655 37800-93-02-09080 6526 E 5 ST S 6,700 R IMP 4,146.25 363.75 | LT 6 BLK 5 CITY OF TULSA | SHERIDAN HILLS",High,parsed cleanly
37800-93-02-09760,Unknown,7111 E 5 PL S,Tulsa,OK,Unknown,LT 15 W 12 1/2 LT 16 BLK 8,4333.7,R HS IMP,97,"656 37800-93-02-09760 7111 E 5 PL S 8,431 R HS IMP 4,333.70 316.50 | LT 15 W 12 1/2 LT 16 BLK 8 CITY OF TULSA | SHERIDAN HILLS",High,parsed cleanly
37800-93-02-09990,Unknown,7107 E 6 ST S,Tulsa,OK,Unknown,LT 14 BLK 9,4406.22,R IMP,97,"657 37800-93-02-09990 7107 E 6 ST S 6,700 R IMP 4,406.22 348.00 | LT 14 BLK 9 CITY OF TULSA | SHERIDAN HILLS",High,parsed cleanly
37800-93-02-10710,Unknown,6526 E 6 ST S,Tulsa,OK,Unknown,LT 6 BLK 13,2762.79,R HS IMP,97,"658 37800-93-02-10710 6526 E 6 ST S 6,700 R HS IMP 2,762.79 332.25 | LT 6 BLK 13 CITY OF TULSA | SHERIDAN HILLS",High,parsed cleanly
37800-93-02-11150,Unknown,7132 E 6 ST S,Tulsa,OK,Unknown,LT 5 BLK 16,8892.44,R IMP,98,"659 37800-93-02-11150 7132 E 6 ST S 6,700 R IMP 8,892.44 316.50 | LT 5 BLK 16 CITY OF TULSA | SHERIDAN HILLS",High,parsed cleanly
37825-93-02-13740,Unknown,6924 E 9 ST S,Tulsa,OK,Unknown,LT 6 BLK 3,2416.05,R HS IMP,98,"660 37825-93-02-13740 6924 E 9 ST S 7,656 R HS IMP 2,416.05 348.00 | LT 6 BLK 3 CITY OF TULSA | SHERIDAN HILLS 2ND ADDN RESUB PRT B23-25 & ALL",High,parsed cleanly
38125-92-27-17970,Unknown,4427 S ZENITH AV W,Tulsa,OK,Unknown,LT 7 BK 2,7627.9,R IMP,98,"661 38125-92-27-17970 4427 S ZENITH AV W 10,033 R IMP 7,627.90 348.00 | LT 7 BK 2 CITY OF TULSA | SHERWOOD FOREST",High,parsed cleanly
38200-92-26-00840,Unknown,4629 S UNION AV W,Tulsa,OK,Unknown,LT 2 BLK 1,5454.78,R IMP,98,"662 38200-92-26-00840 4629 S UNION AV W 9,750 R IMP 5,454.78 332.25 | LT 2 BLK 1 CITY OF TULSA | SHROFF SUB",High,parsed cleanly
38575-03-28-11870,Unknown,4261 E YOUNG PL N,Tulsa,OK,Unknown,LOT 8 BLK 5,2808.37,R HS IMP,98,"663 38575-03-28-11870 4261 E YOUNG PL N 7,480 R HS IMP 2,808.37 348.00 | LOT 8 BLK 5 CITY OF TULSA | SMITHDALE",High,parsed cleanly
38575-03-28-12400,Unknown,2428 N VANDALIA AV E,Tulsa,OK,Unknown,LOT 21 BLK 8,2931.67,R HS IMP,98,"664 38575-03-28-12400 2428 N VANDALIA AV E 8,340 R HS IMP 2,931.67 379.50 | LOT 21 BLK 8 CITY OF TULSA | SMITHDALE",High,parsed cleanly
38575-03-28-12560,Unknown,2443 N VANDALIA AV E,Tulsa,OK,Unknown,LOT 7 BLK 9,3480.31,R IMP,98,"665 38575-03-28-12560 2443 N VANDALIA AV E 7,380 R IMP 3,480.31 348.00 | LOT 7 BLK 9 CITY OF TULSA | SMITHDALE",High,parsed cleanly
38605-92-05-03875,Unknown,ADDRESS UNKNOWN,Tulsa,OK,Unknown,W10 OF E156.5 OF LT 3 BLK 1,14.66,R,99,"666 38605-92-05-03875 ADDRESS UNKNOWN 1,320 R 14.66 270.75 | W10 OF E156.5 OF LT 3 BLK 1 CITY OF TULSA | SMITH'S SUB",Medium,partial or unknown address
38605-92-05-04540,Unknown,5145 W 6 ST S,Tulsa,OK,Unknown,W.110 S 1/2 LOT 7 BLK 2,3582.97,R IMP,99,"667 38605-92-05-04540 5145 W 6 ST S 7,260 R IMP 3,582.97 348.00 | W.110 S 1/2 LOT 7 BLK 2 CITY OF TULSA | SMITH'S SUB",High,parsed cleanly
38675-93-10-06110,Unknown,1321 S DARLINGTON AV E,Tulsa,OK,Unknown,LT 16 BLK 3,1603.63,R HS IMP,99,"668 38675-93-10-06110 1321 S DARLINGTON AV E 8,460 R HS IMP 1,603.63 316.50 | LT 16 BLK 3 CITY OF TULSA | SMITHVILLE ADDN",High,parsed cleanly
38950-03-27-10040,Unknown,1715 N MAPLEWOOD AV E,Tulsa,OK,Unknown,LT 10 BLK 2,1065.22,R,99,"669 38950-03-27-10040 1715 N MAPLEWOOD AV E 10,640 R 1,065.22 349.50 | LT 10 BLK 2 CITY OF TULSA | SOUTH DAWSON ADDN",High,parsed cleanly
38950-03-27-10050,Unknown,1712 N MAPLEWOOD AV E,Tulsa,OK,Unknown,LT 1 & N 2'LT 2 BLK 3,2045.79,R IMP,99,"670 38950-03-27-10050 1712 N MAPLEWOOD AV E 9,262 R IMP 2,045.79 379.50 | LT 1 & N 2'LT 2 BLK 3 CITY OF TULSA | SOUTH DAWSON ADDN",High,parsed cleanly
38975-92-33-02580,Unknown,ADDRESS UNKNOWN,Tulsa,OK,Unknown,LTS 18 & 19 BLK 4,239.3,R,99,"671 38975-92-33-02580 ADDRESS UNKNOWN 6,500 R 239.30 286.50 | LTS 18 & 19 BLK 4 CITY OF TULSA | SOUTH HAVEN AMD",Medium,partial or unknown address
38975-92-33-02600,Unknown,ADDRESS UNKNOWN,Tulsa,OK,Unknown,LTS 20 & 21 BLK 4,239.3,R,99,"672 38975-92-33-02600 ADDRESS UNKNOWN 6,500 R 239.30 286.50 | LTS 20 & 21 BLK 4 CITY OF TULSA | SOUTH HAVEN AMD",Medium,partial or unknown address
38975-92-33-02620,Unknown,3751 W 52 PL S,Tulsa,OK,Unknown,LOTS 22 23 BLK 4,6022.06,R IMP,100,"673 38975-92-33-02620 3751 W 52 PL S 6,500 R IMP 6,022.06 316.50 | LOTS 22 23 BLK 4 CITY OF TULSA | SOUTH HAVEN AMD",High,parsed cleanly
38975-92-33-02630,Unknown,ADDRESS UNKNOWN,Tulsa,OK,Unknown,LOTS 24 25 BLK 4,239.3,R,100,"674 38975-92-33-02630 ADDRESS UNKNOWN 6,500 R 239.30 286.50 | LOTS 24 25 BLK 4 CITY OF TULSA | SOUTH HAVEN AMD",Medium,partial or unknown address
38975-92-33-02640,Unknown,3715 W 52 PL S,Tulsa,OK,Unknown,LOTS 26 & 27 BLK 4,239.3,R,100,"675 38975-92-33-02640 3715 W 52 PL S 6,500 R 239.30 286.50 | LOTS 26 & 27 BLK 4 CITY OF TULSA | SOUTH HAVEN AMD",High,parsed cleanly
38975-92-33-02840,Unknown,3735 W 53 PL S,Tulsa,OK,Unknown,LOT 18 BLK 5,288.63,R,100,"676 38975-92-33-02840 3735 W 53 PL S 3,375 R 288.63 302.25 | LOT 18 BLK 5 CITY OF TULSA | SOUTH HAVEN AMD",High,parsed cleanly
38975-92-33-02850,Unknown,3733 W 53 PL S,Tulsa,OK,Unknown,LOT 19 BLK 5,288.63,R,100,"677 38975-92-33-02850 3733 W 53 PL S 3,375 R 288.63 302.25 | LOT 19 BLK 5 CITY OF TULSA | SOUTH HAVEN AMD",High,parsed cleanly
38975-92-33-03420,Unknown,3704 W 55 ST S,Tulsa,OK,Unknown,LOT 1 2 BLK 8,219.97,R,100,"678 38975-92-33-03420 3704 W 55 ST S 6,750 R 219.97 302.25 | LOT 1 2 BLK 8 CITY OF TULSA | SOUTH HAVEN AMD",High,parsed cleanly
38975-92-33-04780,Unknown,ADDRESS UNKNOWN,Tulsa,OK,Unknown,LOT 22 BLK 23,146.65,R,100,"679 38975-92-33-04780 ADDRESS UNKNOWN 3,375 R 146.65 302.25 | LOT 22 BLK 23 CITY OF TULSA | SOUTH HAVEN AMD",Medium,partial or unknown address
38975-92-33-05400,Unknown,ADDRESS UNKNOWN,Tulsa,OK,Unknown,LOT 32 BLK 26,165.98,R,101,"680 38975-92-33-05400 ADDRESS UNKNOWN 3,375 R 165.98 270.75 | LOT 32 BLK 26 CITY OF TULSA | SOUTH HAVEN AMD",Medium,partial or unknown address
38975-92-33-05410,Unknown,ADDRESS UNKNOWN,Tulsa,OK,Unknown,N 1/2 LT 33 34 BLK 26,164.65,R,101,"681 38975-92-33-05410 ADDRESS UNKNOWN 3,400 R 164.65 286.50 | N 1/2 LT 33 34 BLK 26 CITY OF TULSA | SOUTH HAVEN AMD",Medium,partial or unknown address
39115-93-32-05010,Unknown,5623 S BIRMINGHAM AV E,Tulsa,OK,Unknown,LT 9 BLK 1,10044.99,R HS IMP,101,"682 39115-93-32-05010 5623 S BIRMINGHAM AV E 14,496 R HS IMP 10,044.99 676.75 | LT 9 BLK 1 CITY OF TULSA | SOUTH LEWIS TERRACE AMD",High,parsed cleanly
39625-93-32-07250,Unknown,6022 S BIRMINGHAM PL E,Tulsa,OK,Unknown,LT 7 BLK 10,28719.91,R HS IMP,101,"684 39625-93-32-07250 6022 S BIRMINGHAM PL E 14,690 R HS IMP 28,719.91 332.25 | LT 7 BLK 10 CITY OF TULSA | SOUTHERN HILLS MANOR ADDN AMD",High,parsed cleanly
39975-83-03-02200,Unknown,5810 E 62 PL S,Tulsa,OK,Unknown,LT 1 BLK 9,12107.63,R HS IMP,101,"685 39975-83-03-02200 5810 E 62 PL S 12,285 R HS IMP 12,107.63 316.50 | LT 1 BLK 9 CITY OF TULSA | SOUTHMONT ESTATES EXT",High,parsed cleanly
40100-03-26-09070,Unknown,6719 E QUEEN ST N,Tulsa,OK,Unknown,LT 20 BLK 4,2336.85,R HS IMP,102,"686 40100-03-26-09070 6719 E QUEEN ST N 8,550 R HS IMP 2,336.85 332.25 | LT 20 BLK 4 CITY OF TULSA | SPARTAN COURT SECOND ADDN",High,parsed cleanly
40250-03-31-14169,Unknown,ADDRESS UNKNOWN,Tulsa,OK,Unknown,S12.5 W48.33 N/2 LT 21,14.66,R,102,687 40250-03-31-14169 ADDRESS UNKNOWN 604 R 14.66 302.25 | S12.5 W48.33 N/2 LT 21 CITY OF TULSA | SPRINGDALE ACRE LOT ADDN,Medium,partial or unknown address
40250-03-31-14179,Unknown,ADDRESS UNKNOWN,Tulsa,OK,Unknown,S12.5 N/2 E48.34 W96.67 LT 21,14.66,R,102,688 40250-03-31-14179 ADDRESS UNKNOWN 604 R 14.66 270.75 | S12.5 N/2 E48.34 W96.67 LT 21 CITY OF TULSA | SPRINGDALE ACRE LOT ADDN,Medium,partial or unknown address
40250-03-31-14189,Unknown,ADDRESS UNKNOWN,Tulsa,OK,Unknown,S12.5 N/2 E48.33 LT 21,14.66,R,102,689 40250-03-31-14189 ADDRESS UNKNOWN 604 R 14.66 302.25 | S12.5 N/2 E48.33 LT 21 CITY OF TULSA | SPRINGDALE ACRE LOT ADDN,Medium,partial or unknown address
40250-03-31-14269,Unknown,ADDRESS UNKNOWN,Tulsa,OK,Unknown,S15 N175 W45 LT 23,14.66,R,102,690 40250-03-31-14269 ADDRESS UNKNOWN 675 R 14.66 302.25 | S15 N175 W45 LT 23 CITY OF TULSA | SPRINGDALE ACRE LOT ADDN,Medium,partial or unknown address
40250-03-31-14910,Unknown,1945 E NEWTON ST N,Tulsa,OK,Unknown,W50 E124 S127.5 LT 42,1613.17,R IMP,102,"691 40250-03-31-14910 1945 E NEWTON ST N 6,375 R IMP 1,613.17 332.25 | W50 E124 S127.5 LT 42 CITY OF TULSA | SPRINGDALE ACRE LOT ADDN",High,parsed cleanly
40250-03-31-15060,Unknown,2116 E NEWTON PL N,Tulsa,OK,Unknown,W 50' OF S 127.5 OF N 147.5 OF LT 44,2266.44,R IMP,102,"692 40250-03-31-15060 2116 E NEWTON PL N 6,400 R IMP 2,266.44 332.25 | W 50' OF S 127.5 OF N 147.5 OF LT 44 CITY OF TULSA | SPRINGDALE ACRE LOT ADDN",High,parsed cleanly
40250-03-31-15190,Unknown,2143 E NEWTON ST N,Tulsa,OK,Unknown,W 50 S 127.5 LT 46,1778.61,R IMP,103,"693 40250-03-31-15190 2143 E NEWTON ST N 6,400 R IMP 1,778.61 316.50 | W 50 S 127.5 LT 46 CITY OF TULSA | SPRINGDALE ACRE LOT ADDN",High,parsed cleanly
40275-03-20-09190,Unknown,ADDRESS UNKNOWN,Tulsa,OK,Unknown,A TRI LT 3 BEG SEC TH W 50 NE 97.89 S 84.46 TO BEG,7.33,R,103,"694 40275-03-20-09190 ADDRESS UNKNOWN 2,112 R 7.33 270.75 | A TRI LT 3 BEG SEC TH W 50 NE 97.89 S 84.46 TO BEG CITY OF TULSA | BLK 4",Medium,partial or unknown address
40275-03-20-09250,Unknown,ADDRESS UNKNOWN,Tulsa,OK,Unknown,A TRI IN LT 19 BLK 4 BEG SEC TH N 27.18' SW 36.73' E,7.33,R,103,695 40275-03-20-09250 ADDRESS UNKNOWN 340 R 7.33 302.25 | A TRI IN LT 19 BLK 4 BEG SEC TH N 27.18' SW 36.73' E CITY OF TULSA | 25' TO BEG,Medium,partial or unknown address
40275-03-20-09640,Unknown,2611 E 29 ST N,Tulsa,OK,Unknown,LT 16 BLK 6,848.58,R IMP,103,"696 40275-03-20-09640 2611 E 29 ST N 6,800 R IMP 848.58 348.00 | LT 16 BLK 6 CITY OF TULSA | SQUARE DEAL",High,parsed cleanly
40325-94-17-06480,Unknown,2479 S 127 AV E,Tulsa,OK,Unknown,LT 25 BLK 3,5632.77,R IMP,103,"697 40325-94-17-06480 2479 S 127 AV E 7,322 R IMP 5,632.77 332.25 | LT 25 BLK 3 CITY OF TULSA | STACEY LYNN ADDN",High,parsed cleanly
40325-94-17-06900,Unknown,2519 S 126 AV E,Tulsa,OK,Unknown,LT 29 BLK 4,3988.93,R IMP,103,"698 40325-94-17-06900 2519 S 126 AV E 7,320 R IMP 3,988.93 316.50 | LT 29 BLK 4 CITY OF TULSA | STACEY LYNN ADDN",High,parsed cleanly
40375-94-08-07940,Unknown,1640 S 128 AV E,Tulsa,OK,Unknown,LOT 34 BLK 4,6791.32,R IMP,103,"699 40375-94-08-07940 1640 S 128 AV E 7,082 R IMP 6,791.32 348.00 | LOT 34 BLK 4 CITY OF TULSA | STACEY LYNN THIRD AMD",High,parsed cleanly
40375-94-08-08140,Unknown,12604 E 17 ST S,Tulsa,OK,Unknown,LOT 15 BLK 5,2643.42,R HS IMP,104,"700 40375-94-08-08140 12604 E 17 ST S 7,200 R HS IMP 2,643.42 332.25 | LOT 15 BLK 5 CITY OF TULSA | STACEY LYNN THIRD AMD",High,parsed cleanly
40525-02-24-08720,Unknown,ADDRESS UNKNOWN,Tulsa,OK,Unknown,LT 7 LESS BEG NEC TH S30 NW81.87 E76.24 POB BLK 2,36.66,R,104,"701 40525-02-24-08720 ADDRESS UNKNOWN 7,000 R 36.66 286.50 | LT 7 LESS BEG NEC TH S30 NW81.87 E76.24 POB BLK 2 CITY OF TULSA | STANDARD HGTS AMD",Medium,partial or unknown address
40525-02-24-08740,Unknown,ADDRESS UNKNOWN,Tulsa,OK,Unknown,LOT-9-BLK-2,36.66,R,104,"702 40525-02-24-08740 ADDRESS UNKNOWN 7,000 R 36.66 302.25 | LOT-9-BLK-2 CITY OF TULSA | STANDARD HGTS AMD",Medium,partial or unknown address
40525-02-24-08940,Unknown,3002 N GARRISON AV E,Tulsa,OK,Unknown,LT 13 BLK 3,579.27,R,104,"703 40525-02-24-08940 3002 N GARRISON AV E 7,000 R 579.27 302.25 | LT 13 BLK 3 CITY OF TULSA | STANDARD HGTS AMD",High,parsed cleanly
40525-02-24-09360,Unknown,2803 N FRANKFORT AV E,Tulsa,OK,Unknown,LOT-12-BLK-5,1841.81,R IMP,104,"704 40525-02-24-09360 2803 N FRANKFORT AV E 10,080 R IMP 1,841.81 348.00 | LOT-12-BLK-5 CITY OF TULSA | STANDARD HGTS AMD",High,parsed cleanly
40525-02-24-09480,Unknown,ADDRESS UNKNOWN,Tulsa,OK,Unknown,LOT-1-BLK-6,36.66,R,104,"705 40525-02-24-09480 ADDRESS UNKNOWN 7,000 R 36.66 302.25 | LOT-1-BLK-6 CITY OF TULSA | STANDARD HGTS AMD",Medium,partial or unknown address
40525-02-24-09490,Unknown,ADDRESS UNKNOWN,Tulsa,OK,Unknown,LOT-2-BLK-6,36.66,R,104,"706 40525-02-24-09490 ADDRESS UNKNOWN 7,000 R 36.66 302.25 | LOT-2-BLK-6 CITY OF TULSA | STANDARD HGTS AMD",Medium,partial or unknown address
40525-02-24-09500,Unknown,ADDRESS UNKNOWN,Tulsa,OK,Unknown,LOT-3-BLK-6,36.66,R,105,"707 40525-02-24-09500 ADDRESS UNKNOWN 7,000 R 36.66 302.25 | LOT-3-BLK-6 CITY OF TULSA | STANDARD HGTS AMD",Medium,partial or unknown address
40525-02-24-09660,Unknown,ADDRESS UNKNOWN,Tulsa,OK,Unknown,S. 1/2 LT-19-BLK-6,36.66,C,105,"708 40525-02-24-09660 ADDRESS UNKNOWN 3,500 C 36.66 286.50 | S. 1/2 LT-19-BLK-6 CITY OF TULSA | STANDARD HGTS AMD",Medium,partial or unknown address
40525-02-24-09740,Unknown,2839 N GARRISON AV E,Tulsa,OK,Unknown,LT-3-BLK-7,36.66,R,105,"709 40525-02-24-09740 2839 N GARRISON AV E 7,000 R 36.66 318.00 | LT-3-BLK-7 CITY OF TULSA | STANDARD HGTS AMD",High,parsed cleanly
40525-02-24-09880,Unknown,ADDRESS UNKNOWN,Tulsa,OK,Unknown,LT-16-BLK-7,241.97,R,105,"710 40525-02-24-09880 ADDRESS UNKNOWN 7,000 R 241.97 302.25 | LT-16-BLK-7 CITY OF TULSA | STANDARD HGTS AMD",Medium,partial or unknown address
40525-02-24-09960,Unknown,620 E 30 ST N,Tulsa,OK,Unknown,LOT-24-BLK-7,183.31,R,105,"711 40525-02-24-09960 620 E 30 ST N 7,000 R 183.31 302.25 | LOT-24-BLK-7 CITY OF TULSA | STANDARD HGTS AMD",High,parsed cleanly
40525-02-24-09980,Unknown,ADDRESS UNKNOWN,Tulsa,OK,Unknown,LT-2-BLK-8,36.66,R,105,"712 40525-02-24-09980 ADDRESS UNKNOWN 7,000 R 36.66 318.00 | LT-2-BLK-8 CITY OF TULSA | STANDARD HGTS AMD",Medium,partial or unknown address
40525-02-24-11490,Unknown,ADDRESS UNKNOWN,Tulsa,OK,Unknown,W-51' LOT-13-BLK-16,29.33,R,105,"713 40525-02-24-11490 ADDRESS UNKNOWN 3,519 R 29.33 349.50 | W-51' LOT-13-BLK-16 CITY OF TULSA | STANDARD HGTS AMD",Medium,partial or unknown address
40525-02-24-11510,Unknown,ADDRESS UNKNOWN,Tulsa,OK,Unknown,W1/2 LOT-14-BLK-16,21.99,R,106,"714 40525-02-24-11510 ADDRESS UNKNOWN 3,326 R 21.99 286.50 | W1/2 LOT-14-BLK-16 CITY OF TULSA | STANDARD HGTS AMD",Medium,partial or unknown address
40800-02-13-04700,Unknown,4309 N KENOSHA AV E,Tulsa,OK,Unknown,LT 22 BK 1,3142.35,R IMP,106,"715 40800-02-13-04700 4309 N KENOSHA AV E 9,802 R IMP 3,142.35 316.50 | LT 22 BK 1 CITY OF TULSA | SUBURBAN ACRES AMD",High,parsed cleanly
40800-02-13-05180,Unknown,4546 N JOHNSTOWN AV E,Tulsa,OK,Unknown,LT 2 BK 3,2546.41,R IMP,106,"716 40800-02-13-05180 4546 N JOHNSTOWN AV E 7,866 R IMP 2,546.41 332.25 | LT 2 BK 3 CITY OF TULSA | SUBURBAN ACRES AMD",High,parsed cleanly
40800-02-13-06020,Unknown,4523 N HARTFORD AV E,Tulsa,OK,Unknown,LT 40 BK 4,2804.38,R IMP,106,"717 40800-02-13-06020 4523 N HARTFORD AV E 7,809 R IMP 2,804.38 332.25 | LT 40 BK 4 CITY OF TULSA | SUBURBAN ACRES AMD",High,parsed cleanly
40800-02-13-06100,Unknown,4246 N IROQUOIS AV E,Tulsa,OK,Unknown,LT 2 BK 5,2614.4,R IMP,106,"718 40800-02-13-06100 4246 N IROQUOIS AV E 8,905 R IMP 2,614.40 348.00 | LT 2 BK 5 CITY OF TULSA | SUBURBAN ACRES AMD",High,parsed cleanly
40800-02-13-06600,Unknown,706 E 42 ST N,Tulsa,OK,Unknown,LT 17 BK 7,2555.07,R IMP,106,"719 40800-02-13-06600 706 E 42 ST N 10,000 R IMP 2,555.07 348.00 | LT 17 BK 7 CITY OF TULSA | SUBURBAN ACRES AMD",High,parsed cleanly
40800-02-13-06680,Unknown,4213 N IROQUOIS AV E,Tulsa,OK,Unknown,LT 25 BK 7,1416.75,R IMP,106,"720 40800-02-13-06680 4213 N IROQUOIS AV E 9,100 R IMP 1,416.75 316.50 | LT 25 BK 7 CITY OF TULSA | SUBURBAN ACRES AMD",High,parsed cleanly
40800-02-13-06720,Unknown,4251 N KENOSHA AV E,Tulsa,OK,Unknown,PT. LTS 1 2 & BLK 8 S. 3' LT 1 & N.54' LT 2,2920.37,R IMP,107,"721 40800-02-13-06720 4251 N KENOSHA AV E 9,690 R IMP 2,920.37 316.50 | PT. LTS 1 2 & BLK 8 S. 3' LT 1 & N.54' LT 2 CITY OF TULSA | SUBURBAN ACRES AMD",High,parsed cleanly
40800-02-13-06735,Unknown,ADDRESS UNKNOWN,Tulsa,OK,Unknown,LT 3 LESS N55 THEREOF BLK 8,7.33,R,107,722 40800-02-13-06735 ADDRESS UNKNOWN 169 R 7.33 318.00 | LT 3 LESS N55 THEREOF BLK 8 CITY OF TULSA | SUBURBAN ACRES AMD,Medium,partial or unknown address
40825-02-13-07800,Unknown,4348 N GARRISON AV E,Tulsa,OK,Unknown,LT 8 BLK 5,2597.74,R IMP,107,"723 40825-02-13-07800 4348 N GARRISON AV E 8,160 R IMP 2,597.74 332.25 | LT 8 BLK 5 CITY OF TULSA | SUBURBAN ACRES SECOND",High,parsed cleanly
40825-02-13-08250,Unknown,4309 N GARRISON AV E,Tulsa,OK,Unknown,LT 19 BLK 6,2623.07,R IMP,107,"724 40825-02-13-08250 4309 N GARRISON AV E 8,160 R IMP 2,623.07 316.50 | LT 19 BLK 6 CITY OF TULSA | SUBURBAN ACRES SECOND",High,parsed cleanly
40825-02-13-08310,Unknown,4337 N GARRISON AV E,Tulsa,OK,Unknown,LT 25 BLK 6,1697.16,R IMP,107,"725 40825-02-13-08310 4337 N GARRISON AV E 8,160 R IMP 1,697.16 332.25 | LT 25 BLK 6 CITY OF TULSA | SUBURBAN ACRES SECOND",High,parsed cleanly
40825-02-13-08350,Unknown,4355 N GARRISON AV E,Tulsa,OK,Unknown,LT 29 BLK 6,3109.68,R IMP,107,"726 40825-02-13-08350 4355 N GARRISON AV E 8,160 R IMP 3,109.68 332.25 | LT 29 BLK 6 CITY OF TULSA | SUBURBAN ACRES SECOND",High,parsed cleanly
40825-02-13-08440,Unknown,4508 N HARTFORD AV E,Tulsa,OK,Unknown,LT 4 BLK 7,2122.45,R IMP,107,"727 40825-02-13-08440 4508 N HARTFORD AV E 8,220 R IMP 2,122.45 316.50 | LT 4 BLK 7 CITY OF TULSA | SUBURBAN ACRES SECOND",High,parsed cleanly
40825-02-13-08480,Unknown,4346 N HARTFORD AV E,Tulsa,OK,Unknown,LT 8 BLK 7,3394.99,R IMP,108,"728 40825-02-13-08480 4346 N HARTFORD AV E 8,160 R IMP 3,394.99 316.50 | LT 8 BLK 7 CITY OF TULSA | SUBURBAN ACRES SECOND",High,parsed cleanly
40825-02-13-08670,Unknown,4347 N GARRISON PL E,Tulsa,OK,Unknown,LT 27 BLK 7,2004.57,R HS IMP,108,"729 40825-02-13-08670 4347 N GARRISON PL E 8,280 R HS IMP 2,004.57 348.00 | LT 27 BLK 7 CITY OF TULSA | SUBURBAN ACRES SECOND",High,parsed cleanly
40825-02-13-09170,Unknown,4220 N HARTFORD AV E,Tulsa,OK,Unknown,LT 1 BLK 9,2277.26,R IMP,108,"730 40825-02-13-09170 4220 N HARTFORD AV E 7,800 R IMP 2,277.26 316.50 | LT 1 BLK 9 CITY OF TULSA | SUBURBAN ACRES SECOND",High,parsed cleanly
40825-02-13-09510,Unknown,4137 N FRANKFORT AV E,Tulsa,OK,Unknown,LT 35 BLK 9,4244.24,R IMP,108,"731 40825-02-13-09510 4137 N FRANKFORT AV E 7,380 R IMP 4,244.24 332.25 | LT 35 BLK 9 CITY OF TULSA | SUBURBAN ACRES SECOND",High,parsed cleanly
40825-02-13-09890,Unknown,4104 N HARTFORD AV E,Tulsa,OK,Unknown,LT 2 BLK 11,476.61,R,108,"732 40825-02-13-09890 4104 N HARTFORD AV E 7,680 R 476.61 318.00 | LT 2 BLK 11 CITY OF TULSA | SUBURBAN ACRES SECOND",High,parsed cleanly
40850-02-12-05970,Unknown,4966 N HARTFORD AV E,Tulsa,OK,Unknown,LT 3 BLK 1,768.17,R IMP,108,"733 40850-02-12-05970 4966 N HARTFORD AV E 7,200 R IMP 768.17 332.25 | LT 3 BLK 1 CITY OF TULSA | SUBURBAN ACRES THIRD ADDN",High,parsed cleanly
40850-02-12-06130,Unknown,641 E 50 ST N,Tulsa,OK,Unknown,LT 4 BLK 2,3005.03,R IMP,108,"734 40850-02-12-06130 641 E 50 ST N 13,160 R IMP 3,005.03 332.25 | LT 4 BLK 2 CITY OF TULSA | SUBURBAN ACRES THIRD ADDN",High,parsed cleanly
40850-02-12-06790,Unknown,4939 N FRANKFORT AV E,Tulsa,OK,Unknown,LT 8 BLK 3,652.6,R,109,"735 40850-02-12-06790 4939 N FRANKFORT AV E 9,000 R 652.60 349.50 | LT 8 BLK 3 CITY OF TULSA | SUBURBAN ACRES THIRD ADDN",High,parsed cleanly
40850-02-12-06830,Unknown,519 E 49 PL N,Tulsa,OK,Unknown,LT 12 BLK 3,2609.12,R IMP,109,"736 40850-02-12-06830 519 E 49 PL N 7,200 R IMP 2,609.12 395.25 | LT 12 BLK 3 CITY OF TULSA | SUBURBAN ACRES THIRD ADDN",High,parsed cleanly
40850-02-12-06950,Unknown,524 E 49 PL N,Tulsa,OK,Unknown,LT 9 BLK 4,3578.85,R IMP,109,"737 40850-02-12-06950 524 E 49 PL N 7,200 R IMP 3,578.85 363.75 | LT 9 BLK 4 CITY OF TULSA | SUBURBAN ACRES THIRD ADDN",High,parsed cleanly
40850-02-12-07350,Unknown,543 E 48 PL N,Tulsa,OK,Unknown,LT 25 BLK 5,2699.73,R IMP,109,"738 40850-02-12-07350 543 E 48 PL N 7,680 R IMP 2,699.73 316.50 | LT 25 BLK 5 CITY OF TULSA | SUBURBAN ACRES THIRD ADDN",High,parsed cleanly
40850-02-12-07500,Unknown,534 E 48 PL N,Tulsa,OK,Unknown,LT 9 BLK 6,4985.56,R IMP,109,"739 40850-02-12-07500 534 E 48 PL N 7,620 R IMP 4,985.56 379.50 | LT 9 BLK 6 CITY OF TULSA | SUBURBAN ACRES THIRD ADDN",High,parsed cleanly
40850-02-12-07510,Unknown,528 E 48 PL N,Tulsa,OK,Unknown,LT 10 BLK 6,2775.72,R IMP,109,"740 40850-02-12-07510 528 E 48 PL N 7,200 R IMP 2,775.72 316.50 | LT 10 BLK 6 CITY OF TULSA | SUBURBAN ACRES THIRD ADDN",High,parsed cleanly
40850-02-12-07520,Unknown,524 E 48 PL N,Tulsa,OK,Unknown,LT 11 BLK 6,2372.42,R HS IMP,109,"741 40850-02-12-07520 524 E 48 PL N 7,200 R HS IMP 2,372.42 348.00 | LT 11 BLK 6 CITY OF TULSA | SUBURBAN ACRES THIRD ADDN",High,parsed cleanly
40850-02-12-07650,Unknown,543 E 48 ST N,Tulsa,OK,Unknown,LT 24 BLK 6,2911.7,R IMP,110,"742 40850-02-12-07650 543 E 48 ST N 7,680 R IMP 2,911.70 332.25 | LT 24 BLK 6 CITY OF TULSA | SUBURBAN ACRES THIRD ADDN",High,parsed cleanly
40850-02-12-07890,Unknown,513 E 47 PL N,Tulsa,OK,Unknown,LT 18 BLK 7,1954.71,R IMP,110,"743 40850-02-12-07890 513 E 47 PL N 7,200 R IMP 1,954.71 316.50 | LT 18 BLK 7 CITY OF TULSA | SUBURBAN ACRES THIRD ADDN",High,parsed cleanly
40850-02-12-07900,Unknown,517 E 47 PL N,Tulsa,OK,Unknown,LT 19 BLK 7,1771.82,R IMP,110,"744 40850-02-12-07900 517 E 47 PL N 7,680 R IMP 1,771.82 332.25 | LT 19 BLK 7 CITY OF TULSA | SUBURBAN ACRES THIRD ADDN",High,parsed cleanly
40850-02-12-08470,Unknown,4642 N HARTFORD AV E,Tulsa,OK,Unknown,LT 12 BLK 10,2234.7,R HS IMP,110,"745 40850-02-12-08470 4642 N HARTFORD AV E 7,440 R HS IMP 2,234.70 316.50 | LT 12 BLK 10 CITY OF TULSA | SUBURBAN ACRES THIRD ADDN",High,parsed cleanly
40875-02-13-10650,Unknown,4330 N ELGIN AV E,Tulsa,OK,Unknown,LOT 14 BLK 2,2369.09,R IMP,110,"746 40875-02-13-10650 4330 N ELGIN AV E 7,296 R IMP 2,369.09 395.25 | LOT 14 BLK 2 CITY OF TULSA | SUBURBAN ACRES FOURTH ADDN",High,parsed cleanly
40875-02-13-10960,Unknown,4454 N DETROIT PL E,Tulsa,OK,Unknown,LOT 5 BLK 3,2316.47,R HS IMP,110,"747 40875-02-13-10960 4454 N DETROIT PL E 9,348 R HS IMP 2,316.47 316.50 | LOT 5 BLK 3 CITY OF TULSA | SUBURBAN ACRES FOURTH ADDN",High,parsed cleanly
40875-02-13-11080,Unknown,4413 N DETROIT AV E,Tulsa,OK,Unknown,LT 17 BLK 3,403.29,R,110,"748 40875-02-13-11080 4413 N DETROIT AV E 7,068 R 403.29 318.00 | LT 17 BLK 3 CITY OF TULSA | SUBURBAN ACRES FOURTH ADDN",High,parsed cleanly
40875-02-13-11310,Unknown,4423 N CINCINNATI PL E,Tulsa,OK,Unknown,LOT 15 BLK 4,293.3,R,111,"749 40875-02-13-11310 4423 N CINCINNATI PL E 9,216 R 293.30 302.25 | LOT 15 BLK 4 CITY OF TULSA | SUBURBAN ACRES FOURTH ADDN",High,parsed cleanly
40875-02-13-11410,Unknown,257 E 43 ST N,Tulsa,OK,Unknown,LOT 6 BLK 6,1445.45,R IMP,111,"750 40875-02-13-11410 257 E 43 ST N 8,775 R IMP 1,445.45 332.25 | LOT 6 BLK 6 CITY OF TULSA | SUBURBAN ACRES FOURTH ADDN",High,parsed cleanly
40875-02-13-11530,Unknown,210 E 44 ST N,Tulsa,OK,Unknown,LOT 18 BLK 6,1184.93,R HS IMP,111,"751 40875-02-13-11530 210 E 44 ST N 7,200 R HS IMP 1,184.93 316.50 | LOT 18 BLK 6 CITY OF TULSA | SUBURBAN ACRES FOURTH ADDN",High,parsed cleanly
40925-92-26-01220,Unknown,4744 S TACOMA AV W,Tulsa,OK,Unknown,LOT 7 BLK 3,1458.03,R HS IMP,111,"752 40925-92-26-01220 4744 S TACOMA AV W 17,600 R HS IMP 1,458.03 332.25 | LOT 7 BLK 3 CITY OF TULSA | SUBURBAN HIGHLANDS",High,parsed cleanly
41025-02-01-00030,Unknown,588 E 58 ST N,Tulsa,OK,Unknown,LT-3-BLK-10,2597.74,R IMP,111,"753 41025-02-01-00030 588 E 58 ST N 7,200 R IMP 2,597.74 316.50 | LT-3-BLK-10 CITY OF TULSA | SUBURBAN HILLS ADDN",High,parsed cleanly
41025-02-01-00430,Unknown,566 E 57 PL N,Tulsa,OK,Unknown,LT-5-BLK-11,2665.73,R IMP,111,"754 41025-02-01-00430 566 E 57 PL N 7,200 R IMP 2,665.73 348.00 | LT-5-BLK-11 CITY OF TULSA | SUBURBAN HILLS ADDN",High,parsed cleanly
41025-02-01-00530,Unknown,518 E 57 PL N,Tulsa,OK,Unknown,LOT-15-BLK-11,5432.12,R IMP,111,"755 41025-02-01-00530 518 E 57 PL N 6,720 R IMP 5,432.12 332.25 | LOT-15-BLK-11 CITY OF TULSA | SUBURBAN HILLS ADDN",High,parsed cleanly
41025-02-01-00560,Unknown,5707 N FRANKFORT AV E,Tulsa,OK,Unknown,LOT-18-BLK-11,2979.03,R IMP,112,"756 41025-02-01-00560 5707 N FRANKFORT AV E 7,704 R IMP 2,979.03 332.25 | LOT-18-BLK-11 CITY OF TULSA | SUBURBAN HILLS ADDN",High,parsed cleanly
41025-02-01-00960,Unknown,5623 N GARRISON AV E,Tulsa,OK,Unknown,LOT-24-BLK-12,1995.13,R IMP,112,"757 41025-02-01-00960 5623 N GARRISON AV E 7,200 R IMP 1,995.13 316.50 | LOT-24-BLK-12 CITY OF TULSA | SUBURBAN HILLS ADDN",High,parsed cleanly
41025-02-01-01230,Unknown,5607 N FRANKFORT AV E,Tulsa,OK,Unknown,LT-24-BLK-13,3021.69,R IMP,112,"758 41025-02-01-01230 5607 N FRANKFORT AV E 10,010 R IMP 3,021.69 348.00 | LT-24-BLK-13 CITY OF TULSA | SUBURBAN HILLS ADDN",High,parsed cleanly
41025-02-01-04360,Unknown,5937 N GARRISON AV E,Tulsa,OK,Unknown,LT 23 BLK 3,623.27,R,112,"759 41025-02-01-04360 5937 N GARRISON AV E 7,860 R 623.27 286.50 | LT 23 BLK 3 CITY OF TULSA | SUBURBAN HILLS ADDN",High,parsed cleanly
41025-02-01-04490,Unknown,543 E 59 PL N,Tulsa,OK,Unknown,LT 10 BLK 4,3123.68,R IMP,112,"760 41025-02-01-04490 543 E 59 PL N 7,680 R IMP 3,123.68 316.50 | LT 10 BLK 4 CITY OF TULSA | SUBURBAN HILLS ADDN",High,parsed cleanly
41025-02-01-04500,Unknown,537 E 59 PL N,Tulsa,OK,Unknown,LT 11 BLK 4,3047.69,R IMP,112,"761 41025-02-01-04500 537 E 59 PL N 7,680 R IMP 3,047.69 316.50 | LT 11 BLK 4 CITY OF TULSA | SUBURBAN HILLS ADDN",High,parsed cleanly
41025-02-01-04710,Unknown,5901 N GARRISON PL E,Tulsa,OK,Unknown,LT 9 BLK 6,1273.2,R IMP,112,"762 41025-02-01-04710 5901 N GARRISON PL E 7,200 R IMP 1,273.20 316.50 | LT 9 BLK 6 CITY OF TULSA | SUBURBAN HILLS ADDN",High,parsed cleanly
41025-02-01-04720,Unknown,5807 N GARRISON PL E,Tulsa,OK,Unknown,LT 10 BLK 6,1943.13,R IMP,113,"763 41025-02-01-04720 5807 N GARRISON PL E 7,200 R IMP 1,943.13 316.50 | LT 10 BLK 6 CITY OF TULSA | SUBURBAN HILLS ADDN",High,parsed cleanly
41025-02-01-04730,Unknown,5803 N GARRISON PL E,Tulsa,OK,Unknown,LT 11 BLK 6,630.6,R,113,"764 41025-02-01-04730 5803 N GARRISON PL E 7,800 R 630.60 318.00 | LT 11 BLK 6 CITY OF TULSA | SUBURBAN HILLS ADDN",High,parsed cleanly
41025-02-01-05090,Unknown,5913 N FRANKFORT AV E,Tulsa,OK,Unknown,LT 17 BLK 8,2622.9,R IMP,113,"765 41025-02-01-05090 5913 N FRANKFORT AV E 7,200 R IMP 2,622.90 316.50 | LT 17 BLK 8 CITY OF TULSA | SUBURBAN HILLS ADDN",High,parsed cleanly
41025-02-01-05110,Unknown,5903 N FRANKFORT AV E,Tulsa,OK,Unknown,LT 19 BLK 8,2876.21,R HS IMP,113,"766 41025-02-01-05110 5903 N FRANKFORT AV E 8,058 R HS IMP 2,876.21 348.00 | LT 19 BLK 8 CITY OF TULSA | SUBURBAN HILLS ADDN",High,parsed cleanly
41025-02-01-05170,Unknown,543 E 59 ST N,Tulsa,OK,Unknown,LT 25 BLK 8,2869.04,R IMP,113,"767 41025-02-01-05170 543 E 59 ST N 7,200 R IMP 2,869.04 348.00 | LT 25 BLK 8 CITY OF TULSA | SUBURBAN HILLS ADDN",High,parsed cleanly
41025-02-01-05190,Unknown,553 E 59 ST N,Tulsa,OK,Unknown,LT 27 BLK 8,2547.07,R IMP,113,"768 41025-02-01-05190 553 E 59 ST N 7,200 R IMP 2,547.07 348.00 | LT 27 BLK 8 CITY OF TULSA | SUBURBAN HILLS ADDN",High,parsed cleanly
41025-02-01-05430,Unknown,522 E 59 ST N,Tulsa,OK,Unknown,LT 16 BLK 9,1273.2,R IMP,113,"769 41025-02-01-05430 522 E 59 ST N 7,200 R IMP 1,273.20 363.75 | LT 16 BLK 9 CITY OF TULSA | SUBURBAN HILLS ADDN",High,parsed cleanly
41025-02-01-05480,Unknown,5817 N FRANKFORT AV E,Tulsa,OK,Unknown,LT 21 BLK 9,2547.07,R IMP,114,"770 41025-02-01-05480 5817 N FRANKFORT AV E 8,166 R IMP 2,547.07 363.75 | LT 21 BLK 9 CITY OF TULSA | SUBURBAN HILLS ADDN",High,parsed cleanly
41025-02-01-06220,Unknown,5914 N ELGIN AV E,Tulsa,OK,Unknown,LT 2 BLK 16,3015.03,R IMP,114,"771 41025-02-01-06220 5914 N ELGIN AV E 7,140 R IMP 3,015.03 332.25 | LT 2 BLK 16 CITY OF TULSA | SUBURBAN HILLS ADDN",High,parsed cleanly
41025-02-01-06260,Unknown,5816 N ELGIN AV E,Tulsa,OK,Unknown,LT 2 BLK 17,1675.57,R IMP,114,"772 41025-02-01-06260 5816 N ELGIN AV E 7,336 R IMP 1,675.57 348.00 | LT 2 BLK 17 CITY OF TULSA | SUBURBAN HILLS ADDN",High,parsed cleanly
41025-02-01-06510,Unknown,5744 N FRANKFORT AV E,Tulsa,OK,Unknown,LT 13 BLK 18,3259.67,R IMP,114,"773 41025-02-01-06510 5744 N FRANKFORT AV E 8,253 R IMP 3,259.67 332.25 | LT 13 BLK 18 CITY OF TULSA | SUBURBAN HILLS ADDN",High,parsed cleanly
41025-02-01-06760,Unknown,331 E 57 PL N,Tulsa,OK,Unknown,LT 38 BLK 18,2597.09,R IMP,114,"774 41025-02-01-06760 331 E 57 PL N 7,200 R IMP 2,597.09 332.25 | LT 38 BLK 18 CITY OF TULSA | SUBURBAN HILLS ADDN",High,parsed cleanly
41025-02-01-06790,Unknown,317 E 57 PL N,Tulsa,OK,Unknown,LT 41 BLK 18,704.0,R IMP,114,"775 41025-02-01-06790 317 E 57 PL N 7,200 R IMP 704.00 395.25 | LT 41 BLK 18 CITY OF TULSA | SUBURBAN HILLS ADDN",High,parsed cleanly
41025-02-01-06930,Unknown,214 E 57 PL N,Tulsa,OK,Unknown,LT 11 BLK 19,2485.04,R HS IMP,114,"776 41025-02-01-06930 214 E 57 PL N 8,400 R HS IMP 2,485.04 316.50 | LT 11 BLK 19 CITY OF TULSA | SUBURBAN HILLS ADDN",High,parsed cleanly
41100-92-34-03610,Unknown,5902 S 31 AV W,Tulsa,OK,Unknown,N 50' LT 23 & S 50' LT 24 BLK 2,5074.82,R IMP,115,"777 41100-92-34-03610 5902 S 31 AV W 15,000 R IMP 5,074.82 348.00 | N 50' LT 23 & S 50' LT 24 BLK 2 CITY OF TULSA | SUMMIT PARKS",High,parsed cleanly
41100-92-34-03960,Unknown,5817 S 30 AV W,Tulsa,OK,Unknown,S 50' LT 5 ALL LTS 6 7 BLK 4,18126.18,R HS IMP,115,"778 41100-92-34-03960 5817 S 30 AV W 38,600 R HS IMP 18,126.18 332.25 | S 50' LT 5 ALL LTS 6 7 BLK 4 CITY OF TULSA | SUMMIT PARKS",High,parsed cleanly
41300-02-25-24430,Unknown,1133 E ZION ST N,Tulsa,OK,Unknown,W 43' LT 2 BLK 1,1900.47,R IMP,115,"779 41300-02-25-24430 1133 E ZION ST N 6,450 R IMP 1,900.47 363.75 | W 43' LT 2 BLK 1 CITY OF TULSA | SUNNY SLOPE ADDN",High,parsed cleanly
41300-02-25-24790,Unknown,ADDRESS UNKNOWN,Tulsa,OK,Unknown,W 51' OF LT 11 BLK 2,131.98,R,115,"780 41300-02-25-24790 ADDRESS UNKNOWN 7,650 R 131.98 302.25 | W 51' OF LT 11 BLK 2 CITY OF TULSA | SUNNY SLOPE ADDN",Medium,partial or unknown address
41300-02-25-25020,Unknown,1201 E YOUNG ST N,Tulsa,OK,Unknown,S 1/2 E 50' LT 3 BLK 3,602.6,R IMP,115,"781 41300-02-25-25020 1201 E YOUNG ST N 3,750 R IMP 602.60 332.25 | S 1/2 E 50' LT 3 BLK 3 CITY OF TULSA | SUNNY SLOPE ADDN",High,parsed cleanly
41300-02-25-25140,Unknown,1015 E YOUNG ST E,Tulsa,OK,Unknown,W 1/2 OF LT 9 BLK 3,14046.69,R IMP,115,"782 41300-02-25-25140 1015 E YOUNG ST E 9,675 R IMP 14,046.69 363.75 | W 1/2 OF LT 9 BLK 3 CITY OF TULSA | SUNNY SLOPE ADDN",High,parsed cleanly
41575-92-13-07130,Unknown,1207 E 27 PL S,Tulsa,OK,Unknown,LT 9 BLK 16,13852.48,R IMP,115,"783 41575-92-13-07130 1207 E 27 PL S 6,900 R IMP 13,852.48 316.50 | LT 9 BLK 16 CITY OF TULSA | SUNSET TERRACE",High,parsed cleanly
41625-03-07-10210,Unknown,1327 E 47 ST N,Tulsa,OK,Unknown,S/2 LT 1 LESS W26.14 BLK 2,579.27,R,116,"784 41625-03-07-10210 1327 E 47 ST N 20,055 R 579.27 349.50 | S/2 LT 1 LESS W26.14 BLK 2 CITY OF TULSA | SUNSHINE ACRES ADDN",High,parsed cleanly
41650-03-35-13120,Unknown,6923 E MARSHALL PL N,Tulsa,OK,Unknown,LT 17 BLK 2,4414.22,R IMP,116,"785 41650-03-35-13120 6923 E MARSHALL PL N 7,560 R IMP 4,414.22 348.00 | LT 17 BLK 2 CITY OF TULSA | SUN VALLEY ADDN",High,parsed cleanly
41675-03-35-13900,Unknown,7122 E MARSHALL ST N,Tulsa,OK,Unknown,LT 7 BLK 7,4326.35,R HS IMP,116,"786 41675-03-35-13900 7122 E MARSHALL ST N 7,560 R HS IMP 4,326.35 395.25 | LT 7 BLK 7 CITY OF TULSA | SUN VALLEY SECOND ADDN",High,parsed cleanly
41750-93-07-17440,Unknown,1624 E 17 PL S,Tulsa,OK,Unknown,LT 15 BLK 1,20630.65,R IMP,116,"787 41750-93-07-17440 1624 E 17 PL S 8,550 R IMP 20,630.65 348.00 | LT 15 BLK 1 CITY OF TULSA | SWAN PARK",High,parsed cleanly
41950-02-24-12580,Unknown,3209 N GARRISON AV E,Tulsa,OK,Unknown,LT 12 BLK 2,3819.61,R IMP,116,"788 41950-02-24-12580 3209 N GARRISON AV E 8,704 R IMP 3,819.61 316.50 | LT 12 BLK 2 CITY OF TULSA | TEEL TERRACE",High,parsed cleanly
41950-02-24-12680,Unknown,3244 N GARRISON AV E,Tulsa,OK,Unknown,LT 2 BLK 3,2746.72,R IMP,116,"789 41950-02-24-12680 3244 N GARRISON AV E 7,750 R IMP 2,746.72 363.75 | LT 2 BLK 3 CITY OF TULSA | TEEL TERRACE",High,parsed cleanly
41950-02-24-12850,Unknown,3149 N HARTFORD AV E,Tulsa,OK,Unknown,LT 9 BLK 4,2436.42,R IMP,116,"790 41950-02-24-12850 3149 N HARTFORD AV E 8,100 R IMP 2,436.42 395.25 | LT 9 BLK 4 CITY OF TULSA | TEEL TERRACE",High,parsed cleanly
42025-93-07-18720,Unknown,1711 E 13 PL S,Tulsa,OK,Unknown,LT 15 BLK 14,7230.61,R HS IMP,117,"791 42025-93-07-18720 1711 E 13 PL S 6,750 R HS IMP 7,230.61 411.00 | LT 15 BLK 14 CITY OF TULSA | TERRACE DRIVE ADDN RESUB B6 & L1-3 B4",High,parsed cleanly
42675-93-02-14170,Unknown,7447 E 1 ST S,Tulsa,OK,Unknown,LT 11 BLK 4,4426.92,R HS IMP,117,"792 42675-93-02-14170 7447 E 1 ST S 7,440 R HS IMP 4,426.92 348.00 | LT 11 BLK 4 CITY OF TULSA | TOMMY-LEE ADDN",High,parsed cleanly
42675-93-02-15780,Unknown,7453 E 3 ST S,Tulsa,OK,Unknown,LT 30 BLK 11,7843.21,R IMP,117,"793 42675-93-02-15780 7453 E 3 ST S 8,580 R IMP 7,843.21 332.25 | LT 30 BLK 11 CITY OF TULSA | TOMMY-LEE ADDN",High,parsed cleanly
42850-92-03-08130,Unknown,34 N 32 AV W,Tulsa,OK,Unknown,LT 17 BLK 1,197.98,R,117,"794 42850-92-03-08130 34 N 32 AV W 10,241 R 197.98 333.75 | LT 17 BLK 1 CITY OF TULSA | TOWER VIEW SUB",High,parsed cleanly
42850-92-03-08240,Unknown,26 N 31 AV W,Tulsa,OK,Unknown,LT 12 BLK 2,168.64,R,117,"795 42850-92-03-08240 26 N 31 AV W 6,500 R 168.64 286.50 | LT 12 BLK 2 CITY OF TULSA | TOWER VIEW SUB",High,parsed cleanly
42900-82-01-00680,Unknown,1044 E 64 ST S,Tulsa,OK,Unknown,LOT 10 BLK 7,10357.63,R IMP,117,"796 42900-82-01-00680 1044 E 64 ST S 7,897 R IMP 10,357.63 379.50 | LOT 10 BLK 7 CITY OF TULSA | TOWNE PARK ADDN",High,parsed cleanly
43150-92-08-03770,Unknown,805 S 64 AV W,Tulsa,OK,Unknown,LT 21 BLK 1,2128.1,R HS IMP,117,"797 43150-92-08-03770 805 S 64 AV W 7,000 R HS IMP 2,128.10 332.25 | LT 21 BLK 1 CITY OF TULSA | TRIMBLE SUB",High,parsed cleanly
43150-92-08-03800,Unknown,817 S 64 AV W,Tulsa,OK,Unknown,LT 24 BLK 1,1916.47,R IMP,118,"798 43150-92-08-03800 817 S 64 AV W 7,000 R IMP 1,916.47 316.50 | LT 24 BLK 1 CITY OF TULSA | TRIMBLE SUB",High,parsed cleanly
43150-92-08-03870,Unknown,843 S 64 AV W,Tulsa,OK,Unknown,LT 31 BLK 1,513.28,R,118,"799 43150-92-08-03870 843 S 64 AV W 7,000 R 513.28 396.75 | LT 31 BLK 1 CITY OF TULSA | TRIMBLE SUB",High,parsed cleanly
43150-92-08-03880,Unknown,847 S 64 AV W,Tulsa,OK,Unknown,LT 32 BLK 1,513.28,R,118,"800 43150-92-08-03880 847 S 64 AV W 7,000 R 513.28 333.75 | LT 32 BLK 1 CITY OF TULSA | TRIMBLE SUB",High,parsed cleanly
43275-03-32-18230,Unknown,3120 E LATIMER PL N,Tulsa,OK,Unknown,LT 11,659.93,R,118,"801 43275-03-32-18230 3120 E LATIMER PL N 6,750 R 659.93 302.25 | LT 11 CITY OF TULSA | TULSA GARDEN ACRES SUB TR 11",High,parsed cleanly
43300-03-29-09940,Unknown,2311 N ATLANTA AV E,Tulsa,OK,Unknown,LT 29 BK 4,1179.88,R IMP,118,"802 43300-03-29-09940 2311 N ATLANTA AV E 5,000 R IMP 1,179.88 332.25 | LT 29 BK 4 CITY OF TULSA | TULSA HGTS",High,parsed cleanly
43300-03-29-10280,Unknown,ADDRESS UNKNOWN,Tulsa,OK,Unknown,LT 65 LESS N.5'BK 6,29.33,R,118,"803 43300-03-29-10280 ADDRESS UNKNOWN 4,500 R 29.33 552.25 | LT 65 LESS N.5'BK 6 CITY OF TULSA | TULSA HGTS",Medium,partial or unknown address
43300-03-29-10720,Unknown,2232 N ATLANTA PL E,Tulsa,OK,Unknown,LT 108 BK 11,1850.48,R IMP,118,"804 43300-03-29-10720 2232 N ATLANTA PL E 5,000 R IMP 1,850.48 363.75 | LT 108 BK 11 CITY OF TULSA | TULSA HGTS",High,parsed cleanly
43300-03-29-10960,Unknown,2207 N LEWIS PL E,Tulsa,OK,Unknown,LT 133 BK 12,782.09,R,119,"805 43300-03-29-10960 2207 N LEWIS PL E 5,000 R 782.09 318.00 | LT 133 BK 12 CITY OF TULSA | TULSA HGTS",High,parsed cleanly
43300-03-29-11740,Unknown,2116 N ATLANTA CT E,Tulsa,OK,Unknown,LT 213 BK 17,329.96,R,119,"806 43300-03-29-11740 2116 N ATLANTA CT E 5,000 R 329.96 318.00 | LT 213 BK 17 CITY OF TULSA | TULSA HGTS",High,parsed cleanly
43300-03-29-12660,Unknown,2022 N LEWIS PL E,City Of Tulsa Structure Removed,OK,Unknown,LT 304 BK 25,1289.87,R,119,"807 43300-03-29-12660 2022 N LEWIS PL E 5,000 R 1,289.87 363.75 | LT 304 BK 25 CITY OF TULSA STRUCTURE REMOVED | TULSA HGTS",High,parsed cleanly
43300-03-29-13230,Unknown,1932 N ATLANTA PL E,Tulsa,OK,Unknown,LT 365 BK 28,329.96,R,119,"808 43300-03-29-13230 1932 N ATLANTA PL E 5,000 R 329.96 318.00 | LT 365 BK 28 CITY OF TULSA | TULSA HGTS",High,parsed cleanly
43300-03-29-13480,Unknown,1908 N BIRMINGHAM AV E,Tulsa,OK,Unknown,LT 391 BK 30,329.96,R,119,"809 43300-03-29-13480 1908 N BIRMINGHAM AV E 5,000 R 329.96 302.25 | LT 391 BK 30 CITY OF TULSA | TULSA HGTS",High,parsed cleanly
43300-03-29-13580,Unknown,ADDRESS UNKNOWN,Tulsa,OK,Unknown,N. 134 LT 400 BK 32,219.97,R,119,"810 43300-03-29-13580 ADDRESS UNKNOWN 3,350 R 219.97 270.75 | N. 134 LT 400 BK 32 CITY OF TULSA | TULSA HGTS",Medium,partial or unknown address
43300-03-29-14980,Unknown,1728 N ATLANTA CT E,Tulsa,OK,Unknown,LT 544 BK 41,1094.55,R IMP,119,"811 43300-03-29-14980 1728 N ATLANTA CT E 5,000 R IMP 1,094.55 348.00 | LT 544 BK 41 CITY OF TULSA | TULSA HGTS",High,parsed cleanly
43300-03-29-15680,Unknown,1612 N ATLANTA AV E,Tulsa,OK,Unknown,LT 619 BK 48,329.96,R,120,"812 43300-03-29-15680 1612 N ATLANTA AV E 5,000 R 329.96 333.75 | LT 619 BK 48 CITY OF TULSA | TULSA HGTS",High,parsed cleanly
43775-93-05-22230,Unknown,3154 E 1 ST S,Tulsa,OK,Unknown,E 15 LT 6 ALL LT 7 BLK 10,9067.09,R IMP,120,"813 43775-93-05-22230 3154 E 1 ST S 9,600 R IMP 9,067.09 348.00 | E 15 LT 6 ALL LT 7 BLK 10 CITY OF TULSA | UNIVERSITY PARK",High,parsed cleanly
43775-93-05-22530,Unknown,208 S HARVARD AV E,Tulsa,OK,Unknown,LT 5 BLK 11,5098.15,R IMP,120,"814 43775-93-05-22530 208 S HARVARD AV E 5,889 R IMP 5,098.15 363.75 | LT 5 BLK 11 CITY OF TULSA | UNIVERSITY PARK",High,parsed cleanly
43800-93-04-19370,Unknown,420 S QUEBEC AV E,Tulsa,OK,Unknown,LT 5 BLK 2,4670.86,R IMP,120,"815 43800-93-04-19370 420 S QUEBEC AV E 6,600 R IMP 4,670.86 348.00 | LT 5 BLK 2 CITY OF TULSA | UNIVERSITY PLACE",High,parsed cleanly
43800-93-04-19590,Unknown,512 S QUEBEC AV E,Tulsa,OK,Unknown,LT 3 BLK 3,7753.89,R IMP,120,"816 43800-93-04-19590 512 S QUEBEC AV E 6,600 R IMP 7,753.89 316.50 | LT 3 BLK 3 CITY OF TULSA | UNIVERSITY PLACE",High,parsed cleanly
43900-93-08-24730,Unknown,1727 S COLUMBIA AV E,Tulsa,OK,Unknown,LT 8 BLK 1,13031.76,R IMP,120,"817 43900-93-08-24730 1727 S COLUMBIA AV E 6,720 R IMP 13,031.76 316.50 | LT 8 BLK 1 CITY OF TULSA | VALA OUIDA DRIVE PRT TR 8 GLEN ACRES SUB",High,parsed cleanly
43925-03-35-15210,Unknown,7311 E KING ST N,Tulsa,OK,Unknown,LT 16 BLK 8,4227.57,R IMP,120,"818 43925-03-35-15210 7311 E KING ST N 7,728 R IMP 4,227.57 332.25 | LT 16 BLK 8 CITY OF TULSA | VAL-CHARLES ADDN",High,parsed cleanly
43950-83-06-02960,Unknown,1541 E 62 ST S,Tulsa,OK,Unknown,LT 7,2726.39,R,121,"819 43950-83-06-02960 1541 E 62 ST S 51,810 R 2,726.39 381.00 | LT 7 CITY OF TULSA | VALLEY CENTER ADDN",High,parsed cleanly
44200-02-11-00050,Unknown,5031 N BOSTON PL E,Tulsa,OK,Unknown,LT 5 BLK 1,2425.56,R IMP,121,"820 44200-02-11-00050 5031 N BOSTON PL E 7,068 R IMP 2,425.56 332.25 | LT 5 BLK 1 CITY OF TULSA | VALLEY VIEW ACRES",High,parsed cleanly
44200-02-11-00110,Unknown,5001 N BOSTON PL E,Tulsa,OK,Unknown,LT 11 BLK 1,623.27,R,121,"821 44200-02-11-00110 5001 N BOSTON PL E 6,900 R 623.27 302.25 | LT 11 BLK 1 CITY OF TULSA | VALLEY VIEW ACRES",High,parsed cleanly
44200-02-11-00330,Unknown,44 E 50 CT N,Tulsa,OK,Unknown,LT 1 BLK 3,1851.92,R IMP,121,"822 44200-02-11-00330 44 E 50 CT N 8,307 R IMP 1,851.92 348.00 | LT 1 BLK 3 CITY OF TULSA | VALLEY VIEW ACRES",High,parsed cleanly
44200-02-11-00760,Unknown,27 W 50 ST N,Tulsa,OK,Unknown,LT 18 BLK 4,2578.78,R IMP,121,"823 44200-02-11-00760 27 W 50 ST N 7,020 R IMP 2,578.78 363.75 | LT 18 BLK 4 CITY OF TULSA | VALLEY VIEW ACRES",High,parsed cleanly
44200-02-11-01060,Unknown,34 W 50 ST N,Tulsa,OK,Unknown,LT 16 BLK 5,3286.33,R IMP,121,"824 44200-02-11-01060 34 W 50 ST N 8,307 R IMP 3,286.33 316.50 | LT 16 BLK 5 CITY OF TULSA | VALLEY VIEW ACRES",High,parsed cleanly
44200-02-11-01080,Unknown,103 W 49 PL N,Tulsa,OK,Unknown,LT 18 BLK 5,3715.62,R IMP,121,"825 44200-02-11-01080 103 W 49 PL N 7,020 R IMP 3,715.62 379.50 | LT 18 BLK 5 CITY OF TULSA | VALLEY VIEW ACRES",High,parsed cleanly
44200-02-11-01470,Unknown,113 E 49 ST N,Tulsa,OK,Unknown,LT 25 BLK 6,3160.35,R IMP,122,"826 44200-02-11-01470 113 E 49 ST N 7,020 R IMP 3,160.35 332.25 | LT 25 BLK 6 CITY OF TULSA | VALLEY VIEW ACRES",High,parsed cleanly
44200-02-11-01560,Unknown,141 W 50 CT N,Tulsa,OK,Unknown,LTS 7 & 8 BLK 7,4239.57,R IMP,122,"827 44200-02-11-01560 141 W 50 CT N 14,208 R IMP 4,239.57 316.50 | LTS 7 & 8 BLK 7 CITY OF TULSA | VALLEY VIEW ACRES",High,parsed cleanly
44200-02-11-01790,Unknown,137 W 50 PL N,Tulsa,OK,Unknown,LT 17 BLK 8,3153.01,R IMP,122,"828 44200-02-11-01790 137 W 50 PL N 7,020 R IMP 3,153.01 332.25 | LT 17 BLK 8 CITY OF TULSA | VALLEY VIEW ACRES",High,parsed cleanly
44200-02-11-01900,Unknown,136 W 50 PL N,Tulsa,OK,Unknown,LT 4 BLK 9,2809.99,R HS IMP,122,"829 44200-02-11-01900 136 W 50 PL N 7,020 R HS IMP 2,809.99 316.50 | LT 4 BLK 9 CITY OF TULSA | VALLEY VIEW ACRES",High,parsed cleanly
44200-02-11-02050,Unknown,106 W 50 ST N,Tulsa,OK,Unknown,LT 1 BLK 10,3538.05,R IMP,122,"830 44200-02-11-02050 106 W 50 ST N 8,190 R IMP 3,538.05 348.00 | LT 1 BLK 10 CITY OF TULSA | VALLEY VIEW ACRES",High,parsed cleanly
44200-02-11-02340,Unknown,110 W 49 PL N,Tulsa,OK,Unknown,LT 2 BLK 11,3520.98,R IMP,122,"831 44200-02-11-02340 110 W 49 PL N 7,020 R IMP 3,520.98 332.25 | LT 2 BLK 11 CITY OF TULSA | VALLEY VIEW ACRES",High,parsed cleanly
44200-02-11-02620,Unknown,201 W 49 ST N,Tulsa,OK,Unknown,LT 30 BLK 11,146.65,R,122,"832 44200-02-11-02620 201 W 49 ST N 7,020 R 146.65 459.75 | LT 30 BLK 11 CITY OF TULSA | VALLEY VIEW ACRES",High,parsed cleanly
44200-02-11-02710,Unknown,5020 N DENVER PL W,Tulsa,OK,Unknown,LT 5 BLK 12,2579.92,R HS IMP,123,"833 44200-02-11-02710 5020 N DENVER PL W 7,254 R HS IMP 2,579.92 316.50 | LT 5 BLK 12 CITY OF TULSA | VALLEY VIEW ACRES",High,parsed cleanly
44200-02-11-03360,Unknown,4617 N BOSTON AV E,Tulsa,OK,Unknown,LT 25 BLK 15,2345.91,R HS IMP,123,"834 44200-02-11-03360 4617 N BOSTON AV E 7,020 R HS IMP 2,345.91 332.25 | LT 25 BLK 15 CITY OF TULSA | VALLEY VIEW ACRES",High,parsed cleanly
44200-02-11-03380,Unknown,4627 N BOSTON AV E,Tulsa,OK,Unknown,LT 27 BLK 15,3311.0,R IMP,123,"835 44200-02-11-03380 4627 N BOSTON AV E 7,020 R IMP 3,311.00 332.25 | LT 27 BLK 15 CITY OF TULSA | VALLEY VIEW ACRES",High,parsed cleanly
44200-02-11-03530,Unknown,4697 N BOSTON AV E,Tulsa,OK,Unknown,LT 42 BLK 15,3193.01,R IMP,123,"836 44200-02-11-03530 4697 N BOSTON AV E 7,020 R IMP 3,193.01 332.25 | LT 42 BLK 15 CITY OF TULSA | VALLEY VIEW ACRES",High,parsed cleanly
44200-02-11-03560,Unknown,4690 N BOSTON AV E,Tulsa,OK,Unknown,LT 3 BLK 16,3117.68,R IMP,123,"837 44200-02-11-03560 4690 N BOSTON AV E 7,020 R IMP 3,117.68 363.75 | LT 3 BLK 16 CITY OF TULSA | VALLEY VIEW ACRES",High,parsed cleanly
44200-02-11-03600,Unknown,4672 N BOSTON AV E,Tulsa,OK,Unknown,LT 7 BLK 16,3450.32,R IMP,123,"838 44200-02-11-03600 4672 N BOSTON AV E 7,020 R IMP 3,450.32 332.25 | LT 7 BLK 16 CITY OF TULSA | VALLEY VIEW ACRES",High,parsed cleanly
44200-02-11-04390,Unknown,4696 N BOULDER AV W,Tulsa,OK,Unknown,LT 2 BLK 18,3075.02,R IMP,123,"839 44200-02-11-04390 4696 N BOULDER AV W 7,020 R IMP 3,075.02 348.00 | LT 2 BLK 18 CITY OF TULSA | VALLEY VIEW ACRES",High,parsed cleanly
44200-02-11-04710,Unknown,4661 N CHEYENNE AV W,Tulsa,OK,Unknown,LT 34 BLK 18,2253.1,R IMP,124,"840 44200-02-11-04710 4661 N CHEYENNE AV W 7,020 R IMP 2,253.10 316.50 | LT 34 BLK 18 CITY OF TULSA | VALLEY VIEW ACRES",High,parsed cleanly
44200-02-11-05320,Unknown,327 W 48 ST N,Tulsa,OK,Unknown,LT 11 BLK 20,2807.05,R IMP,124,"841 44200-02-11-05320 327 W 48 ST N 7,020 R IMP 2,807.05 332.25 | LT 11 BLK 20 CITY OF TULSA | VALLEY VIEW ACRES",High,parsed cleanly
44200-02-11-05670,Unknown,313 W 47 ST N,Tulsa,OK,Unknown,LT 14 BLK 22,3081.02,R IMP,124,"842 44200-02-11-05670 313 W 47 ST N 7,020 R IMP 3,081.02 332.25 | LT 14 BLK 22 CITY OF TULSA | VALLEY VIEW ACRES",High,parsed cleanly
44200-02-14-06180,Unknown,102 E 46 ST N,Tulsa,OK,Unknown,LOT-7-BLK-26,249.3,R,124,"843 44200-02-14-06180 102 E 46 ST N 7,020 R 249.30 286.50 | LOT-7-BLK-26 CITY OF TULSA | VALLEY VIEW ACRES",High,parsed cleanly
44200-02-14-06630,Unknown,18 E 44 PL N,Tulsa,OK,Unknown,LOT-2-BLK-29,3183.01,R IMP,124,"844 44200-02-14-06630 18 E 44 PL N 10,908 R IMP 3,183.01 332.25 | LOT-2-BLK-29 CITY OF TULSA | VALLEY VIEW ACRES",High,parsed cleanly
44225-02-12-09330,Unknown,711 E 51 PL N,Tulsa,OK,Unknown,LT 12 BLK 34,3199.68,R IMP,124,"845 44225-02-12-09330 711 E 51 PL N 7,980 R IMP 3,199.68 332.25 | LT 12 BLK 34 CITY OF TULSA | VALLEY VIEW ACRES SECOND ADDN",High,parsed cleanly
44225-02-12-09740,Unknown,623 E 53 ST N,Tulsa,OK,Unknown,LT 27 BLK 36,637.93,R,124,"846 44225-02-12-09740 623 E 53 ST N 7,616 R 637.93 318.00 | LT 27 BLK 36 CITY OF TULSA | VALLEY VIEW ACRES SECOND ADDN",High,parsed cleanly
44225-02-12-10280,Unknown,538 E 52 PL N,Tulsa,OK,Unknown,LT 15 BLK 38,637.93,R,125,"847 44225-02-12-10280 538 E 52 PL N 7,200 R 637.93 302.25 | LT 15 BLK 38 CITY OF TULSA | VALLEY VIEW ACRES SECOND ADDN",High,parsed cleanly
44225-02-12-10920,Unknown,5308 N FRANKFORT PL E,Tulsa,OK,Unknown,LT 3 BLK 41,3386.99,R IMP,125,"848 44225-02-12-10920 5308 N FRANKFORT PL E 7,860 R IMP 3,386.99 332.25 | LT 3 BLK 41 CITY OF TULSA | VALLEY VIEW ACRES SECOND ADDN",High,parsed cleanly
44225-02-12-11180,Unknown,ADDRESS UNKNOWN,Tulsa,OK,Unknown,E41 LT 29 LESS E26 THEREOF BLK 41,7.33,R,125,849 44225-02-12-11180 ADDRESS UNKNOWN 900 R 7.33 318.00 | E41 LT 29 LESS E26 THEREOF BLK 41 CITY OF TULSA | VALLEY VIEW ACRES SECOND ADDN,Medium,partial or unknown address
44225-02-12-11460,Unknown,220 E 54 ST N,Tulsa,OK,Unknown,LT 16 BLK 42,2122.45,R IMP,125,"850 44225-02-12-11460 220 E 54 ST N 7,080 R IMP 2,122.45 332.25 | LT 16 BLK 42 CITY OF TULSA | VALLEY VIEW ACRES SECOND ADDN",High,parsed cleanly
44225-02-12-11500,Unknown,205 E 53 ST N,Tulsa,OK,Unknown,LT 20 BLK 42,1824.48,R IMP,125,"851 44225-02-12-11500 205 E 53 ST N 8,092 R IMP 1,824.48 348.00 | LT 20 BLK 42 CITY OF TULSA | VALLEY VIEW ACRES SECOND ADDN",High,parsed cleanly
44225-02-12-11530,Unknown,219 E 53 ST N,Tulsa,OK,Unknown,LT 23 BLK 42,2911.04,R IMP,125,"852 44225-02-12-11530 219 E 53 ST N 7,137 R IMP 2,911.04 316.50 | LT 23 BLK 42 CITY OF TULSA | VALLEY VIEW ACRES SECOND ADDN",High,parsed cleanly
44225-02-12-11750,Unknown,254 E 53 ST N,Tulsa,OK,Unknown,LT 8 BLK 43,2433.45,R IMP,125,"853 44225-02-12-11750 254 E 53 ST N 7,316 R IMP 2,433.45 332.25 | LT 8 BLK 43 CITY OF TULSA | VALLEY VIEW ACRES SECOND ADDN",High,parsed cleanly
44225-02-12-11990,Unknown,269 E 52 PL N,Tulsa,OK,Unknown,LT 32 BLK 43,2079.79,R IMP,126,"854 44225-02-12-11990 269 E 52 PL N 7,316 R IMP 2,079.79 332.25 | LT 32 BLK 43 CITY OF TULSA | VALLEY VIEW ACRES SECOND ADDN",High,parsed cleanly
44250-02-12-13080,Unknown,5507 N JOHNSTOWN AV E,Tulsa,OK,Unknown,LT 7 BLK 47,2529.08,R IMP,126,"855 44250-02-12-13080 5507 N JOHNSTOWN AV E 7,800 R IMP 2,529.08 332.25 | LT 7 BLK 47 CITY OF TULSA | VALLEY VIEW ACRES THIRD ADDN",High,parsed cleanly
44250-02-12-13720,Unknown,ADDRESS UNKNOWN,Tulsa,OK,Unknown,LT 19 BLK 49,43.99,R,126,"856 44250-02-12-13720 ADDRESS UNKNOWN 7,410 R 43.99 396.75 | LT 19 BLK 49 CITY OF TULSA | VALLEY VIEW ACRES THIRD ADDN",Medium,partial or unknown address
44250-02-12-14150,Unknown,710 E 54 PL N,Tulsa,OK,Unknown,LT 9 BLK 51,4235.57,R IMP,126,"857 44250-02-12-14150 710 E 54 PL N 7,200 R IMP 4,235.57 332.25 | LT 9 BLK 51 CITY OF TULSA | VALLEY VIEW ACRES THIRD ADDN",High,parsed cleanly
44250-02-12-14160,Unknown,5419 N HARTFORD AV E,Tulsa,OK,Unknown,LT 10 BLK 51,1697.83,R IMP,126,"858 44250-02-12-14160 5419 N HARTFORD AV E 7,800 R IMP 1,697.83 332.25 | LT 10 BLK 51 CITY OF TULSA | VALLEY VIEW ACRES THIRD ADDN",High,parsed cleanly
44250-02-12-14340,Unknown,5452 N HARTFORD AV E,Tulsa,OK,Unknown,LT 10 BLK 52,2546.41,R IMP,126,"859 44250-02-12-14340 5452 N HARTFORD AV E 7,200 R IMP 2,546.41 348.00 | LT 10 BLK 52 CITY OF TULSA | VALLEY VIEW ACRES THIRD ADDN",High,parsed cleanly
44250-02-12-14410,Unknown,5418 N HARTFORD AV E,Tulsa,OK,Unknown,LT 17 BLK 52,2063.12,R IMP,126,"860 44250-02-12-14410 5418 N HARTFORD AV E 7,260 R IMP 2,063.12 316.50 | LT 17 BLK 52 CITY OF TULSA | VALLEY VIEW ACRES THIRD ADDN",High,parsed cleanly
44250-02-12-14920,Unknown,5531 N FRANKFORT PL E,Tulsa,OK,Unknown,LT 15 BLK 53,3183.64,R IMP,127,"861 44250-02-12-14920 5531 N FRANKFORT PL E 11,210 R IMP 3,183.64 332.25 | LT 15 BLK 53 CITY OF TULSA | VALLEY VIEW ACRES THIRD ADDN",High,parsed cleanly
44250-02-12-14930,Unknown,5527 N FRANKFORT PL E,Tulsa,OK,Unknown,LT 16 BLK 53,2537.74,R IMP,127,"862 44250-02-12-14930 5527 N FRANKFORT PL E 7,800 R IMP 2,537.74 348.00 | LT 16 BLK 53 CITY OF TULSA | VALLEY VIEW ACRES THIRD ADDN",High,parsed cleanly
44250-02-12-15060,Unknown,618 E 55 ST N,Tulsa,OK,Unknown,LT 4 BLK 54,1443.18,R IMP,127,"863 44250-02-12-15060 618 E 55 ST N 7,200 R IMP 1,443.18 332.25 | LT 4 BLK 54 CITY OF TULSA | VALLEY VIEW ACRES THIRD ADDN",High,parsed cleanly
44250-02-12-15160,Unknown,535 E 54 PL N,Tulsa,OK,Unknown,LT 14 BLK 54,2716.39,R IMP,127,"864 44250-02-12-15160 535 E 54 PL N 7,200 R IMP 2,716.39 332.25 | LT 14 BLK 54 CITY OF TULSA | VALLEY VIEW ACRES THIRD ADDN",High,parsed cleanly
44250-02-12-15190,Unknown,549 E 54 PL N,Tulsa,OK,Unknown,LT 17 BLK 54,3327.0,R IMP,127,"865 44250-02-12-15190 549 E 54 PL N 7,200 R IMP 3,327.00 332.25 | LT 17 BLK 54 CITY OF TULSA | VALLEY VIEW ACRES THIRD ADDN",High,parsed cleanly
44250-02-12-15260,Unknown,604 E 54 PL N,Tulsa,OK,Unknown,LT 7 BLK 55,2962.37,R IMP,127,"866 44250-02-12-15260 604 E 54 PL N 7,440 R IMP 2,962.37 332.25 | LT 7 BLK 55 CITY OF TULSA | VALLEY VIEW ACRES THIRD ADDN",High,parsed cleanly
44250-02-12-15720,Unknown,520 E 55 PL N,Tulsa,OK,Unknown,LT 2 BLK 57,674.59,R,127,"867 44250-02-12-15720 520 E 55 PL N 11,592 R 674.59 302.25 | LT 2 BLK 57 CITY OF TULSA | VALLEY VIEW ACRES THIRD ADDN",High,parsed cleanly
44250-02-12-15760,Unknown,5510 N FRANKFORT PL E,Tulsa,OK,Unknown,LT 6 BLK 57,848.58,R IMP,128,"868 44250-02-12-15760 5510 N FRANKFORT PL E 7,800 R IMP 848.58 363.75 | LT 6 BLK 57 CITY OF TULSA | VALLEY VIEW ACRES THIRD ADDN",High,parsed cleanly
44250-02-12-15950,Unknown,5443 N FRANKFORT AV E,Tulsa,OK,Unknown,LT 25 BLK 57,801.25,R HS IMP,128,"869 44250-02-12-15950 5443 N FRANKFORT AV E 8,580 R HS IMP 801.25 332.25 | LT 25 BLK 57 CITY OF TULSA | VALLEY VIEW ACRES THIRD ADDN",High,parsed cleanly
44250-02-12-16300,Unknown,253 E 55 ST N,Tulsa,OK,Unknown,LT 6 BLK 59,1697.83,R IMP,128,"870 44250-02-12-16300 253 E 55 ST N 7,200 R IMP 1,697.83 348.00 | LT 6 BLK 59 CITY OF TULSA | VALLEY VIEW ACRES THIRD ADDN",High,parsed cleanly
44325-03-36-03990,Unknown,9415 E NEWTON ST N,Tulsa,OK,Unknown,LOT 25 BLK 5,4649.22,R HS IMP,128,"871 44325-03-36-03990 9415 E NEWTON ST N 8,100 R HS IMP 4,649.22 411.00 | LOT 25 BLK 5 CITY OF TULSA | VAN ACRES ADDN AMD",High,parsed cleanly
44325-03-36-04310,Unknown,9541 E NEWTON PL N,Tulsa,OK,Unknown,LOT 15 BLK 6,5659.43,R IMP,128,"872 44325-03-36-04310 9541 E NEWTON PL N 8,400 R IMP 5,659.43 363.75 | LOT 15 BLK 6 CITY OF TULSA | VAN ACRES ADDN AMD",High,parsed cleanly
44325-03-36-04550,Unknown,9165 E NEWTON PL N,Tulsa,OK,Unknown,LOT 23 BLK 7,3854.94,R HS IMP,128,"873 44325-03-36-04550 9165 E NEWTON PL N 10,320 R HS IMP 3,854.94 332.25 | LOT 23 BLK 7 CITY OF TULSA | VAN ACRES ADDN AMD",High,parsed cleanly
44625-92-04-09470,Unknown,423 S 42 AV W,Tulsa,OK,Unknown,W 1/2 LT 6 BLK 1,395.96,R,128,"874 44625-92-04-09470 423 S 42 AV W 6,150 R 395.96 318.00 | W 1/2 LT 6 BLK 1 CITY OF TULSA | VERNDALE",High,parsed cleanly
44625-92-04-10040,Unknown,416 S 44 AV W,Tulsa,OK,Unknown,S 10 LT 4 & N 34 LT 5 BLK 4,36.66,R,129,"875 44625-92-04-10040 416 S 44 AV W 5,852 R 36.66 318.00 | S 10 LT 4 & N 34 LT 5 BLK 4 CITY OF TULSA | VERNDALE",High,parsed cleanly
44625-92-04-10100,Unknown,444 S 44 AV W,Tulsa,OK,Unknown,LT 11 BLK 4,2030.46,R HS IMP,129,"876 44625-92-04-10100 444 S 44 AV W 6,650 R HS IMP 2,030.46 332.25 | LT 11 BLK 4 CITY OF TULSA | VERNDALE",High,parsed cleanly
44625-92-04-10350,Unknown,427 S 46 AV W,Tulsa,OK,Unknown,LT 18 BLK 5,2523.74,R IMP,129,"877 44625-92-04-10350 427 S 46 AV W 6,650 R IMP 2,523.74 363.75 | LT 18 BLK 5 CITY OF TULSA | VERNDALE",High,parsed cleanly
44650-92-04-12520,Unknown,ADDRESS UNKNOWN,Tulsa,OK,Unknown,LT 29 BLK C,14.66,R,129,"878 44650-92-04-12520 ADDRESS UNKNOWN 10,000 R 14.66 333.75 | LT 29 BLK C CITY OF TULSA | VERN HGTS SUB",Medium,partial or unknown address
44650-92-04-12640,Unknown,4631 W RECONCILIATION,Unknown,OK,Unknown,E102 LTS 39 & 40 & ALL LTS 43 THRU 45 BLK D WY N,36790.19,C IMP,129,"879 44650-92-04-12640 4631 W RECONCILIATION 61,830 C IMP 36,790.19 348.00 | E102 LTS 39 & 40 & ALL LTS 43 THRU 45 BLK D WY N | VERN HGTS SUB CITY OF TULSA",High,parsed cleanly
44650-92-04-12680,Unknown,224 N 46 AV W,Tulsa,OK,Unknown,LT 41 BLK D,1378.52,C,129,"880 44650-92-04-12680 224 N 46 AV W 15,000 C 1,378.52 302.25 | LT 41 BLK D CITY OF TULSA | VERN HGTS SUB",High,parsed cleanly
44650-92-04-12730,Unknown,136 N 46 AV W,Tulsa,OK,Unknown,LT 46 BLK E,2096.45,R HS IMP,129,"881 44650-92-04-12730 136 N 46 AV W 13,000 R HS IMP 2,096.45 332.25 | LT 46 BLK E CITY OF TULSA | VERN HGTS SUB",High,parsed cleanly
44650-92-04-12740,Unknown,132 N 46 AV W,Tulsa,OK,Unknown,LT 47 BLK E,29.33,R,130,"882 44650-92-04-12740 132 N 46 AV W 10,000 R 29.33 286.50 | LT 47 BLK E CITY OF TULSA | VERN HGTS SUB",High,parsed cleanly
44650-92-04-13070,Unknown,4805 W ARCHER ST N,Tulsa,OK,Unknown,LTS 80 & 81 BLK G,3183.01,R HS IMP,130,"883 44650-92-04-13070 4805 W ARCHER ST N 14,000 R HS IMP 3,183.01 316.50 | LTS 80 & 81 BLK G CITY OF TULSA | VERN HGTS SUB",High,parsed cleanly
44675-92-08-04450,Unknown,5128 W CHARLES PAGE,Unknown,OK,Unknown,LT 5 BLK 2 BV S,1783.15,R IMP,130,"884 44675-92-08-04450 5128 W CHARLES PAGE 15,000 R IMP 1,783.15 379.50 | LT 5 BLK 2 BV S | VERN SUB AMD CITY OF TULSA",High,parsed cleanly
44675-92-08-04460,Unknown,5134 W CHARLES PAGE,Unknown,OK,Unknown,E46.5 LT 6 BLK 2 BV S,907.78,R IMP,130,"885 44675-92-08-04460 5134 W CHARLES PAGE 9,400 R IMP 907.78 379.50 | E46.5 LT 6 BLK 2 BV S | VERN SUB AMD CITY OF TULSA",High,parsed cleanly
44675-92-08-05320,Unknown,ADDRESS UNKNOWN,Tulsa,OK,Unknown,E 10' NO 150' OF LOT 8 BLK 5,14.66,R,130,"886 44675-92-08-05320 ADDRESS UNKNOWN 1,500 R 14.66 302.25 | E 10' NO 150' OF LOT 8 BLK 5 CITY OF TULSA | VERN SUB AMD",Medium,partial or unknown address
44675-92-08-05690,Unknown,4936 W 8 ST S,Tulsa,OK,Unknown,N175 OF LT 6 LESS S25 THEREOF BLK 6,2334.43,R IMP,130,"887 44675-92-08-05690 4936 W 8 ST S 13,125 R IMP 2,334.43 332.25 | N175 OF LT 6 LESS S25 THEREOF BLK 6 CITY OF TULSA | VERN SUB AMD",High,parsed cleanly
44675-92-08-05920,Unknown,1005 S 51 AV W,City Of Tulsa Mh Not Included,OK,Unknown,N 87 1/2' LT 6 BLK 7,1019.23,R,130,"888 44675-92-08-05920 1005 S 51 AV W 9,944 R 1,019.23 318.00 | N 87 1/2' LT 6 BLK 7 CITY OF TULSA MH NOT INCLUDED | VERN SUB AMD",High,parsed cleanly
44675-92-08-05940,Unknown,1023 S 51 AV W,Tulsa,OK,Unknown,N 100' S 1/2 LT 6 BLK 7,2654.4,R IMP,131,"889 44675-92-08-05940 1023 S 51 AV W 11,300 R IMP 2,654.40 332.25 | N 100' S 1/2 LT 6 BLK 7 CITY OF TULSA | VERN SUB AMD",High,parsed cleanly
44675-92-08-06110,Unknown,ADDRESS UNKNOWN,Tulsa,OK,Unknown,W54 N/2 LT 6 LESS N5 THEREOF BLK 8,329.96,R,131,"890 44675-92-08-06110 ADDRESS UNKNOWN 9,855 R 329.96 270.75 | W54 N/2 LT 6 LESS N5 THEREOF BLK 8 CITY OF TULSA | VERN SUB AMD",Medium,partial or unknown address
44675-92-08-06285,Unknown,ADDRESS UNKNOWN,Tulsa,OK,Unknown,N195' OF LOT 3 BLK-9,344.63,R,131,"891 44675-92-08-06285 ADDRESS UNKNOWN 22,035 R 344.63 286.50 | N195' OF LOT 3 BLK-9 CITY OF TULSA | VERN SUB AMD",Medium,partial or unknown address
44700-92-08-06800,Unknown,ADDRESS UNKNOWN,Tulsa,OK,Unknown,LT 8 BLK 3,373.96,R,131,"892 44700-92-08-06800 ADDRESS UNKNOWN 44,465 R 373.96 286.50 | LT 8 BLK 3 CITY OF TULSA | VERN SUB NUMBER 2",Medium,partial or unknown address
44700-92-08-06970,Unknown,1233 S 51 AV W,Tulsa,OK,Unknown,S50 N475 EA LTS 8 & 9 BLK 4,513.28,R,131,"893 44700-92-08-06970 1233 S 51 AV W 7,500 R 513.28 302.25 | S50 N475 EA LTS 8 & 9 BLK 4 CITY OF TULSA | VERN SUB NUMBER 2",High,parsed cleanly
44775-03-19-07170,Unknown,1911 E 28 ST N,Tulsa,OK,Unknown,LT 15 BLK 1,307.96,R,131,"894 44775-03-19-07170 1911 E 28 ST N 6,750 R 307.96 333.75 | LT 15 BLK 1 CITY OF TULSA | VICTORY ADDN",High,parsed cleanly
44775-03-19-07350,Unknown,1918 E 28 ST N,Tulsa,OK,Unknown,LT 9 BLK 2,307.96,R,131,"895 44775-03-19-07350 1918 E 28 ST N 6,750 R 307.96 318.00 | LT 9 BLK 2 CITY OF TULSA | VICTORY ADDN",High,parsed cleanly
45350-94-06-06870,Unknown,10620 E ADMIRAL PL N,Tulsa,OK,Unknown,LT 7 BK 1,6267.37,R IMP,132,"896 45350-94-06-06870 10620 E ADMIRAL PL N 7,421 R IMP 6,267.37 316.50 | LT 7 BK 1 CITY OF TULSA | WAGON WHEEL ADDN",High,parsed cleanly
45350-94-06-07290,Unknown,310 S 105 PL E,Tulsa,OK,Unknown,LT 11 BK 3,5390.12,R IMP,132,"897 45350-94-06-07290 310 S 105 PL E 7,200 R IMP 5,390.12 348.00 | LT 11 BK 3 CITY OF TULSA | WAGON WHEEL ADDN",High,parsed cleanly
45350-94-06-07770,Unknown,138 S 107 AV E,Tulsa,OK,Unknown,LT 15 BK 5,5972.06,R IMP,132,"898 45350-94-06-07770 138 S 107 AV E 6,785 R IMP 5,972.06 363.75 | LT 15 BK 5 CITY OF TULSA | WAGON WHEEL ADDN",High,parsed cleanly
45350-94-06-08780,Unknown,10623 E 4 ST S,Tulsa,OK,Unknown,LT 32 BK 8,6949.58,R IMP,132,"899 45350-94-06-08780 10623 E 4 ST S 7,200 R IMP 6,949.58 348.00 | LT 32 BK 8 CITY OF TULSA | WAGON WHEEL ADDN",High,parsed cleanly
45450-94-06-10580,Unknown,436 S 109 AV E,Tulsa,OK,Unknown,LT 3 BK 19,4952.17,R IMP,132,"900 45450-94-06-10580 436 S 109 AV E 8,050 R IMP 4,952.17 332.25 | LT 3 BK 19 CITY OF TULSA | WAGON WHEEL ADDN B19-25",High,parsed cleanly
45525-93-06-21270,Unknown,102 S ZUNIS AV E,Tulsa,OK,Unknown,N.74-LT-1-BLK-3,8799.12,R IMP,132,"901 45525-93-06-21270 102 S ZUNIS AV E 4,440 R IMP 8,799.12 363.75 | N.74-LT-1-BLK-3 CITY OF TULSA | WAKEFIELD",High,parsed cleanly
45525-93-06-21280,Unknown,2120 E 1 ST S,Tulsa,OK,Unknown,LOT-2-BLK-3,2566.41,R,132,"902 45525-93-06-21280 2120 E 1 ST S 7,000 R 2,566.41 318.00 | LOT-2-BLK-3 CITY OF TULSA | WAKEFIELD",High,parsed cleanly
45525-93-06-21440,Unknown,2017 E 2 ST S,Tulsa,OK,Unknown,LOT-5-BLK-4,2037.38,R IMP,133,"903 45525-93-06-21440 2017 E 2 ST S 7,000 R IMP 2,037.38 316.50 | LOT-5-BLK-4 CITY OF TULSA | WAKEFIELD",High,parsed cleanly
45575-93-04-21370,Unknown,234 S INDIANAPOLIS AV E,Tulsa,OK,Unknown,LT 8 BLK 12,6542.71,R IMP,133,"904 45575-93-04-21370 234 S INDIANAPOLIS AV E 8,694 R IMP 6,542.71 348.00 | LT 8 BLK 12 CITY OF TULSA | WALNUT PARK ADDN",High,parsed cleanly
45600-94-16-00400,Unknown,2216 S 131 AV E,Tulsa,OK,Unknown,LT 23 BLK 1,3844.67,R IMP,133,"905 45600-94-16-00400 2216 S 131 AV E 8,400 R IMP 3,844.67 316.50 | LT 23 BLK 1 CITY OF TULSA | WALNUT RIDGE RESUB L8-11 & 14-18 SMITTLE ADDN",High,parsed cleanly
45625-93-21-16710,Unknown,3518 S SANDUSKY AV E,Tulsa,OK,Unknown,ALL LT 26 PT LT 27 BLK 7 BEG SELY COR LT27 TH,6474.68,R HS IMP,133,"906 45625-93-21-16710 3518 S SANDUSKY AV E 7,839 R HS IMP 6,474.68 363.75 | ALL LT 26 PT LT 27 BLK 7 BEG SELY COR LT27 TH CITY OF TULSA | SWLY LONG SLY L 110 TO SWLY COR THNWLY LONG",High,parsed cleanly
45850-02-24-13240,Unknown,ADDRESS UNKNOWN,Tulsa,OK,Unknown,LT 11 LESS W50 THEREOF BLK 1,51.32,R,133,"907 45850-02-24-13240 ADDRESS UNKNOWN 2,164 R 51.32 302.25 | LT 11 LESS W50 THEREOF BLK 1 CITY OF TULSA | WAREHOUSING ADDN",Medium,partial or unknown address
45850-02-24-13350,Unknown,1041 E 26 PL N,Tulsa,OK,Unknown,LOT 11 BLK 2,124.65,R,133,"908 45850-02-24-13350 1041 E 26 PL N 7,062 R 124.65 318.00 | LOT 11 BLK 2 CITY OF TULSA | WAREHOUSING ADDN",High,parsed cleanly
45850-02-24-13470,Unknown,2625 N MADISON AV E,Tulsa,OK,Unknown,LOT 11 BLK 3,897.24,R IMP,134,"909 45850-02-24-13470 2625 N MADISON AV E 7,700 R IMP 897.24 332.25 | LOT 11 BLK 3 CITY OF TULSA | WAREHOUSING ADDN",High,parsed cleanly
46000-93-30-11430,Unknown,1558 E 41 ST S,Tulsa,OK,Unknown,LOT 7 BLK 1,7025.18,R IMP,134,"910 46000-93-30-11430 1558 E 41 ST S 8,316 R IMP 7,025.18 363.75 | LOT 7 BLK 1 CITY OF TULSA | WARREN HGTS L1-17 B1 L1&23 B2 L1&25 B3 L1-11 B4",High,parsed cleanly
46465-92-11-31880,Unknown,2034 S PHOENIX AV W,Tulsa,OK,Unknown,LT 30 BLK 1,3329.0,R IMP,134,"911 46465-92-11-31880 2034 S PHOENIX AV W 6,844 R IMP 3,329.00 363.75 | LT 30 BLK 1 CITY OF TULSA | WEST TULSA TOWNHOUSE ADDN",High,parsed cleanly
46525-94-05-05250,Unknown,293 S 118 AV E,Tulsa,OK,Unknown,LT 17 BLK 13,7315.38,R IMP,134,"912 46525-94-05-05250 293 S 118 AV E 9,501 R IMP 7,315.38 316.50 | LT 17 BLK 13 CITY OF TULSA | WESTERN VILLAGE SECOND ADDN",High,parsed cleanly
46675-93-16-17250,Unknown,2607 S SANDUSKY AV E,Tulsa,OK,Unknown,LT 2 BLK 7,10563.61,R HS IMP,134,"913 46675-93-16-17250 2607 S SANDUSKY AV E 7,680 R HS IMP 10,563.61 363.75 | LT 2 BLK 7 CITY OF TULSA | WESTFUL VISTA ADDN AMD B7-8",High,parsed cleanly
46750-03-33-16899,Unknown,ADDRESS UNKNOWN,Tulsa,OK,Unknown,E1 W186 LT 11 BLK 1,7.33,R,134,914 46750-03-33-16899 ADDRESS UNKNOWN 112 R 7.33 302.25 | E1 W186 LT 11 BLK 1 CITY OF TULSA | WESTROPE ACRES,Medium,partial or unknown address
46825-03-33-18040,Unknown,1312 N SANDUSKY AV E,Tulsa,OK,Unknown,LT 10 BLK 1,4668.86,R IMP,134,"915 46825-03-33-18040 1312 N SANDUSKY AV E 7,000 R IMP 4,668.86 348.00 | LT 10 BLK 1 CITY OF TULSA | WESTROPE THIRD",High,parsed cleanly
46875-93-03-13050,Unknown,5101 E 11 ST S,Tulsa,OK,Unknown,LOT 7 BLK 29,7273.93,C IMP,135,"916 46875-93-03-13050 5101 E 11 ST S 14,830 C IMP 7,273.93 316.50 | LOT 7 BLK 29 CITY OF TULSA | WHITE CITY ADDN",High,parsed cleanly
46875-93-03-13730,Unknown,ADDRESS UNKNOWN,Tulsa,OK,Unknown,TRI IN LOT 2 BEG SE COR TH N 15.56' SW 52.52' TO S,14.66,R,135,917 46875-93-03-13730 ADDRESS UNKNOWN 389 R 14.66 302.25 | TRI IN LOT 2 BEG SE COR TH N 15.56' SW 52.52' TO S CITY OF TULSA | L E 50' TO BEG BLK 37,Medium,partial or unknown address
47075-93-30-12810,Unknown,1356 E 44 ST S,Tulsa,OK,Unknown,LT 9 BLK 2,7827.99,R HS IMP,135,"918 47075-93-30-12810 1356 E 44 ST S 7,800 R HS IMP 7,827.99 316.50 | LT 9 BLK 2 CITY OF TULSA | WILDER ADDN",High,parsed cleanly
47100-03-31-17080,Unknown,1229 N ROCKFORD AV E,Tulsa,OK,Unknown,LT-13-BLK-1,1222.54,R IMP,135,"919 47100-03-31-17080 1229 N ROCKFORD AV E 6,075 R IMP 1,222.54 332.25 | LT-13-BLK-1 CITY OF TULSA | WILDMAN'S ADDN",High,parsed cleanly
47175-03-29-18120,Unknown,1928 N FLORENCE PL E,Tulsa,OK,Unknown,LT-8-BLK-2,2174.44,R IMP,135,"920 47175-03-29-18120 1928 N FLORENCE PL E 7,440 R IMP 2,174.44 316.50 | LT-8-BLK-2 CITY OF TULSA | WILKERSON HGTS",High,parsed cleanly
47175-03-29-18430,Unknown,1903 N FLORENCE PL E,Tulsa,OK,Unknown,LT-13-BLK-3,1549.17,R HS IMP,135,"921 47175-03-29-18430 1903 N FLORENCE PL E 7,995 R HS IMP 1,549.17 316.50 | LT-13-BLK-3 CITY OF TULSA | WILKERSON HGTS",High,parsed cleanly
47650-03-19-08360,Unknown,ADDRESS UNKNOWN,Tulsa,OK,Unknown,LT-1-BLK-1,1099.89,R,135,"922 47650-03-19-08360 ADDRESS UNKNOWN 8,450 R 1,099.89 302.25 | LT-1-BLK-1 CITY OF TULSA | WINSTEAD ADDN",Medium,partial or unknown address
47650-03-19-08370,Unknown,ADDRESS UNKNOWN,Tulsa,OK,Unknown,LT-2-BLK-1,1099.89,R,136,"923 47650-03-19-08370 ADDRESS UNKNOWN 6,500 R 1,099.89 302.25 | LT-2-BLK-1 CITY OF TULSA | WINSTEAD ADDN",Medium,partial or unknown address
47650-03-19-08580,Unknown,ADDRESS UNKNOWN,Tulsa,OK,Unknown,LT-23-BLK-1,1099.89,R,136,"924 47650-03-19-08580 ADDRESS UNKNOWN 6,500 R 1,099.89 302.25 | LT-23-BLK-1 CITY OF TULSA | WINSTEAD ADDN",Medium,partial or unknown address
47650-03-19-08590,Unknown,ADDRESS UNKNOWN,Tulsa,OK,Unknown,LT-24-BLK-1,1099.89,R,136,"925 47650-03-19-08590 ADDRESS UNKNOWN 8,450 R 1,099.89 302.25 | LT-24-BLK-1 CITY OF TULSA | WINSTEAD ADDN",Medium,partial or unknown address
47650-03-19-08630,Unknown,2689 N QUAKER AV E,Tulsa,OK,Unknown,LT-4-BLK-2,1609.17,R IMP,136,"926 47650-03-19-08630 2689 N QUAKER AV E 7,000 R IMP 1,609.17 363.75 | LT-4-BLK-2 CITY OF TULSA | WINSTEAD ADDN",High,parsed cleanly
47700-02-26-09610,Unknown,2525 N MAIN ST E,Tulsa,OK,Unknown,LT-9-BLK-3,3082.54,R HS IMP,136,"927 47700-02-26-09610 2525 N MAIN ST E 6,144 R HS IMP 3,082.54 363.75 | LT-9-BLK-3 CITY OF TULSA | WINTER VIEW HGTS",High,parsed cleanly
47800-93-19-14620,Unknown,1618 E 36 ST S,Tulsa,OK,Unknown,LOT 3 A BLK 8,19176.46,R IMP,137,"929 47800-93-19-14620 1618 E 36 ST S 10,564 R IMP 19,176.46 332.25 | LOT 3 A BLK 8 CITY OF TULSA | WOODLAND HGTS",High,parsed cleanly
48900-93-35-09520,Unknown,5720 S 66 AV E,Tulsa,OK,Unknown,LT 4 BLK 3,11630.17,R HS IMP,137,"930 48900-93-35-09520 5720 S 66 AV E 11,520 R HS IMP 11,630.17 316.50 | LT 4 BLK 3 CITY OF TULSA | WOODLAND VIEW FIRST ADDN",High,parsed cleanly
49100-93-35-15189,Unknown,ADDRESS UNKNOWN,Tulsa,OK,Unknown,PRT LT 2 BEG NEC LT 2 TH CRV LF 13 SW TO PT ON SL,14.66,R,137,"931 49100-93-35-15189 ADDRESS UNKNOWN 1,002 R 14.66 318.00 | PRT LT 2 BEG NEC LT 2 TH CRV LF 13 SW TO PT ON SL CITY OF TULSA | LT 2 TH E4 NE117.93 POB BLK 4",Medium,partial or unknown address
49600-03-17-06000,Unknown,2738 E 45 ST N,Tulsa,OK,Unknown,LT 12 BLK 1,3766.83,R IMP,137,"932 49600-03-17-06000 2738 E 45 ST N 7,440 R IMP 3,766.83 348.00 | LT 12 BLK 1 CITY OF TULSA | YAHOLA HGTS ADDN",High,parsed cleanly
49650-03-34-13420,Unknown,4932 E HASKELL ST N,Tulsa,OK,Unknown,LT 4 BLK 3,3249.0,R IMP,137,"933 49650-03-34-13420 4932 E HASKELL ST N 7,280 R IMP 3,249.00 363.75 | LT 4 BLK 3 CITY OF TULSA | YALE CREST ADDN",High,parsed cleanly
49700-03-34-14030,Unknown,5107 E HASKELL PL N,Tulsa,OK,Unknown,LT 10 BLK 1,3272.62,R IMP,137,"934 49700-03-34-14030 5107 E HASKELL PL N 7,560 R IMP 3,272.62 316.50 | LT 10 BLK 1 CITY OF TULSA | YALE CREST THIRD ADDN",High,parsed cleanly
49725-03-34-14590,Unknown,4902 E EASTON ST N,Tulsa,OK,Unknown,LT 11 BLK 2,4040.26,R IMP,137,"935 49725-03-34-14590 4902 E EASTON ST N 8,680 R IMP 4,040.26 332.25 | LT 11 BLK 2 CITY OF TULSA | YALE CREST EXT",High,parsed cleanly
49800-03-34-14990,Unknown,1241 N ALLEGHENY AV E,Tulsa,OK,Unknown,LT 11 BLK 2,4540.87,R IMP,138,"936 49800-03-34-14990 1241 N ALLEGHENY AV E 7,830 R IMP 4,540.87 316.50 | LT 11 BLK 2 CITY OF TULSA | YALE TERRACE ADDN",High,parsed cleanly
49800-03-34-15300,Unknown,1145 N CANTON AV E,Tulsa,OK,Unknown,LT 12 BLK 4,3978.26,R IMP,138,"937 49800-03-34-15300 1145 N CANTON AV E 7,700 R IMP 3,978.26 332.25 | LT 12 BLK 4 CITY OF TULSA | YALE TERRACE ADDN",High,parsed cleanly
49850-92-28-05460,Unknown,4109 S 34 AV W,Tulsa,OK,Unknown,LTS 20 21 BK 13,5750.75,R IMP,138,"938 49850-92-28-05460 4109 S 34 AV W 7,000 R IMP 5,750.75 316.50 | LTS 20 21 BK 13 CITY OF TULSA | YARGEE ADDN",High,parsed cleanly
49850-92-28-09780,Unknown,S SOUTHWEST BV W,Tulsa,OK,Unknown,BLK 29 LESS PRT FOR HWY 66,14.66,C,138,939 49850-92-28-09780 S SOUTHWEST BV W 168 C 14.66 302.25 | BLK 29 LESS PRT FOR HWY 66 CITY OF TULSA | YARGEE ADDN,Medium,partial or unknown address
49900-93-21-18650,Unknown,3541 S NEW HAVEN AV E,Tulsa,OK,Unknown,LT 9 BLK 1,7966.97,R HS IMP,138,"940 49900-93-21-18650 3541 S NEW HAVEN AV E 7,375 R HS IMP 7,966.97 316.50 | LT 9 BLK 1 CITY OF TULSA | YATES ADDN RESUB B34&47 ALBERT PIKE SUB",High,parsed cleanly
50164-94-22-55990,Unknown,3504 S 150 AV E,Tulsa,OK,Unknown,LT 35 BLK 6,9727.69,R IMP,138,"941 50164-94-22-55990 3504 S 150 AV E 7,551 R IMP 9,727.69 332.25 | LT 35 BLK 6 CITY OF TULSA | SUNWOOD HILLS SECOND",High,parsed cleanly
52435-13-31-40460,Unknown,ADDRESS UNKNOWN,Unknown,OK,Unknown,LT 6 BLK 1 TULSA COUNTY,197.98,R,138,"942 52435-13-31-40460 ADDRESS UNKNOWN 18,300 R 197.98 302.25 | LT 6 BLK 1 TULSA COUNTY | AMY ADDN RSB L10 & W150 L11B5 GOLDEN HILL",Medium,partial or unknown address
52500-03-06-00190,Unknown,2307 E 56 ST N,Unknown,OK,Unknown,LT 5 BLK 2 TULSA COUNTY,1326.96,R HS IMP,139,"943 52500-03-06-00190 2307 E 56 ST N 18,900 R HS IMP 1,326.96 316.50 | LT 5 BLK 2 TULSA COUNTY | BELFLOWER HGTS",High,parsed cleanly
52550-92-33-05285,Unknown,4535 W 57 ST S,City Of Sapulpa Structure Removed,OK,Unknown,LT 17 BLK 1,3222.34,R,139,"944 52550-92-33-05285 4535 W 57 ST S 38,864 R 3,222.34 332.25 | LT 17 BLK 1 CITY OF SAPULPA STRUCTURE REMOVED | BOZARTH ACRES",High,parsed cleanly
52575-02-01-01420,Unknown,702 E 61 ST N,Unknown,OK,Unknown,LTS 30 THRU 32 TULSA COUNTY,564.61,R,139,"945 52575-02-01-01420 702 E 61 ST N 20,580 R 564.61 286.50 | LTS 30 THRU 32 TULSA COUNTY | BRANNON ADDN",High,parsed cleanly
52625-92-28-06480,Unknown,4311 W 43 ST S,Unknown,OK,Unknown,PRT BLK 8 BEG NWC TH E123.5 SWLY100 W TO PT TULSA COUNTY,1294.53,R IMP,139,"946 52625-92-28-06480 4311 W 43 ST S 32,027 R IMP 1,294.53 332.25 | PRT BLK 8 BEG NWC TH E123.5 SWLY100 W TO PT TULSA COUNTY | S206.2 W100 N306.2 POB",High,parsed cleanly
53075-92-04-13750,Unknown,ADDRESS UNKNOWN,Tulsa,OK,Unknown,PT LT 4 BEG SE COR TH W 42' NW 114.58' TO NWC E,7.33,R,139,"947 53075-92-04-13750 ADDRESS UNKNOWN 4,675 R 7.33 286.50 | PT LT 4 BEG SE COR TH W 42' NW 114.58' TO NWC E CITY OF TULSA | 145' S 50' TO BEG BLK 3",Medium,partial or unknown address
53075-92-04-13770,Unknown,ADDRESS UNKNOWN,Tulsa,OK,Unknown,LT 5 BLK 3,7.33,R,139,"948 53075-92-04-13770 ADDRESS UNKNOWN 7,250 R 7.33 286.50 | LT 5 BLK 3 CITY OF TULSA | EAGLE CREST ADDN",Medium,partial or unknown address
53075-92-04-13780,Unknown,3504 W EASTON ST N,Tulsa,OK,Unknown,LT 6 BLK 3,571.94,R,139,"949 53075-92-04-13780 3504 W EASTON ST N 7,250 R 571.94 302.25 | LT 6 BLK 3 CITY OF TULSA | EAGLE CREST ADDN",High,parsed cleanly
53150-02-01-01760,Unknown,6202 N FRANKFORT PL E,Unknown,OK,Unknown,LT 5 & N130 LT 6 BLK 3 TULSA COUNTY,2021.13,R IMP,140,"950 53150-02-01-01760 6202 N FRANKFORT PL E 66,000 R IMP 2,021.13 316.50 | LT 5 & N130 LT 6 BLK 3 TULSA COUNTY | FAIRVIEW HGTS ADDN",High,parsed cleanly
53150-02-01-01950,Unknown,451 E 61 ST N,Unknown,OK,Unknown,LOT 7 BLK 4 TULSA COUNTY,862.97,R HS IMP,140,"951 53150-02-01-01950 451 E 61 ST N 38,760 R HS IMP 862.97 442.50 | LOT 7 BLK 4 TULSA COUNTY | FAIRVIEW HGTS ADDN",High,parsed cleanly
53200-92-33-06500,Unknown,5710 S 38 AV W,Unknown,OK,Unknown,LOT 2 BLK 2 TULSA COUNTY,537.94,R,140,"952 53200-92-33-06500 5710 S 38 AV W 11,400 R 537.94 349.50 | LOT 2 BLK 2 TULSA COUNTY | GANTZ ADDN",High,parsed cleanly
53275-13-31-00460,Unknown,7425 N PEORIA AV E,Unknown,OK,Unknown,LT 6 BLK 3 TULSA COUNTY,15083.71,C IMP,140,"953 53275-13-31-00460 7425 N PEORIA AV E 64,050 C IMP 15,083.71 348.00 | LT 6 BLK 3 TULSA COUNTY | GOLDEN HILL ADDN",High,parsed cleanly
53275-13-31-02130,Unknown,1518 E 71 ST N,Unknown,OK,Unknown,W 1/2 LOT 3 BLK 9 TULSA COUNTY,1830.59,R HS IMP,140,"954 53275-13-31-02130 1518 E 71 ST N 29,500 R HS IMP 1,830.59 363.75 | W 1/2 LOT 3 BLK 9 TULSA COUNTY | GOLDEN HILL ADDN",High,parsed cleanly
53275-13-31-02600,Unknown,1415 E 68 ST N,Unknown,OK,Unknown,LOT 12 BLK 10 TULSA COUNTY,2762.83,R HS IMP,140,"955 53275-13-31-02600 1415 E 68 ST N 56,400 R HS IMP 2,762.83 395.25 | LOT 12 BLK 10 TULSA COUNTY | GOLDEN HILL ADDN",High,parsed cleanly
53325-03-06-02485,Unknown,ADDRESS UNKNOWN,Unknown,OK,Unknown,PT BLK 16 BEG 100S & 184.8W OF NEC TH W9 S25 E9 TULSA COUNTY,14.66,R,140,956 53325-03-06-02485 ADDRESS UNKNOWN 225 R 14.66 302.25 | PT BLK 16 BEG 100S & 184.8W OF NEC TH W9 S25 E9 TULSA COUNTY | N25 POB,Medium,partial or unknown address
53325-03-06-02740,Unknown,6420 N QUINCY AV E,Unknown,OK,Unknown,LT 26 BLK 17 TULSA COUNTY MH NOT INCLUDED,686.59,R,141,"957 53325-03-06-02740 6420 N QUINCY AV E 7,000 R 686.59 302.25 | LT 26 BLK 17 TULSA COUNTY MH NOT INCLUDED | GOLDEN HILL SECOND ADDN",High,parsed cleanly
53450-02-01-01960,Unknown,5602 N PEORIA AV E,Unknown,OK,Unknown,TRACT 1 TULSA COUNTY,4526.74,C IMP,141,"958 53450-02-01-01960 5602 N PEORIA AV E 22,500 C IMP 4,526.74 332.25 | TRACT 1 TULSA COUNTY | KRUGER TRACTS",High,parsed cleanly
53500-92-05-05970,Unknown,5325 W 2 ST S,Unknown,OK,Unknown,LT-29-BLK-2 TULSA COUNTY,2170.31,R HS IMP,141,"959 53500-92-05-05970 5325 W 2 ST S 10,219 R HS IMP 2,170.31 332.25 | LT-29-BLK-2 TULSA COUNTY | MAYFAIR 2ND ADDN",High,parsed cleanly
53600-03-06-02990,Unknown,1724 E 63 ST N,Unknown,OK,Unknown,LTS 9 & 10 BLK 2 TULSA COUNTY,12908.37,C IMP,141,"960 53600-03-06-02990 1724 E 63 ST N 28,000 C IMP 12,908.37 332.25 | LTS 9 & 10 BLK 2 TULSA COUNTY | MCBROOM ADDN",High,parsed cleanly
53675-92-32-01650,Unknown,6217 W 60 ST S,Unknown,OK,Unknown,LT 8 LESS W/2 LT 8 BLK 4 TULSA COUNTY,7.33,R,141,"961 53675-92-32-01650 6217 W 60 ST S 1,690 R 7.33 286.50 | LT 8 LESS W/2 LT 8 BLK 4 TULSA COUNTY | NEW TANEHA",High,parsed cleanly
53675-92-32-01720,Unknown,5827 S 63 AV W,Unknown,OK,Unknown,LOTS-19-&-20-BLK-4 TULSA COUNTY,219.97,C,141,"962 53675-92-32-01720 5827 S 63 AV W 9,666 C 219.97 286.50 | LOTS-19-&-20-BLK-4 TULSA COUNTY | NEW TANEHA",High,parsed cleanly
53675-92-32-01900,Unknown,5805 S 64 AV W,Unknown,OK,Unknown,LOTS-12-TO-16-INCL.BLK-5 TULSA COUNTY,3580.08,R IMP,141,"963 53675-92-32-01900 5805 S 64 AV W 16,250 R IMP 3,580.08 316.50 | LOTS-12-TO-16-INCL.BLK-5 TULSA COUNTY | NEW TANEHA",High,parsed cleanly
53675-92-32-03280,Unknown,6033 S 60 AV W,Unknown,OK,Unknown,LOT-19-&-20-BLK-13 TULSA COUNTY MH NOT INCLUDED,619.27,R IMP,142,"964 53675-92-32-03280 6033 S 60 AV W 6,500 R IMP 619.27 316.50 | LOT-19-&-20-BLK-13 TULSA COUNTY MH NOT INCLUDED | NEW TANEHA",High,parsed cleanly
53725-02-01-03030,Unknown,905 E 64 ST N,Unknown,OK,Unknown,LT 5 BLK 7 TULSA COUNTY,4348.07,R IMP,142,"965 53725-02-01-03030 905 E 64 ST N 40,000 R IMP 4,348.07 316.50 | LT 5 BLK 7 TULSA COUNTY | NORTH TURLEY ADDN",High,parsed cleanly
53725-02-01-03440,Unknown,737 E 63 ST N,Unknown,OK,Unknown,W/2 LT 8 & ALL LTS 9 & 10 BLK 9 TULSA COUNTY,1646.05,R HS IMP,142,"966 53725-02-01-03440 737 E 63 ST N 211,920 R HS IMP 1,646.05 348.00 | W/2 LT 8 & ALL LTS 9 & 10 BLK 9 TULSA COUNTY | NORTH TURLEY ADDN",High,parsed cleanly
53775-02-02-00220,Unknown,6105 N MAIN ST E,Tulsa,OK,Unknown,LT 22 BK 1,3140.32,R HS IMP,142,"967 53775-02-02-00220 6105 N MAIN ST E 8,024 R HS IMP 3,140.32 363.75 | LT 22 BK 1 CITY OF TULSA | NORTHGATE ADDN",High,parsed cleanly
53825-02-02-01310,Unknown,7 E 63 ST N,Tulsa,OK,Unknown,LT 16 BK 4,3327.66,R IMP,142,"968 53825-02-02-01310 7 E 63 ST N 7,860 R IMP 3,327.66 316.50 | LT 16 BK 4 CITY OF TULSA | NORTHGATE SECOND ADDN",High,parsed cleanly
53825-02-02-01320,Unknown,6 W 65 PL N,Tulsa,OK,Unknown,LT 1 BK 5,2333.76,R IMP,142,"969 53825-02-02-01320 6 W 65 PL N 9,020 R IMP 2,333.76 395.25 | LT 1 BK 5 CITY OF TULSA | NORTHGATE SECOND ADDN",High,parsed cleanly
53825-02-02-01430,Unknown,6356 N MAIN ST W,Tulsa,OK,Unknown,LT 12 BK 5,1939.1,R IMP,142,"970 53825-02-02-01430 6356 N MAIN ST W 7,080 R IMP 1,939.10 348.00 | LT 12 BK 5 CITY OF TULSA | NORTHGATE SECOND ADDN",High,parsed cleanly
53825-02-02-01690,Unknown,6369 N BOULDER AV W,Tulsa,OK,Unknown,LT 38 BK 5,1693.83,R IMP,143,"971 53825-02-02-01690 6369 N BOULDER AV W 7,080 R IMP 1,693.83 332.25 | LT 38 BK 5 CITY OF TULSA | NORTHGATE SECOND ADDN",High,parsed cleanly
53825-02-02-02090,Unknown,6345 N CHEYENNE AV W,Tulsa,OK,Unknown,LT 33 BK 6,329.96,R,143,"972 53825-02-02-02090 6345 N CHEYENNE AV W 7,080 R 329.96 302.25 | LT 33 BK 6 CITY OF TULSA | NORTHGATE SECOND ADDN",High,parsed cleanly
53825-02-02-02210,Unknown,ADDRESS UNKNOWN,Tulsa,OK,Unknown,LT 45 BK 6,373.96,R,143,"973 53825-02-02-02210 ADDRESS UNKNOWN 9,020 R 373.96 270.75 | LT 45 BK 6 CITY OF TULSA | NORTHGATE SECOND ADDN",Medium,partial or unknown address
53850-02-02-02760,Unknown,6307 N DENVER AV W,Tulsa,OK,Unknown,LT 28 BK 2,827.78,R HS IMP,143,"974 53850-02-02-02760 6307 N DENVER AV W 7,080 R HS IMP 827.78 316.50 | LT 28 BK 2 CITY OF TULSA | NORTHGATE THIRD ADDN",High,parsed cleanly
53850-02-02-04160,Unknown,6229 N DENVER AV W,Tulsa,OK,Unknown,LT 28 BK 7,1609.65,R IMP,143,"975 53850-02-02-04160 6229 N DENVER AV W 7,200 R IMP 1,609.65 332.25 | LT 28 BK 7 CITY OF TULSA | NORTHGATE THIRD ADDN",High,parsed cleanly
53850-02-02-04340,Unknown,330 W 62 PL N,Tulsa,OK,Unknown,LT 16 BK 8,2122.45,R IMP,143,"976 53850-02-02-04340 330 W 62 PL N 7,820 R IMP 2,122.45 332.25 | LT 16 BK 8 CITY OF TULSA | NORTHGATE THIRD ADDN",High,parsed cleanly
53850-02-02-04710,Unknown,240 W 61 PL N,Tulsa,OK,Unknown,LT 53 BK 8,2275.56,R IMP,143,"977 53850-02-02-04710 240 W 61 PL N 7,680 R IMP 2,275.56 316.50 | LT 53 BK 8 CITY OF TULSA | NORTHGATE THIRD ADDN",High,parsed cleanly
54000-03-06-03450,Unknown,6305 N ROCKFORD AV E,Unknown,OK,Unknown,LT 18 BLK 2 TULSA COUNTY,686.59,R IMP,144,"978 54000-03-06-03450 6305 N ROCKFORD AV E 9,558 R IMP 686.59 348.00 | LT 18 BLK 2 TULSA COUNTY | PHILLIPS FARMS ADDN",High,parsed cleanly
54140-03-06-07180,Unknown,ADDRESS UNKNOWN,Unknown,OK,Unknown,LT 16 BLK 1 TULSA COUNTY,300.63,R,144,"979 54140-03-06-07180 ADDRESS UNKNOWN 7,193 R 300.63 270.75 | LT 16 BLK 1 TULSA COUNTY | SCOTTSDALE ADDN",Medium,partial or unknown address
54140-03-06-07420,Unknown,ADDRESS UNKNOWN,Unknown,OK,Unknown,LT 40 BLK 1 TULSA COUNTY,300.63,R,144,"980 54140-03-06-07420 ADDRESS UNKNOWN 8,418 R 300.63 302.25 | LT 40 BLK 1 TULSA COUNTY | SCOTTSDALE ADDN",Medium,partial or unknown address
54140-03-06-07780,Unknown,1901 E 62 PL N,Unknown,OK,Unknown,LT 27 BLK 3 TULSA COUNTY,366.63,R,144,"982 54140-03-06-07780 1901 E 62 PL N 8,720 R 366.63 302.25 | LT 27 BLK 3 TULSA COUNTY | SCOTTSDALE ADDN",High,parsed cleanly
54140-03-06-08030,Unknown,2008 E 62 PL N,Unknown,OK,Unknown,LT 1 BLK 4 TULSA COUNTY,403.29,R,144,"983 54140-03-06-08030 2008 E 62 PL N 8,442 R 403.29 318.00 | LT 1 BLK 4 TULSA COUNTY | SCOTTSDALE ADDN",High,parsed cleanly
54225-03-06-05180,Unknown,1804 E 66 ST N,Unknown,OK,Unknown,LT 5 BLK 1 TULSA COUNTY,417.95,R,144,"984 54225-03-06-05180 1804 E 66 ST N 39,284 R 417.95 286.50 | LT 5 BLK 1 TULSA COUNTY | STEBBINS RESUB B8 & PRT B7",High,parsed cleanly
54225-03-06-05290,Unknown,6439 N WHEELING AV E,Unknown,OK,Unknown,LT 6 BLK 2 TULSA COUNTY,5224.79,R IMP,145,"985 54225-03-06-05290 6439 N WHEELING AV E 14,420 R IMP 5,224.79 332.25 | LT 6 BLK 2 TULSA COUNTY | STEBBINS RESUB B8 & PRT B7",High,parsed cleanly
54325-92-31-01360,Unknown,5616 S 67 AV W,Unknown,OK,Unknown,LT 34 BK 34 TULSA COUNTY,102.65,R,145,"986 54325-92-31-01360 5616 S 67 AV W 3,250 R 102.65 318.00 | LT 34 BK 34 TULSA COUNTY | TANEHA",High,parsed cleanly
54325-92-31-02620,Unknown,7116 W 60 ST S,Unknown,OK,Unknown,ALL LTS 5 6 & E1/2 LT 7 BK 54 TULSA COUNTY,381.29,R IMP,145,"987 54325-92-31-02620 7116 W 60 ST S 8,190 R IMP 381.29 363.75 | ALL LTS 5 6 & E1/2 LT 7 BK 54 TULSA COUNTY | TANEHA",High,parsed cleanly
54325-92-31-02630,Unknown,7118 W 60 ST S,Unknown,OK,Unknown,LT 7 W1/2 & ALL LT 8 9 BK 54 TULSA COUNTY,3211.01,R IMP,145,"988 54325-92-31-02630 7118 W 60 ST S 8,190 R IMP 3,211.01 332.25 | LT 7 W1/2 & ALL LT 8 9 BK 54 TULSA COUNTY | TANEHA",High,parsed cleanly
54325-92-31-02640,Unknown,7118 W 60 ST S,Unknown,OK,Unknown,LT 10 BK 54 TULSA COUNTY,102.65,R,145,"989 54325-92-31-02640 7118 W 60 ST S 3,250 R 102.65 318.00 | LT 10 BK 54 TULSA COUNTY | TANEHA",High,parsed cleanly
54325-92-31-02650,Unknown,6009 S 72 AV W,Unknown,OK,Unknown,LT 11 BK 54 TULSA COUNTY,102.65,R,145,"990 54325-92-31-02650 6009 S 72 AV W 3,250 R 102.65 302.25 | LT 11 BK 54 TULSA COUNTY | TANEHA",High,parsed cleanly
54325-92-31-02660,Unknown,ADDRESS UNKNOWN,Unknown,OK,Unknown,LT 12 BK 54 TULSA COUNTY,183.31,R,145,"991 54325-92-31-02660 ADDRESS UNKNOWN 3,250 R 183.31 270.75 | LT 12 BK 54 TULSA COUNTY | TANEHA",Medium,partial or unknown address
54325-92-31-02670,Unknown,ADDRESS UNKNOWN,Unknown,OK,Unknown,LT 13 BK 54 TULSA COUNTY,183.31,R,146,"992 54325-92-31-02670 ADDRESS UNKNOWN 3,250 R 183.31 270.75 | LT 13 BK 54 TULSA COUNTY | TANEHA",Medium,partial or unknown address
54325-92-31-04180,Unknown,ADDRESS UNKNOWN,Unknown,OK,Unknown,LT 7 BK 68 TULSA COUNTY,14.66,R,146,"993 54325-92-31-04180 ADDRESS UNKNOWN 3,250 R 14.66 270.75 | LT 7 BK 68 TULSA COUNTY | TANEHA",Medium,partial or unknown address
54375-02-01-07910,Unknown,1148 E 60 ST N,Unknown,OK,Unknown,LTS 1 THRU 5 BLK 6 TULSA COUNTY,6907.12,C IMP,146,"994 54375-02-01-07910 1148 E 60 ST N 17,500 C IMP 6,907.12 332.25 | LTS 1 THRU 5 BLK 6 TULSA COUNTY | TURLEY-ORIGINAL TOWN",High,parsed cleanly
54375-02-01-07920,Unknown,5942 N OWASSO AV E,Unknown,OK,Unknown,LT 6 & 7 BLK 6 TULSA COUNTY,1077.89,R IMP,146,"995 54375-02-01-07920 5942 N OWASSO AV E 7,000 R IMP 1,077.89 348.00 | LT 6 & 7 BLK 6 TULSA COUNTY | TURLEY-ORIGINAL TOWN",High,parsed cleanly
54375-02-01-07930,Unknown,5938 N OWASSO AV E,Unknown,OK,Unknown,LTS 8 & 9 BLK 6 TULSA COUNTY,731.92,R IMP,146,"996 54375-02-01-07930 5938 N OWASSO AV E 7,000 R IMP 731.92 316.50 | LTS 8 & 9 BLK 6 TULSA COUNTY | TURLEY-ORIGINAL TOWN",High,parsed cleanly
54375-02-01-07940,Unknown,5934 N OWASSO AV E,Unknown,OK,Unknown,LTS 10 THRU 12 BLK 6 TULSA COUNTY,1647.83,R IMP,146,"997 54375-02-01-07940 5934 N OWASSO AV E 10,500 R IMP 1,647.83 332.25 | LTS 10 THRU 12 BLK 6 TULSA COUNTY | TURLEY-ORIGINAL TOWN",High,parsed cleanly
54375-02-01-07970,Unknown,1105 E 59 PL N,Unknown,OK,Unknown,LTS 14 15 16 & E3 OF LT 17 BLK 6 TULSA COUNTY,498.61,R,146,"998 54375-02-01-07970 1105 E 59 PL N 10,920 R 498.61 286.50 | LTS 14 15 16 & E3 OF LT 17 BLK 6 TULSA COUNTY | TURLEY-ORIGINAL TOWN",High,parsed cleanly
54375-02-01-08800,Unknown,6042 N MADISON AV E,Unknown,OK,Unknown,LTS 1 THRU 3 BLK 15 TULSA COUNTY,1808.47,R IMP,147,"999 54375-02-01-08800 6042 N MADISON AV E 12,740 R IMP 1,808.47 363.75 | LTS 1 THRU 3 BLK 15 TULSA COUNTY | TURLEY-ORIGINAL TOWN",High,parsed cleanly
54425-02-02-04980,Unknown,405 W 58 ST N,Unknown,OK,Unknown,LT 6 BLK 2 TULSA COUNTY MH NOT INCLUDED,6819.31,R HS IMP,147,"1000 54425-02-02-04980 405 W 58 ST N 40,000 R HS IMP 6,819.31 363.75 | LT 6 BLK 2 TULSA COUNTY MH NOT INCLUDED | VINING ACRES",High,parsed cleanly
54450-13-31-04140,Unknown,6808 N UTICA AV E,Unknown,OK,Unknown,N/2 N100 E120 TRACT 7 TULSA COUNTY,530.63,R HS IMP,147,"1001 54450-13-31-04140 6808 N UTICA AV E 6,000 R HS IMP 530.63 474.00 | N/2 N100 E120 TRACT 7 TULSA COUNTY | WHITELEY & ORR 1ST ADDN",High,parsed cleanly
54450-13-31-04145,Unknown,6806 N UTICA AV E,Unknown,OK,Unknown,S/2 N100 E120 TRACT 7 TULSA COUNTY,779.97,R IMP,147,"1002 54450-13-31-04145 6806 N UTICA AV E 6,000 R IMP 779.97 474.00 | S/2 N100 E120 TRACT 7 TULSA COUNTY | WHITELEY & ORR 1ST ADDN",High,parsed cleanly
54500-92-28-08570,Unknown,4131 S 49 AV W,Unknown,OK,Unknown,N94.17 N/2 S/2 LT 2 TULSA COUNTY,2769.05,R HS IMP,147,"1003 54500-92-28-08570 4131 S 49 AV W 28,764 R HS IMP 2,769.05 316.50 | N94.17 N/2 S/2 LT 2 TULSA COUNTY | YARGEE ACRES",High,parsed cleanly
54500-92-28-08600,Unknown,4224 S 47 AV W,Unknown,OK,Unknown,E/2 E/2 LT 3 LESS N218.4 THEREOF TULSA COUNTY,1280.6,R,147,"1004 54500-92-28-08600 4224 S 47 AV W 15,300 R 1,280.60 333.75 | E/2 E/2 LT 3 LESS N218.4 THEREOF TULSA COUNTY | YARGEE ACRES",High,parsed cleanly
54575-92-07-00420,Unknown,7729 W 16 ST S,Unknown,OK,Unknown,W/2 TR 4 LT 7 TULSA COUNTY,300.63,R,147,"1005 54575-92-07-00420 7729 W 16 ST S 18,910 R 300.63 302.25 | W/2 TR 4 LT 7 TULSA COUNTY | BILLINGTON'S ACRE TRACTS",High,parsed cleanly
54575-92-07-00662,Unknown,7810 W 16 ST S,Unknown,OK,Unknown,E62 N163 TR19 LT 7 .23AC TULSA COUNTY,227.31,R,148,"1006 54575-92-07-00662 7810 W 16 ST S 10,106 R 227.31 318.00 | E62 N163 TR19 LT 7 .23AC TULSA COUNTY | BILLINGTON'S ACRE TRACTS",High,parsed cleanly
54650-92-07-02040,Unknown,7217 W 16 ST S,Unknown,OK,Unknown,LOT 200 BLK H TULSA COUNTY,217.97,R,148,"1007 54650-92-07-02040 7217 W 16 ST S 7,500 R 217.97 302.25 | LOT 200 BLK H TULSA COUNTY | BILLINGTON'S ACRES RESUB ALL TR 5 & PRT TR 6 & 7",High,parsed cleanly
54675-92-05-05450,Unknown,32 S 62 AV W,Unknown,OK,Unknown,N1 FOOT LT A REPLAT & RESUBDIVISION OF LTS 36 TULSA COUNTY,4753.15,R IMP,148,"1008 54675-92-05-05450 32 S 62 AV W 33,975 R IMP 4,753.15 348.00 | N1 FOOT LT A REPLAT & RESUBDIVISION OF LTS 36 TULSA COUNTY | THRU 38 BLUE RIDGE SUBDIVISION & LTS 39 & 40",High,parsed cleanly
54800-91-35-00300,Unknown,5812 S 105 AV W,Unknown,OK,Unknown,E335 & S107 W150 LT 1 BLK 2 TULSA COUNTY,1555.17,R IMP,148,"1009 54800-91-35-00300 5812 S 105 AV W 85,395 R IMP 1,555.17 332.25 | E335 & S107 W150 LT 1 BLK 2 TULSA COUNTY | BUFORD-COLONY",High,parsed cleanly
54800-91-35-01520,Unknown,10819 W 57 ST S,Unknown,OK,Unknown,LT 1 LESS E220 W240 S200 THEREOF BLK 7 TULSA COUNTY,469.52,R,148,"1010 54800-91-35-01520 10819 W 57 ST S 195,040 R 469.52 286.50 | LT 1 LESS E220 W240 S200 THEREOF BLK 7 TULSA COUNTY | BUFORD-COLONY",High,parsed cleanly
54825-91-35-02410,Unknown,10917 W 52 ST S,Unknown,OK,Unknown,LOT 14 BLK 2 TULSA COUNTY,663.93,R IMP,148,"1011 54825-91-35-02410 10917 W 52 ST S 81,900 R IMP 663.93 316.50 | LOT 14 BLK 2 TULSA COUNTY | BUFORD COLONY SECOND ADDN",High,parsed cleanly
54900-90-10-01020,Unknown,ADDRESS UNKNOWN,Unknown,OK,Unknown,LT 8 BLK 1 TULSA COUNTY,974.56,R,148,"1012 54900-90-10-01020 ADDRESS UNKNOWN 23,718 R 974.56 286.50 | LT 8 BLK 1 TULSA COUNTY | CANDLESTICK BEACH SECOND ADDN",Medium,partial or unknown address
54950-91-10-00550,Unknown,306 N WALNUT AV W,Unknown,OK,Unknown,LT 5 BLK 6 TULSA COUNTY,648.6,R,149,"1013 54950-91-10-00550 306 N WALNUT AV W 7,000 R 648.60 302.25 | LT 5 BLK 6 TULSA COUNTY | HALL'S FIRST ADDN",High,parsed cleanly
54975-91-10-00980,Unknown,821 W LONG ST S,Unknown,OK,Unknown,LT 7 BLK 2 TULSA COUNTY,1752.87,R IMP,149,"1014 54975-91-10-00980 821 W LONG ST S 19,000 R IMP 1,752.87 316.50 | LT 7 BLK 2 TULSA COUNTY | HALL'S GARDEN ADDN",High,parsed cleanly
54975-91-10-00985,Unknown,ADDRESS UNKNOWN,Unknown,OK,Unknown,E50 LT 8 BLK 2 TULSA COUNTY,43.99,R,149,"1015 54975-91-10-00985 ADDRESS UNKNOWN 9,500 R 43.99 270.75 | E50 LT 8 BLK 2 TULSA COUNTY | HALL'S GARDEN ADDN",Medium,partial or unknown address
54975-91-10-01030,Unknown,847 W LONG ST S,Unknown,OK,Unknown,LT 12 BLK 2 TULSA COUNTY,661.26,R IMP,149,"1016 54975-91-10-01030 847 W LONG ST S 16,665 R IMP 661.26 316.50 | LT 12 BLK 2 TULSA COUNTY | HALL'S GARDEN ADDN",High,parsed cleanly
55025-92-07-02380,Unknown,7725 W 18 ST S,Unknown,OK,Unknown,LT 7 BLK 1 TULSA COUNTY,1764.57,R IMP,149,"1017 55025-92-07-02380 7725 W 18 ST S 7,000 R IMP 1,764.57 332.25 | LT 7 BLK 1 TULSA COUNTY | LAKE SUB",High,parsed cleanly
55050-92-07-03570,Unknown,ADDRESS UNKNOWN,Unknown,OK,Unknown,LT 31 BLK 1 TULSA COUNTY,14.66,R,149,"1018 55050-92-07-03570 ADDRESS UNKNOWN 7,000 R 14.66 349.50 | LT 31 BLK 1 TULSA COUNTY | SECOND LAKE SUB",Medium,partial or unknown address
55050-92-07-03580,Unknown,7713 W 14 ST S,Unknown,OK,Unknown,LT 32 BLK 1 TULSA COUNTY STRUCTURE REMOVED,2377.86,R,149,"1019 55050-92-07-03580 7713 W 14 ST S 7,000 R 2,377.86 426.75 | LT 32 BLK 1 TULSA COUNTY STRUCTURE REMOVED | SECOND LAKE SUB",High,parsed cleanly
55050-92-07-03590,Unknown,7703 W 14 ST S,Unknown,OK,Unknown,LT 33 BLK 1 TULSA COUNTY MH NOT INCLUDED,483.95,R,150,"1020 55050-92-07-03590 7703 W 14 ST S 7,000 R 483.95 286.50 | LT 33 BLK 1 TULSA COUNTY MH NOT INCLUDED | SECOND LAKE SUB",High,parsed cleanly
55050-92-07-03600,Unknown,7703 W 14 ST S,Unknown,OK,Unknown,LT 34 BLK 1 TULSA COUNTY,190.64,R,150,"1021 55050-92-07-03600 7703 W 14 ST S 7,000 R 190.64 286.50 | LT 34 BLK 1 TULSA COUNTY | SECOND LAKE SUB",High,parsed cleanly
55050-92-07-03610,Unknown,ADDRESS UNKNOWN,Unknown,OK,Unknown,LT 35 BLK 1 TULSA COUNTY,14.66,R,150,"1022 55050-92-07-03610 ADDRESS UNKNOWN 6,041 R 14.66 270.75 | LT 35 BLK 1 TULSA COUNTY | SECOND LAKE SUB",Medium,partial or unknown address
55200-91-10-01250,Unknown,904 N INDUSTRIAL AV W,Unknown,OK,Unknown,LOT-2-BLK-9 TULSA COUNTY,3714.51,R IMP,150,"1023 55200-91-10-01250 904 N INDUSTRIAL AV W 20,000 R IMP 3,714.51 332.25 | LOT-2-BLK-9 TULSA COUNTY | CHARLES PAGE HOME ACRES NO 2 & RESUB PRT B10",High,parsed cleanly
55200-91-10-03090,Unknown,501 N RIDGE DR W,Unknown,OK,Unknown,N120.35' LOT-9-BLK-19 TULSA COUNTY,7556.8,R HS IMP,150,"1024 55200-91-10-03090 501 N RIDGE DR W 23,640 R HS IMP 7,556.80 316.50 | N120.35' LOT-9-BLK-19 TULSA COUNTY | CHARLES PAGE HOME ACRES NO 2 & RESUB PRT B10",High,parsed cleanly
55300-91-03-01060,Unknown,911 W 10 ST N,Unknown,OK,Unknown,LT 12 BLK 27 TULSA COUNTY,934.57,R,150,"1025 55300-91-03-01060 911 W 10 ST N 41,800 R 934.57 333.75 | LT 12 BLK 27 TULSA COUNTY | CHARLES PAGE HOME ACRES NO 4",High,parsed cleanly
55375-92-05-07125,Unknown,6410 W 4 PL S,Unknown,OK,Unknown,PRT LT 22 BEG NEC TH S125 W65 N TO PT NE TO POB TULSA COUNTY,2826.94,R IMP,150,"1026 55375-92-05-07125 6410 W 4 PL S 7,703 R IMP 2,826.94 316.50 | PRT LT 22 BEG NEC TH S125 W65 N TO PT NE TO POB TULSA COUNTY | PARTRIDGE SUB",High,parsed cleanly
55425-91-07-00260,Unknown,ADDRESS UNKNOWN,Unknown,OK,Unknown,LT 19 BLK 2 TULSA COUNTY,512.61,R,151,"1027 55425-91-07-00260 ADDRESS UNKNOWN 18,000 R 512.61 270.75 | LT 19 BLK 2 TULSA COUNTY | RIVER VALLEY ESTATES AMD",Medium,partial or unknown address
55425-91-07-00270,Unknown,1702 S 168 AV W,Unknown,OK,Unknown,LT 20 BLK 2 TULSA COUNTY,5297.09,R HS IMP,151,"1028 55425-91-07-00270 1702 S 168 AV W 18,000 R HS IMP 5,297.09 332.25 | LT 20 BLK 2 TULSA COUNTY | RIVER VALLEY ESTATES AMD",High,parsed cleanly
55625-92-06-02240,Unknown,7115 W 1 ST S,Unknown,OK,Unknown,W90 S/2 LT 13 BLK 1 TULSA COUNTY,855.27,R,151,"1029 55625-92-06-02240 7115 W 1 ST S 19,575 R 855.27 318.00 | W90 S/2 LT 13 BLK 1 TULSA COUNTY | TWIN CITIES",High,parsed cleanly
55625-92-06-02420,Unknown,215 S 71 AV W,Unknown,OK,Unknown,LTS 4 THRU 6 BLK 3 TULSA COUNTY,1072.22,R,151,"1030 55625-92-06-02420 215 S 71 AV W 60,000 R 1,072.22 365.25 | LTS 4 THRU 6 BLK 3 TULSA COUNTY | TWIN CITIES",High,parsed cleanly
55625-92-06-03160,Unknown,505 S 72 AV W,Unknown,OK,Unknown,LT 7 BLK 5 TULSA COUNTY,2740.58,R IMP,151,"1031 55625-92-06-03160 505 S 72 AV W 18,000 R IMP 2,740.58 316.50 | LT 7 BLK 5 TULSA COUNTY | TWIN CITIES",High,parsed cleanly
55930-74-08-16200,Unknown,13410 S 128 AV E,Unknown,OK,Unknown,LT 4 BLK 1 TULSA COUNTY,8035.4,R IMP,151,"1033 55930-74-08-16200 13410 S 128 AV E 18,433 R IMP 8,035.40 300.75 | LT 4 BLK 1 TULSA COUNTY | ORCHARD HILL ESTATES",High,parsed cleanly
55975-74-05-00390,Unknown,12738 S 122 AV E,Unknown,OK,Unknown,LT 4 BLK 6 TULSA COUNTY,9586.83,R IMP,152,"1034 55975-74-05-00390 12738 S 122 AV E 20,250 R IMP 9,586.83 332.25 | LT 4 BLK 6 TULSA COUNTY | WILLOW SPRINGS ESTATES ADDN",High,parsed cleanly
55980-74-05-47490,Unknown,12606 S 119 AV E,Unknown,OK,Unknown,LOT 9 BLK 1 TULSA COUNTY,6518.27,R IMP,152,"1035 55980-74-05-47490 12606 S 119 AV E 52,227 R IMP 6,518.27 363.75 | LOT 9 BLK 1 TULSA COUNTY | WILLOW SPRINGS WEST ADDN",High,parsed cleanly
55980-74-05-47510,Unknown,12612 S 119 AV E,Unknown,OK,Unknown,LT 10 BLK 1 TULSA COUNTY,15461.08,R IMP,152,"1036 55980-74-05-47510 12612 S 119 AV E 35,685 R IMP 15,461.08 316.50 | LT 10 BLK 1 TULSA COUNTY | WILLOW SPRINGS WEST ADDN",High,parsed cleanly
55980-74-05-49630,Unknown,11463 E 128 PL S,Unknown,OK,Unknown,LT 10 BLK 5 TULSA COUNTY,10403.59,R HS IMP,152,"1037 55980-74-05-49630 11463 E 128 PL S 40,619 R HS IMP 10,403.59 348.00 | LT 10 BLK 5 TULSA COUNTY | WILLOW SPRINGS WEST ADDN",High,parsed cleanly
56015-82-35-25430,Unknown,11452 S FRANKLIN AV W,City Of Jenks,OK,Unknown,LT 20 BLK 6,12360.12,R IMP,152,"1038 56015-82-35-25430 11452 S FRANKLIN AV W 9,556 R IMP 12,360.12 426.75 | LT 20 BLK 6 CITY OF JENKS | GLENNWOOD SOUTH",High,parsed cleanly
56015-82-35-25880,Unknown,11525 S FRANKLIN AV W,City Of Jenks,OK,Unknown,LT 5 BLK 9,9077.6,R HS IMP,152,"1039 56015-82-35-25880 11525 S FRANKLIN AV W 10,140 R HS IMP 9,077.60 332.25 | LT 5 BLK 9 CITY OF JENKS | GLENNWOOD SOUTH",High,parsed cleanly
56025-82-23-00830,Unknown,744 W 97 CT S,Unknown,OK,Unknown,LT 6 BLK 6 TULSA COUNTY,11972.29,R HS IMP,152,"1040 56025-82-23-00830 744 W 97 CT S 15,207 R HS IMP 11,972.29 316.50 | LT 6 BLK 6 TULSA COUNTY | GREGORY CIRCLE ACRES",High,parsed cleanly
56080-83-19-23670,Unknown,1028 N 3 ST E,City Of Jenks,OK,Unknown,LT 10 BLK 1,11201.62,R IMP,153,"1041 56080-83-19-23670 1028 N 3 ST E 7,811 R IMP 11,201.62 316.50 | LT 10 BLK 1 CITY OF JENKS | LAKEWOOD TERRACE",High,parsed cleanly
56110-83-31-14030,Unknown,11631 S 2 ST E,City Of Jenks,OK,Unknown,LT 12 BLK 4,14832.15,R HS IMP,153,"1042 56110-83-31-14030 11631 S 2 ST E 30,806 R HS IMP 14,832.15 316.50 | LT 12 BLK 4 CITY OF JENKS | OAKWOOD ESTATES REVISED",High,parsed cleanly
56600-92-20-00740,Unknown,3310 S 61 AV W,Unknown,OK,Unknown,LT 19 & LT 20 BLK 3 TULSA COUNTY,4992.83,R IMP,153,"1043 56600-92-20-00740 3310 S 61 AV W 76,289 R IMP 4,992.83 300.75 | LT 19 & LT 20 BLK 3 TULSA COUNTY | BERRY HILL ACRES",High,parsed cleanly
56625-92-20-01430,Unknown,3190 S 57 AV W,Tulsa,OK,Unknown,LT 15 BLK B,3901.6,R IMP,153,"1044 56625-92-20-01430 3190 S 57 AV W 34,200 R IMP 3,901.60 474.00 | LT 15 BLK B CITY OF TULSA | BERRY HILL GARDENS",High,parsed cleanly
56900-92-20-02220,Unknown,6115 W 39 ST S,Unknown,OK,Unknown,LT 9 BLK 2 TULSA COUNTY,5224.32,R IMP,153,"1046 56900-92-20-02220 6115 W 39 ST S 18,800 R IMP 5,224.32 348.00 | LT 9 BLK 2 TULSA COUNTY | PLEASURE ACREAGE SECOND ADDN",High,parsed cleanly
56925-92-20-02770,Unknown,3930 S 61 AV W,Unknown,OK,Unknown,LT 1 BLK 5 TULSA COUNTY,1716.68,R HS IMP,153,"1047 56925-92-20-02770 3930 S 61 AV W 17,340 R HS IMP 1,716.68 411.00 | LT 1 BLK 5 TULSA COUNTY | PLEASURE ACREAGE 3RD ADDN",High,parsed cleanly
57160-13-12-12710,Unknown,8419 E 112 ST N,Unknown,OK,Unknown,LT 7 BLK 1 TULSA COUNTY,8447.55,R HS IMP,154,"1049 57160-13-12-12710 8419 E 112 ST N 213,880 R HS IMP 8,447.55 379.50 | LT 7 BLK 1 TULSA COUNTY | COUNTRYSIDE ESTATES",High,parsed cleanly
57165-14-18-60110,Unknown,11002 E 97 ST N,Owasso,OK,Unknown,LT 14 BLK 3,8714.98,R HS IMP,154,"1050 57165-14-18-60110 11002 E 97 ST N 13,102 R HS IMP 8,714.98 316.50 | LT 14 BLK 3 CITY OF OWASSO | EL RIO VISTA",High,parsed cleanly
57320-14-33-14860,Unknown,7536 N 145 AV E,Unknown,OK,Unknown,LTS 9 & 10 BLK 1 TULSA COUNTY MH NOT INCLUDED,5515.42,R HS IMP,154,"1051 57320-14-33-14860 7536 N 145 AV E 111,232 R HS IMP 5,515.42 332.25 | LTS 9 & 10 BLK 1 TULSA COUNTY MH NOT INCLUDED | PRAIRIE VIEW ACRES",High,parsed cleanly
57353-72-25-48120,Unknown,606 E 167 ST S,Unknown,OK,Unknown,LT 13 LESS N25 THEREOF BLK 1 TULSA COUNTY,9545.0,R IMP,154,"1052 57353-72-25-48120 606 E 167 ST S 163,806 R IMP 9,545.00 348.00 | LT 13 LESS N25 THEREOF BLK 1 TULSA COUNTY | COUNTRY ACRES",High,parsed cleanly
57353-72-25-48130,Unknown,ADDRESS UNKNOWN,Unknown,OK,Unknown,LT 14 LESS N25 THEREOF BLK 1 TULSA COUNTY,696.59,R,154,"1053 57353-72-25-48130 ADDRESS UNKNOWN 122,265 R 696.59 302.25 | LT 14 LESS N25 THEREOF BLK 1 TULSA COUNTY | COUNTRY ACRES",Medium,partial or unknown address
57370-72-13-63370,Unknown,1018 E 144 PL S,City Of Glenpool,OK,Unknown,LT 1 BLK 3,4845.4,R IMP,154,"1054 57370-72-13-63370 1018 E 144 PL S 8,100 R IMP 4,845.40 332.25 | LT 1 BLK 3 CITY OF GLENPOOL | KENDALWOOD ESTATES ADDN I",High,parsed cleanly
57490-90-30-41030,Unknown,5009 S ROBERT E LEE TE,Unknown,OK,Unknown,PRT LT 8 BEG SWC TH E165 N165 NW212.25 W33 W,6993.39,R HS IMP,155,"1056 57490-90-30-41030 5009 S ROBERT E LEE TE 43,635 R HS IMP 6,993.39 316.50 | PRT LT 8 BEG SWC TH E165 N165 NW212.25 W33 W | S330.75 POB BLK 2 TULSA COUNTY",High,parsed cleanly
57615-73-23-00550,Unknown,15302 S 76 AV E,City Of Bixby,OK,Unknown,LT 9 LESS N85 THEREOF BLK 1,24930.84,C IMP,155,"1057 57615-73-23-00550 15302 S 76 AV E 29,900 C IMP 24,930.84 363.75 | LT 9 LESS N85 THEREOF BLK 1 CITY OF BIXBY | BIXBY INDUSTRIAL PARK",High,parsed cleanly
57622-73-12-28510,Unknown,13409 S 86 AV E,City Of Bixby,OK,Unknown,LT 7 BLK 2,9459.72,R HS IMP,155,"1058 57622-73-12-28510 13409 S 86 AV E 15,053 R HS IMP 9,459.72 488.75 | LT 7 BLK 2 CITY OF BIXBY | BLUE RIDGE-II",High,parsed cleanly
57622-73-12-28650,Unknown,13411 S 87 AV E,City Of Bixby,OK,Unknown,LT 21 BLK 2,10736.92,R IMP,155,"1059 57622-73-12-28650 13411 S 87 AV E 12,388 R IMP 10,736.92 363.75 | LT 21 BLK 2 CITY OF BIXBY | BLUE RIDGE-II",High,parsed cleanly
57628-73-15-20120,Unknown,14901 S YALE AV E,City Of Bixby,OK,Unknown,LT 1 BLK 1,6855.98,C,155,"1060 57628-73-15-20120 14901 S YALE AV E 116,670 C 6,855.98 333.75 | LT 1 BLK 1 CITY OF BIXBY | CELEBRITY COUNTRY RESUB B2 SITRIN CENTER",High,parsed cleanly
57755-74-06-32420,Unknown,12215 S 99 AV E,City Of Bixby,OK,Unknown,LT 15 BLK 1,22919.04,R IMP,155,"1061 57755-74-06-32420 12215 S 99 AV E 7,915 R IMP 22,919.04 348.00 | LT 15 BLK 1 CITY OF BIXBY | HERITAGE PARK ESTATES",High,parsed cleanly
57825-73-24-04250,Unknown,123 E DAWES AV N,City Of Bixby,OK,Unknown,LTS 20 & 21 BLK 18,9202.7,R IMP,156,"1062 57825-73-24-04250 123 E DAWES AV N 6,500 R IMP 9,202.70 316.50 | LTS 20 & 21 BLK 18 CITY OF BIXBY | MIDLAND ADDN",High,parsed cleanly
57845-73-14-53590,Unknown,14750 S GRANT ST W,City Of Bixby,OK,Unknown,LT 9 BLK 1,1194.46,C,156,"1063 57845-73-14-53590 14750 S GRANT ST W 12,000 C 1,194.46 381.00 | LT 9 BLK 1 CITY OF BIXBY | MORRIS BRIGHT INDUSTRIAL PARK ADDN",High,parsed cleanly
57845-73-14-53600,Unknown,14750 S GRANT ST W,City Of Bixby,OK,Unknown,LT 10 BLK 1,6144.71,C IMP,156,"1064 57845-73-14-53600 14750 S GRANT ST W 12,000 C IMP 6,144.71 411.00 | LT 10 BLK 1 CITY OF BIXBY | MORRIS BRIGHT INDUSTRIAL PARK ADDN",High,parsed cleanly
57850-83-35-00430,Unknown,11635 S 73 AV E,City Of Bixby,OK,Unknown,LT 18 BLK 3,9205.07,R HS IMP,156,"1065 57850-83-35-00430 11635 S 73 AV E 23,688 R HS IMP 9,205.07 379.50 | LT 18 BLK 3 CITY OF BIXBY | NORTH HGTS ADDN",High,parsed cleanly
57878-84-31-26440,Unknown,10223 E 112 ST S,City Of Bixby,OK,Unknown,LT 16 BLK 2,15151.81,R IMP,156,"1066 57878-84-31-26440 10223 E 112 ST S 7,020 R IMP 15,151.81 316.50 | LT 16 BLK 2 CITY OF BIXBY | PARK AT SOUTHWOOD 3RD, THE",High,parsed cleanly
57925-73-13-00280,Unknown,120 E JEFFERSON ST N,City Of Bixby,OK,Unknown,LTS 5 & 6 BLK 6,1611.13,R HS IMP,156,"1067 57925-73-13-00280 120 E JEFFERSON ST N 6,500 R HS IMP 1,611.13 395.25 | LTS 5 & 6 BLK 6 CITY OF BIXBY | PRIVETT ADDN",High,parsed cleanly
58000-73-25-00270,Unknown,8727 E 169 PL S,City Of Bixby,OK,Unknown,LT 11 BLK 1,7999.86,R IMP,156,"1068 58000-73-25-00270 8727 E 169 PL S 15,000 R IMP 7,999.86 332.25 | LT 11 BLK 1 CITY OF BIXBY | SAKER ADDN",High,parsed cleanly
58034-83-25-44650,Unknown,8602 E 110 CT S,City Of Bixby,OK,Unknown,LT 1 BLK 4,20372.62,R IMP,157,"1069 58034-83-25-44650 8602 E 110 CT S 11,632 R IMP 20,372.62 426.75 | LT 1 BLK 4 CITY OF BIXBY | SILVERWOOD",High,parsed cleanly
58035-83-25-34160,Unknown,10711 S 86 CR E,City Of Bixby,OK,Unknown,LT 13 BLK 9,17826.21,R HS IMP,157,"1070 58035-83-25-34160 10711 S 86 CR E 14,196 R HS IMP 17,826.21 363.75 | LT 13 BLK 9 CITY OF BIXBY | SOUTH COUNTRY ESTATES",High,parsed cleanly
58100-73-01-01980,Unknown,ADDRESS UNKNOWN,City Of Bixby,OK,Unknown,W2 LT 12 BLK 7,14.66,R,157,1071 58100-73-01-01980 ADDRESS UNKNOWN 369 R 14.66 302.25 | W2 LT 12 BLK 7 CITY OF BIXBY | SOUTHERN MEMORIAL ACRES NO 2 CORR,Medium,partial or unknown address
58125-73-36-00540,Unknown,17464 S 89 AV E,City Of Bixby,OK,Unknown,LT 19 BLK 3,925.84,R,157,"1072 58125-73-36-00540 17464 S 89 AV E 14,000 R 925.84 302.25 | LT 19 BLK 3 CITY OF BIXBY | SOUTHTOWN ESTATES",High,parsed cleanly
58400-74-33-48450,Unknown,12957 E 181 ST S,City Of Bixby,OK,Unknown,LT 3 BLK 1,27211.27,R IMP,157,"1073 58400-74-33-48450 12957 E 181 ST S 22,500 R IMP 27,211.27 332.25 | LT 3 BLK 1 CITY OF BIXBY | HICKORY CREEK ESTATES",High,parsed cleanly
59825-24-20-02720,Unknown,902 W BROADWAY ST N,Collinsville,OK,Unknown,S/2 OF EA LTS 9 & 10 BLK 39,10241.72,C IMP,157,"1074 59825-24-20-02720 902 W BROADWAY ST N 7,000 C IMP 10,241.72 363.75 | S/2 OF EA LTS 9 & 10 BLK 39 CITY OF COLLINSVILLE | COLLINSVILLE-ORIGINAL TOWN",High,parsed cleanly
59825-24-20-42939,Unknown,ADDRESS UNKNOWN,Collinsville,OK,Unknown,N/2 W17.5 LT 5 BLK 20,87.99,R,157,"1075 59825-24-20-42939 ADDRESS UNKNOWN 1,225 R 87.99 318.00 | N/2 W17.5 LT 5 BLK 20 CITY OF COLLINSVILLE | COLLINSVILLE-ORIGINAL TOWN",Medium,partial or unknown address
59825-24-29-03750,Unknown,814 W SPRING ST S,Collinsville,OK,Unknown,LT 4 BLK 66,868.32,R,158,"1076 59825-24-29-03750 814 W SPRING ST S 13,860 R 868.32 286.50 | LT 4 BLK 66 CITY OF COLLINSVILLE | COLLINSVILLE-ORIGINAL TOWN",High,parsed cleanly
59825-24-29-05390,Unknown,ADDRESS UNKNOWN,Collinsville,OK,Unknown,LT 7 BLK 88,293.3,R,158,"1077 59825-24-29-05390 ADDRESS UNKNOWN 7,000 R 293.30 333.75 | LT 7 BLK 88 CITY OF COLLINSVILLE | COLLINSVILLE-ORIGINAL TOWN",Medium,partial or unknown address
59900-24-20-00058,Unknown,1115 N 15 ST W,Collinsville,OK,Unknown,LT 10 & S/2 LT 11 BLK 6,3771.34,R HS IMP,158,"1078 59900-24-20-00058 1115 N 15 ST W 10,500 R HS IMP 3,771.34 332.25 | LT 10 & S/2 LT 11 BLK 6 CITY OF COLLINSVILLE | EVANS' ADDN",High,parsed cleanly
60075-24-29-00990,Unknown,ADDRESS UNKNOWN,Unknown,OK,Unknown,BLK 30 LESS RR TRIANGLE & VAC ST BEG NEC TH E TULSA COUNTY,113.98,R,158,"1079 60075-24-29-00990 ADDRESS UNKNOWN 11,264 R 113.98 333.75 | BLK 30 LESS RR TRIANGLE & VAC ST BEG NEC TH E TULSA COUNTY | APROX 91.25 NE APROX 32.43 W APROX 133.81 S",Medium,partial or unknown address
60250-24-29-07530,Unknown,1814 W SPRING ST S,Collinsville,OK,Unknown,LT 7 BLK 10,756.72,R HS IMP,158,"1080 60250-24-29-07530 1814 W SPRING ST S 7,000 R HS IMP 756.72 348.00 | LT 7 BLK 10 CITY OF COLLINSVILLE | SETTLES ADDN",High,parsed cleanly
60420-73-09-41090,Unknown,2511 E 138 CT S,City Of Jenks,OK,Unknown,LT 15 BLK 2,27478.37,R IMP,158,"1081 60420-73-09-41090 2511 E 138 CT S 7,249 R IMP 27,478.37 363.75 | LT 15 BLK 2 CITY OF JENKS | DUTCHERS CROSSING I",High,parsed cleanly
60513-73-08-70260,Unknown,13610 S 21 CT E,City Of Jenks,OK,Unknown,LOT 62 BLOCK 3,4548.16,R,159,"1082 60513-73-08-70260 13610 S 21 CT E 8,235 R 4,548.16 318.00 | LOT 62 BLOCK 3 CITY OF JENKS | TORREY LAKES",High,parsed cleanly
60525-83-19-01180,Unknown,424 E B ST N,City Of Jenks,OK,Unknown,LTS 1 2 3 BLK 9,10637.96,R HS IMP,159,"1083 60525-83-19-01180 424 E B ST N 10,500 R HS IMP 10,637.96 348.00 | LTS 1 2 3 BLK 9 CITY OF JENKS | JENKS-ORIGINAL TOWN",High,parsed cleanly
60893-82-27-30710,Unknown,4019 W 104 CT S,City Of Jenks,OK,Unknown,LOT 2 BLOCK 1,13837.79,R HS IMP,159,"1084 60893-82-27-30710 4019 W 104 CT S 6,420 R HS IMP 13,837.79 316.50 | LOT 2 BLOCK 1 CITY OF JENKS | SOUTHERN RESERVE III",High,parsed cleanly
61000-14-31-00520,Unknown,404 S BIRCH ST E,Owasso,OK,Unknown,ALL LT 1 & N10.8 LT 2 BLK 33,7416.81,R HS IMP,159,"1085 61000-14-31-00520 404 S BIRCH ST E 15,400 R HS IMP 7,416.81 332.25 | ALL LT 1 & N10.8 LT 2 BLK 33 CITY OF OWASSO | OWASSO-ORIGINAL TOWN",High,parsed cleanly
61033-14-06-10230,Unknown,ADDRESS UNKNOWN,Owasso,OK,Unknown,DETENTION AREA,14.66,R,159,"1086 61033-14-06-10230 ADDRESS UNKNOWN 79,199 R 14.66 302.25 | DETENTION AREA CITY OF OWASSO | COUNTRY ESTATES V",Medium,partial or unknown address
61060-14-29-44330,Unknown,11705 E 78 ST N,Owasso,OK,Unknown,LT 13 BLK 17,8585.02,R IMP,159,"1087 61060-14-29-44330 11705 E 78 ST N 7,475 R IMP 8,585.02 348.00 | LT 13 BLK 17 CITY OF OWASSO | ELM CREEK ESTATES FIRST ADDN",High,parsed cleanly
61076-14-19-05940,Unknown,9107 N 100 AV E,Owasso,OK,Unknown,LT 51 BLK 1,21555.42,R HS IMP,159,"1088 61076-14-19-05940 9107 N 100 AV E 11,351 R HS IMP 21,555.42 379.50 | LT 51 BLK 1 CITY OF OWASSO | FAIRWAYS V AT BAILEY RANCH",High,parsed cleanly
61140-14-20-30360,Unknown,12306 E 87 ST N,Owasso,OK,Unknown,LT 4 BLK 7,8157.51,R HS IMP,160,"1089 61140-14-20-30360 12306 E 87 ST N 7,266 R HS IMP 8,157.51 348.00 | LT 4 BLK 7 CITY OF OWASSO | LAKERIDGE FIRST ADDN",High,parsed cleanly
61262-14-17-17940,Unknown,10547 N 120 AV E,Owasso,OK,Unknown,LOT 1 BLOCK 3,17265.55,R IMP,160,"1090 61262-14-17-17940 10547 N 120 AV E 9,404 R IMP 17,265.55 348.00 | LOT 1 BLOCK 3 CITY OF OWASSO | BURBERRY PLACE",High,parsed cleanly
61280-14-05-68940,Unknown,11526 E 117 ST N,Owasso,OK,Unknown,LT 35 BLK 2,8914.22,R HS IMP,160,"1091 61280-14-05-68940 11526 E 117 ST N 7,926 R HS IMP 8,914.22 426.75 | LT 35 BLK 2 CITY OF OWASSO | BROOKFIELD CROSSING",High,parsed cleanly
61285-14-06-63000,Unknown,ADDRESS UNKNOWN,Owasso,OK,Unknown,DET & RESERVE,14.66,R,160,"1092 61285-14-06-63000 ADDRESS UNKNOWN 13,430 R 14.66 302.25 | DET & RESERVE CITY OF OWASSO | COUNTRY ESTATES VI",Medium,partial or unknown address
61320-14-16-12310,Unknown,10301 N OWASSO EXPY,Owasso,OK,Unknown,LT 1 BLK 1,186508.75,C IMP,160,"1093 61320-14-16-12310 10301 N OWASSO EXPY 142,469 C IMP 186,508.75 363.75 | LT 1 BLK 1 CITY OF OWASSO | LANES AT COFFEE CREEK, THE",High,parsed cleanly
61375-14-30-06240,Unknown,901 N ELM ST E,Owasso,OK,Unknown,LT 11 BLK 1,6394.3,R IMP,160,"1094 61375-14-30-06240 901 N ELM ST E 10,008 R IMP 6,394.30 332.25 | LT 11 BLK 1 CITY OF OWASSO | SMITHVIEW",High,parsed cleanly
61400-14-30-07430,Unknown,402 N CARLSBAD ST W,Owasso,OK,Unknown,LT 2 BLK 2,6083.84,R IMP,160,"1095 61400-14-30-07430 402 N CARLSBAD ST W 7,320 R IMP 6,083.84 332.25 | LT 2 BLK 2 CITY OF OWASSO | STARLANE",High,parsed cleanly
61475-91-11-02110,Unknown,526 N WASHINGTON AV E,Sand Springs,OK,Unknown,LT 1 BLK 15,3548.97,R HS IMP,161,"1096 61475-91-11-02110 526 N WASHINGTON AV E 7,000 R HS IMP 3,548.97 379.50 | LT 1 BLK 15 CITY OF SAND SPRINGS | SAND SPRINGS-ORIGINAL TOWN",High,parsed cleanly
61475-91-11-03680,Unknown,309 N CLEVELAND AV W,Sand Springs,OK,Unknown,LTS 19 20 BLK 26,2665.06,R IMP,161,"1097 61475-91-11-03680 309 N CLEVELAND AV W 7,000 R IMP 2,665.06 332.25 | LTS 19 20 BLK 26 CITY OF SAND SPRINGS | SAND SPRINGS-ORIGINAL TOWN",High,parsed cleanly
61475-91-11-04260,Unknown,301 N WASHINGTON AV E,Sand Springs,OK,Unknown,W71 OF LTS 13 14 & 15 BLK 32,11878.81,C IMP,161,"1098 61475-91-11-04260 301 N WASHINGTON AV E 4,615 C IMP 11,878.81 348.00 | W71 OF LTS 13 14 & 15 BLK 32 CITY OF SAND SPRINGS | SAND SPRINGS-ORIGINAL TOWN",High,parsed cleanly
61500-91-27-00840,Unknown,4817 S NASSAU AV W,Sand Springs,OK,Unknown,LT 27 BLK 3,7162.16,R IMP,161,"1099 61500-91-27-00840 4817 S NASSAU AV W 7,800 R IMP 7,162.16 316.50 | LT 27 BLK 3 CITY OF SAND SPRINGS | ANGUS VALLEY ACRES",High,parsed cleanly
61505-91-27-26590,Unknown,4801 S BAHAMA AV W,Sand Springs,OK,Unknown,LT 1 BLK 3,8579.8,R IMP,161,"1100 61505-91-27-26590 4801 S BAHAMA AV W 9,000 R IMP 8,579.80 363.70 | LT 1 BLK 3 CITY OF SAND SPRINGS | ANGUS VALLEY ACRES 2ND",High,parsed cleanly
61520-91-27-32050,Unknown,ADDRESS UNKNOWN,Sand Springs,OK,Unknown,LT 54 BLK 4,1686.49,R,161,"1101 61520-91-27-32050 ADDRESS UNKNOWN 7,952 R 1,686.49 552.25 | LT 54 BLK 4 CITY OF SAND SPRINGS | ANGUS VALLEY ACRES 5TH RESUB ANGUS VALLEY",Medium,partial or unknown address
61931-91-12-11670,Unknown,1649 E FIR DR N,Sand Springs,OK,Unknown,LT 22 BLK 3,15960.73,R HS IMP,161,"1102 61931-91-12-11670 1649 E FIR DR N 12,607 R HS IMP 15,960.73 348.00 | LT 22 BLK 3 CITY OF SAND SPRINGS | LAKESIDE PARK",High,parsed cleanly
61932-91-01-16970,Unknown,1528 N LAKESIDE RIDGE,Unknown,OK,Unknown,LT 23 BLK 1 DR E,20589.08,R HS IMP,162,"1103 61932-91-01-16970 1528 N LAKESIDE RIDGE 30,208 R HS IMP 20,589.08 379.50 | LT 23 BLK 1 DR E | LAKESIDE RIDGE AMD CITY OF SAND SPRINGS",High,parsed cleanly
61940-91-27-37160,Unknown,603 W 47 PL S,Sand Springs,OK,Unknown,LT 10 BLK 2,7258.08,R IMP,162,"1104 61940-91-27-37160 603 W 47 PL S 9,136 R IMP 7,258.08 316.50 | LT 10 BLK 2 CITY OF SAND SPRINGS | LIMESTONE ESTATES",High,parsed cleanly
61975-91-12-02710,Unknown,808 N BIRCH AV E,Sand Springs,OK,Unknown,LT 7 BLK 5,8623.35,R IMP,162,"1105 61975-91-12-02710 808 N BIRCH AV E 7,392 R IMP 8,623.35 348.00 | LT 7 BLK 5 CITY OF SAND SPRINGS | OAK PARK ADDN",High,parsed cleanly
61975-91-12-03150,Unknown,908 E FOREST DR N,Sand Springs,OK,Unknown,LT 11 BLK 7,6681.26,R IMP,162,"1106 61975-91-12-03150 908 E FOREST DR N 7,320 R IMP 6,681.26 316.50 | LT 11 BLK 7 CITY OF SAND SPRINGS | OAK PARK ADDN",High,parsed cleanly
62000-91-01-00870,Unknown,1028 N DOUGLAS AV E,Sand Springs,OK,Unknown,LT 7 BLK 2,9574.99,R IMP,162,"1107 62000-91-01-00870 1028 N DOUGLAS AV E 7,920 R IMP 9,574.99 332.25 | LT 7 BLK 2 CITY OF SAND SPRINGS | OAK PARK EXT ADDN",High,parsed cleanly
62075-91-11-09360,Unknown,800 N MCKINLEY AV E,Sand Springs,OK,Unknown,S/2 LT 6 & ALL LT 7 BLK 17,4857.51,R IMP,162,"1108 62075-91-11-09360 800 N MCKINLEY AV E 11,250 R IMP 4,857.51 332.25 | S/2 LT 6 & ALL LT 7 BLK 17 CITY OF SAND SPRINGS | OAK RIDGE ADDN - SAND SPRINGS",High,parsed cleanly
62225-91-22-01600,Unknown,112 W 31 PL S,Sand Springs,OK,Unknown,LT 7 BLK 4,6068.41,R IMP,162,"1109 62225-91-22-01600 112 W 31 PL S 7,800 R IMP 6,068.41 332.25 | LT 7 BLK 4 CITY OF SAND SPRINGS | PARK HILLS ESTATES AMD RESUB B13 ROCK HILL",High,parsed cleanly
62250-91-22-02240,Unknown,313 W 40 PL S,Sand Springs,OK,Unknown,LT 8 BLK 1,5795.03,R HS IMP,163,"1110 62250-91-22-02240 313 W 40 PL S 11,040 R HS IMP 5,795.03 332.25 | LT 8 BLK 1 CITY OF SAND SPRINGS | RIVER VIEW GARDENS ADDN",High,parsed cleanly
62255-91-22-36260,Unknown,ADDRESS UNKNOWN,Sand Springs,OK,Unknown,RESERVE A,14.66,R,163,1111 62255-91-22-36260 ADDRESS UNKNOWN 804 R 14.66 302.25 | RESERVE A CITY OF SAND SPRINGS | PRATTWOOD ESTATES IV L1-12 B7,Medium,partial or unknown address
62256-91-22-66990,Unknown,ADDRESS UNKNOWN,Sand Springs,OK,Unknown,RESERVE A,7.33,R,163,1112 62256-91-22-66990 ADDRESS UNKNOWN 804 R 7.33 302.25 | RESERVE A CITY OF SAND SPRINGS | PRATTWOOD ESTATES IV L1-25 B8 & L1-4 B9,Medium,partial or unknown address
62755-91-27-20520,Unknown,4901 S REDBUD DR W,Sand Springs,OK,Unknown,LT 1 BLK 2,8187.24,R IMP,163,"1113 62755-91-27-20520 4901 S REDBUD DR W 9,000 R IMP 8,187.24 395.25 | LT 1 BLK 2 CITY OF SAND SPRINGS | STONEY RIDGE",High,parsed cleanly
62800-91-11-13540,Unknown,201 N FRANKLIN AV W,Sand Springs,OK,Unknown,W75 LTS 15 & 16 & ALL LTS 17 & 18 BLK 5,977.38,C,163,"1114 62800-91-11-13540 201 N FRANKLIN AV W 11,750 C 977.38 286.50 | W75 LTS 15 & 16 & ALL LTS 17 & 18 BLK 5 CITY OF SAND SPRINGS | SUNRISE ADDN",High,parsed cleanly
62825-91-11-14380,Unknown,613 N FRANKLIN AV W,Sand Springs,OK,Unknown,LTS 31 32 BLK 15,1960.47,R IMP,163,"1115 62825-91-11-14380 613 N FRANKLIN AV W 6,500 R IMP 1,960.47 316.50 | LTS 31 32 BLK 15 CITY OF SAND SPRINGS | SUNRISE SECOND ADDN",High,parsed cleanly
62905-91-22-67550,Unknown,701 W 39 ST S,Sand Springs,OK,Unknown,LTS 10 & 11 BLK 2,23360.42,R HS IMP,163,"1116 62905-91-22-67550 701 W 39 ST S 20,342 R HS IMP 23,360.42 395.25 | LTS 10 & 11 BLK 2 CITY OF SAND SPRINGS | TIMBERLING HOLLOW",High,parsed cleanly
62975-91-02-05610,Unknown,ADDRESS UNKNOWN,Sand Springs,OK,Unknown,LT 5 BLK 1,681.93,R,164,"1117 62975-91-02-05610 ADDRESS UNKNOWN 17,544 R 681.93 286.50 | LT 5 BLK 1 CITY OF SAND SPRINGS | TWIN OAK ESTATES 2ND ADDN",Medium,partial or unknown address
63120-91-10-27860,Unknown,200 S WELLSTONPARK,Unknown,OK,Unknown,LT 8 BLK 1 RD W,22827.25,C IMP,164,"1118 63120-91-10-27860 200 S WELLSTONPARK 30,000 C IMP 22,827.25 332.25 | LT 8 BLK 1 RD W | WELLSTON PARK CITY OF SAND SPRINGS",High,parsed cleanly
63120-91-10-27880,Unknown,ADDRESS UNKNOWN,Sand Springs,OK,Unknown,LT 9 BLK 1,2933.04,C,164,"1119 63120-91-10-27880 ADDRESS UNKNOWN 30,000 C 2,933.04 286.50 | LT 9 BLK 1 CITY OF SAND SPRINGS | WELLSTON PARK",Medium,partial or unknown address
63125-91-11-15420,Unknown,607 N WILSON AV W,Sand Springs,OK,Unknown,LT 11 BLK 8,4068.06,R IMP,164,"1120 63125-91-11-15420 607 N WILSON AV W 6,500 R IMP 4,068.06 316.50 | LT 11 BLK 8 CITY OF SAND SPRINGS | WEST-SIDE ADDN",High,parsed cleanly
63175-22-23-00380,Unknown,ADDRESS UNKNOWN,Skiatook,OK,Unknown,LT 9 BLK 7,12.66,R,164,"1121 63175-22-23-00380 ADDRESS UNKNOWN 3,500 R 12.66 302.25 | LT 9 BLK 7 CITY OF SKIATOOK | SKIATOOK-ORIGINAL TOWN",Medium,partial or unknown address
63175-22-23-00390,Unknown,406 E 1 ST N,Skiatook,OK,Unknown,LT 10 BLK 7,174.64,R,164,"1122 63175-22-23-00390 406 E 1 ST N 3,500 R 174.64 318.00 | LT 10 BLK 7 CITY OF SKIATOOK | SKIATOOK-ORIGINAL TOWN",High,parsed cleanly
63175-22-23-00430,Unknown,405 E 2 ST N,Skiatook,OK,Unknown,LTS 15 16 BLK 7,721.92,R IMP,164,"1123 63175-22-23-00430 405 E 2 ST N 7,000 R IMP 721.92 348.00 | LTS 15 16 BLK 7 CITY OF SKIATOOK | SKIATOOK-ORIGINAL TOWN",High,parsed cleanly
63175-22-23-01680,Unknown,620 E 3 ST S,Skiatook,OK,Unknown,LTS 22 THRU 24 BLK 19,570.6,R IMP,165,"1124 63175-22-23-01680 620 E 3 ST S 10,500 R IMP 570.60 363.75 | LTS 22 THRU 24 BLK 19 CITY OF SKIATOOK | SKIATOOK-ORIGINAL TOWN",High,parsed cleanly
63175-22-23-01850,Unknown,412 E ROGERS BV S,Skiatook,OK,Unknown,LTS 5 6 BLK 21,1891.46,R IMP,165,"1125 63175-22-23-01850 412 E ROGERS BV S 7,000 R IMP 1,891.46 332.25 | LTS 5 6 BLK 21 CITY OF SKIATOOK | SKIATOOK-ORIGINAL TOWN",High,parsed cleanly
63175-22-23-03020,Unknown,610 E 3 ST S,City Of Skiatook Mh Not Included,OK,Unknown,LTS 8 9 BLK 30,813.91,R IMP,165,"1126 63175-22-23-03020 610 E 3 ST S 7,000 R IMP 813.91 363.75 | LTS 8 9 BLK 30 CITY OF SKIATOOK MH NOT INCLUDED | SKIATOOK-ORIGINAL TOWN",High,parsed cleanly
63175-22-23-03510,Unknown,ADDRESS UNKNOWN,Skiatook,OK,Unknown,LT 12 BLK 33,7.33,R,165,"1127 63175-22-23-03510 ADDRESS UNKNOWN 3,500 R 7.33 333.75 | LT 12 BLK 33 CITY OF SKIATOOK | SKIATOOK-ORIGINAL TOWN",Medium,partial or unknown address
63175-22-23-03520,Unknown,ADDRESS UNKNOWN,Skiatook,OK,Unknown,LT 13 BLK 33,12.66,R,165,"1128 63175-22-23-03520 ADDRESS UNKNOWN 3,500 R 12.66 270.75 | LT 13 BLK 33 CITY OF SKIATOOK | SKIATOOK-ORIGINAL TOWN",Medium,partial or unknown address
63175-22-23-03530,Unknown,ADDRESS UNKNOWN,Skiatook,OK,Unknown,LT 14 BLK 33,12.66,R,165,"1129 63175-22-23-03530 ADDRESS UNKNOWN 3,500 R 12.66 270.75 | LT 14 BLK 33 CITY OF SKIATOOK | SKIATOOK-ORIGINAL TOWN",Medium,partial or unknown address
63175-22-23-03620,Unknown,ADDRESS UNKNOWN,Skiatook,OK,Unknown,LT 1 BLK 34,109.98,R,165,"1130 63175-22-23-03620 ADDRESS UNKNOWN 3,500 R 109.98 286.50 | LT 1 BLK 34 CITY OF SKIATOOK | SKIATOOK-ORIGINAL TOWN",Medium,partial or unknown address
63175-22-23-03800,Unknown,715 E 5 ST S,Skiatook,OK,Unknown,LT 20 BLK 34,7.33,R,166,"1131 63175-22-23-03800 715 E 5 ST S 1,975 R 7.33 349.50 | LT 20 BLK 34 CITY OF SKIATOOK | SKIATOOK-ORIGINAL TOWN",High,parsed cleanly
63175-22-23-03950,Unknown,ADDRESS UNKNOWN,Skiatook,OK,Unknown,LT 17 BLK 35,7.33,R,166,"1132 63175-22-23-03950 ADDRESS UNKNOWN 2,375 R 7.33 333.75 | LT 17 BLK 35 CITY OF SKIATOOK | SKIATOOK-ORIGINAL TOWN",Medium,partial or unknown address
63325-22-26-02460,Unknown,ADDRESS UNKNOWN,Skiatook,OK,Unknown,LT 13 BLK 10,7.33,R,166,"1133 63325-22-26-02460 ADDRESS UNKNOWN 3,200 R 7.33 270.75 | LT 13 BLK 10 CITY OF SKIATOOK | SOUTHSIDE ADDN",Medium,partial or unknown address
63325-22-26-02480,Unknown,ADDRESS UNKNOWN,Skiatook,OK,Unknown,LT 16 BLK 10,7.33,R,166,"1134 63325-22-26-02480 ADDRESS UNKNOWN 3,200 R 7.33 270.75 | LT 16 BLK 10 CITY OF SKIATOOK | SOUTHSIDE ADDN",Medium,partial or unknown address
63325-22-26-02490,Unknown,ADDRESS UNKNOWN,Skiatook,OK,Unknown,LT 17 BLK 10,7.33,R,166,"1135 63325-22-26-02490 ADDRESS UNKNOWN 3,200 R 7.33 270.75 | LT 17 BLK 10 CITY OF SKIATOOK | SOUTHSIDE ADDN",Medium,partial or unknown address
63550-12-14-01000,Unknown,413 W ADA ST N,City Of Sperry,OK,Unknown,W/2 E 260 LT 13 LESS S 10 FOR ALY BLK 1,2100.38,R IMP,166,"1136 63550-12-14-01000 413 W ADA ST N 11,700 R IMP 2,100.38 316.50 | W/2 E 260 LT 13 LESS S 10 FOR ALY BLK 1 CITY OF SPERRY | BAILEY ADDN",High,parsed cleanly
63700-12-13-00540,Unknown,118 S BRYAN ST E,City Of Sperry,OK,Unknown,S/2 LT 3 BLK 2,3711.82,R IMP,166,"1137 63700-12-13-00540 118 S BRYAN ST E 7,007 R IMP 3,711.82 332.25 | S/2 LT 3 BLK 2 CITY OF SPERRY | LAKESIDE ADDN",High,parsed cleanly
63725-12-13-01130,Unknown,215 N ELGIN AV E,City Of Sperry,OK,Unknown,LT 18 BLK 3,4742.42,R HS IMP,167,"1138 63725-12-13-01130 215 N ELGIN AV E 7,800 R HS IMP 4,742.42 348.00 | LT 18 BLK 3 CITY OF SPERRY | LOLLAR ADDN",High,parsed cleanly
63725-12-13-01470,Unknown,117 N FRANKFORT AV E,City Of Sperry,OK,Unknown,LT 1 BLK 6,29.33,R,167,"1139 63725-12-13-01470 117 N FRANKFORT AV E 8,960 R 29.33 286.50 | LT 1 BLK 6 CITY OF SPERRY | LOLLAR ADDN",High,parsed cleanly
63725-12-13-01480,Unknown,115 N FRANKFORT AV E,City Of Sperry,OK,Unknown,LT 2 BLK 6,1303.24,R IMP,167,"1140 63725-12-13-01480 115 N FRANKFORT AV E 8,960 R IMP 1,303.24 316.50 | LT 2 BLK 6 CITY OF SPERRY | LOLLAR ADDN",High,parsed cleanly
63800-12-14-02100,Unknown,11 W ASH PL S,City Of Sperry,OK,Unknown,LTS 4 5 6,1991.86,R IMP,167,"1141 63800-12-14-02100 11 W ASH PL S 10,230 R IMP 1,991.86 379.50 | LTS 4 5 6 CITY OF SPERRY | H A PHILLIPS' SUB",High,parsed cleanly
63800-12-14-02180,Unknown,47 W ASH PL S,City Of Sperry,OK,Unknown,LT 18 LESS E6,2857.04,R IMP,167,"1142 63800-12-14-02180 47 W ASH PL S 6,380 R IMP 2,857.04 566.50 | LT 18 LESS E6 CITY OF SPERRY | H A PHILLIPS' SUB",High,parsed cleanly
70086-83-22-06210,Unknown,5126 E 92 ST S,Tulsa,OK,Unknown,LT 11 BLK 5,27723.89,R IMP,167,"1143 70086-83-22-06210 5126 E 92 ST S 7,200 R IMP 27,723.89 332.25 | LT 11 BLK 5 CITY OF TULSA | BRADEN PARK",High,parsed cleanly
70140-83-16-13310,Unknown,8617 S PITTSBURG AV E,Tulsa,OK,Unknown,LT 10 BLK 2,18331.4,R IMP,167,"1144 70140-83-16-13310 8617 S PITTSBURG AV E 7,265 R IMP 18,331.40 332.25 | LT 10 BLK 2 CITY OF TULSA | BROOKLINE SQUARE",High,parsed cleanly
70180-83-27-38840,Unknown,10211 S FULTON AV E,Tulsa,OK,Unknown,LT 18 BLK 2,13100.59,R HS IMP,168,"1145 70180-83-27-38840 10211 S FULTON AV E 13,262 R HS IMP 13,100.59 332.25 | LT 18 BLK 2 CITY OF TULSA | CAMELOT PARK",High,parsed cleanly
70493-83-22-41720,Unknown,5607 E 94 ST S,Tulsa,OK,Unknown,LT 19 BLK 9,16428.35,R IMP,168,"1146 70493-83-22-41720 5607 E 94 ST S 7,008 R IMP 16,428.35 363.75 | LT 19 BLK 9 CITY OF TULSA | DARLINGTON SOUTH",High,parsed cleanly
70645-83-16-57490,Unknown,3723 E 82 CT S,Tulsa,OK,Unknown,LT 23 BLK 4,12514.72,R IMP,168,"1147 70645-83-16-57490 3723 E 82 CT S 9,350 R IMP 12,514.72 411.00 | LT 23 BLK 4 CITY OF TULSA | FOREST CREEK II AMD",High,parsed cleanly
70700-83-26-54750,Unknown,10744 S 66 AV E,Tulsa,OK,Unknown,LT 8 BLK 7,38499.48,R HS IMP,168,"1148 70700-83-26-54750 10744 S 66 AV E 54,465 R HS IMP 38,499.48 332.25 | LT 8 BLK 7 CITY OF TULSA | FOREST TRAILS",High,parsed cleanly
70836-82-03-23195,Unknown,2816 W 64 PL S,Tulsa,OK,Unknown,LT 5 BLK 4,12004.79,R IMP,168,"1149 70836-82-03-23195 2816 W 64 PL S 8,347 R IMP 12,004.79 332.25 | LT 5 BLK 4 CITY OF TULSA | GOLF ESTATES II AMD",High,parsed cleanly
71275-83-22-14810,Unknown,5210 E 99 ST S,Tulsa,OK,Unknown,LT 1 BLK 3,18228.84,R HS IMP,168,"1150 71275-83-22-14810 5210 E 99 ST S 27,456 R HS IMP 18,228.84 332.25 | LT 1 BLK 3 CITY OF TULSA | LEISURE ESTATES",High,parsed cleanly
71365-83-22-23120,Unknown,6321 E 98 PL S,Tulsa,OK,Unknown,W5 LT 2 & ALL LT 9 BLK 7,25574.77,R IMP,168,"1151 71365-83-22-23120 6321 E 98 PL S 39,724 R IMP 25,574.77 395.25 | W5 LT 2 & ALL LT 9 BLK 7 CITY OF TULSA | MILL CREEK POND",High,parsed cleanly
72000-83-28-23620,Unknown,4248 E 107 ST S,Tulsa,OK,Unknown,LT 10 BLK 6,17312.93,R IMP,169,"1152 72000-83-28-23620 4248 E 107 ST S 20,437 R IMP 17,312.93 348.00 | LT 10 BLK 6 CITY OF TULSA | SHADY OAKS ESTATES",High,parsed cleanly
73880-83-17-03880,Unknown,8235 S COLLEGE AV E,Tulsa,OK,Unknown,LT 5 BLK 6,13222.01,R HS IMP,169,"1154 73880-83-17-03880 8235 S COLLEGE AV E 10,234 R HS IMP 13,222.01 363.75 | LT 5 BLK 6 CITY OF TULSA | WALNUT CREEK III",High,parsed cleanly
74005-82-03-37460,Unknown,6619 S 32 AV W,Tulsa,OK,Unknown,LT 3 BLK 1,9321.6,R IMP,169,"1155 74005-82-03-37460 6619 S 32 AV W 8,750 R IMP 9,321.60 363.75 | LT 3 BLK 1 CITY OF TULSA | WEST HIGHLANDS II",High,parsed cleanly
74035-82-03-02410,Unknown,ADDRESS UNKNOWN,Tulsa,OK,Unknown,PRT LT 5 BLK 4 BEG NEC LT5 BLK 4 TH S143.79 W4.89,14.66,R,169,1156 74035-82-03-02410 ADDRESS UNKNOWN 720 R 14.66 302.25 | PRT LT 5 BLK 4 BEG NEC LT5 BLK 4 TH S143.79 W4.89 CITY OF TULSA | N TO NL LT 5 BLK 4 ELY5.12 POB,Medium,partial or unknown address
74209-83-34-20800,Unknown,6207 E 115 ST S,Tulsa,OK,Unknown,LT 9 BLK 11,19113.42,R HS IMP,170,"1158 74209-83-34-20800 6207 E 115 ST S 11,116 R HS IMP 19,113.42 363.75 | LT 9 BLK 11 CITY OF TULSA | WOODFIELD BLKS 8 THRU 13",High,parsed cleanly
74735-84-06-61950,Unknown,6623 S 107 AV E,Tulsa,OK,Unknown,LT 26 BLK 2,5491.99,R HS IMP,170,"1159 74735-84-06-61950 6623 S 107 AV E 14,292 R HS IMP 5,491.99 348.00 | LT 26 BLK 2 CITY OF TULSA | BEDFORD, THE",High,parsed cleanly
74850-94-19-17270,Unknown,10829 E 33 CT S,Tulsa,OK,Unknown,LT 27 BLK 3,7909.2,R IMP,170,"1160 74850-94-19-17270 10829 E 33 CT S 7,004 R IMP 7,909.20 316.50 | LT 27 BLK 3 CITY OF TULSA | BRIARDALE",High,parsed cleanly
74850-94-19-17590,Unknown,10826 E 33 CT S,Tulsa,OK,Unknown,LT 17 BLK 4,5896.33,R HS IMP,170,"1161 74850-94-19-17590 10826 E 33 CT S 8,737 R HS IMP 5,896.33 348.00 | LT 17 BLK 4 CITY OF TULSA | BRIARDALE",High,parsed cleanly
74955-94-20-02490,Unknown,3150 S 124 AV E,Tulsa,OK,Unknown,LT 10 BLK 1,8559.17,R IMP,170,"1162 74955-94-20-02490 3150 S 124 AV E 7,440 R IMP 8,559.17 316.50 | LT 10 BLK 1 CITY OF TULSA | BRIARGLEN EAST PRT RES A BRIARGLEN EXT",High,parsed cleanly
74955-94-20-02740,Unknown,12427 E 32 PL S,Tulsa,OK,Unknown,LT 15 BLK 2,7945.87,R IMP,170,"1163 74955-94-20-02740 12427 E 32 PL S 8,540 R IMP 7,945.87 363.75 | LT 15 BLK 2 CITY OF TULSA | BRIARGLEN EAST PRT RES A BRIARGLEN EXT",High,parsed cleanly
74965-94-20-07530,Unknown,3123 S 121 AV E,Tulsa,OK,Unknown,LT 14 BLK 7,6234.04,R IMP,170,"1164 74965-94-20-07530 3123 S 121 AV E 8,400 R IMP 6,234.04 411.00 | LT 14 BLK 7 CITY OF TULSA | BRIARGLEN EXT PRT RES A BRIARGLEN",High,parsed cleanly
74985-94-20-10040,Unknown,12608 E 31 PL S,Tulsa,OK,Unknown,LT 2 BLK 2,5104.84,R HS IMP,171,"1165 74985-94-20-10040 12608 E 31 PL S 6,030 R HS IMP 5,104.84 316.50 | LT 2 BLK 2 CITY OF TULSA | BRIARGLEN MEADOWS",High,parsed cleanly
75265-84-19-57600,Unknown,9918 S 108 AV E,Tulsa,OK,Unknown,LT 5 BLK 3,17883.81,R HS IMP,171,"1166 75265-84-19-57600 9918 S 108 AV E 8,400 R HS IMP 17,883.81 316.50 | LT 5 BLK 3 CITY OF TULSA | CEDAR RIDGE HEIGHTS",High,parsed cleanly
76210-83-01-28620,Unknown,8338 E 61 ST,Tulsa,OK,Unknown,LT 1 BLK 1,72608.84,C IMP,171,"1167 76210-83-01-28620 8338 E 61 ST 70,200 C IMP 72,608.84 458.25 | LT 1 BLK 1 CITY OF TULSA | LAGNIAPPE INN",High,parsed cleanly
76325-94-19-53020,Unknown,3855 S 99 AV E,Tulsa,OK,Unknown,LT 8 BLK 4,11912.14,R IMP,171,"1168 76325-94-19-53020 3855 S 99 AV E 9,600 R IMP 11,912.14 332.25 | LT 8 BLK 4 CITY OF TULSA | MILLWOOD ESTATES",High,parsed cleanly
76345-84-19-06510,Unknown,ADDRESS UNKNOWN,Tulsa,OK,Unknown,RESERVE A,14.66,C,171,"1169 76345-84-19-06510 ADDRESS UNKNOWN 30,205 C 14.66 270.75 | RESERVE A CITY OF TULSA | MINGO MEDICAL CENTER",Medium,partial or unknown address
76400-83-10-45250,Unknown,5619 E 78 PL S,Tulsa,OK,Unknown,LT 48 BLK 9,21391.19,R IMP,172,"1171 76400-83-10-45250 5619 E 78 PL S 9,194 R IMP 21,391.19 316.50 | LT 48 BLK 9 CITY OF TULSA | MINSHALL PARK IV",High,parsed cleanly
76540-94-21-52110,Unknown,13312 E 39 ST S,Tulsa,OK,Unknown,LT 10 BLK 10,12586.07,R IMP,172,"1172 76540-94-21-52110 13312 E 39 ST S 8,032 R IMP 12,586.07 332.25 | LT 10 BLK 10 CITY OF TULSA | PARK PLAZA EAST IV",High,parsed cleanly
76640-94-28-25720,Unknown,4519 S 132 PL E,Tulsa,OK,Unknown,LT 17 BLK 4,8843.11,R HS IMP,172,"1173 76640-94-28-25720 4519 S 132 PL E 9,799 R HS IMP 8,843.11 379.50 | LT 17 BLK 4 CITY OF TULSA | QUAIL RIDGE",High,parsed cleanly
76925-94-19-48280,Unknown,3712 S 109 AV E,Tulsa,OK,Unknown,LT 20 BLK 9,5467.19,R IMP,172,"1174 76925-94-19-48280 3712 S 109 AV E 8,060 R IMP 5,467.19 379.50 | LT 20 BLK 9 CITY OF TULSA | SHANNON PARK SIXTH",High,parsed cleanly
77200-94-21-16190,Unknown,3217 S 140 AV E,Tulsa,OK,Unknown,LT 9 BLK 1,7393.92,R IMP,172,"1175 77200-94-21-16190 3217 S 140 AV E 8,157 R IMP 7,393.92 332.25 | LT 9 BLK 1 CITY OF TULSA | SUMMERFIELD",High,parsed cleanly
77220-94-21-44310,Unknown,3734 S 142 AV E,Tulsa,OK,Unknown,LT 8 BLK 6,10940.14,R IMP,172,"1176 77220-94-21-44310 3734 S 142 AV E 8,904 R IMP 10,940.14 316.50 | LT 8 BLK 6 CITY OF TULSA | SUMMERFIELD SOUTH",High,parsed cleanly
77260-83-11-50320,Unknown,7915 S 71 AV E,Tulsa,OK,Unknown,LT 5 BLK 10,16959.88,R IMP,172,"1177 77260-83-11-50320 7915 S 71 AV E 9,684 R IMP 16,959.88 316.50 | LT 5 BLK 10 CITY OF TULSA | SWEETBRIAR B1-12",High,parsed cleanly
77293-83-11-67885,Unknown,ADDRESS UNKNOWN,Tulsa,OK,Unknown,RESERVE A,13.99,R,173,"1178 77293-83-11-67885 ADDRESS UNKNOWN 2,564 R 13.99 270.75 | RESERVE A CITY OF TULSA | SWEETBRIAR SOUTH RESUB B5 6 & 7 RUSTIC",Medium,partial or unknown address
77670-83-11-52180,Unknown,7960 S 78 AV E,Tulsa,OK,Unknown,LT 1 BLK 1,13.99,R,173,"1179 77670-83-11-52180 7960 S 78 AV E 130,284 R 13.99 318.00 | LT 1 BLK 1 CITY OF TULSA | WOOD NICHE",High,parsed cleanly
77745-83-12-38720,Unknown,8949 E 74 ST S,Tulsa,OK,Unknown,LT 10 BLK 9,13247.01,R HS IMP,173,"1180 77745-83-12-38720 8949 E 74 ST S 9,348 R HS IMP 13,247.01 379.50 | LT 10 BLK 9 CITY OF TULSA | WOODLAND HILLS SOUTH",High,parsed cleanly
77820-93-36-01360,Unknown,5627 S 83 AV E,Tulsa,OK,Unknown,LOT-7-BLK-3,9664.36,R HS IMP,173,"1181 77820-93-36-01360 5627 S 83 AV E 10,200 R HS IMP 9,664.36 348.00 | LOT-7-BLK-3 CITY OF TULSA | WOODLAND VIEW PARK I",High,parsed cleanly
77835-93-36-35360,Unknown,ADDRESS UNKNOWN,Tulsa,OK,Unknown,PRT LT 10 BEG SWC THEREOF TH NE169.82 SE97.93,1869.81,R,173,"1182 77835-93-36-35360 ADDRESS UNKNOWN 13,490 R 1,869.81 333.75 | PRT LT 10 BEG SWC THEREOF TH NE169.82 SE97.93 CITY OF TULSA | SW95.59 W126.87 POB BLK 3",Medium,partial or unknown address
77880-93-36-44170,Unknown,5620 S 90 AV E,Tulsa,OK,Unknown,LT 15 BLK 3,10455.79,R IMP,173,"1183 77880-93-36-44170 5620 S 90 AV E 8,211 R IMP 10,455.79 316.50 | LT 15 BLK 3 CITY OF TULSA | WOODLAND VIEW PARK 3RD",High,parsed cleanly
77880-93-36-45140,Unknown,8942 E 58 ST S,Tulsa,OK,Unknown,LT 3 BLK 6,9694.36,R HS IMP,173,"1184 77880-93-36-45140 8942 E 58 ST S 8,840 R HS IMP 9,694.36 316.50 | LT 3 BLK 6 CITY OF TULSA | WOODLAND VIEW PARK 3RD",High,parsed cleanly
78120-84-35-37460,Unknown,16219 E 121 ST S,Broken Arrow,OK,Unknown,LT 3 BLK 1,72602.85,C IMP,174,"1185 78120-84-35-37460 16219 E 121 ST S 62,962 C IMP 72,602.85 379.50 | LT 3 BLK 1 CITY OF BROKEN ARROW | ARKANSAS VALLEY SOUTH",High,parsed cleanly
78125-84-23-00340,Unknown,101 W BOSTON ST S,Broken Arrow,OK,Unknown,LT 1 LESS N150 W111 THEREOF BLK 3A,8726.2,R IMP,174,"1186 78125-84-23-00340 101 W BOSTON ST S 42,150 R IMP 8,726.20 395.25 | LT 1 LESS N150 W111 THEREOF BLK 3A CITY OF BROKEN ARROW | ARROW ACRES EXTENDED",High,parsed cleanly
78260-84-12-00420,Unknown,212 N 10 ST E,Broken Arrow,OK,Unknown,LOT 14 BLK 4,7636.31,R HS IMP,174,"1187 78260-84-12-00420 212 N 10 ST E 9,709 R HS IMP 7,636.31 332.25 | LOT 14 BLK 4 CITY OF BROKEN ARROW | ARROW VILLAGE ADDN B4-7",High,parsed cleanly
78333-84-28-56320,Unknown,2312 W VICKSBURG ST S,Broken Arrow,OK,Unknown,LT 11 BLK 1,18828.11,R IMP,174,"1188 78333-84-28-56320 2312 W VICKSBURG ST S 8,147 R IMP 18,828.11 316.50 | LT 11 BLK 1 CITY OF BROKEN ARROW | ASPEN PARK",High,parsed cleanly
78367-74-09-46140,Unknown,2317 W QUINTON ST S,Broken Arrow,OK,Unknown,LT 6 BLK 3,19081.85,R IMP,174,"1189 78367-74-09-46140 2317 W QUINTON ST S 14,999 R IMP 19,081.85 332.25 | LT 6 BLK 3 CITY OF BROKEN ARROW | BENTLEY VILLAGE II",High,parsed cleanly
78540-84-14-02370,Unknown,514 W QUINCY ST S,Broken Arrow,OK,Unknown,LT 1 BLK 3,6614.67,R IMP,174,"1190 78540-84-14-02370 514 W QUINCY ST S 8,750 R IMP 6,614.67 395.25 | LT 1 BLK 3 CITY OF BROKEN ARROW | BROKEN ARROW HGTS 3RD ADDN RESUB TR1-5 B6",High,parsed cleanly
78679-94-36-52190,Unknown,1208 E FARGO ST N,Broken Arrow,OK,Unknown,LT 11 BLK 1,23292.81,R IMP,174,"1191 78679-94-36-52190 1208 E FARGO ST N 12,452 R IMP 23,292.81 363.75 | LT 11 BLK 1 CITY OF BROKEN ARROW | CARRIAGE CROSSING V",High,parsed cleanly
78810-84-11-07915,Unknown,ADDRESS UNKNOWN,Broken Arrow,OK,Unknown,PRT BLK 1 BEG 261W & 140N SECR THEREOF TH N15.4,7.33,R,175,1192 78810-84-11-07915 ADDRESS UNKNOWN 308 R 7.33 302.25 | PRT BLK 1 BEG 261W & 140N SECR THEREOF TH N15.4 CITY OF BROKEN ARROW | E20 S15.4 W20 POB,Medium,partial or unknown address
78810-84-11-09060,Unknown,416 E COLLEGE ST N,Broken Arrow,OK,Unknown,ALL LT 10 & W35 LT 11 BLK 15,4710.03,R HS IMP,175,"1193 78810-84-11-09060 416 E COLLEGE ST N 11,900 R HS IMP 4,710.03 316.50 | ALL LT 10 & W35 LT 11 BLK 15 CITY OF BROKEN ARROW | COLLEGE ADDN",High,parsed cleanly
78810-84-11-09070,Unknown,424 E COLLEGE ST N,Broken Arrow,OK,Unknown,ALL LT 12 BLK 15 & E15 OF LT 11,5428.12,R IMP,175,"1194 78810-84-11-09070 424 E COLLEGE ST N 9,100 R IMP 5,428.12 316.50 | ALL LT 12 BLK 15 & E15 OF LT 11 CITY OF BROKEN ARROW | COLLEGE ADDN",High,parsed cleanly
78810-84-11-09860,Unknown,514 E DALLAS ST S,Broken Arrow,OK,Unknown,LTS 10 & 11 BLK 25,3103.2,R HS IMP,175,"1195 78810-84-11-09860 514 E DALLAS ST S 14,000 R HS IMP 3,103.20 316.50 | LTS 10 & 11 BLK 25 CITY OF BROKEN ARROW | COLLEGE ADDN",High,parsed cleanly
79200-84-14-04020,Unknown,118 E JACKSON ST S,Broken Arrow,OK,Unknown,LT 10 & W40 LT 11 BLK 5,9048.14,R IMP,175,"1196 79200-84-14-04020 118 E JACKSON ST S 12,600 R IMP 9,048.14 316.50 | LT 10 & W40 LT 11 BLK 5 CITY OF BROKEN ARROW | FEARS ADDN",High,parsed cleanly
79200-84-14-04250,Unknown,215 W JACKSON ST S,Broken Arrow,OK,Unknown,LT 5 BLK 12,3244.88,R HS IMP,175,"1197 79200-84-14-04250 215 W JACKSON ST S 7,140 R HS IMP 3,244.88 363.75 | LT 5 BLK 12 CITY OF BROKEN ARROW | FEARS ADDN",High,parsed cleanly
79600-84-11-12350,Unknown,412 W GALVESTON ST S,Broken Arrow,OK,Unknown,LTS 18 & 19 BLK 12,4382.22,R IMP,175,"1198 79600-84-11-12350 412 W GALVESTON ST S 7,000 R IMP 4,382.22 316.50 | LTS 18 & 19 BLK 12 CITY OF BROKEN ARROW | HOMESTEAD ADDN",High,parsed cleanly
79720-74-11-08250,Unknown,8606 MEADOWOOD CR W,Broken Arrow,OK,Unknown,LT 62 BLK 5,16659.72,R IMP,176,"1199 79720-74-11-08250 8606 MEADOWOOD CR W 18,224 R IMP 16,659.72 348.00 | LT 62 BLK 5 CITY OF BROKEN ARROW | INDIAN SPRINGS EST 3RD ADDN",High,parsed cleanly
79735-74-10-23100,Unknown,1209 W OCALA ST S,Broken Arrow,OK,Unknown,LT 3 BLK 4,9349.2,R HS IMP,176,"1200 79735-74-10-23100 1209 W OCALA ST S 11,592 R HS IMP 9,349.20 348.00 | LT 3 BLK 4 CITY OF BROKEN ARROW | INDIAN SPRINGS EST 4TH ADDN",High,parsed cleanly
79735-74-10-23389,Unknown,ADDRESS UNKNOWN,Broken Arrow,OK,Unknown,PRT LT 32 BEG NEC TH SW168.40 TH ON CRV LF 4.54,14.66,R,176,1201 79735-74-10-23389 ADDRESS UNKNOWN 374 R 14.66 302.25 | PRT LT 32 BEG NEC TH SW168.40 TH ON CRV LF 4.54 CITY OF BROKEN ARROW | NE POB BLK 4,Medium,partial or unknown address
79800-74-11-48870,Unknown,705 E OCALA ST S,Broken Arrow,OK,Unknown,LT 2 BLK 7,26237.94,R HS IMP,176,"1202 79800-74-11-48870 705 E OCALA ST S 12,978 R HS IMP 26,237.94 348.00 | LT 2 BLK 7 CITY OF BROKEN ARROW | INDIAN SPRINGS MANOR EXT",High,parsed cleanly
79810-74-03-50280,Unknown,7702 S GLENWOOD CT W,Broken Arrow,OK,Unknown,LT 20 BLK 1,10861.39,R HS IMP,176,"1203 79810-74-03-50280 7702 S GLENWOOD CT W 14,608 R HS IMP 10,861.39 316.50 | LT 20 BLK 1 CITY OF BROKEN ARROW | INDIAN SPRINGS PARK ADDN",High,parsed cleanly
80425-94-35-59940,Unknown,ADDRESS UNKNOWN,Broken Arrow,OK,Unknown,T C M,14.66,R,176,1204 80425-94-35-59940 ADDRESS UNKNOWN 254 R 14.66 286.50 | T C M CITY OF BROKEN ARROW | LYNN LANE VILLAGE,Medium,partial or unknown address
80610-84-11-13900,Unknown,802 N CEDAR AV W,Broken Arrow,OK,Unknown,LTS 13 14 BLK 8,1083.22,R IMP,176,"1205 80610-84-11-13900 802 N CEDAR AV W 7,000 R IMP 1,083.22 332.25 | LTS 13 14 BLK 8 CITY OF BROKEN ARROW | NORTH SIDE ADDN",High,parsed cleanly
80610-84-11-13910,Unknown,806 N CEDAR AV W,Broken Arrow,OK,Unknown,LTS 15 16 BLK 8,6953.43,R HS IMP,177,"1206 80610-84-11-13910 806 N CEDAR AV W 7,000 R HS IMP 6,953.43 332.25 | LTS 15 16 BLK 8 CITY OF BROKEN ARROW | NORTH SIDE ADDN",High,parsed cleanly
80784-84-27-41490,Unknown,ADDRESS UNKNOWN,Broken Arrow,OK,Unknown,RESERVE B,14.66,R,177,"1207 80784-84-27-41490 ADDRESS UNKNOWN 306 R 14.66 302.25 | RESERVE B CITY OF BROKEN ARROW | PARK ON FLORENCE, THE",Medium,partial or unknown address
80784-84-27-41500,Unknown,ADDRESS UNKNOWN,Broken Arrow,OK,Unknown,RESERVE C,14.66,R,177,"1208 80784-84-27-41500 ADDRESS UNKNOWN 306 R 14.66 302.25 | RESERVE C CITY OF BROKEN ARROW | PARK ON FLORENCE, THE",Medium,partial or unknown address
81145-84-35-42360,Unknown,ADDRESS UNKNOWN,Broken Arrow,OK,Unknown,RESERVE A,14.66,R,177,"1209 81145-84-35-42360 ADDRESS UNKNOWN 1,706 R 14.66 286.50 | RESERVE A CITY OF BROKEN ARROW | SOUTH RIDGE PARK",Medium,partial or unknown address
81210-84-15-62170,Unknown,1612 S PINE AV W,Broken Arrow,OK,Unknown,LT 4 BLK 14,8094.15,R HS IMP,177,"1210 81210-84-15-62170 1612 S PINE AV W 7,015 R HS IMP 8,094.15 363.75 | LT 4 BLK 14 CITY OF BROKEN ARROW | STACEY LYNN FIFTH",High,parsed cleanly
81210-84-15-63180,Unknown,1657 S PINE AV W,Broken Arrow,OK,Unknown,LT 24 BLK 17,7554.54,R HS IMP,177,"1211 81210-84-15-63180 1657 S PINE AV W 7,656 R HS IMP 7,554.54 474.00 | LT 24 BLK 17 CITY OF BROKEN ARROW | STACEY LYNN FIFTH",High,parsed cleanly
81580-84-22-08250,Unknown,1217 W VANDEVER BV S,Broken Arrow,OK,Unknown,LT 10 BLK 2,12482.94,R IMP,177,"1212 81580-84-22-08250 1217 W VANDEVER BV S 11,750 R IMP 12,482.94 348.00 | LT 10 BLK 2 CITY OF BROKEN ARROW | VANDEVER ACRES 3RD",High,parsed cleanly
81730-84-23-33980,Unknown,123 W KENT ST S,Broken Arrow,OK,Unknown,LT 14 BLK 3,9053.09,R IMP,178,"1213 81730-84-23-33980 123 W KENT ST S 8,060 R IMP 9,053.09 332.25 | LT 14 BLK 3 CITY OF BROKEN ARROW | VANDEVER EAST FOURTH AMD OF VANDEVER EAST",High,parsed cleanly
81745-84-23-28300,Unknown,3317 S ASH CT W,Broken Arrow,OK,Unknown,LT 3 BLK 3,12161.89,R IMP,178,"1214 81745-84-23-28300 3317 S ASH CT W 7,560 R IMP 12,161.89 363.75 | LT 3 BLK 3 CITY OF BROKEN ARROW | VANDEVER EAST 5TH",High,parsed cleanly
82170-84-21-72600,Unknown,2812 S DOGWOOD AV W,Broken Arrow,OK,Unknown,LT 11 BLK 3,6384.77,R HS IMP,178,"1215 82170-84-21-72600 2812 S DOGWOOD AV W 10,391 R HS IMP 6,384.77 316.50 | LT 11 BLK 3 CITY OF BROKEN ARROW | WOLF CREEK ESTATES VI",High,parsed cleanly
83410-84-16-09380,Unknown,1827 S FIR PL W,Broken Arrow,OK,Unknown,LT 7 BLK 3,9600.18,R HS IMP,178,"1216 83410-84-16-09380 1827 S FIR PL W 9,473 R HS IMP 9,600.18 363.75 | LT 7 BLK 3 CITY OF BROKEN ARROW | COPPER CREEK",High,parsed cleanly
83450-84-09-14640,Unknown,2520 W IOLA ST N,Broken Arrow,OK,Unknown,LT 10 BLK 1,10541.61,R HS IMP,178,"1217 83450-84-09-14640 2520 W IOLA ST N 11,583 R HS IMP 10,541.61 332.25 | LT 10 BLK 1 CITY OF BROKEN ARROW | COUNTRY AIRE ESTATES",High,parsed cleanly
83450-84-09-16220,Unknown,420 N ELDER AV W,Broken Arrow,OK,Unknown,LT 12 BLK 8,9443.05,R IMP,178,"1218 83450-84-09-16220 420 N ELDER AV W 11,375 R IMP 9,443.05 505.50 | LT 12 BLK 8 CITY OF BROKEN ARROW | COUNTRY AIRE ESTATES",High,parsed cleanly
83560-84-17-38670,Unknown,4010 W PITTSBURG CR S,Broken Arrow,OK,Unknown,LT 8 BLK 1,13820.65,R IMP,178,"1219 83560-84-17-38670 4010 W PITTSBURG CR S 9,192 R IMP 13,820.65 316.50 | LT 8 BLK 1 CITY OF BROKEN ARROW | FAIRFAX",High,parsed cleanly
83663-84-08-18730,Unknown,309 N WILLOW AV W,Broken Arrow,OK,Unknown,LT 16 BLK 6,18958.93,R HS IMP,179,"1220 83663-84-08-18730 309 N WILLOW AV W 8,524 R HS IMP 18,958.93 379.50 | LT 16 BLK 6 CITY OF BROKEN ARROW | LANCASTER PARK",High,parsed cleanly
83850-84-16-15050,Unknown,1224 S CHESTNUT AV W,Broken Arrow,OK,Unknown,LT 24 BLK 9,12685.65,R HS IMP,179,"1221 83850-84-16-15050 1224 S CHESTNUT AV W 8,540 R HS IMP 12,685.65 332.25 | LT 24 BLK 9 CITY OF BROKEN ARROW | TURTLE CREEK",High,parsed cleanly
84700-72-14-00960,Unknown,121 W 147 ST S,City Of Glenpool,OK,Unknown,ALL BLK E,2970.69,R IMP,179,"1222 84700-72-14-00960 121 W 147 ST S 4,550 R IMP 2,970.69 316.50 | ALL BLK E CITY OF GLENPOOL | GLENPOOL-ORIGINAL TOWN",High,parsed cleanly
84815-72-11-50150,Unknown,183 E GLENPOOL BV S,City Of Glenpool,OK,Unknown,LT 3 BLK 9,2529.99,R IMP,179,"1223 84815-72-11-50150 183 E GLENPOOL BV S 14,800 R IMP 2,529.99 332.25 | LT 3 BLK 9 CITY OF GLENPOOL | APPALOOSA ACRES EXT",High,parsed cleanly
84830-72-11-53420,Unknown,248 E 137 ST S,City Of Glenpool,OK,Unknown,LT 24 BLK 4,6927.56,R HS IMP,179,"1224 84830-72-11-53420 248 E 137 ST S 9,000 R HS IMP 6,927.56 348.00 | LT 24 BLK 4 CITY OF GLENPOOL | APPALOOSA ACRES SECOND",High,parsed cleanly
84987-72-14-49550,Unknown,14922 S GLENN ST E,City Of Glenpool,OK,Unknown,LT 9 BLK 6,9198.83,R IMP,179,"1225 84987-72-14-49550 14922 S GLENN ST E 9,349 R IMP 9,198.83 395.25 | LT 9 BLK 6 CITY OF GLENPOOL | CROSSING AT GLENPOOL PHASE I, THE",High,parsed cleanly
85021-72-12-62520,Unknown,13609 S MADISON AV E,City Of Glenpool,OK,Unknown,LT 10 BLK 4,14885.61,R IMP,179,"1226 85021-72-12-62520 13609 S MADISON AV E 7,800 R IMP 14,885.61 363.75 | LT 10 BLK 4 CITY OF GLENPOOL | GLENN ABBEY B1-6",High,parsed cleanly
85110-72-13-13920,Unknown,1023 E 146 ST S,City Of Glenpool,OK,Unknown,LT 3 BLK 1,9846.69,R IMP,180,"1227 85110-72-13-13920 1023 E 146 ST S 10,345 R IMP 9,846.69 363.75 | LT 3 BLK 1 CITY OF GLENPOOL | GLENVILLAGE",High,parsed cleanly
85175-72-12-57030,Unknown,1277 E 139 ST S,City Of Glenpool,OK,Unknown,LT 6 BLK 2,7004.96,R HS IMP,180,"1228 85175-72-12-57030 1277 E 139 ST S 7,260 R HS IMP 7,004.96 379.50 | LT 6 BLK 2 CITY OF GLENPOOL | KENDALWOOD III AMD",High,parsed cleanly
85175-72-12-57920,Unknown,1311 E 139 ST S,City Of Glenpool,OK,Unknown,LT 1 BLK 7,9482.38,R IMP,180,"1229 85175-72-12-57920 1311 E 139 ST S 8,055 R IMP 9,482.38 348.00 | LT 1 BLK 7 CITY OF GLENPOOL | KENDALWOOD III AMD",High,parsed cleanly
85178-72-12-33260,Unknown,1042 E 138 ST S,City Of Glenpool,OK,Unknown,LT 3 BLK 5,9509.28,R IMP,180,"1230 85178-72-12-33260 1042 E 138 ST S 7,792 R IMP 9,509.28 395.25 | LT 3 BLK 5 CITY OF GLENPOOL | KENDALWOOD IV",High,parsed cleanly
85240-72-13-61990,Unknown,14269 S QUINCE ST E,City Of Glenpool,OK,Unknown,LT 7 BLK 1,7677.9,R IMP,180,"1231 85240-72-13-61990 14269 S QUINCE ST E 6,921 R IMP 7,677.90 332.25 | LT 7 BLK 1 CITY OF GLENPOOL | PARK LANE PLACE",High,parsed cleanly
85315-72-15-46520,Unknown,14623 S VANCOUVER AV,Unknown,OK,Unknown,LT 2 BLK 8 W,5178.06,R HS IMP,180,"1232 85315-72-15-46520 14623 S VANCOUVER AV 7,150 R HS IMP 5,178.06 316.50 | LT 2 BLK 8 W | ROLLING MEADOWS II CITY OF GLENPOOL",High,parsed cleanly
85375-72-14-01945,Unknown,42 W 142 ST S,City Of Glenpool,OK,Unknown,W65 LTS 18 19 & 20 BLK 6,7175.68,R IMP,180,"1233 85375-72-14-01945 42 W 142 ST S 4,875 R IMP 7,175.68 316.50 | W65 LTS 18 19 & 20 BLK 6 CITY OF GLENPOOL | STEWART'S PLAT",High,parsed cleanly
86722-92-19-46230,Unknown,ADDRESS UNKNOWN,Sand Springs,OK,Unknown,RESERVE A,84.65,R,181,"1234 86722-92-19-46230 ADDRESS UNKNOWN 161,893 R 84.65 270.75 | RESERVE A CITY OF SAND SPRINGS | ROLLING OAKS SOUTH IV",Medium,partial or unknown address
86725-92-19-48750,Unknown,ADDRESS UNKNOWN,Sand Springs,OK,Unknown,ALL THOSE PARTS RES C LYING IN S 75TH W AVE,7.33,R,181,"1235 86725-92-19-48750 ADDRESS UNKNOWN 4,447 R 7.33 302.25 | ALL THOSE PARTS RES C LYING IN S 75TH W AVE CITY OF SAND SPRINGS | ROLLING OAKS WEST",Medium,partial or unknown address
87675-94-25-29860,Unknown,18710 E 45 PL,Tulsa,OK,Unknown,Lot 5 Block 4,24886.3,R HS IMP,181,"1236 87675-94-25-29860 18710 E 45 PL 9,002 R HS IMP 24,886.30 316.50 | Lot 5 Block 4 CITY OF TULSA | CYPRESS CREEK ESTATES",High,parsed cleanly
87721-94-26-62790,Unknown,4702 S 167 AV E,Tulsa,OK,Unknown,LT 30 BLK 9,37183.61,R IMP,181,"1237 87721-94-26-62790 4702 S 167 AV E 8,400 R IMP 37,183.61 332.25 | LT 30 BLK 9 CITY OF TULSA | TRINITY CREEK II",High,parsed cleanly
90201-02-01-25920,Unknown,502 E 61 ST N,Tulsa,OK,Unknown,E/2 W/2 NW NE SW & E/2 NW NE SW LESS N170 E140,3446.32,R IMP,181,"1238 90201-02-01-25920 502 E 61 ST N 307,100 R IMP 3,446.32 316.50 | E/2 W/2 NW NE SW & E/2 NW NE SW LESS N170 E140 CITY OF TULSA | THEREOF SEC 1 20 12 7.050ACS",High,parsed cleanly
90201-02-01-42970,Unknown,5723 N NORFOLK AV E,Unknown,OK,Unknown,TR BEG 390W & 260S NEC SE SE TH S240 SW328.88 TULSA COUNTY,850.58,R,181,"1239 90201-02-01-42970 5723 N NORFOLK AV E 91,997 R 850.58 318.00 | TR BEG 390W & 260S NEC SE SE TH S240 SW328.88 TULSA COUNTY | N373.33 E300 POB SEC 1 20 12 2.112ACS",High,parsed cleanly
90212-02-12-25800,Unknown,1130 E 50 PL N,Tulsa,OK,Unknown,TR 25 W140 E1180 S305 N/2 N/2 SE SEC 12 20 12,4580.87,R IMP,181,"1240 90212-02-12-25800 1130 E 50 PL N 42,689 R IMP 4,580.87 332.25 | TR 25 W140 E1180 S305 N/2 N/2 SE SEC 12 20 12 CITY OF TULSA | .980AC",High,parsed cleanly
90212-02-12-26700,Unknown,1118 E 50 PL N,Tulsa,OK,Unknown,TR 24 W140 E1320 S305 N/2 N/2 SE SEC 12 20 12,1317.38,R HS IMP,182,"1241 90212-02-12-26700 1118 E 50 PL N 42,689 R HS IMP 1,317.38 316.50 | TR 24 W140 E1320 S305 N/2 N/2 SE SEC 12 20 12 CITY OF TULSA | .980AC",High,parsed cleanly
90212-02-12-27100,Unknown,923 E 50 PL N,Tulsa,OK,Unknown,W100 E1740 N306.5 N/2 N/2 SE SEC 12 20 12 .70AC,432.62,R,182,"1242 90212-02-12-27100 923 E 50 PL N 30,492 R 432.62 286.50 | W100 E1740 N306.5 N/2 N/2 SE SEC 12 20 12 .70AC CITY OF TULSA | UNPLATTED",High,parsed cleanly
90213-02-13-19020,Unknown,E 46 ST N,Tulsa,OK,Unknown,E20 W200 S130 N180 NW NW SEC 13 20 12 .05 AC,146.65,C,182,"1243 90213-02-13-19020 E 46 ST N 2,600 C 146.65 286.50 | E20 W200 S130 N180 NW NW SEC 13 20 12 .05 AC CITY OF TULSA | UNPLATTED",Medium,partial or unknown address
90213-02-13-38521,Unknown,N PEORIA AV E,Tulsa,OK,Unknown,W15 E65 SE SE LESS N200 & S450 THEREOF SEC 13 20,7.33,C,182,"1244 90213-02-13-38521 N PEORIA AV E 10,050 C 7.33 302.25 | W15 E65 SE SE LESS N200 & S450 THEREOF SEC 13 20 CITY OF TULSA | 13 .231AC",Medium,partial or unknown address
90223-02-23-07220,Unknown,3302 N MARTIN LUTHER,Unknown,OK,Unknown,S/2 S/2 SE NE NE LESS BEG 1317.63S & 273.50W NEC KING JR BV,9187.74,C IMP,182,"1245 90223-02-23-07220 3302 N MARTIN LUTHER 7,841 C IMP 9,187.74 363.75 | S/2 S/2 SE NE NE LESS BEG 1317.63S & 273.50W NEC KING JR BV | NE TH W386.79 N164.60 E316.08 SE179.11 POB & LESS CITY OF TULSA",High,parsed cleanly
90224-02-24-34260,Unknown,3411 N MARTIN LUTHER,Unknown,OK,Unknown,N33 N/2 N/2 SW NW LESS W50 THEREOF SEC 24 20 12 KING JR BV,14.66,R,182,"1246 90224-02-24-34260 3411 N MARTIN LUTHER 41,910 R 14.66 318.00 | N33 N/2 N/2 SW NW LESS W50 THEREOF SEC 24 20 12 KING JR BV | .97AC CITY OF TULSA",High,parsed cleanly
90226-02-26-11050,Unknown,ADDRESS UNKNOWN,Tulsa,OK,Unknown,BEG 133S NWC SW NE SE TH S30 E166.9 N163 W74.9,586.6,R,183,"1247 90226-02-26-11050 ADDRESS UNKNOWN 14,969 R 586.60 381.00 | BEG 133S NWC SW NE SE TH S30 E166.9 N163 W74.9 CITY OF TULSA | S133 W92 TO BEG LESS STS SEC 26 20 12",Medium,partial or unknown address
90306-03-06-24020,Unknown,1641 E 56 ST N,Unknown,OK,Unknown,TR BEG 161.25 W OF SE COR SW QTR.TH N660W TULSA COUNTY,3314.33,R IMP,183,"1249 90306-03-06-24020 1641 E 56 ST N 106,425 R IMP 3,314.33 332.25 | TR BEG 161.25 W OF SE COR SW QTR.TH N660W TULSA COUNTY | 161.25 S 660 E 161.25 TO BEG SEC 6-20-13",High,parsed cleanly
90306-03-06-46920,Unknown,ADDRESS UNKNOWN,Unknown,OK,Unknown,PRT N/2 SW SE BEG NWC TH E700 S330 W700 N330 TULSA COUNTY,3954.21,C,183,"1250 90306-03-06-46920 ADDRESS UNKNOWN 217,589 C 3,954.21 286.50 | PRT N/2 SW SE BEG NWC TH E700 S330 W700 N330 TULSA COUNTY | LESS W30 FOR RD THEREOF SEC 6 20 13 5.07ACS",Medium,partial or unknown address
90308-03-08-08590,Unknown,2661 E 54 ST N,Tulsa,OK,Unknown,E/2 W/2 NE NW LESS E165 N264 THEREOF & LESS N50,7542.57,A IMP,183,"1251 90308-03-08-08590 2661 E 54 ST N 375,489 A IMP 7,542.57 316.50 | E/2 W/2 NE NW LESS E165 N264 THEREOF & LESS N50 CITY OF TULSA | THEREOF & LESS S25 THEREOF FOR RD SEC 8 20 13",High,parsed cleanly
90308-03-08-15090,Unknown,E 54 ST N,Tulsa,OK,Unknown,N132 S330 E/2 E/2 SE NW NW LESS E25 & W25,359.29,R,183,"1252 90308-03-08-15090 E 54 ST N 15,180 R 359.29 302.25 | N132 S330 E/2 E/2 SE NW NW LESS E25 & W25 CITY OF TULSA | THEREOF FOR ST SEC 8 20 13 .348ACS",Medium,partial or unknown address
90308-03-08-16890,Unknown,2410 E 54 ST N,City Of Tulsa Structure Removed,OK,Unknown,N/2 NW SW NW & SE NW SW NW LESS .73AC TO,627.93,A IMP,184,"1253 90308-03-08-16890 2410 E 54 ST N 286,625 A IMP 627.93 363.75 | N/2 NW SW NW & SE NW SW NW LESS .73AC TO CITY OF TULSA STRUCTURE REMOVED | COUNTY & W30 S280 N/2 NW SW NW FOR RD SEC 8 20",High,parsed cleanly
90317-03-17-22020,Unknown,ADDRESS UNKNOWN,Tulsa,OK,Unknown,E/2 SW NW & W/2 W/2 SE NW LESS E170 THEREOF &,314.63,R,184,"1254 90317-03-17-22020 ADDRESS UNKNOWN 1,057,637 R 314.63 333.75 | E/2 SW NW & W/2 W/2 SE NW LESS E170 THEREOF & CITY OF TULSA | LESS S30 THEREOF FOR RD SEC 17 20 13 24.284ACS",Medium,partial or unknown address
90317-03-17-23520,Unknown,ADDRESS UNKNOWN,Tulsa,OK,Unknown,PRT W/2 W/2 SE NW BEG 1481.12E SWC NW TH N1320,51.32,R,184,"1255 90317-03-17-23520 ADDRESS UNKNOWN 219,107 R 51.32 333.75 | PRT W/2 W/2 SE NW BEG 1481.12E SWC NW TH N1320 CITY OF TULSA | E170 S1320 W170 POB LESS S30 THEREOF FOR RD",Medium,partial or unknown address
90318-03-18-02670,Unknown,4406 N LEWIS AV E,Tulsa,OK,Unknown,S198 N/2 S/2 NE NE LESS N66 E300 & LESS E30 S132,1485.18,A IMP,184,"1256 90318-03-18-02670 4406 N LEWIS AV E 237,402 A IMP 1,485.18 363.75 | S198 N/2 S/2 NE NE LESS N66 E300 & LESS E30 S132 CITY OF TULSA | THEREOF FOR RD SEC 18 20 13 5.454ACS",High,parsed cleanly
90322-03-22-05170,Unknown,3504 N SHERIDAN RD E,Tulsa,OK,Unknown,BEG 608.89S NEC NE TH W685.11 S208.89 E685.11,14408.55,R IMP,184,"1257 90322-03-22-05170 3504 N SHERIDAN RD E 132,668 R IMP 14,408.55 316.50 | BEG 608.89S NEC NE TH W685.11 S208.89 E685.11 CITY OF TULSA | N208.89 POB LESS E50 THEREOF SEC 22 20 13",High,parsed cleanly
90326-03-26-20930,Unknown,6945 E PINE ST N,Tulsa,OK,Unknown,E145 OF S264 OF SW SE SW SEC 26 20 13 LESS S50,3812.95,C IMP,184,"1258 90326-03-26-20930 6945 E PINE ST N 31,030 C IMP 3,812.95 316.50 | E145 OF S264 OF SW SE SW SEC 26 20 13 LESS S50 CITY OF TULSA | UNPLATTED",High,parsed cleanly
90327-03-27-26880,Unknown,2011 N YALE AV E,Tulsa,OK,Unknown,BG 46.95N SWC NW NW SW TH E111.25 NELY205.31,3120.35,C IMP,185,"1259 90327-03-27-26880 2011 N YALE AV E 35,483 C IMP 3,120.35 411.00 | BG 46.95N SWC NW NW SW TH E111.25 NELY205.31 CITY OF TULSA | NWLY218.53 S245.05 POB SEC 27 20 13 .815AC",High,parsed cleanly
90329-03-29-41780,Unknown,1504 N HARVARD AV E,Tulsa,OK,Unknown,TR IN SE BEG 160.5W & 50N SECR SE TH N105.5,6614.0,C IMP,185,"1260 90329-03-29-41780 1504 N HARVARD AV E 10,954 C IMP 6,614.00 316.50 | TR IN SE BEG 160.5W & 50N SECR SE TH N105.5 CITY OF TULSA | E110.5 S TO PT OF CRV RT SWLY ALG CRV TO PT W",High,parsed cleanly
90330-03-30-22140,Unknown,2049 E ZION ST N,Tulsa,OK,Unknown,W 60 N 150 S 340 W/2 W/2 NW NE NE SEC 30 20 13,3437.65,R IMP,185,"1261 90330-03-30-22140 2049 E ZION ST N 9,000 R IMP 3,437.65 348.00 | W 60 N 150 S 340 W/2 W/2 NW NE NE SEC 30 20 13 CITY OF TULSA | UNPLATTED",High,parsed cleanly
90334-03-34-20510,Unknown,ADDRESS UNKNOWN,Tulsa,OK,Unknown,BEG 50W & 300S NEC NW TH S300 E22.43 TO PT ON,7.33,C,185,"1262 90334-03-34-20510 ADDRESS UNKNOWN 5,106 C 7.33 318.00 | BEG 50W & 300S NEC NW TH S300 E22.43 TO PT ON CITY OF TULSA | WL RR ROW NWLY APPROX 300.19 W POB SEC 34 20",Medium,partial or unknown address
90404-04-04-64010,Unknown,14025 E 58 ST N,Unknown,OK,Unknown,BEG 656 N & 1323.32 W SEC SE TH N 660 W 330.83 S TULSA COUNTY,3715.23,R,185,"1263 90404-04-04-64010 14025 E 58 ST N 218,236 R 3,715.23 348.00 | BEG 656 N & 1323.32 W SEC SE TH N 660 W 330.83 S TULSA COUNTY | 660 E 330.83 TO BEG SEC 4 20 14",High,parsed cleanly
90409-04-09-36590,Unknown,ADDRESS UNKNOWN,Tulsa,OK,Unknown,E20 NW NE NE SEC 9 20 14 .3AC,14.66,R,185,"1264 90409-04-09-36590 ADDRESS UNKNOWN 13,200 R 14.66 286.50 | E20 NW NE NE SEC 9 20 14 .3AC CITY OF TULSA | UNPLATTED",Medium,partial or unknown address
90429-04-29-08390,Unknown,ADDRESS UNKNOWN,Tulsa,OK,Unknown,BEG PT 146.64S NEC NE SE TH W313 S139.17 E313,887.24,R,186,"1265 90429-04-29-08390 ADDRESS UNKNOWN 43,560 R 887.24 286.50 | BEG PT 146.64S NEC NE SE TH W313 S139.17 E313 CITY OF TULSA | N139.17 POB SEC 29 20 14",Medium,partial or unknown address
91202-12-02-24010,Unknown,11932 N CINCINNATI AV E,Unknown,OK,Unknown,S/2 N/2 NE SE SEC 2 21 12 10ACS TULSA COUNTY,2355.27,R HS IMP,186,"1267 91202-12-02-24010 11932 N CINCINNATI AV E 435,600 R HS IMP 2,355.27 379.50 | S/2 N/2 NE SE SEC 2 21 12 10ACS TULSA COUNTY | UNPLATTED",High,parsed cleanly
91213-12-13-51390,Unknown,998 E 98 ST N,Unknown,OK,Unknown,PRT S/2 SE BEG 1162.04W SECR SE TH W330 N1231.53 TULSA COUNTY,5325.25,R IMP,186,"1268 91213-12-13-51390 998 E 98 ST N 361,112 R IMP 5,325.25 316.50 | PRT S/2 SE BEG 1162.04W SECR SE TH W330 N1231.53 TULSA COUNTY | ELY ON CRV 223.86 TH S249.03 E123.5 S916.25 POB",High,parsed cleanly
91223-12-23-08640,Unknown,W 92 ST N,Unknown,OK,Unknown,PRT SW NE BEG 433E & 175S NWC SW NE TH W193 TULSA COUNTY,395.96,R IMP,186,"1269 91223-12-23-08640 W 92 ST N 310,147 R IMP 395.96 316.50 | PRT SW NE BEG 433E & 175S NWC SW NE TH W193 TULSA COUNTY | S120 W240 S695 E433 N815 POB LESS BEG 433E &",Medium,partial or unknown address
91223-12-23-21410,Unknown,9100 N CINCINNATI AV E,Unknown,OK,Unknown,PRT N/2 SE BEG 66S & 16.5W NEC NE SE TH S661.29 TULSA COUNTY,8298.3,R IMP,187,"1270 91223-12-23-21410 9100 N CINCINNATI AV E 1,731,534 R IMP 8,298.30 316.50 | PRT N/2 SE BEG 66S & 16.5W NEC NE SE TH S661.29 TULSA COUNTY | W642.60 S594 W1978.86 N661.44 E1318.07 N595.04",High,parsed cleanly
91225-12-25-21635,Unknown,ADDRESS UNKNOWN,Unknown,OK,Unknown,S. 181.5' OF S1/2 NW NE SE SEC 25-21-12 TULSA COUNTY,322.63,R,187,"1271 91225-12-25-21635 ADDRESS UNKNOWN 119,790 R 322.63 286.50 | S. 181.5' OF S1/2 NW NE SE SEC 25-21-12 TULSA COUNTY | UNPLATTED",Medium,partial or unknown address
91225-12-25-21910,Unknown,ADDRESS UNKNOWN,Unknown,OK,Unknown,S 66' OF S1/2 N1/2 NE NE SE SEC 25-21-12 TULSA COUNTY,168.64,R,187,"1272 91225-12-25-21910 ADDRESS UNKNOWN 43,560 R 168.64 270.75 | S 66' OF S1/2 N1/2 NE NE SE SEC 25-21-12 TULSA COUNTY | UNPLATTED",Medium,partial or unknown address
91225-12-25-41510,Unknown,ADDRESS UNKNOWN,Unknown,OK,Unknown,W/2 SW NE & N20 SE NE & N20 E660 SW NE & SE NW TULSA COUNTY,4211.16,R,187,"1273 91225-12-25-41510 ADDRESS UNKNOWN 2,513,412 R 4,211.16 270.75 | W/2 SW NE & N20 SE NE & N20 E660 SW NE & SE NW TULSA COUNTY | LESS ALL LAND LYING S OF CL DELAWARE CR & E880",Medium,partial or unknown address
91236-12-36-01030,Unknown,7403 N IROQUOIS AV E,Unknown,OK,Unknown,E/2 W/2 NW NE LESS S330 THEREOF & LESS W30 TULSA COUNTY,3357.23,R HS IMP,187,"1274 91236-12-36-01030 7403 N IROQUOIS AV E 297,079 R HS IMP 3,357.23 332.25 | E/2 W/2 NW NE LESS S330 THEREOF & LESS W30 TULSA COUNTY | THEREOF SEC 36 21 12 6.818ACS",High,parsed cleanly
91236-12-36-35730,Unknown,ADDRESS UNKNOWN,Unknown,OK,Unknown,NW SW LESS 4.4 AC. RD. & LESS 10 AC S & E OF RD TULSA COUNTY,73.99,A,188,"1276 91236-12-36-35730 ADDRESS UNKNOWN 1,108,166 A 73.99 286.50 | NW SW LESS 4.4 AC. RD. & LESS 10 AC S & E OF RD TULSA COUNTY | SEC 36-21-12 25.44 AC",Medium,partial or unknown address
91236-12-36-47530,Unknown,7002 N PEORIA AV E,Unknown,OK,Unknown,NE NE SE LESS 1.533ACS FOR RR R/W & LESS N15 TULSA COUNTY,7624.18,C IMP,188,"1277 91236-12-36-47530 7002 N PEORIA AV E 315,822 C IMP 7,624.18 316.50 | NE NE SE LESS 1.533ACS FOR RR R/W & LESS N15 TULSA COUNTY | THEREOF FOR RD & LESS E40 THEREOF FOR RD &",High,parsed cleanly
91236-12-36-50430,Unknown,6834 N PEORIA AV E,Unknown,OK,Unknown,N/2 SE NE SE LESS .766AC FOR RR R/W & LESS E50 TULSA COUNTY,4220.53,C IMP,188,"1278 91236-12-36-50430 6834 N PEORIA AV E 168,128 C IMP 4,220.53 316.50 | N/2 SE NE SE LESS .766AC FOR RR R/W & LESS E50 TULSA COUNTY | FOR RD SEC 36 21 12 3.859ACS",High,parsed cleanly
91306-13-06-52610,Unknown,ADDRESS UNKNOWN,Unknown,OK,Unknown,S208.75 OF W208.75 OF W/2 SW SE SEC 6 21 13 1 AC TULSA COUNTY,80.65,C,188,"1279 91306-13-06-52610 ADDRESS UNKNOWN 43,560 C 80.65 318.00 | S208.75 OF W208.75 OF W/2 SW SE SEC 6 21 13 1 AC TULSA COUNTY | UNPLATTED",Medium,partial or unknown address
91316-13-16-06210,Unknown,10428 N YALE AV E,Unknown,OK,Unknown,S134 N842 E647 E/2 NE SEC 16 21 13 1.990ACS TULSA COUNTY,3339.41,B IMP,188,"1280 91316-13-16-06210 10428 N YALE AV E 86,698 B IMP 3,339.41 411.00 | S134 N842 E647 E/2 NE SEC 16 21 13 1.990ACS TULSA COUNTY | UNPLATTED",High,parsed cleanly
91316-13-16-06510,Unknown,10500 N YALE AV E,Unknown,OK,Unknown,S134 N572 E647 E/2 NE LESS BEG 572S & 273W NEC TULSA COUNTY MH NOT INCLUDED,5056.93,R,189,"1281 91316-13-16-06510 10500 N YALE AV E 86,628 R 5,056.93 286.50 | S134 N572 E647 E/2 NE LESS BEG 572S & 273W NEC TULSA COUNTY MH NOT INCLUDED | NE TH N1 W70 S1 E70 POB SEC 16 21 13 1.989ACS",High,parsed cleanly
91324-13-24-00150,Unknown,ADDRESS UNKNOWN,Owasso,OK,Unknown,TR BEG 2632.81S NEC NE TH W659.98 S7 E TO PT ON,14.66,R,189,"1283 91324-13-24-00150 ADDRESS UNKNOWN 3,462 R 14.66 286.50 | TR BEG 2632.81S NEC NE TH W659.98 S7 E TO PT ON CITY OF OWASSO | SECR NE N POB SEC 24 21 13 .079AC",Medium,partial or unknown address
91325-13-25-57920,Unknown,8206 E 80 ST N,Unknown,OK,Unknown,TR BEG 317.94N SWC SW NW SW TH N317.94 E689.97 TULSA COUNTY,12787.97,R IMP,189,"1284 91325-13-25-57920 8206 E 80 ST N 219,542 R IMP 12,787.97 316.50 | TR BEG 317.94N SWC SW NW SW TH N317.94 E689.97 TULSA COUNTY | S317.94 W689.97 POB SEC 25 21 13 5.036ACS",High,parsed cleanly
91330-13-30-47010,Unknown,1725 E 76 ST N,Unknown,OK,Unknown,S 396 SE SE SW SEC 30-21-13 TULSA COUNTY,2985.27,A HS IMP,189,"1285 91330-13-30-47010 1725 E 76 ST N 261,360 A HS IMP 2,985.27 316.50 | S 396 SE SE SW SEC 30-21-13 TULSA COUNTY | UNPLATTED",High,parsed cleanly
91407-14-07-52320,Unknown,E 106 ST N,City Of Owasso Mh Not Included,OK,Unknown,W/2 W/2 SE SE LESS S16.5 FOR RD SEC 7 21 14,4849.58,A IMP,190,"1288 91407-14-07-52320 E 106 ST N 430,373 A IMP 4,849.58 300.75 | W/2 W/2 SE SE LESS S16.5 FOR RD SEC 7 21 14 CITY OF OWASSO MH NOT INCLUDED | 9.875ACS",Medium,partial or unknown address
91408-14-08-10310,Unknown,11702 E 116 ST N,Unknown,OK,Unknown,E90 SE NE NW NW & SW NW NE NW & LESS E30 SW TULSA COUNTY,3139.44,R,190,"1289 91408-14-08-10310 11702 E 116 ST N 118,457 R 3,139.44 316.50 | E90 SE NE NW NW & SW NW NE NW & LESS E30 SW TULSA COUNTY | NW NE NW & LESS .232AC FOR RD SEC 8 21 14",High,parsed cleanly
91408-14-08-13380,Unknown,11702 E 116 ST N,Unknown,OK,Unknown,N/2 NW NE NW & N/2 NE NW NW LESS W570.4 & LESS TULSA COUNTY,8892.81,R HS IMP,190,"1290 91408-14-08-13380 11702 E 116 ST N 88,539 R HS IMP 8,892.81 316.50 | N/2 NW NE NW & N/2 NE NW NW LESS W570.4 & LESS TULSA COUNTY | E360 N/2 NW NE NW & LESS E60 FOR RD & LESS N60",High,parsed cleanly
91420-14-20-20530,Unknown,ADDRESS UNKNOWN,Owasso,OK,Unknown,BEG 1844.96N SWC SE TH E6.5 N TO NWC LT1 BLK1,14.66,R,190,"1291 91420-14-20-20530 ADDRESS UNKNOWN 1,312 R 14.66 270.75 | BEG 1844.96N SWC SE TH E6.5 N TO NWC LT1 BLK1 CITY OF OWASSO | LAKERIDGE FIRST ADD W TO W LN SE S TO POB SEC",Medium,partial or unknown address
92224-22-24-13020,Unknown,15100 N PEORIA AV,Unknown,OK,Unknown,BEG 292N SECR NE TH W605 N430 E313 SE127 E255 TULSA COUNTY,3059.81,A HS IMP,190,"1292 92224-22-24-13020 15100 N PEORIA AV 222,156 A HS IMP 3,059.81 316.50 | BEG 292N SECR NE TH W605 N430 E313 SE127 E255 TULSA COUNTY | S310 POB LESS E16.5 FOR RD SEC 24 22 12 5.102ACS",High,parsed cleanly
92226-22-26-06470,Unknown,14338 N CINCINNATI AV E,Skiatook,OK,Unknown,ALL N/2 SE NE NE LYING N & E OF CREEK LESS .38AC,2947.7,R IMP,191,"1294 92226-22-26-06470 14338 N CINCINNATI AV E 94,525 R IMP 2,947.70 316.50 | ALL N/2 SE NE NE LYING N & E OF CREEK LESS .38AC CITY OF SKIATOOK | FOR RD SEC 26 22 12 2.17AC",High,parsed cleanly
92236-22-36-00860,Unknown,ADDRESS UNKNOWN,Unknown,OK,Unknown,SW NE NE LYING E OF BIRD CREEK SEC 36 22 12 TULSA COUNTY,21.99,R,191,"1295 92236-22-36-00860 ADDRESS UNKNOWN 37,154 R 21.99 302.25 | SW NE NE LYING E OF BIRD CREEK SEC 36 22 12 TULSA COUNTY | .853ACS",Medium,partial or unknown address
92236-22-36-41310,Unknown,ADDRESS UNKNOWN,Unknown,OK,Unknown,E171.6 OF NW NW SW SEC 36 22 12 TULSA COUNTY,513.28,R,191,"1296 92236-22-36-41310 ADDRESS UNKNOWN 113,256 R 513.28 318.00 | E171.6 OF NW NW SW SEC 36 22 12 TULSA COUNTY | UNPLATTED",Medium,partial or unknown address
92305-23-05-02380,Unknown,ADDRESS UNKNOWN,Unknown,OK,Unknown,BEG 1337.96E & 1221S NWC GOV LT 2 TH W18 S3.21 TULSA COUNTY,7.33,R,191,1297 92305-23-05-02380 ADDRESS UNKNOWN 57 R 7.33 270.75 | BEG 1337.96E & 1221S NWC GOV LT 2 TH W18 S3.21 TULSA COUNTY | E18 N APPROX 3.17 POB SEC 05 22 13 .001 ACS,Medium,partial or unknown address
92331-23-31-53210,Unknown,N PEORIA AV E,Unknown,OK,Unknown,N17.85ACS GOV LT 4 LESS NE SW SW & LESS W16.5 TULSA COUNTY,8934.25,R,191,"1299 92331-23-31-53210 N PEORIA AV E 305,791 R 8,934.25 318.00 | N17.85ACS GOV LT 4 LESS NE SW SW & LESS W16.5 TULSA COUNTY | THEREOF FOR RD & LESS S50 THEREOF SEC 31 22 13",Medium,partial or unknown address
92408-24-08-42910,Unknown,ADDRESS UNKNOWN,Unknown,OK,Unknown,N212 NW SW SW LESS W16.5 FOR RD SEC 8 22 14 TULSA COUNTY,28.66,A,192,"1301 92408-24-08-42910 ADDRESS UNKNOWN 136,422 A 28.66 270.75 | N212 NW SW SW LESS W16.5 FOR RD SEC 8 22 14 TULSA COUNTY | 3.13ACS",Medium,partial or unknown address
92409-24-09-58235,Unknown,16677 N 137 AV E,Unknown,OK,Unknown,SW SE LESS N83 THEREOF & LESS E491.46 S660 SW TULSA COUNTY,8270.53,A HS IMP,192,"1302 92409-24-09-58235 16677 N 137 AV E 1,173,071 A HS IMP 8,270.53 363.75 | SW SE LESS N83 THEREOF & LESS E491.46 S660 SW TULSA COUNTY | SE & LESS 2.164ACS STATE HWY & LESS W15 N1220.5",High,parsed cleanly
96203-62-03-50220,Unknown,18911 S 29 AV W,Unknown,OK,Unknown,BEG 1282.67E & 50N SWC SW TH N314.94 NW423.89 TULSA COUNTY,1064.76,A IMP,192,"1303 96203-62-03-50220 18911 S 29 AV W 436,036 A IMP 1,064.76 348.00 | BEG 1282.67E & 50N SWC SW TH N314.94 NW423.89 TULSA COUNTY | NW309.52 N286.69 E671.96 S553.39 W325.52 S698.05",High,parsed cleanly
97301-73-01-47270,Unknown,ADDRESS UNKNOWN,City Of Bixby,OK,Unknown,BEG SWC NE SE TH E397.18 N330 W397.18 S330 TO,2375.76,R,192,"1305 97301-73-01-47270 ADDRESS UNKNOWN 131,116 R 2,375.76 396.75 | BEG SWC NE SE TH E397.18 N330 W397.18 S330 TO CITY OF BIXBY | POB SEC 1 17 13 3.008ACS",Medium,partial or unknown address
97305-73-05-28610,Unknown,ADDRESS UNKNOWN,City Of Jenks,OK,Unknown,W/2 SE LESS S35 FOR RD SEC 5 17 13 77.810 AC,2813.05,R,193,"1306 97305-73-05-28610 ADDRESS UNKNOWN 3,389,387 R 2,813.05 318.00 | W/2 SE LESS S35 FOR RD SEC 5 17 13 77.810 AC CITY OF JENKS | UNPLATTED",Medium,partial or unknown address
97305-73-05-44010,Unknown,ADDRESS UNKNOWN,City Of Jenks,OK,Unknown,S330 E660 S1568 E1322 SE LESS S35 FOR RD SEC 5 17,2141.11,R,193,"1307 97305-73-05-44010 ADDRESS UNKNOWN 194,700 R 2,141.11 318.00 | S330 E660 S1568 E1322 SE LESS S35 FOR RD SEC 5 17 CITY OF JENKS | 13 4.470ACS",Medium,partial or unknown address
97309-73-09-31010,Unknown,ADDRESS UNKNOWN,City Of Jenks,OK,Unknown,BEG 330S NWC SEC S330 E660 N330 W660 POB SEC 9,106.65,R,193,"1308 97309-73-09-31010 ADDRESS UNKNOWN 217,800 R 106.65 333.75 | BEG 330S NWC SEC S330 E660 N330 W660 POB SEC 9 CITY OF JENKS | 17 13",Medium,partial or unknown address
97311-73-11-16660,Unknown,13315 S 73 AV E,City Of Bixby,OK,Unknown,N144.5 W175 S264 W/2 NW NE LESS N25 & W25,2011.32,R HS IMP,193,"1309 97311-73-11-16660 13315 S 73 AV E 17,860 R HS IMP 2,011.32 363.75 | N144.5 W175 S264 W/2 NW NE LESS N25 & W25 CITY OF BIXBY | THEREOF FOR RD SEC 11 17 13 .41AC",High,parsed cleanly
97325-73-25-41990,Unknown,16855 S MEMORIAL DR E,City Of Bixby,OK,Unknown,BEG 247.50W OF NEC SW SW TH W5.5 SWLY805.95,10337.63,R IMP,193,"1310 97325-73-25-41990 16855 S MEMORIAL DR E 111,078 R IMP 10,337.63 348.00 | BEG 247.50W OF NEC SW SW TH W5.5 SWLY805.95 CITY OF BIXBY | SELY285.21 NELY834.83 POB SEC 25 17 13 3.23AC",High,parsed cleanly
97328-73-28-17460,Unknown,16239 S 43 AV E,Unknown,OK,Unknown,S145 S290 N1185 E610 W/2 NE SEC 28 17 13 2.03AC TULSA COUNTY,2129.39,R HS IMP,193,"1311 97328-73-28-17460 16239 S 43 AV E 88,450 R HS IMP 2,129.39 348.00 | S145 S290 N1185 E610 W/2 NE SEC 28 17 13 2.03AC TULSA COUNTY | UNPLATTED",High,parsed cleanly
97328-73-28-61960,Unknown,4621 E 171 ST S,Unknown,OK,Unknown,W/2 E/2 SW SE SE SEC 28 17 13 2.5AC TULSA COUNTY,6008.44,R HS IMP,193,"1312 97328-73-28-61960 4621 E 171 ST S 104,816 R HS IMP 6,008.44 363.75 | W/2 E/2 SW SE SE SEC 28 17 13 2.5AC TULSA COUNTY | UNPLATTED",High,parsed cleanly
97414-74-14-38110,Unknown,14817 S 161 AV E,Unknown,OK,Unknown,BEG NWC S/2 SW TH S330 E660 N330 W660 POB SEC TULSA COUNTY MH NOT INCLUDED,2641.06,R IMP,194,"1313 97414-74-14-38110 14817 S 161 AV E 217,800 R IMP 2,641.06 332.25 | BEG NWC S/2 SW TH S330 E660 N330 W660 POB SEC TULSA COUNTY MH NOT INCLUDED | 14 17 14 5AC",High,parsed cleanly
97424-74-24-21620,Unknown,15104 S 193 AV E,Unknown,OK,Unknown,N266.87 GOV LT 1 SEC 24 17 14 8.07ACS TULSA COUNTY,4463.58,R HS IMP,194,"1314 97424-74-24-21620 15104 S 193 AV E 351,529 R HS IMP 4,463.58 363.75 | N266.87 GOV LT 1 SEC 24 17 14 8.07ACS TULSA COUNTY | UNPLATTED",High,parsed cleanly
97426-74-26-52660,Unknown,ADDRESS UNKNOWN,Unknown,OK,Unknown,NW SE LYING N HWY 64 LESS N330 THEREOF SEC 26 TULSA COUNTY,19829.02,R IMP,194,"1315 97426-74-26-52660 ADDRESS UNKNOWN 499,666 R IMP 19,829.02 332.25 | NW SE LYING N HWY 64 LESS N330 THEREOF SEC 26 TULSA COUNTY | 17 14 11.471ACS",Medium,partial or unknown address
97434-74-34-37010,Unknown,15165 E 181 ST S,Unknown,OK,Unknown,PRT E/2 SW BEG 331.03W SECR SW TH W330.52 TULSA COUNTY,12383.17,R HS IMP,194,"1316 97434-74-34-37010 15165 E 181 ST S 435,600 R HS IMP 12,383.17 442.50 | PRT E/2 SW BEG 331.03W SECR SW TH W330.52 TULSA COUNTY | N1316.43 E330.93 S1317 TO POB SEC 34 17 14",High,parsed cleanly
98210-82-10-15720,Unknown,ADDRESS UNKNOWN,Tulsa,OK,Unknown,NW SE SE SW LESS E25 & LESS N174 THEREOF SEC,6599.34,R,194,"1317 98210-82-10-15720 ADDRESS UNKNOWN 47,553 R 6,599.34 302.25 | NW SE SE SW LESS E25 & LESS N174 THEREOF SEC CITY OF TULSA | 10 18 12 1.092ACS",Medium,partial or unknown address
98210-82-10-44200,Unknown,S UNION AV W,Tulsa,OK,Unknown,PRT NE NE BEG NEC NE TH S932.86 W50 NW449.9,8322.5,C,194,"1318 98210-82-10-44200 S UNION AV W 377,281 C 8,322.50 270.75 | PRT NE NE BEG NEC NE TH S932.86 W50 NW449.9 CITY OF TULSA | NW656.46 N173 E857 POB LESS BEG NEC NE TH",Medium,partial or unknown address
98210-82-10-52950,Unknown,7377 S 26 AV W,Tulsa,OK,Unknown,BEG SWC S/2 NW TH N50 E638.83 NE441.17 SE204.41,97156.95,R IMP,195,"1319 98210-82-10-52950 7377 S 26 AV W 261,491 R IMP 97,156.95 348.00 | BEG SWC S/2 NW TH N50 E638.83 NE441.17 SE204.41 CITY OF TULSA | NE135.70 SELY CRV LF 160.38 SELY CRV LF 101.02",High,parsed cleanly
98224-82-24-37060,Unknown,919 W MAIN ST N,City Of Jenks,OK,Unknown,PRT NW SE BEG 197W NEC NW SE TH W234 SELY242,3727.8,R HS IMP,195,"1320 98224-82-24-37060 919 W MAIN ST N 12,114 R HS IMP 3,727.80 316.50 | PRT NW SE BEG 197W NEC NW SE TH W234 SELY242 CITY OF JENKS | NLY124.87 LESS BEG 1519.61W & 105.21S NEC SE TH",High,parsed cleanly
98225-82-25-36030,Unknown,10607 S ELWOOD AV W,City Of Jenks,OK,Unknown,PRT NW SW BEG 800S & 50E NWC SW TH E842 S528.59,5782.95,R IMP,195,"1321 98225-82-25-36030 10607 S ELWOOD AV W 436,471 R IMP 5,782.95 332.25 | PRT NW SW BEG 800S & 50E NWC SW TH E842 S528.59 CITY OF JENKS | W817.03 N181 NW103.08 N240.6 POB SEC 25 18 12",High,parsed cleanly
98227-82-27-41510,Unknown,ADDRESS UNKNOWN,City Of Jenks,OK,Unknown,PRT SW BEG 789.56W SECR SW TH W APR 22.50 N,14.66,R,195,"1322 98227-82-27-41510 ADDRESS UNKNOWN 43,560 R 14.66 286.50 | PRT SW BEG 789.56W SECR SW TH W APR 22.50 N CITY OF JENKS | APR 1649.71 E APR 352.06 S APR 19.86 W329.56",Medium,partial or unknown address
98236-82-36-25605,Unknown,ADDRESS UNKNOWN,City Of Jenks,OK,Unknown,PRT NW NW BEG 450W & 420S NEC NW NW TH W210,14.66,R,195,"1323 98236-82-36-25605 ADDRESS UNKNOWN 1,033 R 14.66 270.75 | PRT NW NW BEG 450W & 420S NEC NW NW TH W210 CITY OF JENKS | N5.14 E210 S5.14 POB SEC 36 18 12 .025AC",Medium,partial or unknown address
98301-83-01-35700,Unknown,ADDRESS UNKNOWN,Tulsa,OK,Unknown,PRT SE NW BEG 1860.78S NEC NW TH S TO PT 505N,14.66,R,196,"1324 98301-83-01-35700 ADDRESS UNKNOWN 16,117 R 14.66 286.50 | PRT SE NW BEG 1860.78S NEC NW TH S TO PT 505N CITY OF TULSA | SECR NW TH NW TO PT NE140.88 POB SEC 1 18 13",Medium,partial or unknown address
98301-83-01-38320,Unknown,ADDRESS UNKNOWN,Tulsa,OK,Unknown,PRT NW BEG SECR NW TH N505 NW TO PT ON CRV EL,14.66,R,196,"1325 98301-83-01-38320 ADDRESS UNKNOWN 10,018 R 14.66 302.25 | PRT NW BEG SECR NW TH N505 NW TO PT ON CRV EL CITY OF TULSA | BURNING TREE SLY TO SL NW E55.95 POB SEC 1 18",Medium,partial or unknown address
98309-83-09-21358,Unknown,ADDRESS UNKNOWN,Tulsa,OK,Unknown,PRT NE SE BEG 974W & 517.02N & 169.73NE SECR NE,14.66,R,196,1326 98309-83-09-21358 ADDRESS UNKNOWN 903 R 14.66 286.50 | PRT NE SE BEG 974W & 517.02N & 169.73NE SECR NE CITY OF TULSA | SE TH NE90.25 SE10 SW90.25 NW10 POB SEC 9 18 13,Medium,partial or unknown address
98325-83-25-27510,Unknown,ADDRESS UNKNOWN,City Of Bixby,OK,Unknown,PRT NW SE BEG 417.36S NWC NW SE TH SE98.17 W,14.66,R,196,"1327 98325-83-25-27510 ADDRESS UNKNOWN 2,614 R 14.66 286.50 | PRT NW SE BEG 417.36S NWC NW SE TH SE98.17 W CITY OF BIXBY | APR 73.96 N APR 65.01 POB SEC 25 18 13 .055AC",Medium,partial or unknown address
98325-83-25-67380,Unknown,ADDRESS UNKNOWN,City Of Bixby,OK,Unknown,PRT SE BEG SECR LT 3 BLK 6 SOUTH COUNTRY,7.33,R,196,1328 98325-83-25-67380 ADDRESS UNKNOWN 733 R 7.33 302.25 | PRT SE BEG SECR LT 3 BLK 6 SOUTH COUNTRY CITY OF BIXBY | ESTATES TH N83 E8.90 S83 W8.77 TO POB SEC 25 18,Medium,partial or unknown address
98401-84-01-28010,Unknown,ADDRESS UNKNOWN,Broken Arrow,OK,Unknown,S33 GOV LT 3 LESS W123.14 THEREOF SEC 1 18 14,14.66,R,196,"1329 98401-84-01-28010 ADDRESS UNKNOWN 39,536 R 14.66 286.50 | S33 GOV LT 3 LESS W123.14 THEREOF SEC 1 18 14 CITY OF BROKEN ARROW | .908AC",Medium,partial or unknown address
98401-84-01-67500,Unknown,ADDRESS UNKNOWN,Broken Arrow,OK,Unknown,S33 W120 GOV LT 2 SEC 1 18 14 .091AC,14.66,R,197,"1330 98401-84-01-67500 ADDRESS UNKNOWN 3,960 R 14.66 270.75 | S33 W120 GOV LT 2 SEC 1 18 14 .091AC CITY OF BROKEN ARROW | UNPLATTED",Medium,partial or unknown address
98402-84-02-01780,Unknown,600 W LANSING ST N,Broken Arrow,OK,Unknown,PRT SW SW BEG 790N & 220E SWC SW TH E100 N140,8897.09,R IMP,197,"1331 98402-84-02-01780 600 W LANSING ST N 14,000 R IMP 8,897.09 332.25 | PRT SW SW BEG 790N & 220E SWC SW TH E100 N140 CITY OF BROKEN ARROW | W100 S140 POB SEC 2 18 14 .32AC",High,parsed cleanly
98402-84-02-01880,Unknown,605 W LANSING ST,Broken Arrow,OK,Unknown,BEG 600N & 200E SWC SW TH E130 N140 W130 S140,5854.25,B HS IMP,197,"1332 98402-84-02-01880 605 W LANSING ST 18,200 B HS IMP 5,854.25 332.25 | BEG 600N & 200E SWC SW TH E130 N140 W130 S140 CITY OF BROKEN ARROW | POB SEC 2 18 14 .42AC",High,parsed cleanly
98402-84-02-52970,Unknown,521 W LANSING ST N,Broken Arrow,OK,Unknown,BEG 600N & 330E SWC SW TH E60 N140 W60 S140 TO,2757.72,R IMP,197,"1333 98402-84-02-52970 521 W LANSING ST N 8,400 R IMP 2,757.72 332.25 | BEG 600N & 330E SWC SW TH E60 N140 W60 S140 TO CITY OF BROKEN ARROW | POB SEC 2 18 14 .193ACS",High,parsed cleanly
98404-84-04-04739,Unknown,ADDRESS UNKNOWN,Broken Arrow,OK,Unknown,PRT SW SW BEG APR 775.79E & 24.75N SWC SW TH N,7.33,C,197,"1334 98404-84-04-04739 ADDRESS UNKNOWN 18,382 C 7.33 302.25 | PRT SW SW BEG APR 775.79E & 24.75N SWC SW TH N CITY OF BROKEN ARROW | APR 35.25 E APR 505.54 S APR 35.25 W APR 505.54",Medium,partial or unknown address
98411-84-11-15300,Unknown,835 N 1 ST,Broken Arrow,OK,Unknown,BEG 264W & 1079.7N OF SECR NE NW TH E150 N240.3,28676.42,C IMP,197,"1335 98411-84-11-15300 835 N 1 ST 28,545 C IMP 28,676.42 316.50 | BEG 264W & 1079.7N OF SECR NE NW TH E150 N240.3 CITY OF BROKEN ARROW | W150 S240.3 TO BEG LESS N50 FOR RD SEC 11 18 14",High,parsed cleanly
98412-84-12-02640,Unknown,ADDRESS UNKNOWN,Broken Arrow,OK,Unknown,PRTNWBG824.97S&250ENWCNWE160NE766.29E23,14.66,C,198,"1336 98412-84-12-02640 ADDRESS UNKNOWN 7,690 C 14.66 333.75 | PRTNWBG824.97S&250ENWCNWE160NE766.29E23 CITY OF BROKEN ARROW | OS278.77SWLY892.75W31ON354.3POBLESSBEG9",Medium,partial or unknown address
98412-84-12-02870,Unknown,315 N 14 ST E,Broken Arrow,OK,Unknown,BEG 1320N & 576W SECR SE NW TH E245 S110 W245,6982.63,R IMP,198,"1337 98412-84-12-02870 315 N 14 ST E 26,571 R IMP 6,982.63 332.25 | BEG 1320N & 576W SECR SE NW TH E245 S110 W245 CITY OF BROKEN ARROW | N110 TO BEG SEC 12 18 14",High,parsed cleanly
98421-84-21-49610,Unknown,ADDRESS UNKNOWN,Broken Arrow,OK,Unknown,PRT SE BEG 1305W SECR SE TH W5 N495 E5 S495,14.66,R,198,"1338 98421-84-21-49610 ADDRESS UNKNOWN 2,475 R 14.66 302.25 | PRT SE BEG 1305W SECR SE TH W5 N495 E5 S495 CITY OF BROKEN ARROW | POB SEC 21 18 14 .057AC",Medium,partial or unknown address
98424-84-24-14080,Unknown,9210 S 193 AV E,Unknown,OK,Unknown,PRT NE BEG 604.59S NEC NE TH W317.5 S150 E317.5 TULSA COUNTY,13850.83,R HS IMP,198,"1339 98424-84-24-14080 9210 S 193 AV E 40,125 R HS IMP 13,850.83 411.00 | PRT NE BEG 604.59S NEC NE TH W317.5 S150 E317.5 TULSA COUNTY | N150 POB LESS E50 THEREOF SEC 24 18 14 .92AC",High,parsed cleanly
98434-84-34-00350,Unknown,ADDRESS UNKNOWN,Broken Arrow,OK,Unknown,PRT NE NE BEG 434E & 50S NEC THEREOF TH S295.52,5186.14,A,198,"1340 98434-84-34-00350 ADDRESS UNKNOWN 114,085 A 5,186.14 286.50 | PRT NE NE BEG 434E & 50S NEC THEREOF TH S295.52 CITY OF BROKEN ARROW | SE80.07 SW71.80 S66.99 SE156.83 S15 W357.53",Medium,partial or unknown address
99003-90-03-37145,Unknown,ADDRESS UNKNOWN,Unknown,OK,Unknown,PRT SW NE SW LYING S HWY 64 LESS W33 RD 6/25INT TULSA COUNTY,21.99,R,199,"1341 99003-90-03-37145 ADDRESS UNKNOWN 14,218 R 21.99 302.25 | PRT SW NE SW LYING S HWY 64 LESS W33 RD 6/25INT TULSA COUNTY | SEC 3 19 10 1.36AC",Medium,partial or unknown address
99003-90-03-37215,Unknown,ADDRESS UNKNOWN,Unknown,OK,Unknown,PRT SW NE SW LYING S HWY 64 LESS W33 RD 1/25INT TULSA COUNTY,3.99,R,199,"1342 99003-90-03-37215 ADDRESS UNKNOWN 2,370 R 3.99 270.75 | PRT SW NE SW LYING S HWY 64 LESS W33 RD 1/25INT TULSA COUNTY | SEC 3 19 10 1.36AC",Medium,partial or unknown address
99019-90-19-08110,Unknown,ADDRESS UNKNOWN,Unknown,OK,Unknown,S/2 NE SEC 19 19 10 TULSA COUNTY,218.64,A,199,"1343 99019-90-19-08110 ADDRESS UNKNOWN 3,484,800 A 218.64 270.75 | S/2 NE SEC 19 19 10 TULSA COUNTY | UNPLATTED",Medium,partial or unknown address
99026-90-26-34620,Unknown,4403 S 208 AV W,Unknown,OK,Unknown,TR 15 DONDONNA ACRES BEG 635E & 699.39N SWC TULSA COUNTY MH NOT INCLUDED,1084.3,R,199,"1345 99026-90-26-34620 4403 S 208 AV W 90,689 R 1,084.30 286.50 | TR 15 DONDONNA ACRES BEG 635E & 699.39N SWC TULSA COUNTY MH NOT INCLUDED | NW TH E300 N148.61 NWLY ON CRV 176.41 NW281.94",High,parsed cleanly
99026-90-26-37752,Unknown,4539 S 208 AV W,Unknown,OK,Unknown,BEG 330S & 935E NWC SW TH E787 N193 W687 N627 TULSA COUNTY MH NOT INCLUDED,1195.21,R IMP,199,"1346 99026-90-26-37752 4539 S 208 AV W 214,591 R IMP 1,195.21 316.50 | BEG 330S & 935E NWC SW TH E787 N193 W687 N627 TULSA COUNTY MH NOT INCLUDED | W100 S820 POB SEC 26 19 10 4.926ACS",High,parsed cleanly
99027-90-27-68130,Unknown,4321 S 225 AV W,Unknown,OK,Unknown,PRT NW BEG 1068.77S NWC TH E534.85 S317 W531.80 TULSA COUNTY,5198.99,R IMP,200,"1348 99027-90-27-68130 4321 S 225 AV W 169,012 R IMP 5,198.99 379.50 | PRT NW BEG 1068.77S NWC TH E534.85 S317 W531.80 TULSA COUNTY | MH NOT INCLUDED",High,parsed cleanly
99029-90-29-20530,Unknown,4201 S 252 AV W,Unknown,OK,Unknown,E380 W760 S330 N660 E/2 NW LESS W25 THEREOF TULSA COUNTY,1268.53,R,200,"1349 99029-90-29-20530 4201 S 252 AV W 117,150 R 1,268.53 286.50 | E380 W760 S330 N660 E/2 NW LESS W25 THEREOF TULSA COUNTY | FOR RD SEC 29 19 10 2.69ACS TR D",High,parsed cleanly
99135-91-35-22010,Unknown,6001 S 105 AV W,Unknown,OK,Unknown,W566.25 S660 SW SE SEC 35 19 11 TULSA COUNTY,1833.15,R,200,"1350 99135-91-35-22010 6001 S 105 AV W 373,725 R 1,833.15 302.25 | W566.25 S660 SW SE SEC 35 19 11 TULSA COUNTY | UNPLATTED",High,parsed cleanly
99136-91-36-18540,Unknown,5322 S 86 AV W,Unknown,OK,Unknown,PRT SW NE BEG 660W NEC SW NE TH S90 E300 N90 TULSA COUNTY,502.84,R,200,"1351 99136-91-36-18540 5322 S 86 AV W 27,007 R 502.84 270.75 | PRT SW NE BEG 660W NEC SW NE TH S90 E300 N90 TULSA COUNTY | W300 POB SEC 36 19 11 0.62AC",High,parsed cleanly
99136-91-36-48810,Unknown,5634 S 81 AV W,Unknown,OK,Unknown,S1/2 NE NE SE LESS E. 25' FOR ST SEC 36 19 11 4.81 TULSA COUNTY,2786.38,R IMP,200,"1352 99136-91-36-48810 5634 S 81 AV W 209,524 R IMP 2,786.38 363.75 | S1/2 NE NE SE LESS E. 25' FOR ST SEC 36 19 11 4.81 TULSA COUNTY | AC",High,parsed cleanly
99203-92-03-14350,Unknown,2822 W EASTON ST N,Tulsa,OK,Unknown,BEG 25S & 1230W NEC SE NW TH W53.3 S140 E54.06,4081.97,R IMP,201,"1353 99203-92-03-14350 2822 W EASTON ST N 7,405 R IMP 4,081.97 348.00 | BEG 25S & 1230W NEC SE NW TH W53.3 S140 E54.06 CITY OF TULSA | N140 POB SEC 3 19 12 .17AC",High,parsed cleanly
99204-92-04-17030,Unknown,14 N 38 AV W,Tulsa,OK,Unknown,E75 S170 SW SE SW NE LESS E25 SEC 4 19 12 .19AC,2979.55,R HS IMP,201,"1354 99204-92-04-17030 14 N 38 AV W 8,276 R HS IMP 2,979.55 316.50 | E75 S170 SW SE SW NE LESS E25 SEC 4 19 12 .19AC CITY OF TULSA | UNPLATTED",High,parsed cleanly
99204-92-04-27640,Unknown,3617 W EASTON ST N,City Of Tulsa Structure Removed,OK,Unknown,BEG 848.52S & 1179.01W NEC GOV LT 1 TH W59.75,1943.13,R,201,"1355 99204-92-04-27640 3617 W EASTON ST N 12,548 R 1,943.13 363.75 | BEG 848.52S & 1179.01W NEC GOV LT 1 TH W59.75 CITY OF TULSA STRUCTURE REMOVED | N417.90 E59.75 S417.90 POB LESS N207.90 THEREOF",High,parsed cleanly
99205-92-05-11890,Unknown,408 N 51 AV W,Unknown,OK,Unknown,TR 36 BEG 457.88 S & 330 E NWC NE NE TH E 305.72 S TULSA COUNTY,850.58,R,201,"1356 99205-92-05-11890 408 N 51 AV W 31,661 R 850.58 286.50 | TR 36 BEG 457.88 S & 330 E NWC NE NE TH E 305.72 S TULSA COUNTY | 104.02 W 305.65 N 103.13 TO BEG SEC. 5-19-12",High,parsed cleanly
99205-92-05-12190,Unknown,ADDRESS UNKNOWN,Unknown,OK,Unknown,BEG 613.7S & 635.95W NEC SE NE TH S69.17 NE67.27 TULSA COUNTY,7.33,R,201,"1357 99205-92-05-12190 ADDRESS UNKNOWN 2,178 R 7.33 302.25 | BEG 613.7S & 635.95W NEC SE NE TH S69.17 NE67.27 TULSA COUNTY | NW85.60 POB SEC 5 19 12 .05AC",Medium,partial or unknown address
99205-92-05-15690,Unknown,5200 W CAMERON ST N,Unknown,OK,Unknown,E310 S635 SE SW NE & TR BEG SECR N/2 SW NE TH TULSA COUNTY,1613.17,R,201,"1358 99205-92-05-15690 5200 W CAMERON ST N 205,603 R 1,613.17 302.25 | E310 S635 SE SW NE & TR BEG SECR N/2 SW NE TH TULSA COUNTY | N95 W20 TH ON LF CRV 117.95 TH ON RT CRV TO PT",High,parsed cleanly
99205-92-05-23990,Unknown,ADDRESS UNKNOWN,Unknown,OK,Unknown,BEG SWC LT 11 BLK 2 MAYFAIR 3RD TH S 82.55' E TULSA COUNTY,183.98,R,202,"1359 99205-92-05-23990 ADDRESS UNKNOWN 5,182 R 183.98 270.75 | BEG SWC LT 11 BLK 2 MAYFAIR 3RD TH S 82.55' E TULSA COUNTY | 56.25' N 101.7' SW 60' TO BEG SEC.5-19-12",Medium,partial or unknown address
99229-92-29-38016,Unknown,ADDRESS UNKNOWN,Unknown,OK,Unknown,BEG 660S & 664E NWC NE NW TH S317.50 E295.65 TULSA COUNTY,4232.91,R,202,"1362 99229-92-29-38016 ADDRESS UNKNOWN 93,869 R 4,232.91 349.50 | BEG 660S & 664E NWC NE NW TH S317.50 E295.65 TULSA COUNTY | N317.50 W295.65 POB SEC 29 19 12 2.155ACS",Medium,partial or unknown address
99232-92-32-54810,Unknown,5802 W 51 ST S,Unknown,OK,Unknown,PRT NE NW BEG NEC NE NW TH S1322.49 W497.61 TULSA COUNTY,75784.0,C IMP,202,"1363 99232-92-32-54810 5802 W 51 ST S 618,042 C IMP 75,784.00 363.75 | PRT NE NW BEG NEC NE NW TH S1322.49 W497.61 TULSA COUNTY | N1322.69 E497.93 POB LESS N24.75 THEREOF FOR RD",High,parsed cleanly
99301-93-01-11400,Unknown,9201 E ADMIRAL CT N,Tulsa,OK,Unknown,PRT GOV LT 2 BEG 1545.15W NEC NE TH W108.35,6555.34,C IMP,202,"1364 99301-93-01-11400 9201 E ADMIRAL CT N 24,336 C IMP 6,555.34 316.50 | PRT GOV LT 2 BEG 1545.15W NEC NE TH W108.35 CITY OF TULSA | S224.61 E108.35 N224.61 POB SEC 1 19 13 .56AC",High,parsed cleanly
99302-93-02-21390,Unknown,ADDRESS UNKNOWN,Tulsa,OK,Unknown,PRT NW NW BEG SECR W640.4 GOV LT 4 TH W100,2845.55,C,203,"1365 99302-93-02-21390 ADDRESS UNKNOWN 51,836 C 2,845.55 302.25 | PRT NW NW BEG SECR W640.4 GOV LT 4 TH W100 CITY OF TULSA | N260 W150 N126.33 E250 S386.33 POB LESS S60 FOR",Medium,partial or unknown address
99323-93-23-19440,Unknown,3635 S SHERIDAN RD E,Tulsa,OK,Unknown,BEG 349S & 50E NWC SW TH E105 N68.12 E126.03 TO,23346.99,C IMP,203,"1366 99323-93-23-19440 3635 S SHERIDAN RD E 19,907 C IMP 23,346.99 363.75 | BEG 349S & 50E NWC SW TH E105 N68.12 E126.03 TO CITY OF TULSA | WLY R/W MK&T RR NW195.71 S93.01 W105 S127 POB",High,parsed cleanly
99327-93-27-15310,Unknown,4107 S YALE AV E,Tulsa,OK,Unknown,BEG 50S & 50E NWC NW TH E1270 S190 W7.99S,700094.65,C IMP,203,"1367 99327-93-27-15310 4107 S YALE AV E 960,506 C IMP 700,094.65 521.25 | BEG 50S & 50E NWC NW TH E1270 S190 W7.99S CITY OF TULSA | 126.74W213.66S442.04W66.43S43.77SW260.0",High,parsed cleanly
99405-94-05-09810,Unknown,12119 E ADMIRAL PL N,Tulsa,OK,Unknown,BEG 40N & 466.67E SWC GOV LT 2 TH N466.67 W151,13470.45,C IMP,203,"1368 99405-94-05-09810 12119 E ADMIRAL PL N 68,761 C IMP 13,470.45 348.00 | BEG 40N & 466.67E SWC GOV LT 2 TH N466.67 W151 CITY OF TULSA | S466.67 E151 POB LESS BEG 40N SECR W466.67 GOV",High,parsed cleanly
99405-94-05-24310,Unknown,E SKELLY DR S,Tulsa,OK,Unknown,COMM SWC LT 27 BLK 15 WESTERN VILLAGE SECOND,8337.16,C,204,"1369 99405-94-05-24310 E SKELLY DR S 113,769 C 8,337.16 381.00 | COMM SWC LT 27 BLK 15 WESTERN VILLAGE SECOND CITY OF TULSA | TH SW ALG N R/W I-44 491.82 TO POB TH W576.35",Medium,partial or unknown address
99410-94-10-23740,Unknown,ADDRESS UNKNOWN,Tulsa,OK,Unknown,W/2 W/2 SE SW LESS S609 W180 THEREOF & LESS S50,46.66,A,204,"1370 99410-94-10-23740 ADDRESS UNKNOWN 318,424 A 46.66 270.75 | W/2 W/2 SE SW LESS S609 W180 THEREOF & LESS S50 CITY OF TULSA | THEREOF FOR ST SEC 10 19 14 7.31ACS",Medium,partial or unknown address
99416-94-16-06270,Unknown,ADDRESS UNKNOWN,Tulsa,OK,Unknown,W4.75 N220 S260 E149.75 W615 SW NW SEC 16 19 14,14.66,R,204,"1371 99416-94-16-06270 ADDRESS UNKNOWN 1,045 R 14.66 302.25 | W4.75 N220 S260 E149.75 W615 SW NW SEC 16 19 14 CITY OF TULSA | .023AC",Medium,partial or unknown address
