parcel_id,development_match_strength,matched_development_area,matched_project_or_area_name,matched_project_type,matched_investment_signal_strength,development_source_url,development_source_title,development_summary,development_match_reason,development_confidence
40850-02-12-06130,No Clear Match,Fair Oaks Innovation Park,Meta Tulsa Data Center at Fair Oaks Innovation Park,Industrial/Data Center,High,https://partnertulsa.org/meta-breaks-ground-on-new-1-billion-data-center-in-tulsa/,Meta Breaks Ground on New $1 Billion Data Center in Tulsa - PartnerTulsa,"Meta broke ground on a more than $1 billion data center in East Tulsa at Fair Oaks Innovation Park, with more than $25 million in local infrastructure improvements and major industrial investment momentum.","No street, corridor, neighborhood, or ZIP overlap found",High
34300-03-32-15230,No Clear Match,Fair Oaks Innovation Park,Meta Tulsa Data Center at Fair Oaks Innovation Park,Industrial/Data Center,High,https://partnertulsa.org/meta-breaks-ground-on-new-1-billion-data-center-in-tulsa/,Meta Breaks Ground on New $1 Billion Data Center in Tulsa - PartnerTulsa,"Meta broke ground on a more than $1 billion data center in East Tulsa at Fair Oaks Innovation Park, with more than $25 million in local infrastructure improvements and major industrial investment momentum.","No street, corridor, neighborhood, or ZIP overlap found",High
29675-03-07-09890,No Clear Match,Fair Oaks Innovation Park,Meta Tulsa Data Center at Fair Oaks Innovation Park,Industrial/Data Center,High,https://partnertulsa.org/meta-breaks-ground-on-new-1-billion-data-center-in-tulsa/,Meta Breaks Ground on New $1 Billion Data Center in Tulsa - PartnerTulsa,"Meta broke ground on a more than $1 billion data center in East Tulsa at Fair Oaks Innovation Park, with more than $25 million in local infrastructure improvements and major industrial investment momentum.","No street, corridor, neighborhood, or ZIP overlap found",High
16250-92-05-01100,No Clear Match,Fair Oaks Innovation Park,Meta Tulsa Data Center at Fair Oaks Innovation Park,Industrial/Data Center,High,https://partnertulsa.org/meta-breaks-ground-on-new-1-billion-data-center-in-tulsa/,Meta Breaks Ground on New $1 Billion Data Center in Tulsa - PartnerTulsa,"Meta broke ground on a more than $1 billion data center in East Tulsa at Fair Oaks Innovation Park, with more than $25 million in local infrastructure improvements and major industrial investment momentum.","No street, corridor, neighborhood, or ZIP overlap found",High
41025-02-01-06220,No Clear Match,Fair Oaks Innovation Park,Meta Tulsa Data Center at Fair Oaks Innovation Park,Industrial/Data Center,High,https://partnertulsa.org/meta-breaks-ground-on-new-1-billion-data-center-in-tulsa/,Meta Breaks Ground on New $1 Billion Data Center in Tulsa - PartnerTulsa,"Meta broke ground on a more than $1 billion data center in East Tulsa at Fair Oaks Innovation Park, with more than $25 million in local infrastructure improvements and major industrial investment momentum.","No street, corridor, neighborhood, or ZIP overlap found",High
41025-02-01-01230,No Clear Match,Fair Oaks Innovation Park,Meta Tulsa Data Center at Fair Oaks Innovation Park,Industrial/Data Center,High,https://partnertulsa.org/meta-breaks-ground-on-new-1-billion-data-center-in-tulsa/,Meta Breaks Ground on New $1 Billion Data Center in Tulsa - PartnerTulsa,"Meta broke ground on a more than $1 billion data center in East Tulsa at Fair Oaks Innovation Park, with more than $25 million in local infrastructure improvements and major industrial investment momentum.","No street, corridor, neighborhood, or ZIP overlap found",High
34300-03-32-14790,No Clear Match,Fair Oaks Innovation Park,Meta Tulsa Data Center at Fair Oaks Innovation Park,Industrial/Data Center,High,https://partnertulsa.org/meta-breaks-ground-on-new-1-billion-data-center-in-tulsa/,Meta Breaks Ground on New $1 Billion Data Center in Tulsa - PartnerTulsa,"Meta broke ground on a more than $1 billion data center in East Tulsa at Fair Oaks Innovation Park, with more than $25 million in local infrastructure improvements and major industrial investment momentum.","No street, corridor, neighborhood, or ZIP overlap found",High
26725-02-25-17680,No Clear Match,Fair Oaks Innovation Park,Meta Tulsa Data Center at Fair Oaks Innovation Park,Industrial/Data Center,High,https://partnertulsa.org/meta-breaks-ground-on-new-1-billion-data-center-in-tulsa/,Meta Breaks Ground on New $1 Billion Data Center in Tulsa - PartnerTulsa,"Meta broke ground on a more than $1 billion data center in East Tulsa at Fair Oaks Innovation Park, with more than $25 million in local infrastructure improvements and major industrial investment momentum.","No street, corridor, neighborhood, or ZIP overlap found",High
29775-02-26-04910,No Clear Match,Fair Oaks Innovation Park,Meta Tulsa Data Center at Fair Oaks Innovation Park,Industrial/Data Center,High,https://partnertulsa.org/meta-breaks-ground-on-new-1-billion-data-center-in-tulsa/,Meta Breaks Ground on New $1 Billion Data Center in Tulsa - PartnerTulsa,"Meta broke ground on a more than $1 billion data center in East Tulsa at Fair Oaks Innovation Park, with more than $25 million in local infrastructure improvements and major industrial investment momentum.","No street, corridor, neighborhood, or ZIP overlap found",High
41025-02-01-04500,No Clear Match,Fair Oaks Innovation Park,Meta Tulsa Data Center at Fair Oaks Innovation Park,Industrial/Data Center,High,https://partnertulsa.org/meta-breaks-ground-on-new-1-billion-data-center-in-tulsa/,Meta Breaks Ground on New $1 Billion Data Center in Tulsa - PartnerTulsa,"Meta broke ground on a more than $1 billion data center in East Tulsa at Fair Oaks Innovation Park, with more than $25 million in local infrastructure improvements and major industrial investment momentum.","No street, corridor, neighborhood, or ZIP overlap found",High
92224-22-24-13020,Strong Match,Fair Oaks Innovation Park,Meta Tulsa Data Center at Fair Oaks Innovation Park,Industrial/Data Center,High,https://partnertulsa.org/meta-breaks-ground-on-new-1-billion-data-center-in-tulsa/,Meta Breaks Ground on New $1 Billion Data Center in Tulsa - PartnerTulsa,"Meta broke ground on a more than $1 billion data center in East Tulsa at Fair Oaks Innovation Park, with more than $25 million in local infrastructure improvements and major industrial investment momentum.",Street/corridor token overlap: TULSA,High
44200-02-11-04390,No Clear Match,Fair Oaks Innovation Park,Meta Tulsa Data Center at Fair Oaks Innovation Park,Industrial/Data Center,High,https://partnertulsa.org/meta-breaks-ground-on-new-1-billion-data-center-in-tulsa/,Meta Breaks Ground on New $1 Billion Data Center in Tulsa - PartnerTulsa,"Meta broke ground on a more than $1 billion data center in East Tulsa at Fair Oaks Innovation Park, with more than $25 million in local infrastructure improvements and major industrial investment momentum.","No street, corridor, neighborhood, or ZIP overlap found",High
44200-02-11-05670,No Clear Match,Fair Oaks Innovation Park,Meta Tulsa Data Center at Fair Oaks Innovation Park,Industrial/Data Center,High,https://partnertulsa.org/meta-breaks-ground-on-new-1-billion-data-center-in-tulsa/,Meta Breaks Ground on New $1 Billion Data Center in Tulsa - PartnerTulsa,"Meta broke ground on a more than $1 billion data center in East Tulsa at Fair Oaks Innovation Park, with more than $25 million in local infrastructure improvements and major industrial investment momentum.","No street, corridor, neighborhood, or ZIP overlap found",High
47700-02-26-09610,No Clear Match,Fair Oaks Innovation Park,Meta Tulsa Data Center at Fair Oaks Innovation Park,Industrial/Data Center,High,https://partnertulsa.org/meta-breaks-ground-on-new-1-billion-data-center-in-tulsa/,Meta Breaks Ground on New $1 Billion Data Center in Tulsa - PartnerTulsa,"Meta broke ground on a more than $1 billion data center in East Tulsa at Fair Oaks Innovation Park, with more than $25 million in local infrastructure improvements and major industrial investment momentum.","No street, corridor, neighborhood, or ZIP overlap found",High
13800-02-12-02160,No Clear Match,Fair Oaks Innovation Park,Meta Tulsa Data Center at Fair Oaks Innovation Park,Industrial/Data Center,High,https://partnertulsa.org/meta-breaks-ground-on-new-1-billion-data-center-in-tulsa/,Meta Breaks Ground on New $1 Billion Data Center in Tulsa - PartnerTulsa,"Meta broke ground on a more than $1 billion data center in East Tulsa at Fair Oaks Innovation Park, with more than $25 million in local infrastructure improvements and major industrial investment momentum.","No street, corridor, neighborhood, or ZIP overlap found",High
36090-03-08-00970,No Clear Match,Fair Oaks Innovation Park,Meta Tulsa Data Center at Fair Oaks Innovation Park,Industrial/Data Center,High,https://partnertulsa.org/meta-breaks-ground-on-new-1-billion-data-center-in-tulsa/,Meta Breaks Ground on New $1 Billion Data Center in Tulsa - PartnerTulsa,"Meta broke ground on a more than $1 billion data center in East Tulsa at Fair Oaks Innovation Park, with more than $25 million in local infrastructure improvements and major industrial investment momentum.","No street, corridor, neighborhood, or ZIP overlap found",High
05450-02-25-27030,No Clear Match,Fair Oaks Innovation Park,Meta Tulsa Data Center at Fair Oaks Innovation Park,Industrial/Data Center,High,https://partnertulsa.org/meta-breaks-ground-on-new-1-billion-data-center-in-tulsa/,Meta Breaks Ground on New $1 Billion Data Center in Tulsa - PartnerTulsa,"Meta broke ground on a more than $1 billion data center in East Tulsa at Fair Oaks Innovation Park, with more than $25 million in local infrastructure improvements and major industrial investment momentum.","No street, corridor, neighborhood, or ZIP overlap found",High
34750-02-26-08160,No Clear Match,Fair Oaks Innovation Park,Meta Tulsa Data Center at Fair Oaks Innovation Park,Industrial/Data Center,High,https://partnertulsa.org/meta-breaks-ground-on-new-1-billion-data-center-in-tulsa/,Meta Breaks Ground on New $1 Billion Data Center in Tulsa - PartnerTulsa,"Meta broke ground on a more than $1 billion data center in East Tulsa at Fair Oaks Innovation Park, with more than $25 million in local infrastructure improvements and major industrial investment momentum.","No street, corridor, neighborhood, or ZIP overlap found",High
19725-03-30-11560,No Clear Match,Fair Oaks Innovation Park,Meta Tulsa Data Center at Fair Oaks Innovation Park,Industrial/Data Center,High,https://partnertulsa.org/meta-breaks-ground-on-new-1-billion-data-center-in-tulsa/,Meta Breaks Ground on New $1 Billion Data Center in Tulsa - PartnerTulsa,"Meta broke ground on a more than $1 billion data center in East Tulsa at Fair Oaks Innovation Park, with more than $25 million in local infrastructure improvements and major industrial investment momentum.","No street, corridor, neighborhood, or ZIP overlap found",High
78810-84-11-09860,No Clear Match,Fair Oaks Innovation Park,Meta Tulsa Data Center at Fair Oaks Innovation Park,Industrial/Data Center,High,https://partnertulsa.org/meta-breaks-ground-on-new-1-billion-data-center-in-tulsa/,Meta Breaks Ground on New $1 Billion Data Center in Tulsa - PartnerTulsa,"Meta broke ground on a more than $1 billion data center in East Tulsa at Fair Oaks Innovation Park, with more than $25 million in local infrastructure improvements and major industrial investment momentum.","No street, corridor, neighborhood, or ZIP overlap found",High
40825-02-13-08350,No Clear Match,Fair Oaks Innovation Park,Meta Tulsa Data Center at Fair Oaks Innovation Park,Industrial/Data Center,High,https://partnertulsa.org/meta-breaks-ground-on-new-1-billion-data-center-in-tulsa/,Meta Breaks Ground on New $1 Billion Data Center in Tulsa - PartnerTulsa,"Meta broke ground on a more than $1 billion data center in East Tulsa at Fair Oaks Innovation Park, with more than $25 million in local infrastructure improvements and major industrial investment momentum.","No street, corridor, neighborhood, or ZIP overlap found",High
23175-03-30-13610,No Clear Match,Fair Oaks Innovation Park,Meta Tulsa Data Center at Fair Oaks Innovation Park,Industrial/Data Center,High,https://partnertulsa.org/meta-breaks-ground-on-new-1-billion-data-center-in-tulsa/,Meta Breaks Ground on New $1 Billion Data Center in Tulsa - PartnerTulsa,"Meta broke ground on a more than $1 billion data center in East Tulsa at Fair Oaks Innovation Park, with more than $25 million in local infrastructure improvements and major industrial investment momentum.","No street, corridor, neighborhood, or ZIP overlap found",High
44200-02-11-03560,No Clear Match,Fair Oaks Innovation Park,Meta Tulsa Data Center at Fair Oaks Innovation Park,Industrial/Data Center,High,https://partnertulsa.org/meta-breaks-ground-on-new-1-billion-data-center-in-tulsa/,Meta Breaks Ground on New $1 Billion Data Center in Tulsa - PartnerTulsa,"Meta broke ground on a more than $1 billion data center in East Tulsa at Fair Oaks Innovation Park, with more than $25 million in local infrastructure improvements and major industrial investment momentum.","No street, corridor, neighborhood, or ZIP overlap found",High
90327-03-27-26880,No Clear Match,Fair Oaks Innovation Park,Meta Tulsa Data Center at Fair Oaks Innovation Park,Industrial/Data Center,High,https://partnertulsa.org/meta-breaks-ground-on-new-1-billion-data-center-in-tulsa/,Meta Breaks Ground on New $1 Billion Data Center in Tulsa - PartnerTulsa,"Meta broke ground on a more than $1 billion data center in East Tulsa at Fair Oaks Innovation Park, with more than $25 million in local infrastructure improvements and major industrial investment momentum.","No street, corridor, neighborhood, or ZIP overlap found",High
25500-03-29-06000,No Clear Match,Fair Oaks Innovation Park,Meta Tulsa Data Center at Fair Oaks Innovation Park,Industrial/Data Center,High,https://partnertulsa.org/meta-breaks-ground-on-new-1-billion-data-center-in-tulsa/,Meta Breaks Ground on New $1 Billion Data Center in Tulsa - PartnerTulsa,"Meta broke ground on a more than $1 billion data center in East Tulsa at Fair Oaks Innovation Park, with more than $25 million in local infrastructure improvements and major industrial investment momentum.","No street, corridor, neighborhood, or ZIP overlap found",High
41025-02-01-04490,No Clear Match,Fair Oaks Innovation Park,Meta Tulsa Data Center at Fair Oaks Innovation Park,Industrial/Data Center,High,https://partnertulsa.org/meta-breaks-ground-on-new-1-billion-data-center-in-tulsa/,Meta Breaks Ground on New $1 Billion Data Center in Tulsa - PartnerTulsa,"Meta broke ground on a more than $1 billion data center in East Tulsa at Fair Oaks Innovation Park, with more than $25 million in local infrastructure improvements and major industrial investment momentum.","No street, corridor, neighborhood, or ZIP overlap found",High
91408-14-08-10310,Strong Match,Fair Oaks Innovation Park,Meta Tulsa Data Center at Fair Oaks Innovation Park,Industrial/Data Center,High,https://partnertulsa.org/meta-breaks-ground-on-new-1-billion-data-center-in-tulsa/,Meta Breaks Ground on New $1 Billion Data Center in Tulsa - PartnerTulsa,"Meta broke ground on a more than $1 billion data center in East Tulsa at Fair Oaks Innovation Park, with more than $25 million in local infrastructure improvements and major industrial investment momentum.",Street/corridor token overlap: TULSA,High
53775-02-02-00220,No Clear Match,Fair Oaks Innovation Park,Meta Tulsa Data Center at Fair Oaks Innovation Park,Industrial/Data Center,High,https://partnertulsa.org/meta-breaks-ground-on-new-1-billion-data-center-in-tulsa/,Meta Breaks Ground on New $1 Billion Data Center in Tulsa - PartnerTulsa,"Meta broke ground on a more than $1 billion data center in East Tulsa at Fair Oaks Innovation Park, with more than $25 million in local infrastructure improvements and major industrial investment momentum.","No street, corridor, neighborhood, or ZIP overlap found",High
23125-02-25-15350,No Clear Match,Fair Oaks Innovation Park,Meta Tulsa Data Center at Fair Oaks Innovation Park,Industrial/Data Center,High,https://partnertulsa.org/meta-breaks-ground-on-new-1-billion-data-center-in-tulsa/,Meta Breaks Ground on New $1 Billion Data Center in Tulsa - PartnerTulsa,"Meta broke ground on a more than $1 billion data center in East Tulsa at Fair Oaks Innovation Park, with more than $25 million in local infrastructure improvements and major industrial investment momentum.","No street, corridor, neighborhood, or ZIP overlap found",High
40800-02-13-04700,No Clear Match,Fair Oaks Innovation Park,Meta Tulsa Data Center at Fair Oaks Innovation Park,Industrial/Data Center,High,https://partnertulsa.org/meta-breaks-ground-on-new-1-billion-data-center-in-tulsa/,Meta Breaks Ground on New $1 Billion Data Center in Tulsa - PartnerTulsa,"Meta broke ground on a more than $1 billion data center in East Tulsa at Fair Oaks Innovation Park, with more than $25 million in local infrastructure improvements and major industrial investment momentum.","No street, corridor, neighborhood, or ZIP overlap found",High
07600-02-24-01200,No Clear Match,Fair Oaks Innovation Park,Meta Tulsa Data Center at Fair Oaks Innovation Park,Industrial/Data Center,High,https://partnertulsa.org/meta-breaks-ground-on-new-1-billion-data-center-in-tulsa/,Meta Breaks Ground on New $1 Billion Data Center in Tulsa - PartnerTulsa,"Meta broke ground on a more than $1 billion data center in East Tulsa at Fair Oaks Innovation Park, with more than $25 million in local infrastructure improvements and major industrial investment momentum.","No street, corridor, neighborhood, or ZIP overlap found",High
44200-02-11-01790,No Clear Match,Fair Oaks Innovation Park,Meta Tulsa Data Center at Fair Oaks Innovation Park,Industrial/Data Center,High,https://partnertulsa.org/meta-breaks-ground-on-new-1-billion-data-center-in-tulsa/,Meta Breaks Ground on New $1 Billion Data Center in Tulsa - PartnerTulsa,"Meta broke ground on a more than $1 billion data center in East Tulsa at Fair Oaks Innovation Park, with more than $25 million in local infrastructure improvements and major industrial investment momentum.","No street, corridor, neighborhood, or ZIP overlap found",High
44200-02-11-01470,No Clear Match,Fair Oaks Innovation Park,Meta Tulsa Data Center at Fair Oaks Innovation Park,Industrial/Data Center,High,https://partnertulsa.org/meta-breaks-ground-on-new-1-billion-data-center-in-tulsa/,Meta Breaks Ground on New $1 Billion Data Center in Tulsa - PartnerTulsa,"Meta broke ground on a more than $1 billion data center in East Tulsa at Fair Oaks Innovation Park, with more than $25 million in local infrastructure improvements and major industrial investment momentum.","No street, corridor, neighborhood, or ZIP overlap found",High
29775-02-26-05550,No Clear Match,Fair Oaks Innovation Park,Meta Tulsa Data Center at Fair Oaks Innovation Park,Industrial/Data Center,High,https://partnertulsa.org/meta-breaks-ground-on-new-1-billion-data-center-in-tulsa/,Meta Breaks Ground on New $1 Billion Data Center in Tulsa - PartnerTulsa,"Meta broke ground on a more than $1 billion data center in East Tulsa at Fair Oaks Innovation Park, with more than $25 million in local infrastructure improvements and major industrial investment momentum.","No street, corridor, neighborhood, or ZIP overlap found",High
16050-93-06-08050,No Clear Match,Fair Oaks Innovation Park,Meta Tulsa Data Center at Fair Oaks Innovation Park,Industrial/Data Center,High,https://partnertulsa.org/meta-breaks-ground-on-new-1-billion-data-center-in-tulsa/,Meta Breaks Ground on New $1 Billion Data Center in Tulsa - PartnerTulsa,"Meta broke ground on a more than $1 billion data center in East Tulsa at Fair Oaks Innovation Park, with more than $25 million in local infrastructure improvements and major industrial investment momentum.","No street, corridor, neighborhood, or ZIP overlap found",High
09725-03-30-08040,No Clear Match,Fair Oaks Innovation Park,Meta Tulsa Data Center at Fair Oaks Innovation Park,Industrial/Data Center,High,https://partnertulsa.org/meta-breaks-ground-on-new-1-billion-data-center-in-tulsa/,Meta Breaks Ground on New $1 Billion Data Center in Tulsa - PartnerTulsa,"Meta broke ground on a more than $1 billion data center in East Tulsa at Fair Oaks Innovation Park, with more than $25 million in local infrastructure improvements and major industrial investment momentum.","No street, corridor, neighborhood, or ZIP overlap found",High
37375-03-32-16320,No Clear Match,Fair Oaks Innovation Park,Meta Tulsa Data Center at Fair Oaks Innovation Park,Industrial/Data Center,High,https://partnertulsa.org/meta-breaks-ground-on-new-1-billion-data-center-in-tulsa/,Meta Breaks Ground on New $1 Billion Data Center in Tulsa - PartnerTulsa,"Meta broke ground on a more than $1 billion data center in East Tulsa at Fair Oaks Innovation Park, with more than $25 million in local infrastructure improvements and major industrial investment momentum.","No street, corridor, neighborhood, or ZIP overlap found",High
44200-02-14-06630,No Clear Match,Fair Oaks Innovation Park,Meta Tulsa Data Center at Fair Oaks Innovation Park,Industrial/Data Center,High,https://partnertulsa.org/meta-breaks-ground-on-new-1-billion-data-center-in-tulsa/,Meta Breaks Ground on New $1 Billion Data Center in Tulsa - PartnerTulsa,"Meta broke ground on a more than $1 billion data center in East Tulsa at Fair Oaks Innovation Park, with more than $25 million in local infrastructure improvements and major industrial investment momentum.","No street, corridor, neighborhood, or ZIP overlap found",High
44650-92-04-13070,Strong Match,Greenwood District,Greenwood District revitalization and Black Tech Street momentum,Innovation district / community development,Medium,https://partnertulsa.org/,Home - PartnerTulsa,"PartnerTulsa highlights Greenwood District revitalization and Black Tech Street as part of Tulsa’s broader commercial and community development story, suggesting continued investment and visibility in the area.",Street/corridor token overlap: ARCHER,Medium
44250-02-12-14920,No Clear Match,Fair Oaks Innovation Park,Meta Tulsa Data Center at Fair Oaks Innovation Park,Industrial/Data Center,High,https://partnertulsa.org/meta-breaks-ground-on-new-1-billion-data-center-in-tulsa/,Meta Breaks Ground on New $1 Billion Data Center in Tulsa - PartnerTulsa,"Meta broke ground on a more than $1 billion data center in East Tulsa at Fair Oaks Innovation Park, with more than $25 million in local infrastructure improvements and major industrial investment momentum.","No street, corridor, neighborhood, or ZIP overlap found",High
44200-02-11-03530,No Clear Match,Fair Oaks Innovation Park,Meta Tulsa Data Center at Fair Oaks Innovation Park,Industrial/Data Center,High,https://partnertulsa.org/meta-breaks-ground-on-new-1-billion-data-center-in-tulsa/,Meta Breaks Ground on New $1 Billion Data Center in Tulsa - PartnerTulsa,"Meta broke ground on a more than $1 billion data center in East Tulsa at Fair Oaks Innovation Park, with more than $25 million in local infrastructure improvements and major industrial investment momentum.","No street, corridor, neighborhood, or ZIP overlap found",High
44225-02-12-09330,No Clear Match,Fair Oaks Innovation Park,Meta Tulsa Data Center at Fair Oaks Innovation Park,Industrial/Data Center,High,https://partnertulsa.org/meta-breaks-ground-on-new-1-billion-data-center-in-tulsa/,Meta Breaks Ground on New $1 Billion Data Center in Tulsa - PartnerTulsa,"Meta broke ground on a more than $1 billion data center in East Tulsa at Fair Oaks Innovation Park, with more than $25 million in local infrastructure improvements and major industrial investment momentum.","No street, corridor, neighborhood, or ZIP overlap found",High
54325-92-31-02630,Strong Match,Fair Oaks Innovation Park,Meta Tulsa Data Center at Fair Oaks Innovation Park,Industrial/Data Center,High,https://partnertulsa.org/meta-breaks-ground-on-new-1-billion-data-center-in-tulsa/,Meta Breaks Ground on New $1 Billion Data Center in Tulsa - PartnerTulsa,"Meta broke ground on a more than $1 billion data center in East Tulsa at Fair Oaks Innovation Park, with more than $25 million in local infrastructure improvements and major industrial investment momentum.",Street/corridor token overlap: TULSA,High
52550-92-33-05285,No Clear Match,Fair Oaks Innovation Park,Meta Tulsa Data Center at Fair Oaks Innovation Park,Industrial/Data Center,High,https://partnertulsa.org/meta-breaks-ground-on-new-1-billion-data-center-in-tulsa/,Meta Breaks Ground on New $1 Billion Data Center in Tulsa - PartnerTulsa,"Meta broke ground on a more than $1 billion data center in East Tulsa at Fair Oaks Innovation Park, with more than $25 million in local infrastructure improvements and major industrial investment momentum.","No street, corridor, neighborhood, or ZIP overlap found",High
07725-02-13-02930,No Clear Match,Fair Oaks Innovation Park,Meta Tulsa Data Center at Fair Oaks Innovation Park,Industrial/Data Center,High,https://partnertulsa.org/meta-breaks-ground-on-new-1-billion-data-center-in-tulsa/,Meta Breaks Ground on New $1 Billion Data Center in Tulsa - PartnerTulsa,"Meta broke ground on a more than $1 billion data center in East Tulsa at Fair Oaks Innovation Park, with more than $25 million in local infrastructure improvements and major industrial investment momentum.","No street, corridor, neighborhood, or ZIP overlap found",High
79200-84-14-04250,No Clear Match,Fair Oaks Innovation Park,Meta Tulsa Data Center at Fair Oaks Innovation Park,Industrial/Data Center,High,https://partnertulsa.org/meta-breaks-ground-on-new-1-billion-data-center-in-tulsa/,Meta Breaks Ground on New $1 Billion Data Center in Tulsa - PartnerTulsa,"Meta broke ground on a more than $1 billion data center in East Tulsa at Fair Oaks Innovation Park, with more than $25 million in local infrastructure improvements and major industrial investment momentum.","No street, corridor, neighborhood, or ZIP overlap found",High
07675-02-13-01140,No Clear Match,Fair Oaks Innovation Park,Meta Tulsa Data Center at Fair Oaks Innovation Park,Industrial/Data Center,High,https://partnertulsa.org/meta-breaks-ground-on-new-1-billion-data-center-in-tulsa/,Meta Breaks Ground on New $1 Billion Data Center in Tulsa - PartnerTulsa,"Meta broke ground on a more than $1 billion data center in East Tulsa at Fair Oaks Innovation Park, with more than $25 million in local infrastructure improvements and major industrial investment momentum.","No street, corridor, neighborhood, or ZIP overlap found",High
49650-03-34-13420,No Clear Match,Fair Oaks Innovation Park,Meta Tulsa Data Center at Fair Oaks Innovation Park,Industrial/Data Center,High,https://partnertulsa.org/meta-breaks-ground-on-new-1-billion-data-center-in-tulsa/,Meta Breaks Ground on New $1 Billion Data Center in Tulsa - PartnerTulsa,"Meta broke ground on a more than $1 billion data center in East Tulsa at Fair Oaks Innovation Park, with more than $25 million in local infrastructure improvements and major industrial investment momentum.","No street, corridor, neighborhood, or ZIP overlap found",High
41025-02-01-06510,No Clear Match,Fair Oaks Innovation Park,Meta Tulsa Data Center at Fair Oaks Innovation Park,Industrial/Data Center,High,https://partnertulsa.org/meta-breaks-ground-on-new-1-billion-data-center-in-tulsa/,Meta Breaks Ground on New $1 Billion Data Center in Tulsa - PartnerTulsa,"Meta broke ground on a more than $1 billion data center in East Tulsa at Fair Oaks Innovation Park, with more than $25 million in local infrastructure improvements and major industrial investment momentum.","No street, corridor, neighborhood, or ZIP overlap found",High
15500-03-32-04800,No Clear Match,Fair Oaks Innovation Park,Meta Tulsa Data Center at Fair Oaks Innovation Park,Industrial/Data Center,High,https://partnertulsa.org/meta-breaks-ground-on-new-1-billion-data-center-in-tulsa/,Meta Breaks Ground on New $1 Billion Data Center in Tulsa - PartnerTulsa,"Meta broke ground on a more than $1 billion data center in East Tulsa at Fair Oaks Innovation Park, with more than $25 million in local infrastructure improvements and major industrial investment momentum.","No street, corridor, neighborhood, or ZIP overlap found",High
05825-03-30-01260,No Clear Match,Fair Oaks Innovation Park,Meta Tulsa Data Center at Fair Oaks Innovation Park,Industrial/Data Center,High,https://partnertulsa.org/meta-breaks-ground-on-new-1-billion-data-center-in-tulsa/,Meta Breaks Ground on New $1 Billion Data Center in Tulsa - PartnerTulsa,"Meta broke ground on a more than $1 billion data center in East Tulsa at Fair Oaks Innovation Park, with more than $25 million in local infrastructure improvements and major industrial investment momentum.","No street, corridor, neighborhood, or ZIP overlap found",High
37650-02-12-04530,No Clear Match,Fair Oaks Innovation Park,Meta Tulsa Data Center at Fair Oaks Innovation Park,Industrial/Data Center,High,https://partnertulsa.org/meta-breaks-ground-on-new-1-billion-data-center-in-tulsa/,Meta Breaks Ground on New $1 Billion Data Center in Tulsa - PartnerTulsa,"Meta broke ground on a more than $1 billion data center in East Tulsa at Fair Oaks Innovation Park, with more than $25 million in local infrastructure improvements and major industrial investment momentum.","No street, corridor, neighborhood, or ZIP overlap found",High
49700-03-34-14030,No Clear Match,Fair Oaks Innovation Park,Meta Tulsa Data Center at Fair Oaks Innovation Park,Industrial/Data Center,High,https://partnertulsa.org/meta-breaks-ground-on-new-1-billion-data-center-in-tulsa/,Meta Breaks Ground on New $1 Billion Data Center in Tulsa - PartnerTulsa,"Meta broke ground on a more than $1 billion data center in East Tulsa at Fair Oaks Innovation Park, with more than $25 million in local infrastructure improvements and major industrial investment momentum.","No street, corridor, neighborhood, or ZIP overlap found",High
32325-92-24-04910,No Clear Match,Fair Oaks Innovation Park,Meta Tulsa Data Center at Fair Oaks Innovation Park,Industrial/Data Center,High,https://partnertulsa.org/meta-breaks-ground-on-new-1-billion-data-center-in-tulsa/,Meta Breaks Ground on New $1 Billion Data Center in Tulsa - PartnerTulsa,"Meta broke ground on a more than $1 billion data center in East Tulsa at Fair Oaks Innovation Park, with more than $25 million in local infrastructure improvements and major industrial investment momentum.","No street, corridor, neighborhood, or ZIP overlap found",High
44200-02-11-01060,No Clear Match,Fair Oaks Innovation Park,Meta Tulsa Data Center at Fair Oaks Innovation Park,Industrial/Data Center,High,https://partnertulsa.org/meta-breaks-ground-on-new-1-billion-data-center-in-tulsa/,Meta Breaks Ground on New $1 Billion Data Center in Tulsa - PartnerTulsa,"Meta broke ground on a more than $1 billion data center in East Tulsa at Fair Oaks Innovation Park, with more than $25 million in local infrastructure improvements and major industrial investment momentum.","No street, corridor, neighborhood, or ZIP overlap found",High
17675-02-24-07570,No Clear Match,Fair Oaks Innovation Park,Meta Tulsa Data Center at Fair Oaks Innovation Park,Industrial/Data Center,High,https://partnertulsa.org/meta-breaks-ground-on-new-1-billion-data-center-in-tulsa/,Meta Breaks Ground on New $1 Billion Data Center in Tulsa - PartnerTulsa,"Meta broke ground on a more than $1 billion data center in East Tulsa at Fair Oaks Innovation Park, with more than $25 million in local infrastructure improvements and major industrial investment momentum.","No street, corridor, neighborhood, or ZIP overlap found",High
25500-03-29-06060,No Clear Match,Fair Oaks Innovation Park,Meta Tulsa Data Center at Fair Oaks Innovation Park,Industrial/Data Center,High,https://partnertulsa.org/meta-breaks-ground-on-new-1-billion-data-center-in-tulsa/,Meta Breaks Ground on New $1 Billion Data Center in Tulsa - PartnerTulsa,"Meta broke ground on a more than $1 billion data center in East Tulsa at Fair Oaks Innovation Park, with more than $25 million in local infrastructure improvements and major industrial investment momentum.","No street, corridor, neighborhood, or ZIP overlap found",High
17675-02-24-08030,No Clear Match,Fair Oaks Innovation Park,Meta Tulsa Data Center at Fair Oaks Innovation Park,Industrial/Data Center,High,https://partnertulsa.org/meta-breaks-ground-on-new-1-billion-data-center-in-tulsa/,Meta Breaks Ground on New $1 Billion Data Center in Tulsa - PartnerTulsa,"Meta broke ground on a more than $1 billion data center in East Tulsa at Fair Oaks Innovation Park, with more than $25 million in local infrastructure improvements and major industrial investment momentum.","No street, corridor, neighborhood, or ZIP overlap found",High
44200-02-11-03380,No Clear Match,Fair Oaks Innovation Park,Meta Tulsa Data Center at Fair Oaks Innovation Park,Industrial/Data Center,High,https://partnertulsa.org/meta-breaks-ground-on-new-1-billion-data-center-in-tulsa/,Meta Breaks Ground on New $1 Billion Data Center in Tulsa - PartnerTulsa,"Meta broke ground on a more than $1 billion data center in East Tulsa at Fair Oaks Innovation Park, with more than $25 million in local infrastructure improvements and major industrial investment momentum.","No street, corridor, neighborhood, or ZIP overlap found",High
25375-03-29-05240,No Clear Match,Fair Oaks Innovation Park,Meta Tulsa Data Center at Fair Oaks Innovation Park,Industrial/Data Center,High,https://partnertulsa.org/meta-breaks-ground-on-new-1-billion-data-center-in-tulsa/,Meta Breaks Ground on New $1 Billion Data Center in Tulsa - PartnerTulsa,"Meta broke ground on a more than $1 billion data center in East Tulsa at Fair Oaks Innovation Park, with more than $25 million in local infrastructure improvements and major industrial investment momentum.","No street, corridor, neighborhood, or ZIP overlap found",High
90306-03-06-24020,Strong Match,Fair Oaks Innovation Park,Meta Tulsa Data Center at Fair Oaks Innovation Park,Industrial/Data Center,High,https://partnertulsa.org/meta-breaks-ground-on-new-1-billion-data-center-in-tulsa/,Meta Breaks Ground on New $1 Billion Data Center in Tulsa - PartnerTulsa,"Meta broke ground on a more than $1 billion data center in East Tulsa at Fair Oaks Innovation Park, with more than $25 million in local infrastructure improvements and major industrial investment momentum.",Street/corridor token overlap: TULSA,High
24275-93-06-15110,No Clear Match,Fair Oaks Innovation Park,Meta Tulsa Data Center at Fair Oaks Innovation Park,Industrial/Data Center,High,https://partnertulsa.org/meta-breaks-ground-on-new-1-billion-data-center-in-tulsa/,Meta Breaks Ground on New $1 Billion Data Center in Tulsa - PartnerTulsa,"Meta broke ground on a more than $1 billion data center in East Tulsa at Fair Oaks Innovation Park, with more than $25 million in local infrastructure improvements and major industrial investment momentum.","No street, corridor, neighborhood, or ZIP overlap found",High
44250-02-12-15190,No Clear Match,Fair Oaks Innovation Park,Meta Tulsa Data Center at Fair Oaks Innovation Park,Industrial/Data Center,High,https://partnertulsa.org/meta-breaks-ground-on-new-1-billion-data-center-in-tulsa/,Meta Breaks Ground on New $1 Billion Data Center in Tulsa - PartnerTulsa,"Meta broke ground on a more than $1 billion data center in East Tulsa at Fair Oaks Innovation Park, with more than $25 million in local infrastructure improvements and major industrial investment momentum.","No street, corridor, neighborhood, or ZIP overlap found",High
29650-03-07-03460,No Clear Match,Fair Oaks Innovation Park,Meta Tulsa Data Center at Fair Oaks Innovation Park,Industrial/Data Center,High,https://partnertulsa.org/meta-breaks-ground-on-new-1-billion-data-center-in-tulsa/,Meta Breaks Ground on New $1 Billion Data Center in Tulsa - PartnerTulsa,"Meta broke ground on a more than $1 billion data center in East Tulsa at Fair Oaks Innovation Park, with more than $25 million in local infrastructure improvements and major industrial investment momentum.","No street, corridor, neighborhood, or ZIP overlap found",High
53825-02-02-01310,No Clear Match,Fair Oaks Innovation Park,Meta Tulsa Data Center at Fair Oaks Innovation Park,Industrial/Data Center,High,https://partnertulsa.org/meta-breaks-ground-on-new-1-billion-data-center-in-tulsa/,Meta Breaks Ground on New $1 Billion Data Center in Tulsa - PartnerTulsa,"Meta broke ground on a more than $1 billion data center in East Tulsa at Fair Oaks Innovation Park, with more than $25 million in local infrastructure improvements and major industrial investment momentum.","No street, corridor, neighborhood, or ZIP overlap found",High
46465-92-11-31880,No Clear Match,Fair Oaks Innovation Park,Meta Tulsa Data Center at Fair Oaks Innovation Park,Industrial/Data Center,High,https://partnertulsa.org/meta-breaks-ground-on-new-1-billion-data-center-in-tulsa/,Meta Breaks Ground on New $1 Billion Data Center in Tulsa - PartnerTulsa,"Meta broke ground on a more than $1 billion data center in East Tulsa at Fair Oaks Innovation Park, with more than $25 million in local infrastructure improvements and major industrial investment momentum.","No street, corridor, neighborhood, or ZIP overlap found",High
91316-13-16-06210,Strong Match,Fair Oaks Innovation Park,Meta Tulsa Data Center at Fair Oaks Innovation Park,Industrial/Data Center,High,https://partnertulsa.org/meta-breaks-ground-on-new-1-billion-data-center-in-tulsa/,Meta Breaks Ground on New $1 Billion Data Center in Tulsa - PartnerTulsa,"Meta broke ground on a more than $1 billion data center in East Tulsa at Fair Oaks Innovation Park, with more than $25 million in local infrastructure improvements and major industrial investment momentum.",Street/corridor token overlap: TULSA,High
91236-12-36-01030,Strong Match,Fair Oaks Innovation Park,Meta Tulsa Data Center at Fair Oaks Innovation Park,Industrial/Data Center,High,https://partnertulsa.org/meta-breaks-ground-on-new-1-billion-data-center-in-tulsa/,Meta Breaks Ground on New $1 Billion Data Center in Tulsa - PartnerTulsa,"Meta broke ground on a more than $1 billion data center in East Tulsa at Fair Oaks Innovation Park, with more than $25 million in local infrastructure improvements and major industrial investment momentum.",Street/corridor token overlap: TULSA,High
24200-03-28-04080,No Clear Match,Fair Oaks Innovation Park,Meta Tulsa Data Center at Fair Oaks Innovation Park,Industrial/Data Center,High,https://partnertulsa.org/meta-breaks-ground-on-new-1-billion-data-center-in-tulsa/,Meta Breaks Ground on New $1 Billion Data Center in Tulsa - PartnerTulsa,"Meta broke ground on a more than $1 billion data center in East Tulsa at Fair Oaks Innovation Park, with more than $25 million in local infrastructure improvements and major industrial investment momentum.","No street, corridor, neighborhood, or ZIP overlap found",High
12175-92-03-02290,No Clear Match,Fair Oaks Innovation Park,Meta Tulsa Data Center at Fair Oaks Innovation Park,Industrial/Data Center,High,https://partnertulsa.org/meta-breaks-ground-on-new-1-billion-data-center-in-tulsa/,Meta Breaks Ground on New $1 Billion Data Center in Tulsa - PartnerTulsa,"Meta broke ground on a more than $1 billion data center in East Tulsa at Fair Oaks Innovation Park, with more than $25 million in local infrastructure improvements and major industrial investment momentum.","No street, corridor, neighborhood, or ZIP overlap found",High
07675-02-13-01590,No Clear Match,Fair Oaks Innovation Park,Meta Tulsa Data Center at Fair Oaks Innovation Park,Industrial/Data Center,High,https://partnertulsa.org/meta-breaks-ground-on-new-1-billion-data-center-in-tulsa/,Meta Breaks Ground on New $1 Billion Data Center in Tulsa - PartnerTulsa,"Meta broke ground on a more than $1 billion data center in East Tulsa at Fair Oaks Innovation Park, with more than $25 million in local infrastructure improvements and major industrial investment momentum.","No street, corridor, neighborhood, or ZIP overlap found",High
04550-03-32-02430,No Clear Match,Fair Oaks Innovation Park,Meta Tulsa Data Center at Fair Oaks Innovation Park,Industrial/Data Center,High,https://partnertulsa.org/meta-breaks-ground-on-new-1-billion-data-center-in-tulsa/,Meta Breaks Ground on New $1 Billion Data Center in Tulsa - PartnerTulsa,"Meta broke ground on a more than $1 billion data center in East Tulsa at Fair Oaks Innovation Park, with more than $25 million in local infrastructure improvements and major industrial investment momentum.","No street, corridor, neighborhood, or ZIP overlap found",High
26250-92-05-02570,No Clear Match,Fair Oaks Innovation Park,Meta Tulsa Data Center at Fair Oaks Innovation Park,Industrial/Data Center,High,https://partnertulsa.org/meta-breaks-ground-on-new-1-billion-data-center-in-tulsa/,Meta Breaks Ground on New $1 Billion Data Center in Tulsa - PartnerTulsa,"Meta broke ground on a more than $1 billion data center in East Tulsa at Fair Oaks Innovation Park, with more than $25 million in local infrastructure improvements and major industrial investment momentum.","No street, corridor, neighborhood, or ZIP overlap found",High
44225-02-12-10920,No Clear Match,Fair Oaks Innovation Park,Meta Tulsa Data Center at Fair Oaks Innovation Park,Industrial/Data Center,High,https://partnertulsa.org/meta-breaks-ground-on-new-1-billion-data-center-in-tulsa/,Meta Breaks Ground on New $1 Billion Data Center in Tulsa - PartnerTulsa,"Meta broke ground on a more than $1 billion data center in East Tulsa at Fair Oaks Innovation Park, with more than $25 million in local infrastructure improvements and major industrial investment momentum.","No street, corridor, neighborhood, or ZIP overlap found",High
29625-02-36-21010,No Clear Match,Fair Oaks Innovation Park,Meta Tulsa Data Center at Fair Oaks Innovation Park,Industrial/Data Center,High,https://partnertulsa.org/meta-breaks-ground-on-new-1-billion-data-center-in-tulsa/,Meta Breaks Ground on New $1 Billion Data Center in Tulsa - PartnerTulsa,"Meta broke ground on a more than $1 billion data center in East Tulsa at Fair Oaks Innovation Park, with more than $25 million in local infrastructure improvements and major industrial investment momentum.","No street, corridor, neighborhood, or ZIP overlap found",High
10450-03-19-50550,No Clear Match,Fair Oaks Innovation Park,Meta Tulsa Data Center at Fair Oaks Innovation Park,Industrial/Data Center,High,https://partnertulsa.org/meta-breaks-ground-on-new-1-billion-data-center-in-tulsa/,Meta Breaks Ground on New $1 Billion Data Center in Tulsa - PartnerTulsa,"Meta broke ground on a more than $1 billion data center in East Tulsa at Fair Oaks Innovation Park, with more than $25 million in local infrastructure improvements and major industrial investment momentum.","No street, corridor, neighborhood, or ZIP overlap found",High
28025-93-11-08980,No Clear Match,Fair Oaks Innovation Park,Meta Tulsa Data Center at Fair Oaks Innovation Park,Industrial/Data Center,High,https://partnertulsa.org/meta-breaks-ground-on-new-1-billion-data-center-in-tulsa/,Meta Breaks Ground on New $1 Billion Data Center in Tulsa - PartnerTulsa,"Meta broke ground on a more than $1 billion data center in East Tulsa at Fair Oaks Innovation Park, with more than $25 million in local infrastructure improvements and major industrial investment momentum.","No street, corridor, neighborhood, or ZIP overlap found",High
37650-02-12-04250,No Clear Match,Fair Oaks Innovation Park,Meta Tulsa Data Center at Fair Oaks Innovation Park,Industrial/Data Center,High,https://partnertulsa.org/meta-breaks-ground-on-new-1-billion-data-center-in-tulsa/,Meta Breaks Ground on New $1 Billion Data Center in Tulsa - PartnerTulsa,"Meta broke ground on a more than $1 billion data center in East Tulsa at Fair Oaks Innovation Park, with more than $25 million in local infrastructure improvements and major industrial investment momentum.","No street, corridor, neighborhood, or ZIP overlap found",High
40825-02-13-08480,No Clear Match,Fair Oaks Innovation Park,Meta Tulsa Data Center at Fair Oaks Innovation Park,Industrial/Data Center,High,https://partnertulsa.org/meta-breaks-ground-on-new-1-billion-data-center-in-tulsa/,Meta Breaks Ground on New $1 Billion Data Center in Tulsa - PartnerTulsa,"Meta broke ground on a more than $1 billion data center in East Tulsa at Fair Oaks Innovation Park, with more than $25 million in local infrastructure improvements and major industrial investment momentum.","No street, corridor, neighborhood, or ZIP overlap found",High
18650-93-06-12970,No Clear Match,Fair Oaks Innovation Park,Meta Tulsa Data Center at Fair Oaks Innovation Park,Industrial/Data Center,High,https://partnertulsa.org/meta-breaks-ground-on-new-1-billion-data-center-in-tulsa/,Meta Breaks Ground on New $1 Billion Data Center in Tulsa - PartnerTulsa,"Meta broke ground on a more than $1 billion data center in East Tulsa at Fair Oaks Innovation Park, with more than $25 million in local infrastructure improvements and major industrial investment momentum.","No street, corridor, neighborhood, or ZIP overlap found",High
28475-03-33-14410,No Clear Match,Fair Oaks Innovation Park,Meta Tulsa Data Center at Fair Oaks Innovation Park,Industrial/Data Center,High,https://partnertulsa.org/meta-breaks-ground-on-new-1-billion-data-center-in-tulsa/,Meta Breaks Ground on New $1 Billion Data Center in Tulsa - PartnerTulsa,"Meta broke ground on a more than $1 billion data center in East Tulsa at Fair Oaks Innovation Park, with more than $25 million in local infrastructure improvements and major industrial investment momentum.","No street, corridor, neighborhood, or ZIP overlap found",High
29675-03-07-09230,No Clear Match,Fair Oaks Innovation Park,Meta Tulsa Data Center at Fair Oaks Innovation Park,Industrial/Data Center,High,https://partnertulsa.org/meta-breaks-ground-on-new-1-billion-data-center-in-tulsa/,Meta Breaks Ground on New $1 Billion Data Center in Tulsa - PartnerTulsa,"Meta broke ground on a more than $1 billion data center in East Tulsa at Fair Oaks Innovation Park, with more than $25 million in local infrastructure improvements and major industrial investment momentum.","No street, corridor, neighborhood, or ZIP overlap found",High
90330-03-30-22140,No Clear Match,Fair Oaks Innovation Park,Meta Tulsa Data Center at Fair Oaks Innovation Park,Industrial/Data Center,High,https://partnertulsa.org/meta-breaks-ground-on-new-1-billion-data-center-in-tulsa/,Meta Breaks Ground on New $1 Billion Data Center in Tulsa - PartnerTulsa,"Meta broke ground on a more than $1 billion data center in East Tulsa at Fair Oaks Innovation Park, with more than $25 million in local infrastructure improvements and major industrial investment momentum.","No street, corridor, neighborhood, or ZIP overlap found",High
90201-02-01-25920,No Clear Match,Fair Oaks Innovation Park,Meta Tulsa Data Center at Fair Oaks Innovation Park,Industrial/Data Center,High,https://partnertulsa.org/meta-breaks-ground-on-new-1-billion-data-center-in-tulsa/,Meta Breaks Ground on New $1 Billion Data Center in Tulsa - PartnerTulsa,"Meta broke ground on a more than $1 billion data center in East Tulsa at Fair Oaks Innovation Park, with more than $25 million in local infrastructure improvements and major industrial investment momentum.","No street, corridor, neighborhood, or ZIP overlap found",High
44200-02-11-03600,No Clear Match,Fair Oaks Innovation Park,Meta Tulsa Data Center at Fair Oaks Innovation Park,Industrial/Data Center,High,https://partnertulsa.org/meta-breaks-ground-on-new-1-billion-data-center-in-tulsa/,Meta Breaks Ground on New $1 Billion Data Center in Tulsa - PartnerTulsa,"Meta broke ground on a more than $1 billion data center in East Tulsa at Fair Oaks Innovation Park, with more than $25 million in local infrastructure improvements and major industrial investment momentum.","No street, corridor, neighborhood, or ZIP overlap found",High
08450-03-29-03260,No Clear Match,Fair Oaks Innovation Park,Meta Tulsa Data Center at Fair Oaks Innovation Park,Industrial/Data Center,High,https://partnertulsa.org/meta-breaks-ground-on-new-1-billion-data-center-in-tulsa/,Meta Breaks Ground on New $1 Billion Data Center in Tulsa - PartnerTulsa,"Meta broke ground on a more than $1 billion data center in East Tulsa at Fair Oaks Innovation Park, with more than $25 million in local infrastructure improvements and major industrial investment momentum.","No street, corridor, neighborhood, or ZIP overlap found",High
19725-03-30-11590,No Clear Match,Fair Oaks Innovation Park,Meta Tulsa Data Center at Fair Oaks Innovation Park,Industrial/Data Center,High,https://partnertulsa.org/meta-breaks-ground-on-new-1-billion-data-center-in-tulsa/,Meta Breaks Ground on New $1 Billion Data Center in Tulsa - PartnerTulsa,"Meta broke ground on a more than $1 billion data center in East Tulsa at Fair Oaks Innovation Park, with more than $25 million in local infrastructure improvements and major industrial investment momentum.","No street, corridor, neighborhood, or ZIP overlap found",High
38575-03-28-12560,No Clear Match,Fair Oaks Innovation Park,Meta Tulsa Data Center at Fair Oaks Innovation Park,Industrial/Data Center,High,https://partnertulsa.org/meta-breaks-ground-on-new-1-billion-data-center-in-tulsa/,Meta Breaks Ground on New $1 Billion Data Center in Tulsa - PartnerTulsa,"Meta broke ground on a more than $1 billion data center in East Tulsa at Fair Oaks Innovation Park, with more than $25 million in local infrastructure improvements and major industrial investment momentum.","No street, corridor, neighborhood, or ZIP overlap found",High
07675-02-13-01610,No Clear Match,Fair Oaks Innovation Park,Meta Tulsa Data Center at Fair Oaks Innovation Park,Industrial/Data Center,High,https://partnertulsa.org/meta-breaks-ground-on-new-1-billion-data-center-in-tulsa/,Meta Breaks Ground on New $1 Billion Data Center in Tulsa - PartnerTulsa,"Meta broke ground on a more than $1 billion data center in East Tulsa at Fair Oaks Innovation Park, with more than $25 million in local infrastructure improvements and major industrial investment momentum.","No street, corridor, neighborhood, or ZIP overlap found",High
23000-03-27-08140,No Clear Match,Fair Oaks Innovation Park,Meta Tulsa Data Center at Fair Oaks Innovation Park,Industrial/Data Center,High,https://partnertulsa.org/meta-breaks-ground-on-new-1-billion-data-center-in-tulsa/,Meta Breaks Ground on New $1 Billion Data Center in Tulsa - PartnerTulsa,"Meta broke ground on a more than $1 billion data center in East Tulsa at Fair Oaks Innovation Park, with more than $25 million in local infrastructure improvements and major industrial investment momentum.","No street, corridor, neighborhood, or ZIP overlap found",High
44200-02-11-02340,No Clear Match,Fair Oaks Innovation Park,Meta Tulsa Data Center at Fair Oaks Innovation Park,Industrial/Data Center,High,https://partnertulsa.org/meta-breaks-ground-on-new-1-billion-data-center-in-tulsa/,Meta Breaks Ground on New $1 Billion Data Center in Tulsa - PartnerTulsa,"Meta broke ground on a more than $1 billion data center in East Tulsa at Fair Oaks Innovation Park, with more than $25 million in local infrastructure improvements and major industrial investment momentum.","No street, corridor, neighborhood, or ZIP overlap found",High
27550-93-08-18710,No Clear Match,Fair Oaks Innovation Park,Meta Tulsa Data Center at Fair Oaks Innovation Park,Industrial/Data Center,High,https://partnertulsa.org/meta-breaks-ground-on-new-1-billion-data-center-in-tulsa/,Meta Breaks Ground on New $1 Billion Data Center in Tulsa - PartnerTulsa,"Meta broke ground on a more than $1 billion data center in East Tulsa at Fair Oaks Innovation Park, with more than $25 million in local infrastructure improvements and major industrial investment momentum.","No street, corridor, neighborhood, or ZIP overlap found",High
07600-02-24-00740,No Clear Match,Fair Oaks Innovation Park,Meta Tulsa Data Center at Fair Oaks Innovation Park,Industrial/Data Center,High,https://partnertulsa.org/meta-breaks-ground-on-new-1-billion-data-center-in-tulsa/,Meta Breaks Ground on New $1 Billion Data Center in Tulsa - PartnerTulsa,"Meta broke ground on a more than $1 billion data center in East Tulsa at Fair Oaks Innovation Park, with more than $25 million in local infrastructure improvements and major industrial investment momentum.","No street, corridor, neighborhood, or ZIP overlap found",High
30125-03-28-10360,No Clear Match,Fair Oaks Innovation Park,Meta Tulsa Data Center at Fair Oaks Innovation Park,Industrial/Data Center,High,https://partnertulsa.org/meta-breaks-ground-on-new-1-billion-data-center-in-tulsa/,Meta Breaks Ground on New $1 Billion Data Center in Tulsa - PartnerTulsa,"Meta broke ground on a more than $1 billion data center in East Tulsa at Fair Oaks Innovation Park, with more than $25 million in local infrastructure improvements and major industrial investment momentum.","No street, corridor, neighborhood, or ZIP overlap found",High
44200-02-11-02050,No Clear Match,Fair Oaks Innovation Park,Meta Tulsa Data Center at Fair Oaks Innovation Park,Industrial/Data Center,High,https://partnertulsa.org/meta-breaks-ground-on-new-1-billion-data-center-in-tulsa/,Meta Breaks Ground on New $1 Billion Data Center in Tulsa - PartnerTulsa,"Meta broke ground on a more than $1 billion data center in East Tulsa at Fair Oaks Innovation Park, with more than $25 million in local infrastructure improvements and major industrial investment momentum.","No street, corridor, neighborhood, or ZIP overlap found",High
13200-02-26-00860,No Clear Match,Fair Oaks Innovation Park,Meta Tulsa Data Center at Fair Oaks Innovation Park,Industrial/Data Center,High,https://partnertulsa.org/meta-breaks-ground-on-new-1-billion-data-center-in-tulsa/,Meta Breaks Ground on New $1 Billion Data Center in Tulsa - PartnerTulsa,"Meta broke ground on a more than $1 billion data center in East Tulsa at Fair Oaks Innovation Park, with more than $25 million in local infrastructure improvements and major industrial investment momentum.","No street, corridor, neighborhood, or ZIP overlap found",High
01800-03-35-01450,No Clear Match,Fair Oaks Innovation Park,Meta Tulsa Data Center at Fair Oaks Innovation Park,Industrial/Data Center,High,https://partnertulsa.org/meta-breaks-ground-on-new-1-billion-data-center-in-tulsa/,Meta Breaks Ground on New $1 Billion Data Center in Tulsa - PartnerTulsa,"Meta broke ground on a more than $1 billion data center in East Tulsa at Fair Oaks Innovation Park, with more than $25 million in local infrastructure improvements and major industrial investment momentum.","No street, corridor, neighborhood, or ZIP overlap found",High
61475-91-11-02110,No Clear Match,Fair Oaks Innovation Park,Meta Tulsa Data Center at Fair Oaks Innovation Park,Industrial/Data Center,High,https://partnertulsa.org/meta-breaks-ground-on-new-1-billion-data-center-in-tulsa/,Meta Breaks Ground on New $1 Billion Data Center in Tulsa - PartnerTulsa,"Meta broke ground on a more than $1 billion data center in East Tulsa at Fair Oaks Innovation Park, with more than $25 million in local infrastructure improvements and major industrial investment momentum.","No street, corridor, neighborhood, or ZIP overlap found",High
29650-03-07-06110,No Clear Match,Fair Oaks Innovation Park,Meta Tulsa Data Center at Fair Oaks Innovation Park,Industrial/Data Center,High,https://partnertulsa.org/meta-breaks-ground-on-new-1-billion-data-center-in-tulsa/,Meta Breaks Ground on New $1 Billion Data Center in Tulsa - PartnerTulsa,"Meta broke ground on a more than $1 billion data center in East Tulsa at Fair Oaks Innovation Park, with more than $25 million in local infrastructure improvements and major industrial investment momentum.","No street, corridor, neighborhood, or ZIP overlap found",High
40850-02-12-06950,No Clear Match,Fair Oaks Innovation Park,Meta Tulsa Data Center at Fair Oaks Innovation Park,Industrial/Data Center,High,https://partnertulsa.org/meta-breaks-ground-on-new-1-billion-data-center-in-tulsa/,Meta Breaks Ground on New $1 Billion Data Center in Tulsa - PartnerTulsa,"Meta broke ground on a more than $1 billion data center in East Tulsa at Fair Oaks Innovation Park, with more than $25 million in local infrastructure improvements and major industrial investment momentum.","No street, corridor, neighborhood, or ZIP overlap found",High
53675-92-32-01900,Strong Match,Fair Oaks Innovation Park,Meta Tulsa Data Center at Fair Oaks Innovation Park,Industrial/Data Center,High,https://partnertulsa.org/meta-breaks-ground-on-new-1-billion-data-center-in-tulsa/,Meta Breaks Ground on New $1 Billion Data Center in Tulsa - PartnerTulsa,"Meta broke ground on a more than $1 billion data center in East Tulsa at Fair Oaks Innovation Park, with more than $25 million in local infrastructure improvements and major industrial investment momentum.",Street/corridor token overlap: TULSA,High
38605-92-05-04540,No Clear Match,Fair Oaks Innovation Park,Meta Tulsa Data Center at Fair Oaks Innovation Park,Industrial/Data Center,High,https://partnertulsa.org/meta-breaks-ground-on-new-1-billion-data-center-in-tulsa/,Meta Breaks Ground on New $1 Billion Data Center in Tulsa - PartnerTulsa,"Meta broke ground on a more than $1 billion data center in East Tulsa at Fair Oaks Innovation Park, with more than $25 million in local infrastructure improvements and major industrial investment momentum.","No street, corridor, neighborhood, or ZIP overlap found",High
24200-03-28-06670,No Clear Match,Fair Oaks Innovation Park,Meta Tulsa Data Center at Fair Oaks Innovation Park,Industrial/Data Center,High,https://partnertulsa.org/meta-breaks-ground-on-new-1-billion-data-center-in-tulsa/,Meta Breaks Ground on New $1 Billion Data Center in Tulsa - PartnerTulsa,"Meta broke ground on a more than $1 billion data center in East Tulsa at Fair Oaks Innovation Park, with more than $25 million in local infrastructure improvements and major industrial investment momentum.","No street, corridor, neighborhood, or ZIP overlap found",High
28975-03-28-09640,No Clear Match,Fair Oaks Innovation Park,Meta Tulsa Data Center at Fair Oaks Innovation Park,Industrial/Data Center,High,https://partnertulsa.org/meta-breaks-ground-on-new-1-billion-data-center-in-tulsa/,Meta Breaks Ground on New $1 Billion Data Center in Tulsa - PartnerTulsa,"Meta broke ground on a more than $1 billion data center in East Tulsa at Fair Oaks Innovation Park, with more than $25 million in local infrastructure improvements and major industrial investment momentum.","No street, corridor, neighborhood, or ZIP overlap found",High
07675-02-13-01570,No Clear Match,Fair Oaks Innovation Park,Meta Tulsa Data Center at Fair Oaks Innovation Park,Industrial/Data Center,High,https://partnertulsa.org/meta-breaks-ground-on-new-1-billion-data-center-in-tulsa/,Meta Breaks Ground on New $1 Billion Data Center in Tulsa - PartnerTulsa,"Meta broke ground on a more than $1 billion data center in East Tulsa at Fair Oaks Innovation Park, with more than $25 million in local infrastructure improvements and major industrial investment momentum.","No street, corridor, neighborhood, or ZIP overlap found",High
22025-03-35-07520,No Clear Match,Fair Oaks Innovation Park,Meta Tulsa Data Center at Fair Oaks Innovation Park,Industrial/Data Center,High,https://partnertulsa.org/meta-breaks-ground-on-new-1-billion-data-center-in-tulsa/,Meta Breaks Ground on New $1 Billion Data Center in Tulsa - PartnerTulsa,"Meta broke ground on a more than $1 billion data center in East Tulsa at Fair Oaks Innovation Park, with more than $25 million in local infrastructure improvements and major industrial investment momentum.","No street, corridor, neighborhood, or ZIP overlap found",High
25525-03-29-06940,No Clear Match,Fair Oaks Innovation Park,Meta Tulsa Data Center at Fair Oaks Innovation Park,Industrial/Data Center,High,https://partnertulsa.org/meta-breaks-ground-on-new-1-billion-data-center-in-tulsa/,Meta Breaks Ground on New $1 Billion Data Center in Tulsa - PartnerTulsa,"Meta broke ground on a more than $1 billion data center in East Tulsa at Fair Oaks Innovation Park, with more than $25 million in local infrastructure improvements and major industrial investment momentum.","No street, corridor, neighborhood, or ZIP overlap found",High
34750-02-26-08560,No Clear Match,Fair Oaks Innovation Park,Meta Tulsa Data Center at Fair Oaks Innovation Park,Industrial/Data Center,High,https://partnertulsa.org/meta-breaks-ground-on-new-1-billion-data-center-in-tulsa/,Meta Breaks Ground on New $1 Billion Data Center in Tulsa - PartnerTulsa,"Meta broke ground on a more than $1 billion data center in East Tulsa at Fair Oaks Innovation Park, with more than $25 million in local infrastructure improvements and major industrial investment momentum.","No street, corridor, neighborhood, or ZIP overlap found",High
30200-02-26-07150,No Clear Match,Fair Oaks Innovation Park,Meta Tulsa Data Center at Fair Oaks Innovation Park,Industrial/Data Center,High,https://partnertulsa.org/meta-breaks-ground-on-new-1-billion-data-center-in-tulsa/,Meta Breaks Ground on New $1 Billion Data Center in Tulsa - PartnerTulsa,"Meta broke ground on a more than $1 billion data center in East Tulsa at Fair Oaks Innovation Park, with more than $25 million in local infrastructure improvements and major industrial investment momentum.","No street, corridor, neighborhood, or ZIP overlap found",High
21600-02-35-08590,No Clear Match,Fair Oaks Innovation Park,Meta Tulsa Data Center at Fair Oaks Innovation Park,Industrial/Data Center,High,https://partnertulsa.org/meta-breaks-ground-on-new-1-billion-data-center-in-tulsa/,Meta Breaks Ground on New $1 Billion Data Center in Tulsa - PartnerTulsa,"Meta broke ground on a more than $1 billion data center in East Tulsa at Fair Oaks Innovation Park, with more than $25 million in local infrastructure improvements and major industrial investment momentum.","No street, corridor, neighborhood, or ZIP overlap found",High
35925-03-30-16670,No Clear Match,Fair Oaks Innovation Park,Meta Tulsa Data Center at Fair Oaks Innovation Park,Industrial/Data Center,High,https://partnertulsa.org/meta-breaks-ground-on-new-1-billion-data-center-in-tulsa/,Meta Breaks Ground on New $1 Billion Data Center in Tulsa - PartnerTulsa,"Meta broke ground on a more than $1 billion data center in East Tulsa at Fair Oaks Innovation Park, with more than $25 million in local infrastructure improvements and major industrial investment momentum.","No street, corridor, neighborhood, or ZIP overlap found",High
63700-12-13-00540,No Clear Match,Fair Oaks Innovation Park,Meta Tulsa Data Center at Fair Oaks Innovation Park,Industrial/Data Center,High,https://partnertulsa.org/meta-breaks-ground-on-new-1-billion-data-center-in-tulsa/,Meta Breaks Ground on New $1 Billion Data Center in Tulsa - PartnerTulsa,"Meta broke ground on a more than $1 billion data center in East Tulsa at Fair Oaks Innovation Park, with more than $25 million in local infrastructure improvements and major industrial investment momentum.","No street, corridor, neighborhood, or ZIP overlap found",High
55200-91-10-01250,Strong Match,Fair Oaks Innovation Park,Meta Tulsa Data Center at Fair Oaks Innovation Park,Industrial/Data Center,High,https://partnertulsa.org/meta-breaks-ground-on-new-1-billion-data-center-in-tulsa/,Meta Breaks Ground on New $1 Billion Data Center in Tulsa - PartnerTulsa,"Meta broke ground on a more than $1 billion data center in East Tulsa at Fair Oaks Innovation Park, with more than $25 million in local infrastructure improvements and major industrial investment momentum.","Street/corridor token overlap: INDUSTRIAL, TULSA",High
90404-04-04-64010,Strong Match,Fair Oaks Innovation Park,Meta Tulsa Data Center at Fair Oaks Innovation Park,Industrial/Data Center,High,https://partnertulsa.org/meta-breaks-ground-on-new-1-billion-data-center-in-tulsa/,Meta Breaks Ground on New $1 Billion Data Center in Tulsa - PartnerTulsa,"Meta broke ground on a more than $1 billion data center in East Tulsa at Fair Oaks Innovation Park, with more than $25 million in local infrastructure improvements and major industrial investment momentum.",Street/corridor token overlap: TULSA,High
44200-02-11-01080,No Clear Match,Fair Oaks Innovation Park,Meta Tulsa Data Center at Fair Oaks Innovation Park,Industrial/Data Center,High,https://partnertulsa.org/meta-breaks-ground-on-new-1-billion-data-center-in-tulsa/,Meta Breaks Ground on New $1 Billion Data Center in Tulsa - PartnerTulsa,"Meta broke ground on a more than $1 billion data center in East Tulsa at Fair Oaks Innovation Park, with more than $25 million in local infrastructure improvements and major industrial investment momentum.","No street, corridor, neighborhood, or ZIP overlap found",High
98224-82-24-37060,No Clear Match,Fair Oaks Innovation Park,Meta Tulsa Data Center at Fair Oaks Innovation Park,Industrial/Data Center,High,https://partnertulsa.org/meta-breaks-ground-on-new-1-billion-data-center-in-tulsa/,Meta Breaks Ground on New $1 Billion Data Center in Tulsa - PartnerTulsa,"Meta broke ground on a more than $1 billion data center in East Tulsa at Fair Oaks Innovation Park, with more than $25 million in local infrastructure improvements and major industrial investment momentum.","No street, corridor, neighborhood, or ZIP overlap found",High
17925-92-04-03330,No Clear Match,Fair Oaks Innovation Park,Meta Tulsa Data Center at Fair Oaks Innovation Park,Industrial/Data Center,High,https://partnertulsa.org/meta-breaks-ground-on-new-1-billion-data-center-in-tulsa/,Meta Breaks Ground on New $1 Billion Data Center in Tulsa - PartnerTulsa,"Meta broke ground on a more than $1 billion data center in East Tulsa at Fair Oaks Innovation Park, with more than $25 million in local infrastructure improvements and major industrial investment momentum.","No street, corridor, neighborhood, or ZIP overlap found",High
49600-03-17-06000,No Clear Match,Fair Oaks Innovation Park,Meta Tulsa Data Center at Fair Oaks Innovation Park,Industrial/Data Center,High,https://partnertulsa.org/meta-breaks-ground-on-new-1-billion-data-center-in-tulsa/,Meta Breaks Ground on New $1 Billion Data Center in Tulsa - PartnerTulsa,"Meta broke ground on a more than $1 billion data center in East Tulsa at Fair Oaks Innovation Park, with more than $25 million in local infrastructure improvements and major industrial investment momentum.","No street, corridor, neighborhood, or ZIP overlap found",High
59900-24-20-00058,No Clear Match,Fair Oaks Innovation Park,Meta Tulsa Data Center at Fair Oaks Innovation Park,Industrial/Data Center,High,https://partnertulsa.org/meta-breaks-ground-on-new-1-billion-data-center-in-tulsa/,Meta Breaks Ground on New $1 Billion Data Center in Tulsa - PartnerTulsa,"Meta broke ground on a more than $1 billion data center in East Tulsa at Fair Oaks Innovation Park, with more than $25 million in local infrastructure improvements and major industrial investment momentum.","No street, corridor, neighborhood, or ZIP overlap found",High
09175-93-05-05710,No Clear Match,Fair Oaks Innovation Park,Meta Tulsa Data Center at Fair Oaks Innovation Park,Industrial/Data Center,High,https://partnertulsa.org/meta-breaks-ground-on-new-1-billion-data-center-in-tulsa/,Meta Breaks Ground on New $1 Billion Data Center in Tulsa - PartnerTulsa,"Meta broke ground on a more than $1 billion data center in East Tulsa at Fair Oaks Innovation Park, with more than $25 million in local infrastructure improvements and major industrial investment momentum.","No street, corridor, neighborhood, or ZIP overlap found",High
90326-03-26-20930,No Clear Match,Fair Oaks Innovation Park,Meta Tulsa Data Center at Fair Oaks Innovation Park,Industrial/Data Center,High,https://partnertulsa.org/meta-breaks-ground-on-new-1-billion-data-center-in-tulsa/,Meta Breaks Ground on New $1 Billion Data Center in Tulsa - PartnerTulsa,"Meta broke ground on a more than $1 billion data center in East Tulsa at Fair Oaks Innovation Park, with more than $25 million in local infrastructure improvements and major industrial investment momentum.","No street, corridor, neighborhood, or ZIP overlap found",High
00775-02-25-00730,No Clear Match,Fair Oaks Innovation Park,Meta Tulsa Data Center at Fair Oaks Innovation Park,Industrial/Data Center,High,https://partnertulsa.org/meta-breaks-ground-on-new-1-billion-data-center-in-tulsa/,Meta Breaks Ground on New $1 Billion Data Center in Tulsa - PartnerTulsa,"Meta broke ground on a more than $1 billion data center in East Tulsa at Fair Oaks Innovation Park, with more than $25 million in local infrastructure improvements and major industrial investment momentum.","No street, corridor, neighborhood, or ZIP overlap found",High
41950-02-24-12580,No Clear Match,Fair Oaks Innovation Park,Meta Tulsa Data Center at Fair Oaks Innovation Park,Industrial/Data Center,High,https://partnertulsa.org/meta-breaks-ground-on-new-1-billion-data-center-in-tulsa/,Meta Breaks Ground on New $1 Billion Data Center in Tulsa - PartnerTulsa,"Meta broke ground on a more than $1 billion data center in East Tulsa at Fair Oaks Innovation Park, with more than $25 million in local infrastructure improvements and major industrial investment momentum.","No street, corridor, neighborhood, or ZIP overlap found",High
04925-03-35-02930,No Clear Match,Fair Oaks Innovation Park,Meta Tulsa Data Center at Fair Oaks Innovation Park,Industrial/Data Center,High,https://partnertulsa.org/meta-breaks-ground-on-new-1-billion-data-center-in-tulsa/,Meta Breaks Ground on New $1 Billion Data Center in Tulsa - PartnerTulsa,"Meta broke ground on a more than $1 billion data center in East Tulsa at Fair Oaks Innovation Park, with more than $25 million in local infrastructure improvements and major industrial investment momentum.","No street, corridor, neighborhood, or ZIP overlap found",High
36075-03-08-00420,No Clear Match,Fair Oaks Innovation Park,Meta Tulsa Data Center at Fair Oaks Innovation Park,Industrial/Data Center,High,https://partnertulsa.org/meta-breaks-ground-on-new-1-billion-data-center-in-tulsa/,Meta Breaks Ground on New $1 Billion Data Center in Tulsa - PartnerTulsa,"Meta broke ground on a more than $1 billion data center in East Tulsa at Fair Oaks Innovation Park, with more than $25 million in local infrastructure improvements and major industrial investment momentum.","No street, corridor, neighborhood, or ZIP overlap found",High
45600-94-16-00400,No Clear Match,Fair Oaks Innovation Park,Meta Tulsa Data Center at Fair Oaks Innovation Park,Industrial/Data Center,High,https://partnertulsa.org/meta-breaks-ground-on-new-1-billion-data-center-in-tulsa/,Meta Breaks Ground on New $1 Billion Data Center in Tulsa - PartnerTulsa,"Meta broke ground on a more than $1 billion data center in East Tulsa at Fair Oaks Innovation Park, with more than $25 million in local infrastructure improvements and major industrial investment momentum.","No street, corridor, neighborhood, or ZIP overlap found",High
44325-03-36-04550,No Clear Match,Fair Oaks Innovation Park,Meta Tulsa Data Center at Fair Oaks Innovation Park,Industrial/Data Center,High,https://partnertulsa.org/meta-breaks-ground-on-new-1-billion-data-center-in-tulsa/,Meta Breaks Ground on New $1 Billion Data Center in Tulsa - PartnerTulsa,"Meta broke ground on a more than $1 billion data center in East Tulsa at Fair Oaks Innovation Park, with more than $25 million in local infrastructure improvements and major industrial investment momentum.","No street, corridor, neighborhood, or ZIP overlap found",High
56625-92-20-01430,No Clear Match,Fair Oaks Innovation Park,Meta Tulsa Data Center at Fair Oaks Innovation Park,Industrial/Data Center,High,https://partnertulsa.org/meta-breaks-ground-on-new-1-billion-data-center-in-tulsa/,Meta Breaks Ground on New $1 Billion Data Center in Tulsa - PartnerTulsa,"Meta broke ground on a more than $1 billion data center in East Tulsa at Fair Oaks Innovation Park, with more than $25 million in local infrastructure improvements and major industrial investment momentum.","No street, corridor, neighborhood, or ZIP overlap found",High
29650-03-07-05860,No Clear Match,Fair Oaks Innovation Park,Meta Tulsa Data Center at Fair Oaks Innovation Park,Industrial/Data Center,High,https://partnertulsa.org/meta-breaks-ground-on-new-1-billion-data-center-in-tulsa/,Meta Breaks Ground on New $1 Billion Data Center in Tulsa - PartnerTulsa,"Meta broke ground on a more than $1 billion data center in East Tulsa at Fair Oaks Innovation Park, with more than $25 million in local infrastructure improvements and major industrial investment momentum.","No street, corridor, neighborhood, or ZIP overlap found",High
00575-93-06-01170,No Clear Match,Fair Oaks Innovation Park,Meta Tulsa Data Center at Fair Oaks Innovation Park,Industrial/Data Center,High,https://partnertulsa.org/meta-breaks-ground-on-new-1-billion-data-center-in-tulsa/,Meta Breaks Ground on New $1 Billion Data Center in Tulsa - PartnerTulsa,"Meta broke ground on a more than $1 billion data center in East Tulsa at Fair Oaks Innovation Park, with more than $25 million in local infrastructure improvements and major industrial investment momentum.","No street, corridor, neighborhood, or ZIP overlap found",High
11000-83-06-00270,No Clear Match,Fair Oaks Innovation Park,Meta Tulsa Data Center at Fair Oaks Innovation Park,Industrial/Data Center,High,https://partnertulsa.org/meta-breaks-ground-on-new-1-billion-data-center-in-tulsa/,Meta Breaks Ground on New $1 Billion Data Center in Tulsa - PartnerTulsa,"Meta broke ground on a more than $1 billion data center in East Tulsa at Fair Oaks Innovation Park, with more than $25 million in local infrastructure improvements and major industrial investment momentum.","No street, corridor, neighborhood, or ZIP overlap found",High
90306-03-06-46920,Strong Match,Fair Oaks Innovation Park,Meta Tulsa Data Center at Fair Oaks Innovation Park,Industrial/Data Center,High,https://partnertulsa.org/meta-breaks-ground-on-new-1-billion-data-center-in-tulsa/,Meta Breaks Ground on New $1 Billion Data Center in Tulsa - PartnerTulsa,"Meta broke ground on a more than $1 billion data center in East Tulsa at Fair Oaks Innovation Park, with more than $25 million in local infrastructure improvements and major industrial investment momentum.",Street/corridor token overlap: TULSA,High
20300-92-03-05280,No Clear Match,Fair Oaks Innovation Park,Meta Tulsa Data Center at Fair Oaks Innovation Park,Industrial/Data Center,High,https://partnertulsa.org/meta-breaks-ground-on-new-1-billion-data-center-in-tulsa/,Meta Breaks Ground on New $1 Billion Data Center in Tulsa - PartnerTulsa,"Meta broke ground on a more than $1 billion data center in East Tulsa at Fair Oaks Innovation Park, with more than $25 million in local infrastructure improvements and major industrial investment momentum.","No street, corridor, neighborhood, or ZIP overlap found",High
49800-03-34-15300,No Clear Match,Fair Oaks Innovation Park,Meta Tulsa Data Center at Fair Oaks Innovation Park,Industrial/Data Center,High,https://partnertulsa.org/meta-breaks-ground-on-new-1-billion-data-center-in-tulsa/,Meta Breaks Ground on New $1 Billion Data Center in Tulsa - PartnerTulsa,"Meta broke ground on a more than $1 billion data center in East Tulsa at Fair Oaks Innovation Park, with more than $25 million in local infrastructure improvements and major industrial investment momentum.","No street, corridor, neighborhood, or ZIP overlap found",High
23900-03-27-09360,No Clear Match,Fair Oaks Innovation Park,Meta Tulsa Data Center at Fair Oaks Innovation Park,Industrial/Data Center,High,https://partnertulsa.org/meta-breaks-ground-on-new-1-billion-data-center-in-tulsa/,Meta Breaks Ground on New $1 Billion Data Center in Tulsa - PartnerTulsa,"Meta broke ground on a more than $1 billion data center in East Tulsa at Fair Oaks Innovation Park, with more than $25 million in local infrastructure improvements and major industrial investment momentum.","No street, corridor, neighborhood, or ZIP overlap found",High
40325-94-17-06900,No Clear Match,Fair Oaks Innovation Park,Meta Tulsa Data Center at Fair Oaks Innovation Park,Industrial/Data Center,High,https://partnertulsa.org/meta-breaks-ground-on-new-1-billion-data-center-in-tulsa/,Meta Breaks Ground on New $1 Billion Data Center in Tulsa - PartnerTulsa,"Meta broke ground on a more than $1 billion data center in East Tulsa at Fair Oaks Innovation Park, with more than $25 million in local infrastructure improvements and major industrial investment momentum.","No street, corridor, neighborhood, or ZIP overlap found",High
13775-02-12-01490,No Clear Match,Fair Oaks Innovation Park,Meta Tulsa Data Center at Fair Oaks Innovation Park,Industrial/Data Center,High,https://partnertulsa.org/meta-breaks-ground-on-new-1-billion-data-center-in-tulsa/,Meta Breaks Ground on New $1 Billion Data Center in Tulsa - PartnerTulsa,"Meta broke ground on a more than $1 billion data center in East Tulsa at Fair Oaks Innovation Park, with more than $25 million in local infrastructure improvements and major industrial investment momentum.","No street, corridor, neighborhood, or ZIP overlap found",High
02350-03-35-02480,No Clear Match,Fair Oaks Innovation Park,Meta Tulsa Data Center at Fair Oaks Innovation Park,Industrial/Data Center,High,https://partnertulsa.org/meta-breaks-ground-on-new-1-billion-data-center-in-tulsa/,Meta Breaks Ground on New $1 Billion Data Center in Tulsa - PartnerTulsa,"Meta broke ground on a more than $1 billion data center in East Tulsa at Fair Oaks Innovation Park, with more than $25 million in local infrastructure improvements and major industrial investment momentum.","No street, corridor, neighborhood, or ZIP overlap found",High
16275-92-05-01670,No Clear Match,Fair Oaks Innovation Park,Meta Tulsa Data Center at Fair Oaks Innovation Park,Industrial/Data Center,High,https://partnertulsa.org/meta-breaks-ground-on-new-1-billion-data-center-in-tulsa/,Meta Breaks Ground on New $1 Billion Data Center in Tulsa - PartnerTulsa,"Meta broke ground on a more than $1 billion data center in East Tulsa at Fair Oaks Innovation Park, with more than $25 million in local infrastructure improvements and major industrial investment momentum.","No street, corridor, neighborhood, or ZIP overlap found",High
17675-02-24-07550,No Clear Match,Fair Oaks Innovation Park,Meta Tulsa Data Center at Fair Oaks Innovation Park,Industrial/Data Center,High,https://partnertulsa.org/meta-breaks-ground-on-new-1-billion-data-center-in-tulsa/,Meta Breaks Ground on New $1 Billion Data Center in Tulsa - PartnerTulsa,"Meta broke ground on a more than $1 billion data center in East Tulsa at Fair Oaks Innovation Park, with more than $25 million in local infrastructure improvements and major industrial investment momentum.","No street, corridor, neighborhood, or ZIP overlap found",High
34300-03-32-14720,No Clear Match,Fair Oaks Innovation Park,Meta Tulsa Data Center at Fair Oaks Innovation Park,Industrial/Data Center,High,https://partnertulsa.org/meta-breaks-ground-on-new-1-billion-data-center-in-tulsa/,Meta Breaks Ground on New $1 Billion Data Center in Tulsa - PartnerTulsa,"Meta broke ground on a more than $1 billion data center in East Tulsa at Fair Oaks Innovation Park, with more than $25 million in local infrastructure improvements and major industrial investment momentum.","No street, corridor, neighborhood, or ZIP overlap found",High
49725-03-34-14590,No Clear Match,Fair Oaks Innovation Park,Meta Tulsa Data Center at Fair Oaks Innovation Park,Industrial/Data Center,High,https://partnertulsa.org/meta-breaks-ground-on-new-1-billion-data-center-in-tulsa/,Meta Breaks Ground on New $1 Billion Data Center in Tulsa - PartnerTulsa,"Meta broke ground on a more than $1 billion data center in East Tulsa at Fair Oaks Innovation Park, with more than $25 million in local infrastructure improvements and major industrial investment momentum.","No street, corridor, neighborhood, or ZIP overlap found",High
07725-02-13-02870,No Clear Match,Fair Oaks Innovation Park,Meta Tulsa Data Center at Fair Oaks Innovation Park,Industrial/Data Center,High,https://partnertulsa.org/meta-breaks-ground-on-new-1-billion-data-center-in-tulsa/,Meta Breaks Ground on New $1 Billion Data Center in Tulsa - PartnerTulsa,"Meta broke ground on a more than $1 billion data center in East Tulsa at Fair Oaks Innovation Park, with more than $25 million in local infrastructure improvements and major industrial investment momentum.","No street, corridor, neighborhood, or ZIP overlap found",High
63125-91-11-15420,No Clear Match,Fair Oaks Innovation Park,Meta Tulsa Data Center at Fair Oaks Innovation Park,Industrial/Data Center,High,https://partnertulsa.org/meta-breaks-ground-on-new-1-billion-data-center-in-tulsa/,Meta Breaks Ground on New $1 Billion Data Center in Tulsa - PartnerTulsa,"Meta broke ground on a more than $1 billion data center in East Tulsa at Fair Oaks Innovation Park, with more than $25 million in local infrastructure improvements and major industrial investment momentum.","No street, corridor, neighborhood, or ZIP overlap found",High
99203-92-03-14350,No Clear Match,Fair Oaks Innovation Park,Meta Tulsa Data Center at Fair Oaks Innovation Park,Industrial/Data Center,High,https://partnertulsa.org/meta-breaks-ground-on-new-1-billion-data-center-in-tulsa/,Meta Breaks Ground on New $1 Billion Data Center in Tulsa - PartnerTulsa,"Meta broke ground on a more than $1 billion data center in East Tulsa at Fair Oaks Innovation Park, with more than $25 million in local infrastructure improvements and major industrial investment momentum.","No street, corridor, neighborhood, or ZIP overlap found",High
23125-02-25-14790,No Clear Match,Fair Oaks Innovation Park,Meta Tulsa Data Center at Fair Oaks Innovation Park,Industrial/Data Center,High,https://partnertulsa.org/meta-breaks-ground-on-new-1-billion-data-center-in-tulsa/,Meta Breaks Ground on New $1 Billion Data Center in Tulsa - PartnerTulsa,"Meta broke ground on a more than $1 billion data center in East Tulsa at Fair Oaks Innovation Park, with more than $25 million in local infrastructure improvements and major industrial investment momentum.","No street, corridor, neighborhood, or ZIP overlap found",High
37800-93-02-09080,No Clear Match,Fair Oaks Innovation Park,Meta Tulsa Data Center at Fair Oaks Innovation Park,Industrial/Data Center,High,https://partnertulsa.org/meta-breaks-ground-on-new-1-billion-data-center-in-tulsa/,Meta Breaks Ground on New $1 Billion Data Center in Tulsa - PartnerTulsa,"Meta broke ground on a more than $1 billion data center in East Tulsa at Fair Oaks Innovation Park, with more than $25 million in local infrastructure improvements and major industrial investment momentum.","No street, corridor, neighborhood, or ZIP overlap found",High
15125-03-33-05670,No Clear Match,Fair Oaks Innovation Park,Meta Tulsa Data Center at Fair Oaks Innovation Park,Industrial/Data Center,High,https://partnertulsa.org/meta-breaks-ground-on-new-1-billion-data-center-in-tulsa/,Meta Breaks Ground on New $1 Billion Data Center in Tulsa - PartnerTulsa,"Meta broke ground on a more than $1 billion data center in East Tulsa at Fair Oaks Innovation Park, with more than $25 million in local infrastructure improvements and major industrial investment momentum.","No street, corridor, neighborhood, or ZIP overlap found",High
26825-93-01-08300,No Clear Match,Fair Oaks Innovation Park,Meta Tulsa Data Center at Fair Oaks Innovation Park,Industrial/Data Center,High,https://partnertulsa.org/meta-breaks-ground-on-new-1-billion-data-center-in-tulsa/,Meta Breaks Ground on New $1 Billion Data Center in Tulsa - PartnerTulsa,"Meta broke ground on a more than $1 billion data center in East Tulsa at Fair Oaks Innovation Park, with more than $25 million in local infrastructure improvements and major industrial investment momentum.","No street, corridor, neighborhood, or ZIP overlap found",High
26825-93-01-07370,No Clear Match,Fair Oaks Innovation Park,Meta Tulsa Data Center at Fair Oaks Innovation Park,Industrial/Data Center,High,https://partnertulsa.org/meta-breaks-ground-on-new-1-billion-data-center-in-tulsa/,Meta Breaks Ground on New $1 Billion Data Center in Tulsa - PartnerTulsa,"Meta broke ground on a more than $1 billion data center in East Tulsa at Fair Oaks Innovation Park, with more than $25 million in local infrastructure improvements and major industrial investment momentum.","No street, corridor, neighborhood, or ZIP overlap found",High
36525-94-02-01380,No Clear Match,Fair Oaks Innovation Park,Meta Tulsa Data Center at Fair Oaks Innovation Park,Industrial/Data Center,High,https://partnertulsa.org/meta-breaks-ground-on-new-1-billion-data-center-in-tulsa/,Meta Breaks Ground on New $1 Billion Data Center in Tulsa - PartnerTulsa,"Meta broke ground on a more than $1 billion data center in East Tulsa at Fair Oaks Innovation Park, with more than $25 million in local infrastructure improvements and major industrial investment momentum.","No street, corridor, neighborhood, or ZIP overlap found",High
20300-92-03-05240,No Clear Match,Fair Oaks Innovation Park,Meta Tulsa Data Center at Fair Oaks Innovation Park,Industrial/Data Center,High,https://partnertulsa.org/meta-breaks-ground-on-new-1-billion-data-center-in-tulsa/,Meta Breaks Ground on New $1 Billion Data Center in Tulsa - PartnerTulsa,"Meta broke ground on a more than $1 billion data center in East Tulsa at Fair Oaks Innovation Park, with more than $25 million in local infrastructure improvements and major industrial investment momentum.","No street, corridor, neighborhood, or ZIP overlap found",High
91225-12-25-41510,Strong Match,Fair Oaks Innovation Park,Meta Tulsa Data Center at Fair Oaks Innovation Park,Industrial/Data Center,High,https://partnertulsa.org/meta-breaks-ground-on-new-1-billion-data-center-in-tulsa/,Meta Breaks Ground on New $1 Billion Data Center in Tulsa - PartnerTulsa,"Meta broke ground on a more than $1 billion data center in East Tulsa at Fair Oaks Innovation Park, with more than $25 million in local infrastructure improvements and major industrial investment momentum.",Street/corridor token overlap: TULSA,High
91236-12-36-50430,Strong Match,Fair Oaks Innovation Park,Meta Tulsa Data Center at Fair Oaks Innovation Park,Industrial/Data Center,High,https://partnertulsa.org/meta-breaks-ground-on-new-1-billion-data-center-in-tulsa/,Meta Breaks Ground on New $1 Billion Data Center in Tulsa - PartnerTulsa,"Meta broke ground on a more than $1 billion data center in East Tulsa at Fair Oaks Innovation Park, with more than $25 million in local infrastructure improvements and major industrial investment momentum.",Street/corridor token overlap: TULSA,High
43925-03-35-15210,No Clear Match,Fair Oaks Innovation Park,Meta Tulsa Data Center at Fair Oaks Innovation Park,Industrial/Data Center,High,https://partnertulsa.org/meta-breaks-ground-on-new-1-billion-data-center-in-tulsa/,Meta Breaks Ground on New $1 Billion Data Center in Tulsa - PartnerTulsa,"Meta broke ground on a more than $1 billion data center in East Tulsa at Fair Oaks Innovation Park, with more than $25 million in local infrastructure improvements and major industrial investment momentum.","No street, corridor, neighborhood, or ZIP overlap found",High
99229-92-29-38016,Strong Match,Fair Oaks Innovation Park,Meta Tulsa Data Center at Fair Oaks Innovation Park,Industrial/Data Center,High,https://partnertulsa.org/meta-breaks-ground-on-new-1-billion-data-center-in-tulsa/,Meta Breaks Ground on New $1 Billion Data Center in Tulsa - PartnerTulsa,"Meta broke ground on a more than $1 billion data center in East Tulsa at Fair Oaks Innovation Park, with more than $25 million in local infrastructure improvements and major industrial investment momentum.",Street/corridor token overlap: TULSA,High
29350-03-07-02400,No Clear Match,Fair Oaks Innovation Park,Meta Tulsa Data Center at Fair Oaks Innovation Park,Industrial/Data Center,High,https://partnertulsa.org/meta-breaks-ground-on-new-1-billion-data-center-in-tulsa/,Meta Breaks Ground on New $1 Billion Data Center in Tulsa - PartnerTulsa,"Meta broke ground on a more than $1 billion data center in East Tulsa at Fair Oaks Innovation Park, with more than $25 million in local infrastructure improvements and major industrial investment momentum.","No street, corridor, neighborhood, or ZIP overlap found",High
44250-02-12-14150,No Clear Match,Fair Oaks Innovation Park,Meta Tulsa Data Center at Fair Oaks Innovation Park,Industrial/Data Center,High,https://partnertulsa.org/meta-breaks-ground-on-new-1-billion-data-center-in-tulsa/,Meta Breaks Ground on New $1 Billion Data Center in Tulsa - PartnerTulsa,"Meta broke ground on a more than $1 billion data center in East Tulsa at Fair Oaks Innovation Park, with more than $25 million in local infrastructure improvements and major industrial investment momentum.","No street, corridor, neighborhood, or ZIP overlap found",High
35900-03-30-15790,No Clear Match,Fair Oaks Innovation Park,Meta Tulsa Data Center at Fair Oaks Innovation Park,Industrial/Data Center,High,https://partnertulsa.org/meta-breaks-ground-on-new-1-billion-data-center-in-tulsa/,Meta Breaks Ground on New $1 Billion Data Center in Tulsa - PartnerTulsa,"Meta broke ground on a more than $1 billion data center in East Tulsa at Fair Oaks Innovation Park, with more than $25 million in local infrastructure improvements and major industrial investment momentum.","No street, corridor, neighborhood, or ZIP overlap found",High
44200-02-11-01560,No Clear Match,Fair Oaks Innovation Park,Meta Tulsa Data Center at Fair Oaks Innovation Park,Industrial/Data Center,High,https://partnertulsa.org/meta-breaks-ground-on-new-1-billion-data-center-in-tulsa/,Meta Breaks Ground on New $1 Billion Data Center in Tulsa - PartnerTulsa,"Meta broke ground on a more than $1 billion data center in East Tulsa at Fair Oaks Innovation Park, with more than $25 million in local infrastructure improvements and major industrial investment momentum.","No street, corridor, neighborhood, or ZIP overlap found",High
27775-03-36-02105,No Clear Match,Fair Oaks Innovation Park,Meta Tulsa Data Center at Fair Oaks Innovation Park,Industrial/Data Center,High,https://partnertulsa.org/meta-breaks-ground-on-new-1-billion-data-center-in-tulsa/,Meta Breaks Ground on New $1 Billion Data Center in Tulsa - PartnerTulsa,"Meta broke ground on a more than $1 billion data center in East Tulsa at Fair Oaks Innovation Park, with more than $25 million in local infrastructure improvements and major industrial investment momentum.","No street, corridor, neighborhood, or ZIP overlap found",High
35900-03-30-15590,No Clear Match,Fair Oaks Innovation Park,Meta Tulsa Data Center at Fair Oaks Innovation Park,Industrial/Data Center,High,https://partnertulsa.org/meta-breaks-ground-on-new-1-billion-data-center-in-tulsa/,Meta Breaks Ground on New $1 Billion Data Center in Tulsa - PartnerTulsa,"Meta broke ground on a more than $1 billion data center in East Tulsa at Fair Oaks Innovation Park, with more than $25 million in local infrastructure improvements and major industrial investment momentum.","No street, corridor, neighborhood, or ZIP overlap found",High
40825-02-13-09510,No Clear Match,Fair Oaks Innovation Park,Meta Tulsa Data Center at Fair Oaks Innovation Park,Industrial/Data Center,High,https://partnertulsa.org/meta-breaks-ground-on-new-1-billion-data-center-in-tulsa/,Meta Breaks Ground on New $1 Billion Data Center in Tulsa - PartnerTulsa,"Meta broke ground on a more than $1 billion data center in East Tulsa at Fair Oaks Innovation Park, with more than $25 million in local infrastructure improvements and major industrial investment momentum.","No street, corridor, neighborhood, or ZIP overlap found",High
23900-03-27-09230,No Clear Match,Fair Oaks Innovation Park,Meta Tulsa Data Center at Fair Oaks Innovation Park,Industrial/Data Center,High,https://partnertulsa.org/meta-breaks-ground-on-new-1-billion-data-center-in-tulsa/,Meta Breaks Ground on New $1 Billion Data Center in Tulsa - PartnerTulsa,"Meta broke ground on a more than $1 billion data center in East Tulsa at Fair Oaks Innovation Park, with more than $25 million in local infrastructure improvements and major industrial investment momentum.","No street, corridor, neighborhood, or ZIP overlap found",High
30200-02-26-07080,No Clear Match,Fair Oaks Innovation Park,Meta Tulsa Data Center at Fair Oaks Innovation Park,Industrial/Data Center,High,https://partnertulsa.org/meta-breaks-ground-on-new-1-billion-data-center-in-tulsa/,Meta Breaks Ground on New $1 Billion Data Center in Tulsa - PartnerTulsa,"Meta broke ground on a more than $1 billion data center in East Tulsa at Fair Oaks Innovation Park, with more than $25 million in local infrastructure improvements and major industrial investment momentum.","No street, corridor, neighborhood, or ZIP overlap found",High
25650-03-34-12590,No Clear Match,Fair Oaks Innovation Park,Meta Tulsa Data Center at Fair Oaks Innovation Park,Industrial/Data Center,High,https://partnertulsa.org/meta-breaks-ground-on-new-1-billion-data-center-in-tulsa/,Meta Breaks Ground on New $1 Billion Data Center in Tulsa - PartnerTulsa,"Meta broke ground on a more than $1 billion data center in East Tulsa at Fair Oaks Innovation Park, with more than $25 million in local infrastructure improvements and major industrial investment momentum.","No street, corridor, neighborhood, or ZIP overlap found",High
37050-03-35-12510,No Clear Match,Fair Oaks Innovation Park,Meta Tulsa Data Center at Fair Oaks Innovation Park,Industrial/Data Center,High,https://partnertulsa.org/meta-breaks-ground-on-new-1-billion-data-center-in-tulsa/,Meta Breaks Ground on New $1 Billion Data Center in Tulsa - PartnerTulsa,"Meta broke ground on a more than $1 billion data center in East Tulsa at Fair Oaks Innovation Park, with more than $25 million in local infrastructure improvements and major industrial investment momentum.","No street, corridor, neighborhood, or ZIP overlap found",High
34300-03-32-15710,No Clear Match,Fair Oaks Innovation Park,Meta Tulsa Data Center at Fair Oaks Innovation Park,Industrial/Data Center,High,https://partnertulsa.org/meta-breaks-ground-on-new-1-billion-data-center-in-tulsa/,Meta Breaks Ground on New $1 Billion Data Center in Tulsa - PartnerTulsa,"Meta broke ground on a more than $1 billion data center in East Tulsa at Fair Oaks Innovation Park, with more than $25 million in local infrastructure improvements and major industrial investment momentum.","No street, corridor, neighborhood, or ZIP overlap found",High
19650-03-35-06970,No Clear Match,Fair Oaks Innovation Park,Meta Tulsa Data Center at Fair Oaks Innovation Park,Industrial/Data Center,High,https://partnertulsa.org/meta-breaks-ground-on-new-1-billion-data-center-in-tulsa/,Meta Breaks Ground on New $1 Billion Data Center in Tulsa - PartnerTulsa,"Meta broke ground on a more than $1 billion data center in East Tulsa at Fair Oaks Innovation Park, with more than $25 million in local infrastructure improvements and major industrial investment momentum.","No street, corridor, neighborhood, or ZIP overlap found",High
41675-03-35-13900,No Clear Match,Fair Oaks Innovation Park,Meta Tulsa Data Center at Fair Oaks Innovation Park,Industrial/Data Center,High,https://partnertulsa.org/meta-breaks-ground-on-new-1-billion-data-center-in-tulsa/,Meta Breaks Ground on New $1 Billion Data Center in Tulsa - PartnerTulsa,"Meta broke ground on a more than $1 billion data center in East Tulsa at Fair Oaks Innovation Park, with more than $25 million in local infrastructure improvements and major industrial investment momentum.","No street, corridor, neighborhood, or ZIP overlap found",High
37800-93-02-09760,No Clear Match,Fair Oaks Innovation Park,Meta Tulsa Data Center at Fair Oaks Innovation Park,Industrial/Data Center,High,https://partnertulsa.org/meta-breaks-ground-on-new-1-billion-data-center-in-tulsa/,Meta Breaks Ground on New $1 Billion Data Center in Tulsa - PartnerTulsa,"Meta broke ground on a more than $1 billion data center in East Tulsa at Fair Oaks Innovation Park, with more than $25 million in local infrastructure improvements and major industrial investment momentum.","No street, corridor, neighborhood, or ZIP overlap found",High
53725-02-01-03030,Strong Match,Fair Oaks Innovation Park,Meta Tulsa Data Center at Fair Oaks Innovation Park,Industrial/Data Center,High,https://partnertulsa.org/meta-breaks-ground-on-new-1-billion-data-center-in-tulsa/,Meta Breaks Ground on New $1 Billion Data Center in Tulsa - PartnerTulsa,"Meta broke ground on a more than $1 billion data center in East Tulsa at Fair Oaks Innovation Park, with more than $25 million in local infrastructure improvements and major industrial investment momentum.",Street/corridor token overlap: TULSA,High
10225-93-02-04460,No Clear Match,Fair Oaks Innovation Park,Meta Tulsa Data Center at Fair Oaks Innovation Park,Industrial/Data Center,High,https://partnertulsa.org/meta-breaks-ground-on-new-1-billion-data-center-in-tulsa/,Meta Breaks Ground on New $1 Billion Data Center in Tulsa - PartnerTulsa,"Meta broke ground on a more than $1 billion data center in East Tulsa at Fair Oaks Innovation Park, with more than $25 million in local infrastructure improvements and major industrial investment momentum.","No street, corridor, neighborhood, or ZIP overlap found",High
02400-03-32-00700,No Clear Match,Fair Oaks Innovation Park,Meta Tulsa Data Center at Fair Oaks Innovation Park,Industrial/Data Center,High,https://partnertulsa.org/meta-breaks-ground-on-new-1-billion-data-center-in-tulsa/,Meta Breaks Ground on New $1 Billion Data Center in Tulsa - PartnerTulsa,"Meta broke ground on a more than $1 billion data center in East Tulsa at Fair Oaks Innovation Park, with more than $25 million in local infrastructure improvements and major industrial investment momentum.","No street, corridor, neighborhood, or ZIP overlap found",High
12875-94-08-06230,No Clear Match,Fair Oaks Innovation Park,Meta Tulsa Data Center at Fair Oaks Innovation Park,Industrial/Data Center,High,https://partnertulsa.org/meta-breaks-ground-on-new-1-billion-data-center-in-tulsa/,Meta Breaks Ground on New $1 Billion Data Center in Tulsa - PartnerTulsa,"Meta broke ground on a more than $1 billion data center in East Tulsa at Fair Oaks Innovation Park, with more than $25 million in local infrastructure improvements and major industrial investment momentum.","No street, corridor, neighborhood, or ZIP overlap found",High
79600-84-11-12350,No Clear Match,Fair Oaks Innovation Park,Meta Tulsa Data Center at Fair Oaks Innovation Park,Industrial/Data Center,High,https://partnertulsa.org/meta-breaks-ground-on-new-1-billion-data-center-in-tulsa/,Meta Breaks Ground on New $1 Billion Data Center in Tulsa - PartnerTulsa,"Meta broke ground on a more than $1 billion data center in East Tulsa at Fair Oaks Innovation Park, with more than $25 million in local infrastructure improvements and major industrial investment momentum.","No street, corridor, neighborhood, or ZIP overlap found",High
29675-03-07-10040,No Clear Match,Fair Oaks Innovation Park,Meta Tulsa Data Center at Fair Oaks Innovation Park,Industrial/Data Center,High,https://partnertulsa.org/meta-breaks-ground-on-new-1-billion-data-center-in-tulsa/,Meta Breaks Ground on New $1 Billion Data Center in Tulsa - PartnerTulsa,"Meta broke ground on a more than $1 billion data center in East Tulsa at Fair Oaks Innovation Park, with more than $25 million in local infrastructure improvements and major industrial investment momentum.","No street, corridor, neighborhood, or ZIP overlap found",High
25200-03-35-07780,No Clear Match,Fair Oaks Innovation Park,Meta Tulsa Data Center at Fair Oaks Innovation Park,Industrial/Data Center,High,https://partnertulsa.org/meta-breaks-ground-on-new-1-billion-data-center-in-tulsa/,Meta Breaks Ground on New $1 Billion Data Center in Tulsa - PartnerTulsa,"Meta broke ground on a more than $1 billion data center in East Tulsa at Fair Oaks Innovation Park, with more than $25 million in local infrastructure improvements and major industrial investment momentum.","No street, corridor, neighborhood, or ZIP overlap found",High
37800-93-02-09990,No Clear Match,Fair Oaks Innovation Park,Meta Tulsa Data Center at Fair Oaks Innovation Park,Industrial/Data Center,High,https://partnertulsa.org/meta-breaks-ground-on-new-1-billion-data-center-in-tulsa/,Meta Breaks Ground on New $1 Billion Data Center in Tulsa - PartnerTulsa,"Meta broke ground on a more than $1 billion data center in East Tulsa at Fair Oaks Innovation Park, with more than $25 million in local infrastructure improvements and major industrial investment momentum.","No street, corridor, neighborhood, or ZIP overlap found",High
25225-03-35-09460,No Clear Match,Fair Oaks Innovation Park,Meta Tulsa Data Center at Fair Oaks Innovation Park,Industrial/Data Center,High,https://partnertulsa.org/meta-breaks-ground-on-new-1-billion-data-center-in-tulsa/,Meta Breaks Ground on New $1 Billion Data Center in Tulsa - PartnerTulsa,"Meta broke ground on a more than $1 billion data center in East Tulsa at Fair Oaks Innovation Park, with more than $25 million in local infrastructure improvements and major industrial investment momentum.","No street, corridor, neighborhood, or ZIP overlap found",High
41650-03-35-13120,No Clear Match,Fair Oaks Innovation Park,Meta Tulsa Data Center at Fair Oaks Innovation Park,Industrial/Data Center,High,https://partnertulsa.org/meta-breaks-ground-on-new-1-billion-data-center-in-tulsa/,Meta Breaks Ground on New $1 Billion Data Center in Tulsa - PartnerTulsa,"Meta broke ground on a more than $1 billion data center in East Tulsa at Fair Oaks Innovation Park, with more than $25 million in local infrastructure improvements and major industrial investment momentum.","No street, corridor, neighborhood, or ZIP overlap found",High
42675-93-02-14170,No Clear Match,Fair Oaks Innovation Park,Meta Tulsa Data Center at Fair Oaks Innovation Park,Industrial/Data Center,High,https://partnertulsa.org/meta-breaks-ground-on-new-1-billion-data-center-in-tulsa/,Meta Breaks Ground on New $1 Billion Data Center in Tulsa - PartnerTulsa,"Meta broke ground on a more than $1 billion data center in East Tulsa at Fair Oaks Innovation Park, with more than $25 million in local infrastructure improvements and major industrial investment momentum.","No street, corridor, neighborhood, or ZIP overlap found",High
97424-74-24-21620,Strong Match,Fair Oaks Innovation Park,Meta Tulsa Data Center at Fair Oaks Innovation Park,Industrial/Data Center,High,https://partnertulsa.org/meta-breaks-ground-on-new-1-billion-data-center-in-tulsa/,Meta Breaks Ground on New $1 Billion Data Center in Tulsa - PartnerTulsa,"Meta broke ground on a more than $1 billion data center in East Tulsa at Fair Oaks Innovation Park, with more than $25 million in local infrastructure improvements and major industrial investment momentum.",Street/corridor token overlap: TULSA,High
11225-02-24-03490,No Clear Match,Fair Oaks Innovation Park,Meta Tulsa Data Center at Fair Oaks Innovation Park,Industrial/Data Center,High,https://partnertulsa.org/meta-breaks-ground-on-new-1-billion-data-center-in-tulsa/,Meta Breaks Ground on New $1 Billion Data Center in Tulsa - PartnerTulsa,"Meta broke ground on a more than $1 billion data center in East Tulsa at Fair Oaks Innovation Park, with more than $25 million in local infrastructure improvements and major industrial investment momentum.","No street, corridor, neighborhood, or ZIP overlap found",High
34600-93-25-02050,No Clear Match,Fair Oaks Innovation Park,Meta Tulsa Data Center at Fair Oaks Innovation Park,Industrial/Data Center,High,https://partnertulsa.org/meta-breaks-ground-on-new-1-billion-data-center-in-tulsa/,Meta Breaks Ground on New $1 Billion Data Center in Tulsa - PartnerTulsa,"Meta broke ground on a more than $1 billion data center in East Tulsa at Fair Oaks Innovation Park, with more than $25 million in local infrastructure improvements and major industrial investment momentum.","No street, corridor, neighborhood, or ZIP overlap found",High
37775-93-03-07050,No Clear Match,Fair Oaks Innovation Park,Meta Tulsa Data Center at Fair Oaks Innovation Park,Industrial/Data Center,High,https://partnertulsa.org/meta-breaks-ground-on-new-1-billion-data-center-in-tulsa/,Meta Breaks Ground on New $1 Billion Data Center in Tulsa - PartnerTulsa,"Meta broke ground on a more than $1 billion data center in East Tulsa at Fair Oaks Innovation Park, with more than $25 million in local infrastructure improvements and major industrial investment momentum.","No street, corridor, neighborhood, or ZIP overlap found",High
53450-02-01-01960,Strong Match,Fair Oaks Innovation Park,Meta Tulsa Data Center at Fair Oaks Innovation Park,Industrial/Data Center,High,https://partnertulsa.org/meta-breaks-ground-on-new-1-billion-data-center-in-tulsa/,Meta Breaks Ground on New $1 Billion Data Center in Tulsa - PartnerTulsa,"Meta broke ground on a more than $1 billion data center in East Tulsa at Fair Oaks Innovation Park, with more than $25 million in local infrastructure improvements and major industrial investment momentum.",Street/corridor token overlap: TULSA,High
00575-93-06-00950,No Clear Match,Fair Oaks Innovation Park,Meta Tulsa Data Center at Fair Oaks Innovation Park,Industrial/Data Center,High,https://partnertulsa.org/meta-breaks-ground-on-new-1-billion-data-center-in-tulsa/,Meta Breaks Ground on New $1 Billion Data Center in Tulsa - PartnerTulsa,"Meta broke ground on a more than $1 billion data center in East Tulsa at Fair Oaks Innovation Park, with more than $25 million in local infrastructure improvements and major industrial investment momentum.","No street, corridor, neighborhood, or ZIP overlap found",High
49800-03-34-14990,No Clear Match,Fair Oaks Innovation Park,Meta Tulsa Data Center at Fair Oaks Innovation Park,Industrial/Data Center,High,https://partnertulsa.org/meta-breaks-ground-on-new-1-billion-data-center-in-tulsa/,Meta Breaks Ground on New $1 Billion Data Center in Tulsa - PartnerTulsa,"Meta broke ground on a more than $1 billion data center in East Tulsa at Fair Oaks Innovation Park, with more than $25 million in local infrastructure improvements and major industrial investment momentum.","No street, corridor, neighborhood, or ZIP overlap found",High
60513-73-08-70260,No Clear Match,Fair Oaks Innovation Park,Meta Tulsa Data Center at Fair Oaks Innovation Park,Industrial/Data Center,High,https://partnertulsa.org/meta-breaks-ground-on-new-1-billion-data-center-in-tulsa/,Meta Breaks Ground on New $1 Billion Data Center in Tulsa - PartnerTulsa,"Meta broke ground on a more than $1 billion data center in East Tulsa at Fair Oaks Innovation Park, with more than $25 million in local infrastructure improvements and major industrial investment momentum.","No street, corridor, neighborhood, or ZIP overlap found",High
07410-94-07-23780,No Clear Match,Fair Oaks Innovation Park,Meta Tulsa Data Center at Fair Oaks Innovation Park,Industrial/Data Center,High,https://partnertulsa.org/meta-breaks-ground-on-new-1-billion-data-center-in-tulsa/,Meta Breaks Ground on New $1 Billion Data Center in Tulsa - PartnerTulsa,"Meta broke ground on a more than $1 billion data center in East Tulsa at Fair Oaks Innovation Park, with more than $25 million in local infrastructure improvements and major industrial investment momentum.","No street, corridor, neighborhood, or ZIP overlap found",High
90212-02-12-25800,No Clear Match,Fair Oaks Innovation Park,Meta Tulsa Data Center at Fair Oaks Innovation Park,Industrial/Data Center,High,https://partnertulsa.org/meta-breaks-ground-on-new-1-billion-data-center-in-tulsa/,Meta Breaks Ground on New $1 Billion Data Center in Tulsa - PartnerTulsa,"Meta broke ground on a more than $1 billion data center in East Tulsa at Fair Oaks Innovation Park, with more than $25 million in local infrastructure improvements and major industrial investment momentum.","No street, corridor, neighborhood, or ZIP overlap found",High
22100-92-28-02330,No Clear Match,Fair Oaks Innovation Park,Meta Tulsa Data Center at Fair Oaks Innovation Park,Industrial/Data Center,High,https://partnertulsa.org/meta-breaks-ground-on-new-1-billion-data-center-in-tulsa/,Meta Breaks Ground on New $1 Billion Data Center in Tulsa - PartnerTulsa,"Meta broke ground on a more than $1 billion data center in East Tulsa at Fair Oaks Innovation Park, with more than $25 million in local infrastructure improvements and major industrial investment momentum.","No street, corridor, neighborhood, or ZIP overlap found",High
44325-03-36-03990,No Clear Match,Fair Oaks Innovation Park,Meta Tulsa Data Center at Fair Oaks Innovation Park,Industrial/Data Center,High,https://partnertulsa.org/meta-breaks-ground-on-new-1-billion-data-center-in-tulsa/,Meta Breaks Ground on New $1 Billion Data Center in Tulsa - PartnerTulsa,"Meta broke ground on a more than $1 billion data center in East Tulsa at Fair Oaks Innovation Park, with more than $25 million in local infrastructure improvements and major industrial investment momentum.","No street, corridor, neighborhood, or ZIP overlap found",High
25150-03-34-10030,No Clear Match,Fair Oaks Innovation Park,Meta Tulsa Data Center at Fair Oaks Innovation Park,Industrial/Data Center,High,https://partnertulsa.org/meta-breaks-ground-on-new-1-billion-data-center-in-tulsa/,Meta Breaks Ground on New $1 Billion Data Center in Tulsa - PartnerTulsa,"Meta broke ground on a more than $1 billion data center in East Tulsa at Fair Oaks Innovation Park, with more than $25 million in local infrastructure improvements and major industrial investment momentum.","No street, corridor, neighborhood, or ZIP overlap found",High
09000-92-27-06570,No Clear Match,Fair Oaks Innovation Park,Meta Tulsa Data Center at Fair Oaks Innovation Park,Industrial/Data Center,High,https://partnertulsa.org/meta-breaks-ground-on-new-1-billion-data-center-in-tulsa/,Meta Breaks Ground on New $1 Billion Data Center in Tulsa - PartnerTulsa,"Meta broke ground on a more than $1 billion data center in East Tulsa at Fair Oaks Innovation Park, with more than $25 million in local infrastructure improvements and major industrial investment momentum.","No street, corridor, neighborhood, or ZIP overlap found",High
46825-03-33-18040,No Clear Match,Fair Oaks Innovation Park,Meta Tulsa Data Center at Fair Oaks Innovation Park,Industrial/Data Center,High,https://partnertulsa.org/meta-breaks-ground-on-new-1-billion-data-center-in-tulsa/,Meta Breaks Ground on New $1 Billion Data Center in Tulsa - PartnerTulsa,"Meta broke ground on a more than $1 billion data center in East Tulsa at Fair Oaks Innovation Park, with more than $25 million in local infrastructure improvements and major industrial investment momentum.","No street, corridor, neighborhood, or ZIP overlap found",High
43800-93-04-19370,No Clear Match,Fair Oaks Innovation Park,Meta Tulsa Data Center at Fair Oaks Innovation Park,Industrial/Data Center,High,https://partnertulsa.org/meta-breaks-ground-on-new-1-billion-data-center-in-tulsa/,Meta Breaks Ground on New $1 Billion Data Center in Tulsa - PartnerTulsa,"Meta broke ground on a more than $1 billion data center in East Tulsa at Fair Oaks Innovation Park, with more than $25 million in local infrastructure improvements and major industrial investment momentum.","No street, corridor, neighborhood, or ZIP overlap found",High
36150-93-04-13930,No Clear Match,Fair Oaks Innovation Park,Meta Tulsa Data Center at Fair Oaks Innovation Park,Industrial/Data Center,High,https://partnertulsa.org/meta-breaks-ground-on-new-1-billion-data-center-in-tulsa/,Meta Breaks Ground on New $1 Billion Data Center in Tulsa - PartnerTulsa,"Meta broke ground on a more than $1 billion data center in East Tulsa at Fair Oaks Innovation Park, with more than $25 million in local infrastructure improvements and major industrial investment momentum.","No street, corridor, neighborhood, or ZIP overlap found",High
78810-84-11-09060,No Clear Match,Fair Oaks Innovation Park,Meta Tulsa Data Center at Fair Oaks Innovation Park,Industrial/Data Center,High,https://partnertulsa.org/meta-breaks-ground-on-new-1-billion-data-center-in-tulsa/,Meta Breaks Ground on New $1 Billion Data Center in Tulsa - PartnerTulsa,"Meta broke ground on a more than $1 billion data center in East Tulsa at Fair Oaks Innovation Park, with more than $25 million in local infrastructure improvements and major industrial investment momentum.","No street, corridor, neighborhood, or ZIP overlap found",High
25050-03-34-03580,No Clear Match,Fair Oaks Innovation Park,Meta Tulsa Data Center at Fair Oaks Innovation Park,Industrial/Data Center,High,https://partnertulsa.org/meta-breaks-ground-on-new-1-billion-data-center-in-tulsa/,Meta Breaks Ground on New $1 Billion Data Center in Tulsa - PartnerTulsa,"Meta broke ground on a more than $1 billion data center in East Tulsa at Fair Oaks Innovation Park, with more than $25 million in local infrastructure improvements and major industrial investment momentum.","No street, corridor, neighborhood, or ZIP overlap found",High
27775-03-36-02215,No Clear Match,Fair Oaks Innovation Park,Meta Tulsa Data Center at Fair Oaks Innovation Park,Industrial/Data Center,High,https://partnertulsa.org/meta-breaks-ground-on-new-1-billion-data-center-in-tulsa/,Meta Breaks Ground on New $1 Billion Data Center in Tulsa - PartnerTulsa,"Meta broke ground on a more than $1 billion data center in East Tulsa at Fair Oaks Innovation Park, with more than $25 million in local infrastructure improvements and major industrial investment momentum.","No street, corridor, neighborhood, or ZIP overlap found",High
63725-12-13-01130,No Clear Match,Fair Oaks Innovation Park,Meta Tulsa Data Center at Fair Oaks Innovation Park,Industrial/Data Center,High,https://partnertulsa.org/meta-breaks-ground-on-new-1-billion-data-center-in-tulsa/,Meta Breaks Ground on New $1 Billion Data Center in Tulsa - PartnerTulsa,"Meta broke ground on a more than $1 billion data center in East Tulsa at Fair Oaks Innovation Park, with more than $25 million in local infrastructure improvements and major industrial investment momentum.","No street, corridor, neighborhood, or ZIP overlap found",High
54675-92-05-05450,Strong Match,Fair Oaks Innovation Park,Meta Tulsa Data Center at Fair Oaks Innovation Park,Industrial/Data Center,High,https://partnertulsa.org/meta-breaks-ground-on-new-1-billion-data-center-in-tulsa/,Meta Breaks Ground on New $1 Billion Data Center in Tulsa - PartnerTulsa,"Meta broke ground on a more than $1 billion data center in East Tulsa at Fair Oaks Innovation Park, with more than $25 million in local infrastructure improvements and major industrial investment momentum.",Street/corridor token overlap: TULSA,High
18550-93-05-13060,No Clear Match,Fair Oaks Innovation Park,Meta Tulsa Data Center at Fair Oaks Innovation Park,Industrial/Data Center,High,https://partnertulsa.org/meta-breaks-ground-on-new-1-billion-data-center-in-tulsa/,Meta Breaks Ground on New $1 Billion Data Center in Tulsa - PartnerTulsa,"Meta broke ground on a more than $1 billion data center in East Tulsa at Fair Oaks Innovation Park, with more than $25 million in local infrastructure improvements and major industrial investment momentum.","No street, corridor, neighborhood, or ZIP overlap found",High
29775-02-26-05800,No Clear Match,Fair Oaks Innovation Park,Meta Tulsa Data Center at Fair Oaks Innovation Park,Industrial/Data Center,High,https://partnertulsa.org/meta-breaks-ground-on-new-1-billion-data-center-in-tulsa/,Meta Breaks Ground on New $1 Billion Data Center in Tulsa - PartnerTulsa,"Meta broke ground on a more than $1 billion data center in East Tulsa at Fair Oaks Innovation Park, with more than $25 million in local infrastructure improvements and major industrial investment momentum.","No street, corridor, neighborhood, or ZIP overlap found",High
05075-93-24-08770,No Clear Match,Fair Oaks Innovation Park,Meta Tulsa Data Center at Fair Oaks Innovation Park,Industrial/Data Center,High,https://partnertulsa.org/meta-breaks-ground-on-new-1-billion-data-center-in-tulsa/,Meta Breaks Ground on New $1 Billion Data Center in Tulsa - PartnerTulsa,"Meta broke ground on a more than $1 billion data center in East Tulsa at Fair Oaks Innovation Park, with more than $25 million in local infrastructure improvements and major industrial investment momentum.","No street, corridor, neighborhood, or ZIP overlap found",High
13775-02-12-01430,No Clear Match,Fair Oaks Innovation Park,Meta Tulsa Data Center at Fair Oaks Innovation Park,Industrial/Data Center,High,https://partnertulsa.org/meta-breaks-ground-on-new-1-billion-data-center-in-tulsa/,Meta Breaks Ground on New $1 Billion Data Center in Tulsa - PartnerTulsa,"Meta broke ground on a more than $1 billion data center in East Tulsa at Fair Oaks Innovation Park, with more than $25 million in local infrastructure improvements and major industrial investment momentum.","No street, corridor, neighborhood, or ZIP overlap found",High
57370-72-13-63370,No Clear Match,Fair Oaks Innovation Park,Meta Tulsa Data Center at Fair Oaks Innovation Park,Industrial/Data Center,High,https://partnertulsa.org/meta-breaks-ground-on-new-1-billion-data-center-in-tulsa/,Meta Breaks Ground on New $1 Billion Data Center in Tulsa - PartnerTulsa,"Meta broke ground on a more than $1 billion data center in East Tulsa at Fair Oaks Innovation Park, with more than $25 million in local infrastructure improvements and major industrial investment momentum.","No street, corridor, neighborhood, or ZIP overlap found",High
91407-14-07-52320,No Clear Match,Fair Oaks Innovation Park,Meta Tulsa Data Center at Fair Oaks Innovation Park,Industrial/Data Center,High,https://partnertulsa.org/meta-breaks-ground-on-new-1-billion-data-center-in-tulsa/,Meta Breaks Ground on New $1 Billion Data Center in Tulsa - PartnerTulsa,"Meta broke ground on a more than $1 billion data center in East Tulsa at Fair Oaks Innovation Park, with more than $25 million in local infrastructure improvements and major industrial investment momentum.","No street, corridor, neighborhood, or ZIP overlap found",High
19275-03-34-02480,No Clear Match,Fair Oaks Innovation Park,Meta Tulsa Data Center at Fair Oaks Innovation Park,Industrial/Data Center,High,https://partnertulsa.org/meta-breaks-ground-on-new-1-billion-data-center-in-tulsa/,Meta Breaks Ground on New $1 Billion Data Center in Tulsa - PartnerTulsa,"Meta broke ground on a more than $1 billion data center in East Tulsa at Fair Oaks Innovation Park, with more than $25 million in local infrastructure improvements and major industrial investment momentum.","No street, corridor, neighborhood, or ZIP overlap found",High
17950-92-04-05170,No Clear Match,Fair Oaks Innovation Park,Meta Tulsa Data Center at Fair Oaks Innovation Park,Industrial/Data Center,High,https://partnertulsa.org/meta-breaks-ground-on-new-1-billion-data-center-in-tulsa/,Meta Breaks Ground on New $1 Billion Data Center in Tulsa - PartnerTulsa,"Meta broke ground on a more than $1 billion data center in East Tulsa at Fair Oaks Innovation Park, with more than $25 million in local infrastructure improvements and major industrial investment momentum.","No street, corridor, neighborhood, or ZIP overlap found",High
62075-91-11-09360,No Clear Match,Fair Oaks Innovation Park,Meta Tulsa Data Center at Fair Oaks Innovation Park,Industrial/Data Center,High,https://partnertulsa.org/meta-breaks-ground-on-new-1-billion-data-center-in-tulsa/,Meta Breaks Ground on New $1 Billion Data Center in Tulsa - PartnerTulsa,"Meta broke ground on a more than $1 billion data center in East Tulsa at Fair Oaks Innovation Park, with more than $25 million in local infrastructure improvements and major industrial investment momentum.","No street, corridor, neighborhood, or ZIP overlap found",High
17925-92-04-04250,No Clear Match,Fair Oaks Innovation Park,Meta Tulsa Data Center at Fair Oaks Innovation Park,Industrial/Data Center,High,https://partnertulsa.org/meta-breaks-ground-on-new-1-billion-data-center-in-tulsa/,Meta Breaks Ground on New $1 Billion Data Center in Tulsa - PartnerTulsa,"Meta broke ground on a more than $1 billion data center in East Tulsa at Fair Oaks Innovation Park, with more than $25 million in local infrastructure improvements and major industrial investment momentum.","No street, corridor, neighborhood, or ZIP overlap found",High
06625-92-27-02490,No Clear Match,Fair Oaks Innovation Park,Meta Tulsa Data Center at Fair Oaks Innovation Park,Industrial/Data Center,High,https://partnertulsa.org/meta-breaks-ground-on-new-1-billion-data-center-in-tulsa/,Meta Breaks Ground on New $1 Billion Data Center in Tulsa - PartnerTulsa,"Meta broke ground on a more than $1 billion data center in East Tulsa at Fair Oaks Innovation Park, with more than $25 million in local infrastructure improvements and major industrial investment momentum.","No street, corridor, neighborhood, or ZIP overlap found",High
45450-94-06-10580,No Clear Match,Fair Oaks Innovation Park,Meta Tulsa Data Center at Fair Oaks Innovation Park,Industrial/Data Center,High,https://partnertulsa.org/meta-breaks-ground-on-new-1-billion-data-center-in-tulsa/,Meta Breaks Ground on New $1 Billion Data Center in Tulsa - PartnerTulsa,"Meta broke ground on a more than $1 billion data center in East Tulsa at Fair Oaks Innovation Park, with more than $25 million in local infrastructure improvements and major industrial investment momentum.","No street, corridor, neighborhood, or ZIP overlap found",High
17025-02-36-12170,No Clear Match,Fair Oaks Innovation Park,Meta Tulsa Data Center at Fair Oaks Innovation Park,Industrial/Data Center,High,https://partnertulsa.org/meta-breaks-ground-on-new-1-billion-data-center-in-tulsa/,Meta Breaks Ground on New $1 Billion Data Center in Tulsa - PartnerTulsa,"Meta broke ground on a more than $1 billion data center in East Tulsa at Fair Oaks Innovation Park, with more than $25 million in local infrastructure improvements and major industrial investment momentum.","No street, corridor, neighborhood, or ZIP overlap found",High
40850-02-12-07500,No Clear Match,Fair Oaks Innovation Park,Meta Tulsa Data Center at Fair Oaks Innovation Park,Industrial/Data Center,High,https://partnertulsa.org/meta-breaks-ground-on-new-1-billion-data-center-in-tulsa/,Meta Breaks Ground on New $1 Billion Data Center in Tulsa - PartnerTulsa,"Meta broke ground on a more than $1 billion data center in East Tulsa at Fair Oaks Innovation Park, with more than $25 million in local infrastructure improvements and major industrial investment momentum.","No street, corridor, neighborhood, or ZIP overlap found",High
56600-92-20-00740,Strong Match,Fair Oaks Innovation Park,Meta Tulsa Data Center at Fair Oaks Innovation Park,Industrial/Data Center,High,https://partnertulsa.org/meta-breaks-ground-on-new-1-billion-data-center-in-tulsa/,Meta Breaks Ground on New $1 Billion Data Center in Tulsa - PartnerTulsa,"Meta broke ground on a more than $1 billion data center in East Tulsa at Fair Oaks Innovation Park, with more than $25 million in local infrastructure improvements and major industrial investment momentum.",Street/corridor token overlap: TULSA,High
04350-02-25-02620,No Clear Match,Fair Oaks Innovation Park,Meta Tulsa Data Center at Fair Oaks Innovation Park,Industrial/Data Center,High,https://partnertulsa.org/meta-breaks-ground-on-new-1-billion-data-center-in-tulsa/,Meta Breaks Ground on New $1 Billion Data Center in Tulsa - PartnerTulsa,"Meta broke ground on a more than $1 billion data center in East Tulsa at Fair Oaks Innovation Park, with more than $25 million in local infrastructure improvements and major industrial investment momentum.","No street, corridor, neighborhood, or ZIP overlap found",High
06100-02-26-00080,No Clear Match,Fair Oaks Innovation Park,Meta Tulsa Data Center at Fair Oaks Innovation Park,Industrial/Data Center,High,https://partnertulsa.org/meta-breaks-ground-on-new-1-billion-data-center-in-tulsa/,Meta Breaks Ground on New $1 Billion Data Center in Tulsa - PartnerTulsa,"Meta broke ground on a more than $1 billion data center in East Tulsa at Fair Oaks Innovation Park, with more than $25 million in local infrastructure improvements and major industrial investment momentum.","No street, corridor, neighborhood, or ZIP overlap found",High
91316-13-16-06510,Strong Match,Fair Oaks Innovation Park,Meta Tulsa Data Center at Fair Oaks Innovation Park,Industrial/Data Center,High,https://partnertulsa.org/meta-breaks-ground-on-new-1-billion-data-center-in-tulsa/,Meta Breaks Ground on New $1 Billion Data Center in Tulsa - PartnerTulsa,"Meta broke ground on a more than $1 billion data center in East Tulsa at Fair Oaks Innovation Park, with more than $25 million in local infrastructure improvements and major industrial investment momentum.",Street/corridor token overlap: TULSA,High
08375-03-29-02800,No Clear Match,Fair Oaks Innovation Park,Meta Tulsa Data Center at Fair Oaks Innovation Park,Industrial/Data Center,High,https://partnertulsa.org/meta-breaks-ground-on-new-1-billion-data-center-in-tulsa/,Meta Breaks Ground on New $1 Billion Data Center in Tulsa - PartnerTulsa,"Meta broke ground on a more than $1 billion data center in East Tulsa at Fair Oaks Innovation Park, with more than $25 million in local infrastructure improvements and major industrial investment momentum.","No street, corridor, neighborhood, or ZIP overlap found",High
41100-92-34-03610,No Clear Match,Fair Oaks Innovation Park,Meta Tulsa Data Center at Fair Oaks Innovation Park,Industrial/Data Center,High,https://partnertulsa.org/meta-breaks-ground-on-new-1-billion-data-center-in-tulsa/,Meta Breaks Ground on New $1 Billion Data Center in Tulsa - PartnerTulsa,"Meta broke ground on a more than $1 billion data center in East Tulsa at Fair Oaks Innovation Park, with more than $25 million in local infrastructure improvements and major industrial investment momentum.","No street, corridor, neighborhood, or ZIP overlap found",High
22200-03-36-00370,No Clear Match,Fair Oaks Innovation Park,Meta Tulsa Data Center at Fair Oaks Innovation Park,Industrial/Data Center,High,https://partnertulsa.org/meta-breaks-ground-on-new-1-billion-data-center-in-tulsa/,Meta Breaks Ground on New $1 Billion Data Center in Tulsa - PartnerTulsa,"Meta broke ground on a more than $1 billion data center in East Tulsa at Fair Oaks Innovation Park, with more than $25 million in local infrastructure improvements and major industrial investment momentum.","No street, corridor, neighborhood, or ZIP overlap found",High
43775-93-05-22530,Strong Match,Tulsa Market District,Tulsa Market District / NOMA residential hub,Multifamily / Mixed-use neighborhood hub,High,https://partnertulsa.org/community-partner-profile-how-noma-is-creating-community-along-the-mother-road/,Community Partner Profile: How NOMA is Creating Community Along the Mother Road - PartnerTulsa,"NOMA added a 256-unit residential hub in the Tulsa Market District along Route 66 and was described as part of a broader effort to revitalize vacant spaces, improve walkability, and support new commercial activity in the corridor.",Street/corridor token overlap: HARVARD,High
74985-94-20-10040,No Clear Match,Fair Oaks Innovation Park,Meta Tulsa Data Center at Fair Oaks Innovation Park,Industrial/Data Center,High,https://partnertulsa.org/meta-breaks-ground-on-new-1-billion-data-center-in-tulsa/,Meta Breaks Ground on New $1 Billion Data Center in Tulsa - PartnerTulsa,"Meta broke ground on a more than $1 billion data center in East Tulsa at Fair Oaks Innovation Park, with more than $25 million in local infrastructure improvements and major industrial investment momentum.","No street, corridor, neighborhood, or ZIP overlap found",High
85315-72-15-46520,No Clear Match,Fair Oaks Innovation Park,Meta Tulsa Data Center at Fair Oaks Innovation Park,Industrial/Data Center,High,https://partnertulsa.org/meta-breaks-ground-on-new-1-billion-data-center-in-tulsa/,Meta Breaks Ground on New $1 Billion Data Center in Tulsa - PartnerTulsa,"Meta broke ground on a more than $1 billion data center in East Tulsa at Fair Oaks Innovation Park, with more than $25 million in local infrastructure improvements and major industrial investment momentum.","No street, corridor, neighborhood, or ZIP overlap found",High
11575-03-35-04690,No Clear Match,Fair Oaks Innovation Park,Meta Tulsa Data Center at Fair Oaks Innovation Park,Industrial/Data Center,High,https://partnertulsa.org/meta-breaks-ground-on-new-1-billion-data-center-in-tulsa/,Meta Breaks Ground on New $1 Billion Data Center in Tulsa - PartnerTulsa,"Meta broke ground on a more than $1 billion data center in East Tulsa at Fair Oaks Innovation Park, with more than $25 million in local infrastructure improvements and major industrial investment momentum.","No street, corridor, neighborhood, or ZIP overlap found",High
12060-94-08-20510,No Clear Match,Fair Oaks Innovation Park,Meta Tulsa Data Center at Fair Oaks Innovation Park,Industrial/Data Center,High,https://partnertulsa.org/meta-breaks-ground-on-new-1-billion-data-center-in-tulsa/,Meta Breaks Ground on New $1 Billion Data Center in Tulsa - PartnerTulsa,"Meta broke ground on a more than $1 billion data center in East Tulsa at Fair Oaks Innovation Park, with more than $25 million in local infrastructure improvements and major industrial investment momentum.","No street, corridor, neighborhood, or ZIP overlap found",High
98434-84-34-00350,Unknown,Fair Oaks Innovation Park,Meta Tulsa Data Center at Fair Oaks Innovation Park,Industrial/Data Center,High,https://partnertulsa.org/meta-breaks-ground-on-new-1-billion-data-center-in-tulsa/,Meta Breaks Ground on New $1 Billion Data Center in Tulsa - PartnerTulsa,"Meta broke ground on a more than $1 billion data center in East Tulsa at Fair Oaks Innovation Park, with more than $25 million in local infrastructure improvements and major industrial investment momentum.",Insufficient overlap data,Low
99027-90-27-68130,Strong Match,Fair Oaks Innovation Park,Meta Tulsa Data Center at Fair Oaks Innovation Park,Industrial/Data Center,High,https://partnertulsa.org/meta-breaks-ground-on-new-1-billion-data-center-in-tulsa/,Meta Breaks Ground on New $1 Billion Data Center in Tulsa - PartnerTulsa,"Meta broke ground on a more than $1 billion data center in East Tulsa at Fair Oaks Innovation Park, with more than $25 million in local infrastructure improvements and major industrial investment momentum.",Street/corridor token overlap: TULSA,High
30950-03-33-14960,No Clear Match,Fair Oaks Innovation Park,Meta Tulsa Data Center at Fair Oaks Innovation Park,Industrial/Data Center,High,https://partnertulsa.org/meta-breaks-ground-on-new-1-billion-data-center-in-tulsa/,Meta Breaks Ground on New $1 Billion Data Center in Tulsa - PartnerTulsa,"Meta broke ground on a more than $1 billion data center in East Tulsa at Fair Oaks Innovation Park, with more than $25 million in local infrastructure improvements and major industrial investment momentum.","No street, corridor, neighborhood, or ZIP overlap found",High
12150-93-11-01280,No Clear Match,Fair Oaks Innovation Park,Meta Tulsa Data Center at Fair Oaks Innovation Park,Industrial/Data Center,High,https://partnertulsa.org/meta-breaks-ground-on-new-1-billion-data-center-in-tulsa/,Meta Breaks Ground on New $1 Billion Data Center in Tulsa - PartnerTulsa,"Meta broke ground on a more than $1 billion data center in East Tulsa at Fair Oaks Innovation Park, with more than $25 million in local infrastructure improvements and major industrial investment momentum.","No street, corridor, neighborhood, or ZIP overlap found",High
56900-92-20-02220,Strong Match,Fair Oaks Innovation Park,Meta Tulsa Data Center at Fair Oaks Innovation Park,Industrial/Data Center,High,https://partnertulsa.org/meta-breaks-ground-on-new-1-billion-data-center-in-tulsa/,Meta Breaks Ground on New $1 Billion Data Center in Tulsa - PartnerTulsa,"Meta broke ground on a more than $1 billion data center in East Tulsa at Fair Oaks Innovation Park, with more than $25 million in local infrastructure improvements and major industrial investment momentum.",Street/corridor token overlap: TULSA,High
54225-03-06-05290,Strong Match,Fair Oaks Innovation Park,Meta Tulsa Data Center at Fair Oaks Innovation Park,Industrial/Data Center,High,https://partnertulsa.org/meta-breaks-ground-on-new-1-billion-data-center-in-tulsa/,Meta Breaks Ground on New $1 Billion Data Center in Tulsa - PartnerTulsa,"Meta broke ground on a more than $1 billion data center in East Tulsa at Fair Oaks Innovation Park, with more than $25 million in local infrastructure improvements and major industrial investment momentum.",Street/corridor token overlap: TULSA,High
34750-02-26-07380,No Clear Match,Fair Oaks Innovation Park,Meta Tulsa Data Center at Fair Oaks Innovation Park,Industrial/Data Center,High,https://partnertulsa.org/meta-breaks-ground-on-new-1-billion-data-center-in-tulsa/,Meta Breaks Ground on New $1 Billion Data Center in Tulsa - PartnerTulsa,"Meta broke ground on a more than $1 billion data center in East Tulsa at Fair Oaks Innovation Park, with more than $25 million in local infrastructure improvements and major industrial investment momentum.","No street, corridor, neighborhood, or ZIP overlap found",High
07700-02-13-02200,No Clear Match,Fair Oaks Innovation Park,Meta Tulsa Data Center at Fair Oaks Innovation Park,Industrial/Data Center,High,https://partnertulsa.org/meta-breaks-ground-on-new-1-billion-data-center-in-tulsa/,Meta Breaks Ground on New $1 Billion Data Center in Tulsa - PartnerTulsa,"Meta broke ground on a more than $1 billion data center in East Tulsa at Fair Oaks Innovation Park, with more than $25 million in local infrastructure improvements and major industrial investment momentum.","No street, corridor, neighborhood, or ZIP overlap found",High
10475-92-08-00680,No Clear Match,Fair Oaks Innovation Park,Meta Tulsa Data Center at Fair Oaks Innovation Park,Industrial/Data Center,High,https://partnertulsa.org/meta-breaks-ground-on-new-1-billion-data-center-in-tulsa/,Meta Breaks Ground on New $1 Billion Data Center in Tulsa - PartnerTulsa,"Meta broke ground on a more than $1 billion data center in East Tulsa at Fair Oaks Innovation Park, with more than $25 million in local infrastructure improvements and major industrial investment momentum.","No street, corridor, neighborhood, or ZIP overlap found",High
55425-91-07-00270,Strong Match,Fair Oaks Innovation Park,Meta Tulsa Data Center at Fair Oaks Innovation Park,Industrial/Data Center,High,https://partnertulsa.org/meta-breaks-ground-on-new-1-billion-data-center-in-tulsa/,Meta Breaks Ground on New $1 Billion Data Center in Tulsa - PartnerTulsa,"Meta broke ground on a more than $1 billion data center in East Tulsa at Fair Oaks Innovation Park, with more than $25 million in local infrastructure improvements and major industrial investment momentum.",Street/corridor token overlap: TULSA,High
31125-92-27-16750,No Clear Match,Fair Oaks Innovation Park,Meta Tulsa Data Center at Fair Oaks Innovation Park,Industrial/Data Center,High,https://partnertulsa.org/meta-breaks-ground-on-new-1-billion-data-center-in-tulsa/,Meta Breaks Ground on New $1 Billion Data Center in Tulsa - PartnerTulsa,"Meta broke ground on a more than $1 billion data center in East Tulsa at Fair Oaks Innovation Park, with more than $25 million in local infrastructure improvements and major industrial investment momentum.","No street, corridor, neighborhood, or ZIP overlap found",High
91213-12-13-51390,Strong Match,Fair Oaks Innovation Park,Meta Tulsa Data Center at Fair Oaks Innovation Park,Industrial/Data Center,High,https://partnertulsa.org/meta-breaks-ground-on-new-1-billion-data-center-in-tulsa/,Meta Breaks Ground on New $1 Billion Data Center in Tulsa - PartnerTulsa,"Meta broke ground on a more than $1 billion data center in East Tulsa at Fair Oaks Innovation Park, with more than $25 million in local infrastructure improvements and major industrial investment momentum.",Street/corridor token overlap: TULSA,High
29650-03-07-03370,No Clear Match,Fair Oaks Innovation Park,Meta Tulsa Data Center at Fair Oaks Innovation Park,Industrial/Data Center,High,https://partnertulsa.org/meta-breaks-ground-on-new-1-billion-data-center-in-tulsa/,Meta Breaks Ground on New $1 Billion Data Center in Tulsa - PartnerTulsa,"Meta broke ground on a more than $1 billion data center in East Tulsa at Fair Oaks Innovation Park, with more than $25 million in local infrastructure improvements and major industrial investment momentum.","No street, corridor, neighborhood, or ZIP overlap found",High
29650-03-07-03310,No Clear Match,Fair Oaks Innovation Park,Meta Tulsa Data Center at Fair Oaks Innovation Park,Industrial/Data Center,High,https://partnertulsa.org/meta-breaks-ground-on-new-1-billion-data-center-in-tulsa/,Meta Breaks Ground on New $1 Billion Data Center in Tulsa - PartnerTulsa,"Meta broke ground on a more than $1 billion data center in East Tulsa at Fair Oaks Innovation Park, with more than $25 million in local infrastructure improvements and major industrial investment momentum.","No street, corridor, neighborhood, or ZIP overlap found",High
13850-93-05-10530,No Clear Match,Fair Oaks Innovation Park,Meta Tulsa Data Center at Fair Oaks Innovation Park,Industrial/Data Center,High,https://partnertulsa.org/meta-breaks-ground-on-new-1-billion-data-center-in-tulsa/,Meta Breaks Ground on New $1 Billion Data Center in Tulsa - PartnerTulsa,"Meta broke ground on a more than $1 billion data center in East Tulsa at Fair Oaks Innovation Park, with more than $25 million in local infrastructure improvements and major industrial investment momentum.","No street, corridor, neighborhood, or ZIP overlap found",High
22100-92-28-03130,No Clear Match,Fair Oaks Innovation Park,Meta Tulsa Data Center at Fair Oaks Innovation Park,Industrial/Data Center,High,https://partnertulsa.org/meta-breaks-ground-on-new-1-billion-data-center-in-tulsa/,Meta Breaks Ground on New $1 Billion Data Center in Tulsa - PartnerTulsa,"Meta broke ground on a more than $1 billion data center in East Tulsa at Fair Oaks Innovation Park, with more than $25 million in local infrastructure improvements and major industrial investment momentum.","No street, corridor, neighborhood, or ZIP overlap found",High
10175-93-02-01530,No Clear Match,Fair Oaks Innovation Park,Meta Tulsa Data Center at Fair Oaks Innovation Park,Industrial/Data Center,High,https://partnertulsa.org/meta-breaks-ground-on-new-1-billion-data-center-in-tulsa/,Meta Breaks Ground on New $1 Billion Data Center in Tulsa - PartnerTulsa,"Meta broke ground on a more than $1 billion data center in East Tulsa at Fair Oaks Innovation Park, with more than $25 million in local infrastructure improvements and major industrial investment momentum.","No street, corridor, neighborhood, or ZIP overlap found",High
27875-92-11-03570,No Clear Match,Fair Oaks Innovation Park,Meta Tulsa Data Center at Fair Oaks Innovation Park,Industrial/Data Center,High,https://partnertulsa.org/meta-breaks-ground-on-new-1-billion-data-center-in-tulsa/,Meta Breaks Ground on New $1 Billion Data Center in Tulsa - PartnerTulsa,"Meta broke ground on a more than $1 billion data center in East Tulsa at Fair Oaks Innovation Park, with more than $25 million in local infrastructure improvements and major industrial investment momentum.","No street, corridor, neighborhood, or ZIP overlap found",High
45350-94-06-07290,No Clear Match,Fair Oaks Innovation Park,Meta Tulsa Data Center at Fair Oaks Innovation Park,Industrial/Data Center,High,https://partnertulsa.org/meta-breaks-ground-on-new-1-billion-data-center-in-tulsa/,Meta Breaks Ground on New $1 Billion Data Center in Tulsa - PartnerTulsa,"Meta broke ground on a more than $1 billion data center in East Tulsa at Fair Oaks Innovation Park, with more than $25 million in local infrastructure improvements and major industrial investment momentum.","No street, corridor, neighborhood, or ZIP overlap found",High
78810-84-11-09070,No Clear Match,Fair Oaks Innovation Park,Meta Tulsa Data Center at Fair Oaks Innovation Park,Industrial/Data Center,High,https://partnertulsa.org/meta-breaks-ground-on-new-1-billion-data-center-in-tulsa/,Meta Breaks Ground on New $1 Billion Data Center in Tulsa - PartnerTulsa,"Meta broke ground on a more than $1 billion data center in East Tulsa at Fair Oaks Innovation Park, with more than $25 million in local infrastructure improvements and major industrial investment momentum.","No street, corridor, neighborhood, or ZIP overlap found",High
20725-93-03-06410,No Clear Match,Fair Oaks Innovation Park,Meta Tulsa Data Center at Fair Oaks Innovation Park,Industrial/Data Center,High,https://partnertulsa.org/meta-breaks-ground-on-new-1-billion-data-center-in-tulsa/,Meta Breaks Ground on New $1 Billion Data Center in Tulsa - PartnerTulsa,"Meta broke ground on a more than $1 billion data center in East Tulsa at Fair Oaks Innovation Park, with more than $25 million in local infrastructure improvements and major industrial investment momentum.","No street, corridor, neighborhood, or ZIP overlap found",High
41025-02-01-00530,No Clear Match,Fair Oaks Innovation Park,Meta Tulsa Data Center at Fair Oaks Innovation Park,Industrial/Data Center,High,https://partnertulsa.org/meta-breaks-ground-on-new-1-billion-data-center-in-tulsa/,Meta Breaks Ground on New $1 Billion Data Center in Tulsa - PartnerTulsa,"Meta broke ground on a more than $1 billion data center in East Tulsa at Fair Oaks Innovation Park, with more than $25 million in local infrastructure improvements and major industrial investment momentum.","No street, corridor, neighborhood, or ZIP overlap found",High
07225-02-13-00060,No Clear Match,Fair Oaks Innovation Park,Meta Tulsa Data Center at Fair Oaks Innovation Park,Industrial/Data Center,High,https://partnertulsa.org/meta-breaks-ground-on-new-1-billion-data-center-in-tulsa/,Meta Breaks Ground on New $1 Billion Data Center in Tulsa - PartnerTulsa,"Meta broke ground on a more than $1 billion data center in East Tulsa at Fair Oaks Innovation Park, with more than $25 million in local infrastructure improvements and major industrial investment momentum.","No street, corridor, neighborhood, or ZIP overlap found",High
37800-93-02-09000,No Clear Match,Fair Oaks Innovation Park,Meta Tulsa Data Center at Fair Oaks Innovation Park,Industrial/Data Center,High,https://partnertulsa.org/meta-breaks-ground-on-new-1-billion-data-center-in-tulsa/,Meta Breaks Ground on New $1 Billion Data Center in Tulsa - PartnerTulsa,"Meta broke ground on a more than $1 billion data center in East Tulsa at Fair Oaks Innovation Park, with more than $25 million in local infrastructure improvements and major industrial investment momentum.","No street, corridor, neighborhood, or ZIP overlap found",High
27300-93-14-10790,No Clear Match,Fair Oaks Innovation Park,Meta Tulsa Data Center at Fair Oaks Innovation Park,Industrial/Data Center,High,https://partnertulsa.org/meta-breaks-ground-on-new-1-billion-data-center-in-tulsa/,Meta Breaks Ground on New $1 Billion Data Center in Tulsa - PartnerTulsa,"Meta broke ground on a more than $1 billion data center in East Tulsa at Fair Oaks Innovation Park, with more than $25 million in local infrastructure improvements and major industrial investment momentum.","No street, corridor, neighborhood, or ZIP overlap found",High
38200-92-26-00840,No Clear Match,Fair Oaks Innovation Park,Meta Tulsa Data Center at Fair Oaks Innovation Park,Industrial/Data Center,High,https://partnertulsa.org/meta-breaks-ground-on-new-1-billion-data-center-in-tulsa/,Meta Breaks Ground on New $1 Billion Data Center in Tulsa - PartnerTulsa,"Meta broke ground on a more than $1 billion data center in East Tulsa at Fair Oaks Innovation Park, with more than $25 million in local infrastructure improvements and major industrial investment momentum.","No street, corridor, neighborhood, or ZIP overlap found",High
76925-94-19-48280,No Clear Match,Fair Oaks Innovation Park,Meta Tulsa Data Center at Fair Oaks Innovation Park,Industrial/Data Center,High,https://partnertulsa.org/meta-breaks-ground-on-new-1-billion-data-center-in-tulsa/,Meta Breaks Ground on New $1 Billion Data Center in Tulsa - PartnerTulsa,"Meta broke ground on a more than $1 billion data center in East Tulsa at Fair Oaks Innovation Park, with more than $25 million in local infrastructure improvements and major industrial investment momentum.","No street, corridor, neighborhood, or ZIP overlap found",High
23850-93-15-11970,No Clear Match,Fair Oaks Innovation Park,Meta Tulsa Data Center at Fair Oaks Innovation Park,Industrial/Data Center,High,https://partnertulsa.org/meta-breaks-ground-on-new-1-billion-data-center-in-tulsa/,Meta Breaks Ground on New $1 Billion Data Center in Tulsa - PartnerTulsa,"Meta broke ground on a more than $1 billion data center in East Tulsa at Fair Oaks Innovation Park, with more than $25 million in local infrastructure improvements and major industrial investment momentum.","No street, corridor, neighborhood, or ZIP overlap found",High
74735-84-06-61950,No Clear Match,Fair Oaks Innovation Park,Meta Tulsa Data Center at Fair Oaks Innovation Park,Industrial/Data Center,High,https://partnertulsa.org/meta-breaks-ground-on-new-1-billion-data-center-in-tulsa/,Meta Breaks Ground on New $1 Billion Data Center in Tulsa - PartnerTulsa,"Meta broke ground on a more than $1 billion data center in East Tulsa at Fair Oaks Innovation Park, with more than $25 million in local infrastructure improvements and major industrial investment momentum.","No street, corridor, neighborhood, or ZIP overlap found",High
57320-14-33-14860,Strong Match,Fair Oaks Innovation Park,Meta Tulsa Data Center at Fair Oaks Innovation Park,Industrial/Data Center,High,https://partnertulsa.org/meta-breaks-ground-on-new-1-billion-data-center-in-tulsa/,Meta Breaks Ground on New $1 Billion Data Center in Tulsa - PartnerTulsa,"Meta broke ground on a more than $1 billion data center in East Tulsa at Fair Oaks Innovation Park, with more than $25 million in local infrastructure improvements and major industrial investment momentum.",Street/corridor token overlap: TULSA,High
11575-03-35-03730,No Clear Match,Fair Oaks Innovation Park,Meta Tulsa Data Center at Fair Oaks Innovation Park,Industrial/Data Center,High,https://partnertulsa.org/meta-breaks-ground-on-new-1-billion-data-center-in-tulsa/,Meta Breaks Ground on New $1 Billion Data Center in Tulsa - PartnerTulsa,"Meta broke ground on a more than $1 billion data center in East Tulsa at Fair Oaks Innovation Park, with more than $25 million in local infrastructure improvements and major industrial investment momentum.","No street, corridor, neighborhood, or ZIP overlap found",High
07415-94-07-29470,No Clear Match,Fair Oaks Innovation Park,Meta Tulsa Data Center at Fair Oaks Innovation Park,Industrial/Data Center,High,https://partnertulsa.org/meta-breaks-ground-on-new-1-billion-data-center-in-tulsa/,Meta Breaks Ground on New $1 Billion Data Center in Tulsa - PartnerTulsa,"Meta broke ground on a more than $1 billion data center in East Tulsa at Fair Oaks Innovation Park, with more than $25 million in local infrastructure improvements and major industrial investment momentum.","No street, corridor, neighborhood, or ZIP overlap found",High
35725-93-31-08440,No Clear Match,Fair Oaks Innovation Park,Meta Tulsa Data Center at Fair Oaks Innovation Park,Industrial/Data Center,High,https://partnertulsa.org/meta-breaks-ground-on-new-1-billion-data-center-in-tulsa/,Meta Breaks Ground on New $1 Billion Data Center in Tulsa - PartnerTulsa,"Meta broke ground on a more than $1 billion data center in East Tulsa at Fair Oaks Innovation Park, with more than $25 million in local infrastructure improvements and major industrial investment momentum.","No street, corridor, neighborhood, or ZIP overlap found",High
16375-93-03-04910,No Clear Match,Fair Oaks Innovation Park,Meta Tulsa Data Center at Fair Oaks Innovation Park,Industrial/Data Center,High,https://partnertulsa.org/meta-breaks-ground-on-new-1-billion-data-center-in-tulsa/,Meta Breaks Ground on New $1 Billion Data Center in Tulsa - PartnerTulsa,"Meta broke ground on a more than $1 billion data center in East Tulsa at Fair Oaks Innovation Park, with more than $25 million in local infrastructure improvements and major industrial investment momentum.","No street, corridor, neighborhood, or ZIP overlap found",High
40325-94-17-06480,No Clear Match,Fair Oaks Innovation Park,Meta Tulsa Data Center at Fair Oaks Innovation Park,Industrial/Data Center,High,https://partnertulsa.org/meta-breaks-ground-on-new-1-billion-data-center-in-tulsa/,Meta Breaks Ground on New $1 Billion Data Center in Tulsa - PartnerTulsa,"Meta broke ground on a more than $1 billion data center in East Tulsa at Fair Oaks Innovation Park, with more than $25 million in local infrastructure improvements and major industrial investment momentum.","No street, corridor, neighborhood, or ZIP overlap found",High
19275-03-34-02810,No Clear Match,Fair Oaks Innovation Park,Meta Tulsa Data Center at Fair Oaks Innovation Park,Industrial/Data Center,High,https://partnertulsa.org/meta-breaks-ground-on-new-1-billion-data-center-in-tulsa/,Meta Breaks Ground on New $1 Billion Data Center in Tulsa - PartnerTulsa,"Meta broke ground on a more than $1 billion data center in East Tulsa at Fair Oaks Innovation Park, with more than $25 million in local infrastructure improvements and major industrial investment momentum.","No street, corridor, neighborhood, or ZIP overlap found",High
44325-03-36-04310,No Clear Match,Fair Oaks Innovation Park,Meta Tulsa Data Center at Fair Oaks Innovation Park,Industrial/Data Center,High,https://partnertulsa.org/meta-breaks-ground-on-new-1-billion-data-center-in-tulsa/,Meta Breaks Ground on New $1 Billion Data Center in Tulsa - PartnerTulsa,"Meta broke ground on a more than $1 billion data center in East Tulsa at Fair Oaks Innovation Park, with more than $25 million in local infrastructure improvements and major industrial investment momentum.","No street, corridor, neighborhood, or ZIP overlap found",High
15875-02-25-09420,No Clear Match,Fair Oaks Innovation Park,Meta Tulsa Data Center at Fair Oaks Innovation Park,Industrial/Data Center,High,https://partnertulsa.org/meta-breaks-ground-on-new-1-billion-data-center-in-tulsa/,Meta Breaks Ground on New $1 Billion Data Center in Tulsa - PartnerTulsa,"Meta broke ground on a more than $1 billion data center in East Tulsa at Fair Oaks Innovation Park, with more than $25 million in local infrastructure improvements and major industrial investment momentum.","No street, corridor, neighborhood, or ZIP overlap found",High
04125-93-14-02940,No Clear Match,Fair Oaks Innovation Park,Meta Tulsa Data Center at Fair Oaks Innovation Park,Industrial/Data Center,High,https://partnertulsa.org/meta-breaks-ground-on-new-1-billion-data-center-in-tulsa/,Meta Breaks Ground on New $1 Billion Data Center in Tulsa - PartnerTulsa,"Meta broke ground on a more than $1 billion data center in East Tulsa at Fair Oaks Innovation Park, with more than $25 million in local infrastructure improvements and major industrial investment momentum.","No street, corridor, neighborhood, or ZIP overlap found",High
17925-92-04-03240,No Clear Match,Fair Oaks Innovation Park,Meta Tulsa Data Center at Fair Oaks Innovation Park,Industrial/Data Center,High,https://partnertulsa.org/meta-breaks-ground-on-new-1-billion-data-center-in-tulsa/,Meta Breaks Ground on New $1 Billion Data Center in Tulsa - PartnerTulsa,"Meta broke ground on a more than $1 billion data center in East Tulsa at Fair Oaks Innovation Park, with more than $25 million in local infrastructure improvements and major industrial investment momentum.","No street, corridor, neighborhood, or ZIP overlap found",High
49850-92-28-05460,No Clear Match,Fair Oaks Innovation Park,Meta Tulsa Data Center at Fair Oaks Innovation Park,Industrial/Data Center,High,https://partnertulsa.org/meta-breaks-ground-on-new-1-billion-data-center-in-tulsa/,Meta Breaks Ground on New $1 Billion Data Center in Tulsa - PartnerTulsa,"Meta broke ground on a more than $1 billion data center in East Tulsa at Fair Oaks Innovation Park, with more than $25 million in local infrastructure improvements and major industrial investment momentum.","No street, corridor, neighborhood, or ZIP overlap found",High
31125-92-27-17320,No Clear Match,Fair Oaks Innovation Park,Meta Tulsa Data Center at Fair Oaks Innovation Park,Industrial/Data Center,High,https://partnertulsa.org/meta-breaks-ground-on-new-1-billion-data-center-in-tulsa/,Meta Breaks Ground on New $1 Billion Data Center in Tulsa - PartnerTulsa,"Meta broke ground on a more than $1 billion data center in East Tulsa at Fair Oaks Innovation Park, with more than $25 million in local infrastructure improvements and major industrial investment momentum.","No street, corridor, neighborhood, or ZIP overlap found",High
98225-82-25-36030,No Clear Match,Fair Oaks Innovation Park,Meta Tulsa Data Center at Fair Oaks Innovation Park,Industrial/Data Center,High,https://partnertulsa.org/meta-breaks-ground-on-new-1-billion-data-center-in-tulsa/,Meta Breaks Ground on New $1 Billion Data Center in Tulsa - PartnerTulsa,"Meta broke ground on a more than $1 billion data center in East Tulsa at Fair Oaks Innovation Park, with more than $25 million in local infrastructure improvements and major industrial investment momentum.","No street, corridor, neighborhood, or ZIP overlap found",High
04125-93-14-02930,No Clear Match,Fair Oaks Innovation Park,Meta Tulsa Data Center at Fair Oaks Innovation Park,Industrial/Data Center,High,https://partnertulsa.org/meta-breaks-ground-on-new-1-billion-data-center-in-tulsa/,Meta Breaks Ground on New $1 Billion Data Center in Tulsa - PartnerTulsa,"Meta broke ground on a more than $1 billion data center in East Tulsa at Fair Oaks Innovation Park, with more than $25 million in local infrastructure improvements and major industrial investment momentum.","No street, corridor, neighborhood, or ZIP overlap found",High
12375-92-04-01560,No Clear Match,Fair Oaks Innovation Park,Meta Tulsa Data Center at Fair Oaks Innovation Park,Industrial/Data Center,High,https://partnertulsa.org/meta-breaks-ground-on-new-1-billion-data-center-in-tulsa/,Meta Breaks Ground on New $1 Billion Data Center in Tulsa - PartnerTulsa,"Meta broke ground on a more than $1 billion data center in East Tulsa at Fair Oaks Innovation Park, with more than $25 million in local infrastructure improvements and major industrial investment momentum.","No street, corridor, neighborhood, or ZIP overlap found",High
62250-91-22-02240,No Clear Match,Fair Oaks Innovation Park,Meta Tulsa Data Center at Fair Oaks Innovation Park,Industrial/Data Center,High,https://partnertulsa.org/meta-breaks-ground-on-new-1-billion-data-center-in-tulsa/,Meta Breaks Ground on New $1 Billion Data Center in Tulsa - PartnerTulsa,"Meta broke ground on a more than $1 billion data center in East Tulsa at Fair Oaks Innovation Park, with more than $25 million in local infrastructure improvements and major industrial investment momentum.","No street, corridor, neighborhood, or ZIP overlap found",High
04375-92-12-00740,No Clear Match,Fair Oaks Innovation Park,Meta Tulsa Data Center at Fair Oaks Innovation Park,Industrial/Data Center,High,https://partnertulsa.org/meta-breaks-ground-on-new-1-billion-data-center-in-tulsa/,Meta Breaks Ground on New $1 Billion Data Center in Tulsa - PartnerTulsa,"Meta broke ground on a more than $1 billion data center in East Tulsa at Fair Oaks Innovation Park, with more than $25 million in local infrastructure improvements and major industrial investment momentum.","No street, corridor, neighborhood, or ZIP overlap found",High
27325-93-14-12410,No Clear Match,Fair Oaks Innovation Park,Meta Tulsa Data Center at Fair Oaks Innovation Park,Industrial/Data Center,High,https://partnertulsa.org/meta-breaks-ground-on-new-1-billion-data-center-in-tulsa/,Meta Breaks Ground on New $1 Billion Data Center in Tulsa - PartnerTulsa,"Meta broke ground on a more than $1 billion data center in East Tulsa at Fair Oaks Innovation Park, with more than $25 million in local infrastructure improvements and major industrial investment momentum.","No street, corridor, neighborhood, or ZIP overlap found",High
98402-84-02-01880,No Clear Match,Fair Oaks Innovation Park,Meta Tulsa Data Center at Fair Oaks Innovation Park,Industrial/Data Center,High,https://partnertulsa.org/meta-breaks-ground-on-new-1-billion-data-center-in-tulsa/,Meta Breaks Ground on New $1 Billion Data Center in Tulsa - PartnerTulsa,"Meta broke ground on a more than $1 billion data center in East Tulsa at Fair Oaks Innovation Park, with more than $25 million in local infrastructure improvements and major industrial investment momentum.","No street, corridor, neighborhood, or ZIP overlap found",High
25050-03-34-06390,No Clear Match,Fair Oaks Innovation Park,Meta Tulsa Data Center at Fair Oaks Innovation Park,Industrial/Data Center,High,https://partnertulsa.org/meta-breaks-ground-on-new-1-billion-data-center-in-tulsa/,Meta Breaks Ground on New $1 Billion Data Center in Tulsa - PartnerTulsa,"Meta broke ground on a more than $1 billion data center in East Tulsa at Fair Oaks Innovation Park, with more than $25 million in local infrastructure improvements and major industrial investment momentum.","No street, corridor, neighborhood, or ZIP overlap found",High
34375-92-22-05090,No Clear Match,Fair Oaks Innovation Park,Meta Tulsa Data Center at Fair Oaks Innovation Park,Industrial/Data Center,High,https://partnertulsa.org/meta-breaks-ground-on-new-1-billion-data-center-in-tulsa/,Meta Breaks Ground on New $1 Billion Data Center in Tulsa - PartnerTulsa,"Meta broke ground on a more than $1 billion data center in East Tulsa at Fair Oaks Innovation Park, with more than $25 million in local infrastructure improvements and major industrial investment momentum.","No street, corridor, neighborhood, or ZIP overlap found",High
11600-93-30-07650,No Clear Match,Fair Oaks Innovation Park,Meta Tulsa Data Center at Fair Oaks Innovation Park,Industrial/Data Center,High,https://partnertulsa.org/meta-breaks-ground-on-new-1-billion-data-center-in-tulsa/,Meta Breaks Ground on New $1 Billion Data Center in Tulsa - PartnerTulsa,"Meta broke ground on a more than $1 billion data center in East Tulsa at Fair Oaks Innovation Park, with more than $25 million in local infrastructure improvements and major industrial investment momentum.","No street, corridor, neighborhood, or ZIP overlap found",High
74850-94-19-17590,No Clear Match,Fair Oaks Innovation Park,Meta Tulsa Data Center at Fair Oaks Innovation Park,Industrial/Data Center,High,https://partnertulsa.org/meta-breaks-ground-on-new-1-billion-data-center-in-tulsa/,Meta Breaks Ground on New $1 Billion Data Center in Tulsa - PartnerTulsa,"Meta broke ground on a more than $1 billion data center in East Tulsa at Fair Oaks Innovation Park, with more than $25 million in local infrastructure improvements and major industrial investment momentum.","No street, corridor, neighborhood, or ZIP overlap found",High
14625-93-12-00820,No Clear Match,Fair Oaks Innovation Park,Meta Tulsa Data Center at Fair Oaks Innovation Park,Industrial/Data Center,High,https://partnertulsa.org/meta-breaks-ground-on-new-1-billion-data-center-in-tulsa/,Meta Breaks Ground on New $1 Billion Data Center in Tulsa - PartnerTulsa,"Meta broke ground on a more than $1 billion data center in East Tulsa at Fair Oaks Innovation Park, with more than $25 million in local infrastructure improvements and major industrial investment momentum.","No street, corridor, neighborhood, or ZIP overlap found",High
45350-94-06-07770,No Clear Match,Fair Oaks Innovation Park,Meta Tulsa Data Center at Fair Oaks Innovation Park,Industrial/Data Center,High,https://partnertulsa.org/meta-breaks-ground-on-new-1-billion-data-center-in-tulsa/,Meta Breaks Ground on New $1 Billion Data Center in Tulsa - PartnerTulsa,"Meta broke ground on a more than $1 billion data center in East Tulsa at Fair Oaks Innovation Park, with more than $25 million in local infrastructure improvements and major industrial investment momentum.","No street, corridor, neighborhood, or ZIP overlap found",High
97328-73-28-61960,Strong Match,Fair Oaks Innovation Park,Meta Tulsa Data Center at Fair Oaks Innovation Park,Industrial/Data Center,High,https://partnertulsa.org/meta-breaks-ground-on-new-1-billion-data-center-in-tulsa/,Meta Breaks Ground on New $1 Billion Data Center in Tulsa - PartnerTulsa,"Meta broke ground on a more than $1 billion data center in East Tulsa at Fair Oaks Innovation Park, with more than $25 million in local infrastructure improvements and major industrial investment momentum.",Street/corridor token overlap: TULSA,High
38975-92-33-02620,No Clear Match,Fair Oaks Innovation Park,Meta Tulsa Data Center at Fair Oaks Innovation Park,Industrial/Data Center,High,https://partnertulsa.org/meta-breaks-ground-on-new-1-billion-data-center-in-tulsa/,Meta Breaks Ground on New $1 Billion Data Center in Tulsa - PartnerTulsa,"Meta broke ground on a more than $1 billion data center in East Tulsa at Fair Oaks Innovation Park, with more than $25 million in local infrastructure improvements and major industrial investment momentum.","No street, corridor, neighborhood, or ZIP overlap found",High
62225-91-22-01600,No Clear Match,Fair Oaks Innovation Park,Meta Tulsa Data Center at Fair Oaks Innovation Park,Industrial/Data Center,High,https://partnertulsa.org/meta-breaks-ground-on-new-1-billion-data-center-in-tulsa/,Meta Breaks Ground on New $1 Billion Data Center in Tulsa - PartnerTulsa,"Meta broke ground on a more than $1 billion data center in East Tulsa at Fair Oaks Innovation Park, with more than $25 million in local infrastructure improvements and major industrial investment momentum.","No street, corridor, neighborhood, or ZIP overlap found",High
61400-14-30-07430,No Clear Match,Fair Oaks Innovation Park,Meta Tulsa Data Center at Fair Oaks Innovation Park,Industrial/Data Center,High,https://partnertulsa.org/meta-breaks-ground-on-new-1-billion-data-center-in-tulsa/,Meta Breaks Ground on New $1 Billion Data Center in Tulsa - PartnerTulsa,"Meta broke ground on a more than $1 billion data center in East Tulsa at Fair Oaks Innovation Park, with more than $25 million in local infrastructure improvements and major industrial investment momentum.","No street, corridor, neighborhood, or ZIP overlap found",High
57845-73-14-53600,No Clear Match,Fair Oaks Innovation Park,Meta Tulsa Data Center at Fair Oaks Innovation Park,Industrial/Data Center,High,https://partnertulsa.org/meta-breaks-ground-on-new-1-billion-data-center-in-tulsa/,Meta Breaks Ground on New $1 Billion Data Center in Tulsa - PartnerTulsa,"Meta broke ground on a more than $1 billion data center in East Tulsa at Fair Oaks Innovation Park, with more than $25 million in local infrastructure improvements and major industrial investment momentum.","No street, corridor, neighborhood, or ZIP overlap found",High
08300-93-04-02320,No Clear Match,Fair Oaks Innovation Park,Meta Tulsa Data Center at Fair Oaks Innovation Park,Industrial/Data Center,High,https://partnertulsa.org/meta-breaks-ground-on-new-1-billion-data-center-in-tulsa/,Meta Breaks Ground on New $1 Billion Data Center in Tulsa - PartnerTulsa,"Meta broke ground on a more than $1 billion data center in East Tulsa at Fair Oaks Innovation Park, with more than $25 million in local infrastructure improvements and major industrial investment momentum.","No street, corridor, neighborhood, or ZIP overlap found",High
74965-94-20-07530,No Clear Match,Fair Oaks Innovation Park,Meta Tulsa Data Center at Fair Oaks Innovation Park,Industrial/Data Center,High,https://partnertulsa.org/meta-breaks-ground-on-new-1-billion-data-center-in-tulsa/,Meta Breaks Ground on New $1 Billion Data Center in Tulsa - PartnerTulsa,"Meta broke ground on a more than $1 billion data center in East Tulsa at Fair Oaks Innovation Park, with more than $25 million in local infrastructure improvements and major industrial investment momentum.","No street, corridor, neighborhood, or ZIP overlap found",High
34600-93-25-02750,No Clear Match,Fair Oaks Innovation Park,Meta Tulsa Data Center at Fair Oaks Innovation Park,Industrial/Data Center,High,https://partnertulsa.org/meta-breaks-ground-on-new-1-billion-data-center-in-tulsa/,Meta Breaks Ground on New $1 Billion Data Center in Tulsa - PartnerTulsa,"Meta broke ground on a more than $1 billion data center in East Tulsa at Fair Oaks Innovation Park, with more than $25 million in local infrastructure improvements and major industrial investment momentum.","No street, corridor, neighborhood, or ZIP overlap found",High
45350-94-06-06870,No Clear Match,Fair Oaks Innovation Park,Meta Tulsa Data Center at Fair Oaks Innovation Park,Industrial/Data Center,High,https://partnertulsa.org/meta-breaks-ground-on-new-1-billion-data-center-in-tulsa/,Meta Breaks Ground on New $1 Billion Data Center in Tulsa - PartnerTulsa,"Meta broke ground on a more than $1 billion data center in East Tulsa at Fair Oaks Innovation Park, with more than $25 million in local infrastructure improvements and major industrial investment momentum.","No street, corridor, neighborhood, or ZIP overlap found",High
36525-94-02-00450,No Clear Match,Fair Oaks Innovation Park,Meta Tulsa Data Center at Fair Oaks Innovation Park,Industrial/Data Center,High,https://partnertulsa.org/meta-breaks-ground-on-new-1-billion-data-center-in-tulsa/,Meta Breaks Ground on New $1 Billion Data Center in Tulsa - PartnerTulsa,"Meta broke ground on a more than $1 billion data center in East Tulsa at Fair Oaks Innovation Park, with more than $25 million in local infrastructure improvements and major industrial investment momentum.","No street, corridor, neighborhood, or ZIP overlap found",High
31100-93-02-05790,No Clear Match,Fair Oaks Innovation Park,Meta Tulsa Data Center at Fair Oaks Innovation Park,Industrial/Data Center,High,https://partnertulsa.org/meta-breaks-ground-on-new-1-billion-data-center-in-tulsa/,Meta Breaks Ground on New $1 Billion Data Center in Tulsa - PartnerTulsa,"Meta broke ground on a more than $1 billion data center in East Tulsa at Fair Oaks Innovation Park, with more than $25 million in local infrastructure improvements and major industrial investment momentum.","No street, corridor, neighborhood, or ZIP overlap found",High
26390-94-16-15330,No Clear Match,Fair Oaks Innovation Park,Meta Tulsa Data Center at Fair Oaks Innovation Park,Industrial/Data Center,High,https://partnertulsa.org/meta-breaks-ground-on-new-1-billion-data-center-in-tulsa/,Meta Breaks Ground on New $1 Billion Data Center in Tulsa - PartnerTulsa,"Meta broke ground on a more than $1 billion data center in East Tulsa at Fair Oaks Innovation Park, with more than $25 million in local infrastructure improvements and major industrial investment momentum.","No street, corridor, neighborhood, or ZIP overlap found",High
82170-84-21-72600,No Clear Match,Fair Oaks Innovation Park,Meta Tulsa Data Center at Fair Oaks Innovation Park,Industrial/Data Center,High,https://partnertulsa.org/meta-breaks-ground-on-new-1-billion-data-center-in-tulsa/,Meta Breaks Ground on New $1 Billion Data Center in Tulsa - PartnerTulsa,"Meta broke ground on a more than $1 billion data center in East Tulsa at Fair Oaks Innovation Park, with more than $25 million in local infrastructure improvements and major industrial investment momentum.","No street, corridor, neighborhood, or ZIP overlap found",High
03312-03-20-04220,No Clear Match,Fair Oaks Innovation Park,Meta Tulsa Data Center at Fair Oaks Innovation Park,Industrial/Data Center,High,https://partnertulsa.org/meta-breaks-ground-on-new-1-billion-data-center-in-tulsa/,Meta Breaks Ground on New $1 Billion Data Center in Tulsa - PartnerTulsa,"Meta broke ground on a more than $1 billion data center in East Tulsa at Fair Oaks Innovation Park, with more than $25 million in local infrastructure improvements and major industrial investment momentum.","No street, corridor, neighborhood, or ZIP overlap found",High
61375-14-30-06240,No Clear Match,Fair Oaks Innovation Park,Meta Tulsa Data Center at Fair Oaks Innovation Park,Industrial/Data Center,High,https://partnertulsa.org/meta-breaks-ground-on-new-1-billion-data-center-in-tulsa/,Meta Breaks Ground on New $1 Billion Data Center in Tulsa - PartnerTulsa,"Meta broke ground on a more than $1 billion data center in East Tulsa at Fair Oaks Innovation Park, with more than $25 million in local infrastructure improvements and major industrial investment momentum.","No street, corridor, neighborhood, or ZIP overlap found",High
04025-93-15-00650,No Clear Match,Fair Oaks Innovation Park,Meta Tulsa Data Center at Fair Oaks Innovation Park,Industrial/Data Center,High,https://partnertulsa.org/meta-breaks-ground-on-new-1-billion-data-center-in-tulsa/,Meta Breaks Ground on New $1 Billion Data Center in Tulsa - PartnerTulsa,"Meta broke ground on a more than $1 billion data center in East Tulsa at Fair Oaks Innovation Park, with more than $25 million in local infrastructure improvements and major industrial investment momentum.","No street, corridor, neighborhood, or ZIP overlap found",High
45625-93-21-16710,No Clear Match,Fair Oaks Innovation Park,Meta Tulsa Data Center at Fair Oaks Innovation Park,Industrial/Data Center,High,https://partnertulsa.org/meta-breaks-ground-on-new-1-billion-data-center-in-tulsa/,Meta Breaks Ground on New $1 Billion Data Center in Tulsa - PartnerTulsa,"Meta broke ground on a more than $1 billion data center in East Tulsa at Fair Oaks Innovation Park, with more than $25 million in local infrastructure improvements and major industrial investment momentum.","No street, corridor, neighborhood, or ZIP overlap found",High
23600-93-24-15470,No Clear Match,Fair Oaks Innovation Park,Meta Tulsa Data Center at Fair Oaks Innovation Park,Industrial/Data Center,High,https://partnertulsa.org/meta-breaks-ground-on-new-1-billion-data-center-in-tulsa/,Meta Breaks Ground on New $1 Billion Data Center in Tulsa - PartnerTulsa,"Meta broke ground on a more than $1 billion data center in East Tulsa at Fair Oaks Innovation Park, with more than $25 million in local infrastructure improvements and major industrial investment momentum.","No street, corridor, neighborhood, or ZIP overlap found",High
10800-93-01-04840,No Clear Match,Fair Oaks Innovation Park,Meta Tulsa Data Center at Fair Oaks Innovation Park,Industrial/Data Center,High,https://partnertulsa.org/meta-breaks-ground-on-new-1-billion-data-center-in-tulsa/,Meta Breaks Ground on New $1 Billion Data Center in Tulsa - PartnerTulsa,"Meta broke ground on a more than $1 billion data center in East Tulsa at Fair Oaks Innovation Park, with more than $25 million in local infrastructure improvements and major industrial investment momentum.","No street, corridor, neighborhood, or ZIP overlap found",High
55980-74-05-47490,Strong Match,Fair Oaks Innovation Park,Meta Tulsa Data Center at Fair Oaks Innovation Park,Industrial/Data Center,High,https://partnertulsa.org/meta-breaks-ground-on-new-1-billion-data-center-in-tulsa/,Meta Breaks Ground on New $1 Billion Data Center in Tulsa - PartnerTulsa,"Meta broke ground on a more than $1 billion data center in East Tulsa at Fair Oaks Innovation Park, with more than $25 million in local infrastructure improvements and major industrial investment momentum.",Street/corridor token overlap: TULSA,High
45575-93-04-21370,No Clear Match,Fair Oaks Innovation Park,Meta Tulsa Data Center at Fair Oaks Innovation Park,Industrial/Data Center,High,https://partnertulsa.org/meta-breaks-ground-on-new-1-billion-data-center-in-tulsa/,Meta Breaks Ground on New $1 Billion Data Center in Tulsa - PartnerTulsa,"Meta broke ground on a more than $1 billion data center in East Tulsa at Fair Oaks Innovation Park, with more than $25 million in local infrastructure improvements and major industrial investment momentum.","No street, corridor, neighborhood, or ZIP overlap found",High
99301-93-01-11400,No Clear Match,Fair Oaks Innovation Park,Meta Tulsa Data Center at Fair Oaks Innovation Park,Industrial/Data Center,High,https://partnertulsa.org/meta-breaks-ground-on-new-1-billion-data-center-in-tulsa/,Meta Breaks Ground on New $1 Billion Data Center in Tulsa - PartnerTulsa,"Meta broke ground on a more than $1 billion data center in East Tulsa at Fair Oaks Innovation Park, with more than $25 million in local infrastructure improvements and major industrial investment momentum.","No street, corridor, neighborhood, or ZIP overlap found",High
20300-92-03-06160,No Clear Match,Fair Oaks Innovation Park,Meta Tulsa Data Center at Fair Oaks Innovation Park,Industrial/Data Center,High,https://partnertulsa.org/meta-breaks-ground-on-new-1-billion-data-center-in-tulsa/,Meta Breaks Ground on New $1 Billion Data Center in Tulsa - PartnerTulsa,"Meta broke ground on a more than $1 billion data center in East Tulsa at Fair Oaks Innovation Park, with more than $25 million in local infrastructure improvements and major industrial investment momentum.","No street, corridor, neighborhood, or ZIP overlap found",High
17925-92-04-03930,No Clear Match,Fair Oaks Innovation Park,Meta Tulsa Data Center at Fair Oaks Innovation Park,Industrial/Data Center,High,https://partnertulsa.org/meta-breaks-ground-on-new-1-billion-data-center-in-tulsa/,Meta Breaks Ground on New $1 Billion Data Center in Tulsa - PartnerTulsa,"Meta broke ground on a more than $1 billion data center in East Tulsa at Fair Oaks Innovation Park, with more than $25 million in local infrastructure improvements and major industrial investment momentum.","No street, corridor, neighborhood, or ZIP overlap found",High
98210-82-10-15720,Unknown,Fair Oaks Innovation Park,Meta Tulsa Data Center at Fair Oaks Innovation Park,Industrial/Data Center,High,https://partnertulsa.org/meta-breaks-ground-on-new-1-billion-data-center-in-tulsa/,Meta Breaks Ground on New $1 Billion Data Center in Tulsa - PartnerTulsa,"Meta broke ground on a more than $1 billion data center in East Tulsa at Fair Oaks Innovation Park, with more than $25 million in local infrastructure improvements and major industrial investment momentum.",Insufficient overlap data,Low
90329-03-29-41780,Strong Match,Tulsa Market District,Tulsa Market District / NOMA residential hub,Multifamily / Mixed-use neighborhood hub,High,https://partnertulsa.org/community-partner-profile-how-noma-is-creating-community-along-the-mother-road/,Community Partner Profile: How NOMA is Creating Community Along the Mother Road - PartnerTulsa,"NOMA added a 256-unit residential hub in the Tulsa Market District along Route 66 and was described as part of a broader effort to revitalize vacant spaces, improve walkability, and support new commercial activity in the corridor.",Street/corridor token overlap: HARVARD,High
78540-84-14-02370,No Clear Match,Fair Oaks Innovation Park,Meta Tulsa Data Center at Fair Oaks Innovation Park,Industrial/Data Center,High,https://partnertulsa.org/meta-breaks-ground-on-new-1-billion-data-center-in-tulsa/,Meta Breaks Ground on New $1 Billion Data Center in Tulsa - PartnerTulsa,"Meta broke ground on a more than $1 billion data center in East Tulsa at Fair Oaks Innovation Park, with more than $25 million in local infrastructure improvements and major industrial investment momentum.","No street, corridor, neighborhood, or ZIP overlap found",High
61975-91-12-03150,No Clear Match,Fair Oaks Innovation Park,Meta Tulsa Data Center at Fair Oaks Innovation Park,Industrial/Data Center,High,https://partnertulsa.org/meta-breaks-ground-on-new-1-billion-data-center-in-tulsa/,Meta Breaks Ground on New $1 Billion Data Center in Tulsa - PartnerTulsa,"Meta broke ground on a more than $1 billion data center in East Tulsa at Fair Oaks Innovation Park, with more than $25 million in local infrastructure improvements and major industrial investment momentum.","No street, corridor, neighborhood, or ZIP overlap found",High
12425-92-04-02590,No Clear Match,Fair Oaks Innovation Park,Meta Tulsa Data Center at Fair Oaks Innovation Park,Industrial/Data Center,High,https://partnertulsa.org/meta-breaks-ground-on-new-1-billion-data-center-in-tulsa/,Meta Breaks Ground on New $1 Billion Data Center in Tulsa - PartnerTulsa,"Meta broke ground on a more than $1 billion data center in East Tulsa at Fair Oaks Innovation Park, with more than $25 million in local infrastructure improvements and major industrial investment momentum.","No street, corridor, neighborhood, or ZIP overlap found",High
00725-03-33-00530,No Clear Match,Fair Oaks Innovation Park,Meta Tulsa Data Center at Fair Oaks Innovation Park,Industrial/Data Center,High,https://partnertulsa.org/meta-breaks-ground-on-new-1-billion-data-center-in-tulsa/,Meta Breaks Ground on New $1 Billion Data Center in Tulsa - PartnerTulsa,"Meta broke ground on a more than $1 billion data center in East Tulsa at Fair Oaks Innovation Park, with more than $25 million in local infrastructure improvements and major industrial investment momentum.","No street, corridor, neighborhood, or ZIP overlap found",High
40375-94-08-07940,No Clear Match,Fair Oaks Innovation Park,Meta Tulsa Data Center at Fair Oaks Innovation Park,Industrial/Data Center,High,https://partnertulsa.org/meta-breaks-ground-on-new-1-billion-data-center-in-tulsa/,Meta Breaks Ground on New $1 Billion Data Center in Tulsa - PartnerTulsa,"Meta broke ground on a more than $1 billion data center in East Tulsa at Fair Oaks Innovation Park, with more than $25 million in local infrastructure improvements and major industrial investment momentum.","No street, corridor, neighborhood, or ZIP overlap found",High
08150-94-08-00330,No Clear Match,Fair Oaks Innovation Park,Meta Tulsa Data Center at Fair Oaks Innovation Park,Industrial/Data Center,High,https://partnertulsa.org/meta-breaks-ground-on-new-1-billion-data-center-in-tulsa/,Meta Breaks Ground on New $1 Billion Data Center in Tulsa - PartnerTulsa,"Meta broke ground on a more than $1 billion data center in East Tulsa at Fair Oaks Innovation Park, with more than $25 million in local infrastructure improvements and major industrial investment momentum.","No street, corridor, neighborhood, or ZIP overlap found",High
54425-02-02-04980,Strong Match,Fair Oaks Innovation Park,Meta Tulsa Data Center at Fair Oaks Innovation Park,Industrial/Data Center,High,https://partnertulsa.org/meta-breaks-ground-on-new-1-billion-data-center-in-tulsa/,Meta Breaks Ground on New $1 Billion Data Center in Tulsa - PartnerTulsa,"Meta broke ground on a more than $1 billion data center in East Tulsa at Fair Oaks Innovation Park, with more than $25 million in local infrastructure improvements and major industrial investment momentum.",Street/corridor token overlap: TULSA,High
20575-93-30-08990,Strong Match,Tulsa Market District,Tulsa Market District / NOMA residential hub,Multifamily / Mixed-use neighborhood hub,High,https://partnertulsa.org/community-partner-profile-how-noma-is-creating-community-along-the-mother-road/,Community Partner Profile: How NOMA is Creating Community Along the Mother Road - PartnerTulsa,"NOMA added a 256-unit residential hub in the Tulsa Market District along Route 66 and was described as part of a broader effort to revitalize vacant spaces, improve walkability, and support new commercial activity in the corridor.",Street/corridor token overlap: PEORIA,High
24525-94-07-04110,No Clear Match,Fair Oaks Innovation Park,Meta Tulsa Data Center at Fair Oaks Innovation Park,Industrial/Data Center,High,https://partnertulsa.org/meta-breaks-ground-on-new-1-billion-data-center-in-tulsa/,Meta Breaks Ground on New $1 Billion Data Center in Tulsa - PartnerTulsa,"Meta broke ground on a more than $1 billion data center in East Tulsa at Fair Oaks Innovation Park, with more than $25 million in local infrastructure improvements and major industrial investment momentum.","No street, corridor, neighborhood, or ZIP overlap found",High
57628-73-15-20120,No Clear Match,Fair Oaks Innovation Park,Meta Tulsa Data Center at Fair Oaks Innovation Park,Industrial/Data Center,High,https://partnertulsa.org/meta-breaks-ground-on-new-1-billion-data-center-in-tulsa/,Meta Breaks Ground on New $1 Billion Data Center in Tulsa - PartnerTulsa,"Meta broke ground on a more than $1 billion data center in East Tulsa at Fair Oaks Innovation Park, with more than $25 million in local infrastructure improvements and major industrial investment momentum.","No street, corridor, neighborhood, or ZIP overlap found",High
12210-94-16-41680,No Clear Match,Fair Oaks Innovation Park,Meta Tulsa Data Center at Fair Oaks Innovation Park,Industrial/Data Center,High,https://partnertulsa.org/meta-breaks-ground-on-new-1-billion-data-center-in-tulsa/,Meta Breaks Ground on New $1 Billion Data Center in Tulsa - PartnerTulsa,"Meta broke ground on a more than $1 billion data center in East Tulsa at Fair Oaks Innovation Park, with more than $25 million in local infrastructure improvements and major industrial investment momentum.","No street, corridor, neighborhood, or ZIP overlap found",High
54375-02-01-07910,Strong Match,Fair Oaks Innovation Park,Meta Tulsa Data Center at Fair Oaks Innovation Park,Industrial/Data Center,High,https://partnertulsa.org/meta-breaks-ground-on-new-1-billion-data-center-in-tulsa/,Meta Breaks Ground on New $1 Billion Data Center in Tulsa - PartnerTulsa,"Meta broke ground on a more than $1 billion data center in East Tulsa at Fair Oaks Innovation Park, with more than $25 million in local infrastructure improvements and major industrial investment momentum.",Street/corridor token overlap: TULSA,High
84830-72-11-53420,No Clear Match,Fair Oaks Innovation Park,Meta Tulsa Data Center at Fair Oaks Innovation Park,Industrial/Data Center,High,https://partnertulsa.org/meta-breaks-ground-on-new-1-billion-data-center-in-tulsa/,Meta Breaks Ground on New $1 Billion Data Center in Tulsa - PartnerTulsa,"Meta broke ground on a more than $1 billion data center in East Tulsa at Fair Oaks Innovation Park, with more than $25 million in local infrastructure improvements and major industrial investment momentum.","No street, corridor, neighborhood, or ZIP overlap found",High
45350-94-06-08780,No Clear Match,Fair Oaks Innovation Park,Meta Tulsa Data Center at Fair Oaks Innovation Park,Industrial/Data Center,High,https://partnertulsa.org/meta-breaks-ground-on-new-1-billion-data-center-in-tulsa/,Meta Breaks Ground on New $1 Billion Data Center in Tulsa - PartnerTulsa,"Meta broke ground on a more than $1 billion data center in East Tulsa at Fair Oaks Innovation Park, with more than $25 million in local infrastructure improvements and major industrial investment momentum.","No street, corridor, neighborhood, or ZIP overlap found",High
80610-84-11-13910,No Clear Match,Fair Oaks Innovation Park,Meta Tulsa Data Center at Fair Oaks Innovation Park,Industrial/Data Center,High,https://partnertulsa.org/meta-breaks-ground-on-new-1-billion-data-center-in-tulsa/,Meta Breaks Ground on New $1 Billion Data Center in Tulsa - PartnerTulsa,"Meta broke ground on a more than $1 billion data center in East Tulsa at Fair Oaks Innovation Park, with more than $25 million in local infrastructure improvements and major industrial investment momentum.","No street, corridor, neighborhood, or ZIP overlap found",High
36540-94-02-16310,No Clear Match,Fair Oaks Innovation Park,Meta Tulsa Data Center at Fair Oaks Innovation Park,Industrial/Data Center,High,https://partnertulsa.org/meta-breaks-ground-on-new-1-billion-data-center-in-tulsa/,Meta Breaks Ground on New $1 Billion Data Center in Tulsa - PartnerTulsa,"Meta broke ground on a more than $1 billion data center in East Tulsa at Fair Oaks Innovation Park, with more than $25 million in local infrastructure improvements and major industrial investment momentum.","No street, corridor, neighborhood, or ZIP overlap found",High
98412-84-12-02870,No Clear Match,Fair Oaks Innovation Park,Meta Tulsa Data Center at Fair Oaks Innovation Park,Industrial/Data Center,High,https://partnertulsa.org/meta-breaks-ground-on-new-1-billion-data-center-in-tulsa/,Meta Breaks Ground on New $1 Billion Data Center in Tulsa - PartnerTulsa,"Meta broke ground on a more than $1 billion data center in East Tulsa at Fair Oaks Innovation Park, with more than $25 million in local infrastructure improvements and major industrial investment momentum.","No street, corridor, neighborhood, or ZIP overlap found",High
57490-90-30-41030,No Clear Match,Fair Oaks Innovation Park,Meta Tulsa Data Center at Fair Oaks Innovation Park,Industrial/Data Center,High,https://partnertulsa.org/meta-breaks-ground-on-new-1-billion-data-center-in-tulsa/,Meta Breaks Ground on New $1 Billion Data Center in Tulsa - PartnerTulsa,"Meta broke ground on a more than $1 billion data center in East Tulsa at Fair Oaks Innovation Park, with more than $25 million in local infrastructure improvements and major industrial investment momentum.","No street, corridor, neighborhood, or ZIP overlap found",High
85175-72-12-57030,No Clear Match,Fair Oaks Innovation Park,Meta Tulsa Data Center at Fair Oaks Innovation Park,Industrial/Data Center,High,https://partnertulsa.org/meta-breaks-ground-on-new-1-billion-data-center-in-tulsa/,Meta Breaks Ground on New $1 Billion Data Center in Tulsa - PartnerTulsa,"Meta broke ground on a more than $1 billion data center in East Tulsa at Fair Oaks Innovation Park, with more than $25 million in local infrastructure improvements and major industrial investment momentum.","No street, corridor, neighborhood, or ZIP overlap found",High
46000-93-30-11430,No Clear Match,Fair Oaks Innovation Park,Meta Tulsa Data Center at Fair Oaks Innovation Park,Industrial/Data Center,High,https://partnertulsa.org/meta-breaks-ground-on-new-1-billion-data-center-in-tulsa/,Meta Breaks Ground on New $1 Billion Data Center in Tulsa - PartnerTulsa,"Meta broke ground on a more than $1 billion data center in East Tulsa at Fair Oaks Innovation Park, with more than $25 million in local infrastructure improvements and major industrial investment momentum.","No street, corridor, neighborhood, or ZIP overlap found",High
12145-94-09-44920,No Clear Match,Fair Oaks Innovation Park,Meta Tulsa Data Center at Fair Oaks Innovation Park,Industrial/Data Center,High,https://partnertulsa.org/meta-breaks-ground-on-new-1-billion-data-center-in-tulsa/,Meta Breaks Ground on New $1 Billion Data Center in Tulsa - PartnerTulsa,"Meta broke ground on a more than $1 billion data center in East Tulsa at Fair Oaks Innovation Park, with more than $25 million in local infrastructure improvements and major industrial investment momentum.","No street, corridor, neighborhood, or ZIP overlap found",High
14175-03-33-03800,No Clear Match,Fair Oaks Innovation Park,Meta Tulsa Data Center at Fair Oaks Innovation Park,Industrial/Data Center,High,https://partnertulsa.org/meta-breaks-ground-on-new-1-billion-data-center-in-tulsa/,Meta Breaks Ground on New $1 Billion Data Center in Tulsa - PartnerTulsa,"Meta broke ground on a more than $1 billion data center in East Tulsa at Fair Oaks Innovation Park, with more than $25 million in local infrastructure improvements and major industrial investment momentum.","No street, corridor, neighborhood, or ZIP overlap found",High
16375-93-03-05080,No Clear Match,Fair Oaks Innovation Park,Meta Tulsa Data Center at Fair Oaks Innovation Park,Industrial/Data Center,High,https://partnertulsa.org/meta-breaks-ground-on-new-1-billion-data-center-in-tulsa/,Meta Breaks Ground on New $1 Billion Data Center in Tulsa - PartnerTulsa,"Meta broke ground on a more than $1 billion data center in East Tulsa at Fair Oaks Innovation Park, with more than $25 million in local infrastructure improvements and major industrial investment momentum.","No street, corridor, neighborhood, or ZIP overlap found",High
08675-93-01-02070,No Clear Match,Fair Oaks Innovation Park,Meta Tulsa Data Center at Fair Oaks Innovation Park,Industrial/Data Center,High,https://partnertulsa.org/meta-breaks-ground-on-new-1-billion-data-center-in-tulsa/,Meta Breaks Ground on New $1 Billion Data Center in Tulsa - PartnerTulsa,"Meta broke ground on a more than $1 billion data center in East Tulsa at Fair Oaks Innovation Park, with more than $25 million in local infrastructure improvements and major industrial investment momentum.","No street, corridor, neighborhood, or ZIP overlap found",High
30800-93-07-13130,No Clear Match,Fair Oaks Innovation Park,Meta Tulsa Data Center at Fair Oaks Innovation Park,Industrial/Data Center,High,https://partnertulsa.org/meta-breaks-ground-on-new-1-billion-data-center-in-tulsa/,Meta Breaks Ground on New $1 Billion Data Center in Tulsa - PartnerTulsa,"Meta broke ground on a more than $1 billion data center in East Tulsa at Fair Oaks Innovation Park, with more than $25 million in local infrastructure improvements and major industrial investment momentum.","No street, corridor, neighborhood, or ZIP overlap found",High
04175-93-14-07050,No Clear Match,Fair Oaks Innovation Park,Meta Tulsa Data Center at Fair Oaks Innovation Park,Industrial/Data Center,High,https://partnertulsa.org/meta-breaks-ground-on-new-1-billion-data-center-in-tulsa/,Meta Breaks Ground on New $1 Billion Data Center in Tulsa - PartnerTulsa,"Meta broke ground on a more than $1 billion data center in East Tulsa at Fair Oaks Innovation Park, with more than $25 million in local infrastructure improvements and major industrial investment momentum.","No street, corridor, neighborhood, or ZIP overlap found",High
61500-91-27-00840,No Clear Match,Fair Oaks Innovation Park,Meta Tulsa Data Center at Fair Oaks Innovation Park,Industrial/Data Center,High,https://partnertulsa.org/meta-breaks-ground-on-new-1-billion-data-center-in-tulsa/,Meta Breaks Ground on New $1 Billion Data Center in Tulsa - PartnerTulsa,"Meta broke ground on a more than $1 billion data center in East Tulsa at Fair Oaks Innovation Park, with more than $25 million in local infrastructure improvements and major industrial investment momentum.","No street, corridor, neighborhood, or ZIP overlap found",High
85375-72-14-01945,No Clear Match,Fair Oaks Innovation Park,Meta Tulsa Data Center at Fair Oaks Innovation Park,Industrial/Data Center,High,https://partnertulsa.org/meta-breaks-ground-on-new-1-billion-data-center-in-tulsa/,Meta Breaks Ground on New $1 Billion Data Center in Tulsa - PartnerTulsa,"Meta broke ground on a more than $1 billion data center in East Tulsa at Fair Oaks Innovation Park, with more than $25 million in local infrastructure improvements and major industrial investment momentum.","No street, corridor, neighborhood, or ZIP overlap found",High
42025-93-07-18720,No Clear Match,Fair Oaks Innovation Park,Meta Tulsa Data Center at Fair Oaks Innovation Park,Industrial/Data Center,High,https://partnertulsa.org/meta-breaks-ground-on-new-1-billion-data-center-in-tulsa/,Meta Breaks Ground on New $1 Billion Data Center in Tulsa - PartnerTulsa,"Meta broke ground on a more than $1 billion data center in East Tulsa at Fair Oaks Innovation Park, with more than $25 million in local infrastructure improvements and major industrial investment momentum.","No street, corridor, neighborhood, or ZIP overlap found",High
61940-91-27-37160,No Clear Match,Fair Oaks Innovation Park,Meta Tulsa Data Center at Fair Oaks Innovation Park,Industrial/Data Center,High,https://partnertulsa.org/meta-breaks-ground-on-new-1-billion-data-center-in-tulsa/,Meta Breaks Ground on New $1 Billion Data Center in Tulsa - PartnerTulsa,"Meta broke ground on a more than $1 billion data center in East Tulsa at Fair Oaks Innovation Park, with more than $25 million in local infrastructure improvements and major industrial investment momentum.","No street, corridor, neighborhood, or ZIP overlap found",High
46875-93-03-13050,No Clear Match,Fair Oaks Innovation Park,Meta Tulsa Data Center at Fair Oaks Innovation Park,Industrial/Data Center,High,https://partnertulsa.org/meta-breaks-ground-on-new-1-billion-data-center-in-tulsa/,Meta Breaks Ground on New $1 Billion Data Center in Tulsa - PartnerTulsa,"Meta broke ground on a more than $1 billion data center in East Tulsa at Fair Oaks Innovation Park, with more than $25 million in local infrastructure improvements and major industrial investment momentum.","No street, corridor, neighborhood, or ZIP overlap found",High
22775-94-17-02590,No Clear Match,Fair Oaks Innovation Park,Meta Tulsa Data Center at Fair Oaks Innovation Park,Industrial/Data Center,High,https://partnertulsa.org/meta-breaks-ground-on-new-1-billion-data-center-in-tulsa/,Meta Breaks Ground on New $1 Billion Data Center in Tulsa - PartnerTulsa,"Meta broke ground on a more than $1 billion data center in East Tulsa at Fair Oaks Innovation Park, with more than $25 million in local infrastructure improvements and major industrial investment momentum.","No street, corridor, neighborhood, or ZIP overlap found",High
20300-92-03-04570,No Clear Match,Fair Oaks Innovation Park,Meta Tulsa Data Center at Fair Oaks Innovation Park,Industrial/Data Center,High,https://partnertulsa.org/meta-breaks-ground-on-new-1-billion-data-center-in-tulsa/,Meta Breaks Ground on New $1 Billion Data Center in Tulsa - PartnerTulsa,"Meta broke ground on a more than $1 billion data center in East Tulsa at Fair Oaks Innovation Park, with more than $25 million in local infrastructure improvements and major industrial investment momentum.","No street, corridor, neighborhood, or ZIP overlap found",High
17950-92-04-04930,No Clear Match,Fair Oaks Innovation Park,Meta Tulsa Data Center at Fair Oaks Innovation Park,Industrial/Data Center,High,https://partnertulsa.org/meta-breaks-ground-on-new-1-billion-data-center-in-tulsa/,Meta Breaks Ground on New $1 Billion Data Center in Tulsa - PartnerTulsa,"Meta broke ground on a more than $1 billion data center in East Tulsa at Fair Oaks Innovation Park, with more than $25 million in local infrastructure improvements and major industrial investment momentum.","No street, corridor, neighborhood, or ZIP overlap found",High
46525-94-05-05250,No Clear Match,Fair Oaks Innovation Park,Meta Tulsa Data Center at Fair Oaks Innovation Park,Industrial/Data Center,High,https://partnertulsa.org/meta-breaks-ground-on-new-1-billion-data-center-in-tulsa/,Meta Breaks Ground on New $1 Billion Data Center in Tulsa - PartnerTulsa,"Meta broke ground on a more than $1 billion data center in East Tulsa at Fair Oaks Innovation Park, with more than $25 million in local infrastructure improvements and major industrial investment momentum.","No street, corridor, neighborhood, or ZIP overlap found",High
23850-93-15-12810,No Clear Match,Fair Oaks Innovation Park,Meta Tulsa Data Center at Fair Oaks Innovation Park,Industrial/Data Center,High,https://partnertulsa.org/meta-breaks-ground-on-new-1-billion-data-center-in-tulsa/,Meta Breaks Ground on New $1 Billion Data Center in Tulsa - PartnerTulsa,"Meta broke ground on a more than $1 billion data center in East Tulsa at Fair Oaks Innovation Park, with more than $25 million in local infrastructure improvements and major industrial investment momentum.","No street, corridor, neighborhood, or ZIP overlap found",High
04025-93-15-00140,No Clear Match,Fair Oaks Innovation Park,Meta Tulsa Data Center at Fair Oaks Innovation Park,Industrial/Data Center,High,https://partnertulsa.org/meta-breaks-ground-on-new-1-billion-data-center-in-tulsa/,Meta Breaks Ground on New $1 Billion Data Center in Tulsa - PartnerTulsa,"Meta broke ground on a more than $1 billion data center in East Tulsa at Fair Oaks Innovation Park, with more than $25 million in local infrastructure improvements and major industrial investment momentum.","No street, corridor, neighborhood, or ZIP overlap found",High
37425-04-21-00950,No Clear Match,Fair Oaks Innovation Park,Meta Tulsa Data Center at Fair Oaks Innovation Park,Industrial/Data Center,High,https://partnertulsa.org/meta-breaks-ground-on-new-1-billion-data-center-in-tulsa/,Meta Breaks Ground on New $1 Billion Data Center in Tulsa - PartnerTulsa,"Meta broke ground on a more than $1 billion data center in East Tulsa at Fair Oaks Innovation Park, with more than $25 million in local infrastructure improvements and major industrial investment momentum.","No street, corridor, neighborhood, or ZIP overlap found",High
26275-93-09-07670,No Clear Match,Fair Oaks Innovation Park,Meta Tulsa Data Center at Fair Oaks Innovation Park,Industrial/Data Center,High,https://partnertulsa.org/meta-breaks-ground-on-new-1-billion-data-center-in-tulsa/,Meta Breaks Ground on New $1 Billion Data Center in Tulsa - PartnerTulsa,"Meta broke ground on a more than $1 billion data center in East Tulsa at Fair Oaks Innovation Park, with more than $25 million in local infrastructure improvements and major industrial investment momentum.","No street, corridor, neighborhood, or ZIP overlap found",High
77200-94-21-16190,No Clear Match,Fair Oaks Innovation Park,Meta Tulsa Data Center at Fair Oaks Innovation Park,Industrial/Data Center,High,https://partnertulsa.org/meta-breaks-ground-on-new-1-billion-data-center-in-tulsa/,Meta Breaks Ground on New $1 Billion Data Center in Tulsa - PartnerTulsa,"Meta broke ground on a more than $1 billion data center in East Tulsa at Fair Oaks Innovation Park, with more than $25 million in local infrastructure improvements and major industrial investment momentum.","No street, corridor, neighborhood, or ZIP overlap found",High
61000-14-31-00520,No Clear Match,Fair Oaks Innovation Park,Meta Tulsa Data Center at Fair Oaks Innovation Park,Industrial/Data Center,High,https://partnertulsa.org/meta-breaks-ground-on-new-1-billion-data-center-in-tulsa/,Meta Breaks Ground on New $1 Billion Data Center in Tulsa - PartnerTulsa,"Meta broke ground on a more than $1 billion data center in East Tulsa at Fair Oaks Innovation Park, with more than $25 million in local infrastructure improvements and major industrial investment momentum.","No street, corridor, neighborhood, or ZIP overlap found",High
22350-93-31-06310,No Clear Match,Fair Oaks Innovation Park,Meta Tulsa Data Center at Fair Oaks Innovation Park,Industrial/Data Center,High,https://partnertulsa.org/meta-breaks-ground-on-new-1-billion-data-center-in-tulsa/,Meta Breaks Ground on New $1 Billion Data Center in Tulsa - PartnerTulsa,"Meta broke ground on a more than $1 billion data center in East Tulsa at Fair Oaks Innovation Park, with more than $25 million in local infrastructure improvements and major industrial investment momentum.","No street, corridor, neighborhood, or ZIP overlap found",High
90308-03-08-08590,No Clear Match,Fair Oaks Innovation Park,Meta Tulsa Data Center at Fair Oaks Innovation Park,Industrial/Data Center,High,https://partnertulsa.org/meta-breaks-ground-on-new-1-billion-data-center-in-tulsa/,Meta Breaks Ground on New $1 Billion Data Center in Tulsa - PartnerTulsa,"Meta broke ground on a more than $1 billion data center in East Tulsa at Fair Oaks Innovation Park, with more than $25 million in local infrastructure improvements and major industrial investment momentum.","No street, corridor, neighborhood, or ZIP overlap found",High
81210-84-15-63180,No Clear Match,Fair Oaks Innovation Park,Meta Tulsa Data Center at Fair Oaks Innovation Park,Industrial/Data Center,High,https://partnertulsa.org/meta-breaks-ground-on-new-1-billion-data-center-in-tulsa/,Meta Breaks Ground on New $1 Billion Data Center in Tulsa - PartnerTulsa,"Meta broke ground on a more than $1 billion data center in East Tulsa at Fair Oaks Innovation Park, with more than $25 million in local infrastructure improvements and major industrial investment momentum.","No street, corridor, neighborhood, or ZIP overlap found",High
55200-91-10-03090,Strong Match,Fair Oaks Innovation Park,Meta Tulsa Data Center at Fair Oaks Innovation Park,Industrial/Data Center,High,https://partnertulsa.org/meta-breaks-ground-on-new-1-billion-data-center-in-tulsa/,Meta Breaks Ground on New $1 Billion Data Center in Tulsa - PartnerTulsa,"Meta broke ground on a more than $1 billion data center in East Tulsa at Fair Oaks Innovation Park, with more than $25 million in local infrastructure improvements and major industrial investment momentum.",Street/corridor token overlap: TULSA,High
18950-93-33-02280,No Clear Match,Fair Oaks Innovation Park,Meta Tulsa Data Center at Fair Oaks Innovation Park,Industrial/Data Center,High,https://partnertulsa.org/meta-breaks-ground-on-new-1-billion-data-center-in-tulsa/,Meta Breaks Ground on New $1 Billion Data Center in Tulsa - PartnerTulsa,"Meta broke ground on a more than $1 billion data center in East Tulsa at Fair Oaks Innovation Park, with more than $25 million in local infrastructure improvements and major industrial investment momentum.","No street, corridor, neighborhood, or ZIP overlap found",High
12145-94-09-42810,No Clear Match,Fair Oaks Innovation Park,Meta Tulsa Data Center at Fair Oaks Innovation Park,Industrial/Data Center,High,https://partnertulsa.org/meta-breaks-ground-on-new-1-billion-data-center-in-tulsa/,Meta Breaks Ground on New $1 Billion Data Center in Tulsa - PartnerTulsa,"Meta broke ground on a more than $1 billion data center in East Tulsa at Fair Oaks Innovation Park, with more than $25 million in local infrastructure improvements and major industrial investment momentum.","No street, corridor, neighborhood, or ZIP overlap found",High
91236-12-36-47530,Strong Match,Fair Oaks Innovation Park,Meta Tulsa Data Center at Fair Oaks Innovation Park,Industrial/Data Center,High,https://partnertulsa.org/meta-breaks-ground-on-new-1-billion-data-center-in-tulsa/,Meta Breaks Ground on New $1 Billion Data Center in Tulsa - PartnerTulsa,"Meta broke ground on a more than $1 billion data center in East Tulsa at Fair Oaks Innovation Park, with more than $25 million in local infrastructure improvements and major industrial investment momentum.",Street/corridor token overlap: TULSA,High
38125-92-27-17970,No Clear Match,Fair Oaks Innovation Park,Meta Tulsa Data Center at Fair Oaks Innovation Park,Industrial/Data Center,High,https://partnertulsa.org/meta-breaks-ground-on-new-1-billion-data-center-in-tulsa/,Meta Breaks Ground on New $1 Billion Data Center in Tulsa - PartnerTulsa,"Meta broke ground on a more than $1 billion data center in East Tulsa at Fair Oaks Innovation Park, with more than $25 million in local infrastructure improvements and major industrial investment momentum.","No street, corridor, neighborhood, or ZIP overlap found",High
78260-84-12-00420,No Clear Match,Fair Oaks Innovation Park,Meta Tulsa Data Center at Fair Oaks Innovation Park,Industrial/Data Center,High,https://partnertulsa.org/meta-breaks-ground-on-new-1-billion-data-center-in-tulsa/,Meta Breaks Ground on New $1 Billion Data Center in Tulsa - PartnerTulsa,"Meta broke ground on a more than $1 billion data center in East Tulsa at Fair Oaks Innovation Park, with more than $25 million in local infrastructure improvements and major industrial investment momentum.","No street, corridor, neighborhood, or ZIP overlap found",High
85240-72-13-61990,No Clear Match,Fair Oaks Innovation Park,Meta Tulsa Data Center at Fair Oaks Innovation Park,Industrial/Data Center,High,https://partnertulsa.org/meta-breaks-ground-on-new-1-billion-data-center-in-tulsa/,Meta Breaks Ground on New $1 Billion Data Center in Tulsa - PartnerTulsa,"Meta broke ground on a more than $1 billion data center in East Tulsa at Fair Oaks Innovation Park, with more than $25 million in local infrastructure improvements and major industrial investment momentum.","No street, corridor, neighborhood, or ZIP overlap found",High
43800-93-04-19590,No Clear Match,Fair Oaks Innovation Park,Meta Tulsa Data Center at Fair Oaks Innovation Park,Industrial/Data Center,High,https://partnertulsa.org/meta-breaks-ground-on-new-1-billion-data-center-in-tulsa/,Meta Breaks Ground on New $1 Billion Data Center in Tulsa - PartnerTulsa,"Meta broke ground on a more than $1 billion data center in East Tulsa at Fair Oaks Innovation Park, with more than $25 million in local infrastructure improvements and major industrial investment momentum.","No street, corridor, neighborhood, or ZIP overlap found",High
47075-93-30-12810,No Clear Match,Fair Oaks Innovation Park,Meta Tulsa Data Center at Fair Oaks Innovation Park,Industrial/Data Center,High,https://partnertulsa.org/meta-breaks-ground-on-new-1-billion-data-center-in-tulsa/,Meta Breaks Ground on New $1 Billion Data Center in Tulsa - PartnerTulsa,"Meta broke ground on a more than $1 billion data center in East Tulsa at Fair Oaks Innovation Park, with more than $25 million in local infrastructure improvements and major industrial investment momentum.","No street, corridor, neighborhood, or ZIP overlap found",High
42675-93-02-15780,No Clear Match,Fair Oaks Innovation Park,Meta Tulsa Data Center at Fair Oaks Innovation Park,Industrial/Data Center,High,https://partnertulsa.org/meta-breaks-ground-on-new-1-billion-data-center-in-tulsa/,Meta Breaks Ground on New $1 Billion Data Center in Tulsa - PartnerTulsa,"Meta broke ground on a more than $1 billion data center in East Tulsa at Fair Oaks Innovation Park, with more than $25 million in local infrastructure improvements and major industrial investment momentum.","No street, corridor, neighborhood, or ZIP overlap found",High
74850-94-19-17270,No Clear Match,Fair Oaks Innovation Park,Meta Tulsa Data Center at Fair Oaks Innovation Park,Industrial/Data Center,High,https://partnertulsa.org/meta-breaks-ground-on-new-1-billion-data-center-in-tulsa/,Meta Breaks Ground on New $1 Billion Data Center in Tulsa - PartnerTulsa,"Meta broke ground on a more than $1 billion data center in East Tulsa at Fair Oaks Innovation Park, with more than $25 million in local infrastructure improvements and major industrial investment momentum.","No street, corridor, neighborhood, or ZIP overlap found",High
74955-94-20-02740,No Clear Match,Fair Oaks Innovation Park,Meta Tulsa Data Center at Fair Oaks Innovation Park,Industrial/Data Center,High,https://partnertulsa.org/meta-breaks-ground-on-new-1-billion-data-center-in-tulsa/,Meta Breaks Ground on New $1 Billion Data Center in Tulsa - PartnerTulsa,"Meta broke ground on a more than $1 billion data center in East Tulsa at Fair Oaks Innovation Park, with more than $25 million in local infrastructure improvements and major industrial investment momentum.","No street, corridor, neighborhood, or ZIP overlap found",High
07900-94-18-00140,No Clear Match,Fair Oaks Innovation Park,Meta Tulsa Data Center at Fair Oaks Innovation Park,Industrial/Data Center,High,https://partnertulsa.org/meta-breaks-ground-on-new-1-billion-data-center-in-tulsa/,Meta Breaks Ground on New $1 Billion Data Center in Tulsa - PartnerTulsa,"Meta broke ground on a more than $1 billion data center in East Tulsa at Fair Oaks Innovation Park, with more than $25 million in local infrastructure improvements and major industrial investment momentum.","No street, corridor, neighborhood, or ZIP overlap found",High
28725-92-34-02190,No Clear Match,Fair Oaks Innovation Park,Meta Tulsa Data Center at Fair Oaks Innovation Park,Industrial/Data Center,High,https://partnertulsa.org/meta-breaks-ground-on-new-1-billion-data-center-in-tulsa/,Meta Breaks Ground on New $1 Billion Data Center in Tulsa - PartnerTulsa,"Meta broke ground on a more than $1 billion data center in East Tulsa at Fair Oaks Innovation Park, with more than $25 million in local infrastructure improvements and major industrial investment momentum.","No street, corridor, neighborhood, or ZIP overlap found",High
49900-93-21-18650,No Clear Match,Fair Oaks Innovation Park,Meta Tulsa Data Center at Fair Oaks Innovation Park,Industrial/Data Center,High,https://partnertulsa.org/meta-breaks-ground-on-new-1-billion-data-center-in-tulsa/,Meta Breaks Ground on New $1 Billion Data Center in Tulsa - PartnerTulsa,"Meta broke ground on a more than $1 billion data center in East Tulsa at Fair Oaks Innovation Park, with more than $25 million in local infrastructure improvements and major industrial investment momentum.","No street, corridor, neighborhood, or ZIP overlap found",High
58000-73-25-00270,No Clear Match,Fair Oaks Innovation Park,Meta Tulsa Data Center at Fair Oaks Innovation Park,Industrial/Data Center,High,https://partnertulsa.org/meta-breaks-ground-on-new-1-billion-data-center-in-tulsa/,Meta Breaks Ground on New $1 Billion Data Center in Tulsa - PartnerTulsa,"Meta broke ground on a more than $1 billion data center in East Tulsa at Fair Oaks Innovation Park, with more than $25 million in local infrastructure improvements and major industrial investment momentum.","No street, corridor, neighborhood, or ZIP overlap found",High
